SEQN,cycle,age,sex,bmi,race_ethnicity,family_history,hypertension,physical_activity,smoking_status,diq010,diabetes_risk
73557.0,2013-2014,69,1,26.7,4,1.0,1.0,0.0,1.0,1.0,High
73558.0,2013-2014,54,1,28.6,3,1.0,1.0,0.0,2.0,1.0,High
73559.0,2013-2014,72,1,28.9,3,0.0,1.0,1.0,1.0,1.0,High
73561.0,2013-2014,73,2,19.7,3,0.0,1.0,0.0,0.0,2.0,Moderate
73562.0,2013-2014,56,1,41.7,1,0.0,1.0,0.0,1.0,2.0,Low
73564.0,2013-2014,61,2,35.7,3,0.0,1.0,0.0,0.0,2.0,Moderate
73566.0,2013-2014,56,2,26.5,3,1.0,0.0,0.0,2.0,2.0,Low
73567.0,2013-2014,65,1,22.0,3,0.0,0.0,0.0,2.0,2.0,Low
73568.0,2013-2014,26,2,20.3,3,0.0,0.0,1.0,0.0,2.0,Low
73571.0,2013-2014,76,1,34.4,3,1.0,1.0,1.0,0.0,1.0,High
73574.0,2013-2014,33,2,22.8,6,1.0,0.0,1.0,0.0,2.0,Low
73577.0,2013-2014,32,1,28.9,1,1.0,0.0,0.0,1.0,2.0,Moderate
73580.0,2013-2014,38,2,35.9,4,0.0,0.0,0.0,0.0,2.0,Moderate
73581.0,2013-2014,50,1,23.6,6,1.0,0.0,1.0,0.0,2.0,Moderate
73582.0,2013-2014,23,2,18.6,4,0.0,0.0,0.0,0.0,2.0,Low
73585.0,2013-2014,28,1,30.1,6,0.0,0.0,1.0,0.0,2.0,Low
73589.0,2013-2014,35,1,26.2,3,0.0,0.0,1.0,0.0,2.0,Low
73592.0,2013-2014,29,1,31.0,1,0.0,0.0,1.0,0.0,2.0,Moderate
73594.0,2013-2014,23,1,24.7,2,0.0,0.0,0.0,0.0,2.0,Low
73595.0,2013-2014,58,1,31.2,2,0.0,0.0,0.0,1.0,2.0,High
73596.0,2013-2014,57,2,38.3,6,0.0,1.0,1.0,1.0,2.0,Moderate
73597.0,2013-2014,50,2,32.0,4,,0.0,0.0,0.0,2.0,Low
73598.0,2013-2014,20,1,31.8,1,1.0,0.0,1.0,2.0,2.0,Moderate
73600.0,2013-2014,37,1,36.8,4,1.0,1.0,1.0,2.0,2.0,High
73603.0,2013-2014,35,1,34.9,6,1.0,0.0,0.0,0.0,3.0,High
73604.0,2013-2014,69,2,24.2,3,0.0,0.0,1.0,2.0,2.0,Low
73607.0,2013-2014,75,1,38.9,3,0.0,1.0,0.0,1.0,2.0,Low
73610.0,2013-2014,43,1,28.9,3,0.0,0.0,1.0,0.0,2.0,Low
73613.0,2013-2014,60,2,39.1,4,0.0,1.0,0.0,0.0,2.0,Moderate
73614.0,2013-2014,55,2,21.6,3,0.0,0.0,0.0,2.0,2.0,Low
73615.0,2013-2014,65,2,26.0,2,1.0,1.0,0.0,2.0,1.0,High
73616.0,2013-2014,62,2,24.0,3,0.0,0.0,1.0,1.0,2.0,Low
73618.0,2013-2014,54,2,32.7,3,0.0,0.0,1.0,0.0,2.0,Low
73619.0,2013-2014,36,2,27.3,1,0.0,0.0,1.0,1.0,2.0,Low
73621.0,2013-2014,80,1,24.6,3,0.0,0.0,1.0,1.0,2.0,Moderate
73622.0,2013-2014,72,1,28.9,3,0.0,0.0,1.0,0.0,3.0,Moderate
73623.0,2013-2014,32,1,26.3,3,0.0,0.0,1.0,0.0,2.0,Low
73624.0,2013-2014,31,2,28.3,3,0.0,1.0,0.0,0.0,2.0,Low
73626.0,2013-2014,72,2,26.7,4,1.0,1.0,0.0,0.0,2.0,Low
73628.0,2013-2014,80,1,23.6,3,1.0,1.0,1.0,1.0,2.0,Low
73629.0,2013-2014,26,2,36.5,4,1.0,0.0,1.0,0.0,2.0,Low
73631.0,2013-2014,56,2,39.1,4,1.0,1.0,0.0,2.0,2.0,Moderate
73632.0,2013-2014,23,1,31.7,1,1.0,0.0,0.0,0.0,2.0,Low
73633.0,2013-2014,43,2,30.5,3,,1.0,1.0,0.0,2.0,Moderate
73638.0,2013-2014,63,2,24.8,7,1.0,1.0,0.0,2.0,1.0,High
73639.0,2013-2014,71,1,30.3,3,0.0,0.0,0.0,1.0,2.0,High
73640.0,2013-2014,67,2,22.1,4,0.0,1.0,1.0,0.0,2.0,Moderate
73641.0,2013-2014,64,2,19.3,3,0.0,1.0,1.0,2.0,2.0,Low
73642.0,2013-2014,57,2,37.8,3,0.0,0.0,1.0,2.0,2.0,Low
73643.0,2013-2014,62,1,25.8,6,0.0,1.0,1.0,1.0,1.0,High
73645.0,2013-2014,54,2,29.2,3,0.0,1.0,0.0,1.0,1.0,High
73647.0,2013-2014,61,2,27.7,2,1.0,0.0,0.0,2.0,1.0,High
73652.0,2013-2014,54,2,36.4,4,1.0,1.0,0.0,2.0,1.0,High
73654.0,2013-2014,46,1,36.2,3,,1.0,0.0,0.0,2.0,Low
73655.0,2013-2014,44,1,31.2,4,1.0,1.0,1.0,0.0,2.0,Moderate
73656.0,2013-2014,54,1,28.0,3,0.0,0.0,0.0,0.0,2.0,Low
73658.0,2013-2014,35,1,24.2,6,0.0,0.0,1.0,0.0,2.0,Low
73659.0,2013-2014,70,2,46.1,3,1.0,1.0,0.0,0.0,2.0,High
73660.0,2013-2014,59,1,24.7,6,0.0,0.0,1.0,1.0,2.0,Low
73661.0,2013-2014,25,1,21.0,4,1.0,0.0,1.0,0.0,2.0,Low
73662.0,2013-2014,39,1,23.4,3,0.0,1.0,0.0,2.0,1.0,High
73663.0,2013-2014,25,1,33.0,3,0.0,0.0,1.0,0.0,2.0,Moderate
73665.0,2013-2014,59,1,35.1,1,1.0,0.0,0.0,0.0,2.0,Low
73666.0,2013-2014,70,1,26.3,6,1.0,0.0,1.0,1.0,1.0,High
73667.0,2013-2014,24,1,29.1,3,0.0,0.0,0.0,2.0,2.0,Low
73668.0,2013-2014,30,2,32.3,3,0.0,0.0,0.0,0.0,2.0,Moderate
73670.0,2013-2014,71,2,34.8,1,0.0,0.0,0.0,0.0,2.0,Moderate
73671.0,2013-2014,49,1,21.3,4,,0.0,0.0,0.0,2.0,Moderate
73672.0,2013-2014,73,1,27.0,3,0.0,1.0,0.0,1.0,2.0,Moderate
73673.0,2013-2014,45,1,19.3,3,0.0,0.0,0.0,0.0,2.0,Low
73674.0,2013-2014,45,2,21.5,3,0.0,0.0,1.0,0.0,2.0,Low
73675.0,2013-2014,29,1,25.3,6,1.0,0.0,0.0,0.0,2.0,Low
73676.0,2013-2014,44,1,37.6,3,1.0,0.0,0.0,2.0,2.0,Moderate
73677.0,2013-2014,61,2,36.4,4,1.0,1.0,0.0,0.0,2.0,Low
73678.0,2013-2014,51,1,33.7,3,0.0,0.0,0.0,1.0,2.0,Moderate
73684.0,2013-2014,64,1,24.8,6,1.0,0.0,1.0,0.0,1.0,High
73688.0,2013-2014,58,1,33.6,3,1.0,0.0,1.0,1.0,2.0,Moderate
73690.0,2013-2014,77,2,21.4,3,1.0,1.0,1.0,0.0,2.0,Moderate
73692.0,2013-2014,65,1,23.8,2,0.0,0.0,1.0,0.0,1.0,High
73693.0,2013-2014,78,2,35.2,3,0.0,0.0,0.0,1.0,1.0,High
73694.0,2013-2014,66,2,26.8,3,1.0,1.0,0.0,0.0,1.0,High
73697.0,2013-2014,57,2,22.5,3,1.0,0.0,1.0,0.0,2.0,Low
73698.0,2013-2014,23,1,29.1,3,0.0,0.0,1.0,2.0,2.0,Low
73699.0,2013-2014,20,1,22.7,3,0.0,0.0,0.0,2.0,2.0,Low
73701.0,2013-2014,47,1,24.6,6,0.0,0.0,1.0,1.0,2.0,Low
73702.0,2013-2014,48,2,46.2,3,0.0,1.0,0.0,2.0,2.0,Moderate
73703.0,2013-2014,38,2,26.1,2,0.0,1.0,1.0,0.0,2.0,Low
73706.0,2013-2014,54,1,30.8,3,1.0,1.0,1.0,2.0,1.0,High
73707.0,2013-2014,45,1,32.2,4,0.0,0.0,1.0,0.0,2.0,Low
73708.0,2013-2014,69,1,25.9,1,1.0,1.0,0.0,1.0,1.0,High
73709.0,2013-2014,64,1,30.9,4,1.0,1.0,0.0,0.0,2.0,Low
73714.0,2013-2014,29,2,26.4,3,0.0,0.0,0.0,0.0,2.0,Low
73715.0,2013-2014,38,2,34.6,3,1.0,0.0,1.0,0.0,1.0,High
73716.0,2013-2014,25,1,26.3,3,0.0,0.0,1.0,0.0,2.0,Moderate
73717.0,2013-2014,78,1,32.5,4,1.0,1.0,0.0,0.0,2.0,Moderate
73718.0,2013-2014,53,1,26.5,4,0.0,1.0,0.0,2.0,2.0,Moderate
73720.0,2013-2014,48,1,40.9,4,0.0,1.0,0.0,0.0,1.0,High
73722.0,2013-2014,80,2,24.6,4,0.0,1.0,1.0,0.0,2.0,Low
73723.0,2013-2014,77,1,33.4,3,0.0,1.0,0.0,0.0,1.0,High
73724.0,2013-2014,26,1,19.2,4,0.0,0.0,1.0,0.0,2.0,Low
73725.0,2013-2014,80,2,25.1,3,0.0,1.0,0.0,0.0,2.0,Low
73726.0,2013-2014,67,2,23.6,1,0.0,0.0,0.0,0.0,2.0,Low
73729.0,2013-2014,46,1,36.2,3,1.0,0.0,0.0,1.0,2.0,Low
73730.0,2013-2014,48,1,26.4,1,0.0,1.0,0.0,2.0,2.0,Moderate
73732.0,2013-2014,80,1,22.5,3,0.0,1.0,1.0,0.0,2.0,Moderate
73733.0,2013-2014,23,2,32.0,1,1.0,0.0,0.0,0.0,2.0,Low
73735.0,2013-2014,29,2,37.6,2,1.0,0.0,1.0,0.0,2.0,Low
73736.0,2013-2014,55,1,30.5,4,0.0,0.0,1.0,0.0,2.0,Moderate
73738.0,2013-2014,29,1,44.5,4,0.0,0.0,0.0,0.0,2.0,Moderate
73739.0,2013-2014,46,2,27.5,3,0.0,0.0,1.0,1.0,2.0,Low
73740.0,2013-2014,57,2,27.0,6,0.0,1.0,0.0,0.0,2.0,Moderate
73741.0,2013-2014,47,2,33.4,1,0.0,1.0,0.0,0.0,2.0,Low
73746.0,2013-2014,64,2,19.1,3,0.0,0.0,0.0,2.0,2.0,Low
73747.0,2013-2014,80,2,30.1,2,0.0,0.0,1.0,0.0,2.0,High
73749.0,2013-2014,29,1,23.8,3,0.0,0.0,1.0,0.0,2.0,Low
73751.0,2013-2014,61,2,30.5,3,1.0,0.0,1.0,2.0,2.0,Low
73755.0,2013-2014,75,1,22.8,1,1.0,0.0,0.0,1.0,3.0,Moderate
73756.0,2013-2014,56,1,25.6,3,1.0,0.0,0.0,1.0,2.0,Low
73757.0,2013-2014,29,2,37.5,1,1.0,0.0,1.0,0.0,2.0,Low
73760.0,2013-2014,64,1,21.3,3,1.0,0.0,0.0,2.0,2.0,Low
73763.0,2013-2014,31,2,39.7,2,0.0,0.0,0.0,2.0,2.0,Low
73765.0,2013-2014,54,1,22.2,1,1.0,0.0,1.0,2.0,2.0,Low
73766.0,2013-2014,75,2,36.0,3,0.0,1.0,1.0,1.0,1.0,High
73767.0,2013-2014,35,2,19.0,6,0.0,0.0,0.0,0.0,2.0,Low
73769.0,2013-2014,42,1,28.5,2,1.0,0.0,1.0,1.0,2.0,Low
73770.0,2013-2014,50,2,40.3,3,0.0,1.0,0.0,0.0,2.0,Low
73772.0,2013-2014,21,2,27.3,1,1.0,0.0,1.0,0.0,2.0,Low
73773.0,2013-2014,39,2,23.4,1,1.0,0.0,1.0,0.0,2.0,Low
73774.0,2013-2014,80,2,23.4,4,1.0,0.0,0.0,0.0,1.0,High
73778.0,2013-2014,62,1,52.3,1,1.0,1.0,1.0,1.0,1.0,High
73779.0,2013-2014,62,1,18.1,3,0.0,0.0,1.0,2.0,2.0,Low
73780.0,2013-2014,78,1,24.1,3,0.0,1.0,0.0,0.0,2.0,Low
73781.0,2013-2014,48,2,30.2,3,1.0,0.0,0.0,0.0,2.0,Moderate
73782.0,2013-2014,68,1,23.2,3,1.0,1.0,1.0,1.0,3.0,Moderate
73783.0,2013-2014,26,1,24.9,3,0.0,0.0,1.0,2.0,2.0,Low
73785.0,2013-2014,46,1,26.2,6,0.0,0.0,1.0,0.0,2.0,Low
73787.0,2013-2014,71,1,28.2,4,1.0,1.0,0.0,1.0,2.0,High
73790.0,2013-2014,59,1,30.2,3,0.0,1.0,0.0,1.0,2.0,Moderate
73792.0,2013-2014,68,2,28.9,3,0.0,1.0,0.0,0.0,2.0,Low
73795.0,2013-2014,59,1,29.9,3,0.0,0.0,0.0,1.0,2.0,Moderate
73797.0,2013-2014,57,2,64.7,3,1.0,1.0,0.0,1.0,1.0,High
73800.0,2013-2014,54,2,54.2,3,0.0,1.0,0.0,1.0,1.0,High
73801.0,2013-2014,46,2,23.0,2,1.0,0.0,1.0,0.0,2.0,Low
73804.0,2013-2014,55,1,30.8,1,1.0,0.0,1.0,1.0,1.0,High
73805.0,2013-2014,30,2,49.9,3,1.0,0.0,0.0,2.0,2.0,Moderate
73806.0,2013-2014,63,1,32.2,4,1.0,1.0,0.0,1.0,2.0,Moderate
73807.0,2013-2014,50,2,27.8,3,0.0,0.0,0.0,0.0,2.0,Moderate
73808.0,2013-2014,53,2,33.5,3,1.0,1.0,0.0,0.0,2.0,Low
73809.0,2013-2014,52,2,25.6,3,1.0,0.0,1.0,2.0,2.0,Low
73810.0,2013-2014,48,1,26.9,2,0.0,0.0,0.0,0.0,2.0,Low
73811.0,2013-2014,64,1,31.8,3,0.0,1.0,1.0,1.0,2.0,Low
73813.0,2013-2014,34,2,26.3,3,0.0,0.0,0.0,0.0,2.0,Low
73815.0,2013-2014,72,2,25.0,4,1.0,1.0,0.0,2.0,2.0,Low
73816.0,2013-2014,64,1,27.8,2,0.0,1.0,0.0,1.0,2.0,High
73820.0,2013-2014,56,1,28.6,3,0.0,1.0,1.0,0.0,2.0,Moderate
73821.0,2013-2014,56,2,28.9,3,0.0,0.0,0.0,0.0,2.0,Low
73823.0,2013-2014,35,1,21.7,4,0.0,0.0,0.0,0.0,2.0,Low
73825.0,2013-2014,64,2,27.2,6,0.0,1.0,1.0,0.0,2.0,Moderate
73831.0,2013-2014,48,2,34.5,7,0.0,1.0,1.0,1.0,2.0,Low
73833.0,2013-2014,34,2,18.5,6,0.0,0.0,0.0,0.0,2.0,Low
73834.0,2013-2014,64,1,22.2,6,1.0,0.0,1.0,0.0,1.0,High
73837.0,2013-2014,29,1,28.6,3,0.0,0.0,1.0,0.0,2.0,Low
73839.0,2013-2014,68,1,35.4,3,1.0,0.0,0.0,0.0,1.0,High
73840.0,2013-2014,77,2,31.2,3,0.0,1.0,0.0,1.0,2.0,Low
73842.0,2013-2014,53,1,30.4,1,1.0,0.0,0.0,0.0,2.0,Low
73843.0,2013-2014,42,1,28.3,6,0.0,0.0,1.0,0.0,2.0,Low
73845.0,2013-2014,70,2,39.1,3,1.0,1.0,0.0,0.0,2.0,Low
73846.0,2013-2014,24,2,34.4,4,1.0,0.0,1.0,2.0,2.0,Low
73847.0,2013-2014,34,1,29.6,3,0.0,0.0,1.0,1.0,2.0,Moderate
73848.0,2013-2014,65,2,41.1,3,1.0,1.0,1.0,1.0,2.0,Moderate
73850.0,2013-2014,30,1,22.8,3,0.0,0.0,1.0,2.0,2.0,Low
73851.0,2013-2014,48,2,27.9,1,0.0,0.0,1.0,0.0,2.0,Low
73852.0,2013-2014,40,2,30.5,1,0.0,0.0,0.0,0.0,2.0,Low
73855.0,2013-2014,38,2,58.6,3,1.0,1.0,0.0,2.0,1.0,High
73858.0,2013-2014,52,1,26.6,4,1.0,0.0,0.0,1.0,1.0,High
73859.0,2013-2014,38,1,31.5,4,1.0,0.0,1.0,2.0,2.0,Moderate
73860.0,2013-2014,53,1,22.6,4,1.0,0.0,0.0,2.0,2.0,Moderate
73861.0,2013-2014,77,1,34.7,3,0.0,1.0,1.0,0.0,2.0,Moderate
73862.0,2013-2014,61,2,44.2,3,1.0,0.0,1.0,0.0,3.0,High
73863.0,2013-2014,26,1,22.2,6,1.0,1.0,1.0,0.0,2.0,Low
73864.0,2013-2014,62,2,31.5,3,0.0,0.0,1.0,0.0,2.0,Moderate
73865.0,2013-2014,48,1,20.9,3,0.0,0.0,0.0,2.0,2.0,Low
73866.0,2013-2014,47,2,50.9,2,0.0,1.0,0.0,1.0,2.0,High
73868.0,2013-2014,32,1,28.2,7,0.0,0.0,1.0,0.0,2.0,Low
73870.0,2013-2014,38,1,30.3,3,1.0,0.0,1.0,0.0,2.0,Low
73872.0,2013-2014,63,2,28.1,6,0.0,1.0,0.0,0.0,2.0,Moderate
73873.0,2013-2014,80,1,26.1,6,1.0,0.0,1.0,1.0,2.0,Moderate
73875.0,2013-2014,43,1,28.2,2,1.0,0.0,1.0,1.0,2.0,Low
73878.0,2013-2014,45,2,25.4,4,1.0,1.0,0.0,0.0,2.0,Low
73879.0,2013-2014,58,2,19.3,3,0.0,1.0,1.0,2.0,2.0,Low
73880.0,2013-2014,50,2,41.6,3,1.0,1.0,0.0,2.0,1.0,High
73881.0,2013-2014,38,1,36.5,2,1.0,1.0,0.0,1.0,2.0,Low
73882.0,2013-2014,25,2,26.6,3,0.0,0.0,1.0,0.0,2.0,Low
73883.0,2013-2014,67,1,39.9,1,0.0,1.0,1.0,0.0,1.0,High
73884.0,2013-2014,43,1,30.7,1,1.0,0.0,1.0,0.0,2.0,Moderate
73886.0,2013-2014,64,2,31.2,2,1.0,1.0,1.0,0.0,2.0,Low
73888.0,2013-2014,56,1,33.0,3,0.0,1.0,1.0,0.0,1.0,High
73899.0,2013-2014,57,1,42.3,4,1.0,1.0,0.0,0.0,1.0,High
73900.0,2013-2014,66,1,26.6,3,0.0,1.0,1.0,1.0,2.0,Low
73901.0,2013-2014,54,1,24.7,3,0.0,0.0,1.0,0.0,2.0,Low
73902.0,2013-2014,28,2,22.9,6,0.0,0.0,1.0,0.0,2.0,Low
73906.0,2013-2014,34,2,28.9,1,0.0,0.0,0.0,0.0,2.0,Low
73908.0,2013-2014,67,1,29.9,3,0.0,0.0,0.0,2.0,2.0,Moderate
73910.0,2013-2014,51,1,22.2,6,0.0,0.0,1.0,0.0,2.0,Low
73913.0,2013-2014,26,1,22.8,4,1.0,0.0,1.0,0.0,2.0,Low
73914.0,2013-2014,52,2,24.8,7,0.0,0.0,1.0,2.0,1.0,High
73916.0,2013-2014,27,1,32.4,3,0.0,1.0,0.0,1.0,2.0,Moderate
73918.0,2013-2014,32,1,23.2,4,0.0,0.0,1.0,2.0,2.0,Low
73919.0,2013-2014,61,1,31.1,4,1.0,0.0,0.0,2.0,2.0,Low
73921.0,2013-2014,80,2,,3,,1.0,0.0,1.0,2.0,Low
73922.0,2013-2014,75,2,42.7,3,0.0,1.0,0.0,0.0,3.0,Moderate
73924.0,2013-2014,39,2,24.9,3,0.0,0.0,0.0,1.0,2.0,Low
73925.0,2013-2014,60,1,28.7,2,1.0,1.0,1.0,1.0,1.0,High
73926.0,2013-2014,64,1,30.9,1,0.0,0.0,0.0,0.0,2.0,Moderate
73928.0,2013-2014,23,1,32.9,4,0.0,0.0,1.0,0.0,2.0,Low
73930.0,2013-2014,70,2,34.4,4,0.0,1.0,1.0,0.0,3.0,Moderate
73931.0,2013-2014,37,2,32.0,1,0.0,0.0,0.0,0.0,2.0,Low
73932.0,2013-2014,30,1,26.4,3,0.0,0.0,0.0,2.0,2.0,Low
73934.0,2013-2014,31,1,29.7,4,0.0,1.0,0.0,0.0,2.0,Moderate
73935.0,2013-2014,63,1,24.2,2,0.0,0.0,0.0,2.0,2.0,Moderate
73937.0,2013-2014,41,2,22.4,1,0.0,0.0,0.0,0.0,2.0,Moderate
73938.0,2013-2014,53,2,26.8,3,0.0,1.0,0.0,2.0,2.0,Moderate
73941.0,2013-2014,28,1,26.1,4,0.0,0.0,1.0,0.0,2.0,Low
73945.0,2013-2014,66,1,37.6,3,0.0,1.0,0.0,1.0,1.0,High
73949.0,2013-2014,48,1,32.0,1,0.0,1.0,1.0,1.0,2.0,Low
73952.0,2013-2014,42,1,39.2,1,1.0,1.0,0.0,1.0,2.0,Moderate
73954.0,2013-2014,45,2,23.9,3,0.0,0.0,1.0,1.0,2.0,Low
73955.0,2013-2014,31,2,29.0,4,0.0,0.0,1.0,0.0,2.0,Moderate
73957.0,2013-2014,26,2,23.0,6,0.0,0.0,1.0,0.0,2.0,Low
73962.0,2013-2014,49,1,31.9,4,0.0,0.0,0.0,1.0,2.0,Low
73964.0,2013-2014,45,1,29.9,4,0.0,1.0,0.0,0.0,2.0,Low
73973.0,2013-2014,75,2,29.5,4,1.0,1.0,1.0,0.0,2.0,Low
73974.0,2013-2014,34,1,31.2,1,0.0,0.0,1.0,0.0,2.0,Moderate
73975.0,2013-2014,64,2,25.4,3,0.0,1.0,0.0,2.0,2.0,Low
73977.0,2013-2014,30,1,24.5,6,0.0,0.0,1.0,1.0,2.0,Low
73979.0,2013-2014,61,2,25.9,3,1.0,1.0,1.0,0.0,2.0,Moderate
73980.0,2013-2014,43,1,22.0,2,1.0,0.0,0.0,1.0,2.0,Low
73981.0,2013-2014,36,2,28.0,6,1.0,0.0,1.0,0.0,2.0,Moderate
73985.0,2013-2014,43,2,38.4,2,1.0,1.0,0.0,0.0,1.0,High
73987.0,2013-2014,56,1,34.9,1,1.0,1.0,0.0,0.0,2.0,Moderate
73990.0,2013-2014,50,2,25.5,6,1.0,0.0,0.0,0.0,3.0,Moderate
73992.0,2013-2014,20,1,18.4,3,0.0,0.0,1.0,0.0,2.0,Low
73993.0,2013-2014,57,1,26.7,3,0.0,0.0,1.0,2.0,2.0,Moderate
73994.0,2013-2014,36,1,26.8,7,0.0,0.0,0.0,1.0,2.0,Low
73995.0,2013-2014,40,2,23.5,6,0.0,0.0,1.0,0.0,2.0,Moderate
73998.0,2013-2014,32,2,28.0,4,0.0,0.0,1.0,0.0,2.0,Low
73999.0,2013-2014,66,1,26.2,3,0.0,0.0,1.0,0.0,2.0,Low
74001.0,2013-2014,48,1,42.4,4,1.0,1.0,1.0,2.0,1.0,High
74002.0,2013-2014,63,1,39.0,4,0.0,0.0,0.0,1.0,2.0,Moderate
74003.0,2013-2014,68,2,35.0,4,0.0,1.0,1.0,1.0,1.0,High
74004.0,2013-2014,31,2,31.2,4,0.0,0.0,0.0,0.0,2.0,Low
74005.0,2013-2014,23,1,20.7,3,0.0,0.0,1.0,0.0,2.0,Low
74006.0,2013-2014,34,2,35.7,4,1.0,1.0,0.0,2.0,2.0,Moderate
74007.0,2013-2014,71,2,33.3,3,0.0,0.0,1.0,1.0,2.0,Low
74008.0,2013-2014,49,2,31.4,3,1.0,1.0,1.0,1.0,2.0,Low
74010.0,2013-2014,40,1,28.9,3,0.0,0.0,0.0,0.0,2.0,Low
74011.0,2013-2014,55,1,29.6,4,1.0,1.0,0.0,0.0,1.0,High
74012.0,2013-2014,68,2,30.4,1,0.0,1.0,0.0,0.0,1.0,High
74013.0,2013-2014,56,2,23.1,3,0.0,0.0,1.0,1.0,2.0,Low
74014.0,2013-2014,60,1,28.7,1,0.0,1.0,1.0,1.0,1.0,High
74016.0,2013-2014,49,1,22.6,6,0.0,0.0,1.0,0.0,2.0,Low
74018.0,2013-2014,22,1,35.0,4,1.0,1.0,0.0,2.0,2.0,Moderate
74022.0,2013-2014,66,2,30.8,1,1.0,0.0,0.0,2.0,2.0,Moderate
74025.0,2013-2014,45,1,27.7,3,0.0,0.0,0.0,2.0,2.0,Moderate
74027.0,2013-2014,42,1,20.5,4,0.0,0.0,1.0,0.0,2.0,Low
74028.0,2013-2014,57,2,20.8,4,1.0,1.0,0.0,0.0,1.0,High
74029.0,2013-2014,22,1,25.2,4,0.0,0.0,1.0,0.0,2.0,Low
74032.0,2013-2014,47,2,31.9,3,1.0,0.0,1.0,0.0,1.0,High
74033.0,2013-2014,80,1,24.2,3,1.0,1.0,0.0,0.0,2.0,High
74036.0,2013-2014,43,1,35.6,4,0.0,0.0,0.0,0.0,2.0,Moderate
74037.0,2013-2014,20,1,21.3,1,0.0,0.0,1.0,0.0,2.0,Moderate
74038.0,2013-2014,54,2,38.4,4,1.0,1.0,0.0,0.0,2.0,Moderate
74041.0,2013-2014,60,1,27.4,1,0.0,0.0,0.0,1.0,1.0,High
74042.0,2013-2014,41,2,32.2,6,1.0,0.0,1.0,0.0,2.0,Low
74044.0,2013-2014,73,1,18.0,3,0.0,1.0,1.0,2.0,2.0,Low
74045.0,2013-2014,38,1,42.7,1,,0.0,0.0,0.0,2.0,Moderate
74046.0,2013-2014,41,2,23.7,3,0.0,0.0,1.0,1.0,2.0,Low
74047.0,2013-2014,40,2,26.4,1,1.0,0.0,0.0,0.0,2.0,Moderate
74048.0,2013-2014,80,1,26.4,3,0.0,1.0,1.0,1.0,2.0,Low
74049.0,2013-2014,62,2,16.8,4,0.0,0.0,0.0,0.0,2.0,Moderate
74050.0,2013-2014,44,2,25.1,3,1.0,0.0,1.0,0.0,2.0,Low
74051.0,2013-2014,20,2,27.7,6,0.0,0.0,1.0,0.0,2.0,Low
74054.0,2013-2014,40,2,23.9,3,0.0,1.0,1.0,1.0,2.0,Moderate
74055.0,2013-2014,57,1,26.1,1,1.0,0.0,0.0,1.0,2.0,Low
74056.0,2013-2014,38,1,29.9,2,0.0,0.0,0.0,0.0,2.0,Moderate
74057.0,2013-2014,63,2,47.2,4,1.0,1.0,0.0,0.0,2.0,Low
74058.0,2013-2014,60,2,34.2,4,1.0,0.0,1.0,2.0,2.0,Moderate
74059.0,2013-2014,57,1,28.2,3,1.0,0.0,1.0,0.0,2.0,High
74062.0,2013-2014,67,2,31.7,6,1.0,1.0,0.0,0.0,1.0,High
74065.0,2013-2014,71,2,23.0,3,0.0,0.0,1.0,0.0,2.0,Moderate
74066.0,2013-2014,56,1,28.8,2,0.0,1.0,0.0,1.0,2.0,Moderate
74070.0,2013-2014,59,2,40.7,3,0.0,0.0,1.0,0.0,2.0,Low
74072.0,2013-2014,63,1,24.3,4,0.0,0.0,1.0,1.0,2.0,Low
74075.0,2013-2014,59,1,38.6,4,1.0,1.0,1.0,2.0,2.0,Moderate
74077.0,2013-2014,26,1,27.3,3,,0.0,0.0,2.0,2.0,Low
74078.0,2013-2014,63,1,23.9,3,0.0,0.0,1.0,0.0,2.0,Low
74081.0,2013-2014,80,1,30.2,3,0.0,1.0,0.0,0.0,2.0,Moderate
74083.0,2013-2014,67,2,30.1,4,0.0,0.0,1.0,0.0,2.0,Low
74085.0,2013-2014,80,2,32.1,3,1.0,1.0,0.0,0.0,2.0,Moderate
74087.0,2013-2014,59,2,25.9,1,1.0,0.0,1.0,0.0,1.0,High
74090.0,2013-2014,80,2,26.4,3,0.0,1.0,0.0,0.0,2.0,Low
74096.0,2013-2014,53,1,26.9,3,1.0,0.0,0.0,1.0,2.0,Low
74097.0,2013-2014,40,2,37.0,3,0.0,0.0,1.0,1.0,2.0,Low
74099.0,2013-2014,44,1,28.7,1,0.0,0.0,0.0,2.0,2.0,Moderate
74100.0,2013-2014,69,1,31.7,4,1.0,0.0,1.0,1.0,2.0,Low
74101.0,2013-2014,34,2,27.7,7,0.0,0.0,0.0,2.0,2.0,Low
74109.0,2013-2014,59,2,24.9,3,0.0,1.0,1.0,0.0,2.0,Low
74110.0,2013-2014,60,1,24.3,2,0.0,0.0,0.0,1.0,2.0,Low
74111.0,2013-2014,61,2,23.9,6,0.0,0.0,1.0,0.0,2.0,Moderate
74112.0,2013-2014,28,2,39.9,2,1.0,1.0,1.0,0.0,2.0,Moderate
74115.0,2013-2014,27,1,25.3,1,1.0,0.0,0.0,2.0,2.0,Low
74116.0,2013-2014,25,1,30.3,2,0.0,0.0,1.0,0.0,2.0,Low
74118.0,2013-2014,35,2,27.3,1,0.0,0.0,1.0,0.0,2.0,Low
74119.0,2013-2014,32,2,36.1,1,1.0,0.0,1.0,0.0,2.0,Low
74120.0,2013-2014,80,1,31.2,3,0.0,0.0,1.0,0.0,2.0,Moderate
74122.0,2013-2014,71,2,20.2,3,0.0,0.0,1.0,0.0,2.0,Moderate
74123.0,2013-2014,21,2,23.5,2,1.0,0.0,1.0,1.0,2.0,Low
74124.0,2013-2014,28,2,23.0,2,0.0,0.0,1.0,0.0,2.0,Low
74125.0,2013-2014,39,2,35.5,3,0.0,0.0,0.0,0.0,2.0,Low
74126.0,2013-2014,53,2,42.6,4,0.0,1.0,0.0,0.0,2.0,Moderate
74127.0,2013-2014,33,2,28.1,4,0.0,0.0,1.0,2.0,2.0,Low
74128.0,2013-2014,71,2,26.9,4,0.0,1.0,1.0,0.0,2.0,Low
74129.0,2013-2014,56,1,,6,0.0,1.0,0.0,1.0,2.0,Moderate
74131.0,2013-2014,24,2,29.5,1,0.0,0.0,0.0,0.0,2.0,Low
74132.0,2013-2014,62,2,33.1,4,0.0,1.0,0.0,0.0,2.0,Low
74134.0,2013-2014,51,2,21.3,6,0.0,0.0,0.0,0.0,2.0,Moderate
74138.0,2013-2014,69,1,32.4,1,0.0,1.0,0.0,1.0,2.0,Low
74139.0,2013-2014,63,2,21.1,6,1.0,1.0,0.0,0.0,2.0,Moderate
74141.0,2013-2014,71,2,43.0,3,0.0,0.0,1.0,1.0,1.0,High
74142.0,2013-2014,61,1,40.4,4,0.0,1.0,0.0,0.0,1.0,High
74143.0,2013-2014,30,1,26.1,3,0.0,0.0,1.0,0.0,2.0,Low
74144.0,2013-2014,51,1,31.1,1,1.0,0.0,1.0,1.0,2.0,Low
74146.0,2013-2014,50,1,23.9,4,1.0,0.0,0.0,0.0,2.0,Low
74147.0,2013-2014,79,2,36.2,3,1.0,1.0,1.0,0.0,2.0,Moderate
74148.0,2013-2014,42,2,30.9,3,1.0,0.0,0.0,0.0,2.0,Low
74149.0,2013-2014,54,2,27.3,1,1.0,0.0,0.0,1.0,2.0,Low
74150.0,2013-2014,20,2,21.9,3,0.0,0.0,1.0,2.0,2.0,Low
74152.0,2013-2014,74,2,,4,1.0,1.0,0.0,0.0,2.0,Low
74153.0,2013-2014,59,2,27.9,3,,1.0,0.0,0.0,2.0,Low
74154.0,2013-2014,52,2,49.2,4,0.0,0.0,1.0,1.0,2.0,Low
74159.0,2013-2014,32,1,30.6,4,0.0,1.0,1.0,1.0,2.0,Moderate
74160.0,2013-2014,66,2,33.3,2,1.0,0.0,1.0,1.0,1.0,High
74164.0,2013-2014,38,2,24.5,1,0.0,0.0,1.0,0.0,2.0,Low
74166.0,2013-2014,28,2,22.9,3,0.0,1.0,1.0,0.0,2.0,Low
74169.0,2013-2014,22,1,35.6,4,0.0,0.0,1.0,2.0,2.0,Moderate
74170.0,2013-2014,56,1,31.6,4,1.0,1.0,1.0,0.0,2.0,Moderate
74172.0,2013-2014,33,2,25.6,3,0.0,0.0,1.0,0.0,2.0,Low
74173.0,2013-2014,43,2,19.8,2,0.0,0.0,1.0,1.0,2.0,Low
74175.0,2013-2014,80,2,28.9,3,0.0,1.0,0.0,0.0,2.0,Low
74176.0,2013-2014,51,2,21.0,6,0.0,0.0,0.0,0.0,2.0,Moderate
74178.0,2013-2014,53,2,29.7,4,1.0,1.0,1.0,0.0,2.0,Moderate
74180.0,2013-2014,63,2,31.8,3,0.0,1.0,0.0,1.0,2.0,Low
74181.0,2013-2014,38,1,35.3,3,0.0,1.0,1.0,2.0,2.0,Low
74184.0,2013-2014,55,2,19.9,6,0.0,0.0,0.0,0.0,2.0,Moderate
74186.0,2013-2014,29,2,16.8,3,1.0,1.0,0.0,1.0,2.0,Low
74187.0,2013-2014,23,2,28.2,4,0.0,1.0,0.0,0.0,2.0,Low
74188.0,2013-2014,80,1,23.8,3,0.0,1.0,0.0,0.0,2.0,Moderate
74190.0,2013-2014,56,2,27.3,3,0.0,0.0,1.0,1.0,2.0,Moderate
74191.0,2013-2014,39,2,27.3,4,0.0,1.0,1.0,0.0,2.0,Moderate
74193.0,2013-2014,66,2,38.7,3,,0.0,1.0,0.0,2.0,Moderate
74195.0,2013-2014,26,2,45.1,3,0.0,1.0,1.0,1.0,2.0,Moderate
74196.0,2013-2014,36,2,31.0,3,1.0,0.0,0.0,0.0,2.0,Low
74197.0,2013-2014,26,1,27.8,4,1.0,0.0,1.0,2.0,2.0,Low
74198.0,2013-2014,66,2,29.4,2,1.0,0.0,1.0,2.0,2.0,Low
74199.0,2013-2014,22,2,18.8,4,1.0,0.0,1.0,0.0,2.0,Low
74201.0,2013-2014,25,2,35.0,4,1.0,0.0,0.0,1.0,2.0,Low
74203.0,2013-2014,51,2,24.6,4,1.0,1.0,0.0,0.0,1.0,High
74205.0,2013-2014,65,1,22.2,6,1.0,0.0,0.0,1.0,1.0,High
74207.0,2013-2014,32,2,27.6,3,0.0,0.0,1.0,0.0,2.0,Low
74211.0,2013-2014,74,2,33.9,2,1.0,1.0,1.0,1.0,2.0,Moderate
74214.0,2013-2014,47,2,28.7,2,0.0,1.0,1.0,0.0,1.0,High
74219.0,2013-2014,74,1,21.9,6,0.0,0.0,1.0,1.0,2.0,Low
74221.0,2013-2014,34,2,44.6,4,0.0,1.0,0.0,2.0,2.0,Low
74222.0,2013-2014,45,1,23.8,3,0.0,0.0,1.0,2.0,2.0,Low
74224.0,2013-2014,66,1,22.9,3,1.0,0.0,0.0,1.0,2.0,Low
74225.0,2013-2014,67,2,30.4,2,1.0,1.0,0.0,0.0,2.0,Moderate
74226.0,2013-2014,20,2,18.1,6,0.0,0.0,0.0,2.0,2.0,Low
74227.0,2013-2014,78,2,34.1,4,1.0,1.0,0.0,0.0,2.0,Moderate
74230.0,2013-2014,44,1,28.9,1,1.0,0.0,1.0,2.0,2.0,Moderate
74231.0,2013-2014,67,2,31.1,4,1.0,0.0,1.0,0.0,2.0,Low
74232.0,2013-2014,29,2,19.2,3,1.0,0.0,1.0,0.0,2.0,Low
74235.0,2013-2014,27,2,39.8,1,0.0,0.0,0.0,2.0,2.0,Moderate
74237.0,2013-2014,51,2,47.7,3,1.0,1.0,0.0,2.0,2.0,Moderate
74239.0,2013-2014,35,2,22.7,3,0.0,1.0,0.0,0.0,2.0,Low
74240.0,2013-2014,74,2,32.5,4,1.0,1.0,1.0,1.0,1.0,High
74241.0,2013-2014,72,1,29.6,3,1.0,0.0,1.0,1.0,3.0,Moderate
74243.0,2013-2014,33,2,37.5,1,0.0,0.0,0.0,0.0,2.0,Low
74247.0,2013-2014,74,1,21.1,3,0.0,1.0,0.0,1.0,2.0,Low
74251.0,2013-2014,20,1,22.9,3,0.0,0.0,0.0,0.0,2.0,Low
74253.0,2013-2014,77,1,23.6,4,1.0,1.0,1.0,1.0,1.0,High
74254.0,2013-2014,71,1,39.3,3,1.0,1.0,0.0,1.0,2.0,Low
74259.0,2013-2014,39,2,29.4,2,0.0,0.0,1.0,0.0,2.0,Moderate
74260.0,2013-2014,52,2,26.0,4,0.0,1.0,0.0,0.0,2.0,Low
74262.0,2013-2014,70,2,27.4,3,1.0,1.0,0.0,1.0,1.0,High
74264.0,2013-2014,46,2,33.9,1,0.0,0.0,0.0,0.0,2.0,Moderate
74265.0,2013-2014,36,2,21.8,2,0.0,0.0,1.0,0.0,2.0,Low
74268.0,2013-2014,62,2,24.4,3,0.0,0.0,0.0,0.0,2.0,Moderate
74270.0,2013-2014,51,2,34.7,3,1.0,1.0,0.0,2.0,2.0,Moderate
74275.0,2013-2014,29,2,20.9,7,0.0,0.0,1.0,0.0,2.0,Low
74276.0,2013-2014,62,2,44.9,1,0.0,1.0,1.0,1.0,2.0,Moderate
74278.0,2013-2014,42,2,22.1,6,0.0,0.0,0.0,0.0,2.0,Low
74279.0,2013-2014,21,2,20.9,3,1.0,0.0,0.0,0.0,2.0,Low
74280.0,2013-2014,80,2,24.4,3,0.0,0.0,1.0,1.0,2.0,Moderate
74281.0,2013-2014,27,1,21.3,3,1.0,0.0,0.0,0.0,2.0,Low
74283.0,2013-2014,49,2,28.3,1,0.0,0.0,0.0,0.0,2.0,Moderate
74284.0,2013-2014,58,1,42.7,4,0.0,1.0,0.0,0.0,2.0,Moderate
74285.0,2013-2014,30,2,22.4,7,0.0,0.0,1.0,0.0,2.0,Low
74287.0,2013-2014,60,1,36.2,4,1.0,1.0,1.0,0.0,3.0,Moderate
74290.0,2013-2014,48,1,38.4,3,0.0,1.0,1.0,0.0,1.0,High
74292.0,2013-2014,63,2,24.6,3,1.0,1.0,0.0,0.0,3.0,Moderate
74293.0,2013-2014,27,2,47.8,3,1.0,0.0,1.0,0.0,2.0,Moderate
74294.0,2013-2014,44,2,,1,1.0,1.0,0.0,0.0,1.0,High
74295.0,2013-2014,26,1,21.3,6,0.0,0.0,1.0,0.0,2.0,Low
74296.0,2013-2014,26,1,25.9,3,0.0,0.0,1.0,2.0,2.0,Low
74298.0,2013-2014,80,2,27.9,3,0.0,1.0,0.0,1.0,2.0,Low
74300.0,2013-2014,46,1,30.0,4,1.0,1.0,1.0,0.0,2.0,Low
74301.0,2013-2014,50,2,32.4,3,0.0,0.0,1.0,1.0,2.0,Low
74302.0,2013-2014,62,1,37.5,2,0.0,1.0,1.0,1.0,3.0,Moderate
74304.0,2013-2014,80,1,31.4,3,1.0,1.0,0.0,0.0,1.0,High
74305.0,2013-2014,71,1,22.9,3,0.0,0.0,1.0,0.0,2.0,Low
74306.0,2013-2014,62,1,33.3,1,1.0,1.0,1.0,1.0,1.0,High
74310.0,2013-2014,60,2,27.8,6,0.0,0.0,1.0,2.0,2.0,High
74312.0,2013-2014,22,1,19.7,3,1.0,0.0,1.0,0.0,2.0,Low
74313.0,2013-2014,80,2,18.9,3,0.0,1.0,0.0,0.0,2.0,Moderate
74314.0,2013-2014,50,1,26.1,6,1.0,0.0,1.0,0.0,2.0,Low
74317.0,2013-2014,33,1,24.4,3,1.0,0.0,1.0,0.0,2.0,Low
74318.0,2013-2014,52,2,19.8,3,1.0,0.0,1.0,2.0,2.0,Low
74319.0,2013-2014,68,2,19.7,6,0.0,0.0,1.0,0.0,2.0,Moderate
74323.0,2013-2014,27,2,20.2,3,0.0,0.0,1.0,1.0,2.0,Low
74324.0,2013-2014,79,2,43.1,3,0.0,1.0,0.0,1.0,2.0,Moderate
74328.0,2013-2014,44,1,28.5,2,1.0,0.0,0.0,0.0,2.0,Moderate
74329.0,2013-2014,46,1,21.7,6,0.0,0.0,1.0,1.0,2.0,Moderate
74331.0,2013-2014,33,1,38.5,4,0.0,0.0,0.0,0.0,2.0,Low
74338.0,2013-2014,43,1,28.6,3,0.0,0.0,1.0,0.0,2.0,Low
74340.0,2013-2014,41,1,25.8,3,0.0,1.0,1.0,2.0,2.0,Moderate
74341.0,2013-2014,60,1,23.1,2,1.0,1.0,1.0,0.0,3.0,High
74345.0,2013-2014,56,1,27.2,3,0.0,0.0,1.0,0.0,2.0,Moderate
74346.0,2013-2014,70,1,26.3,3,0.0,1.0,1.0,0.0,2.0,Moderate
74348.0,2013-2014,45,2,28.1,4,1.0,1.0,1.0,0.0,2.0,Moderate
74349.0,2013-2014,57,2,29.0,2,1.0,1.0,0.0,1.0,2.0,Moderate
74350.0,2013-2014,52,1,30.2,3,,1.0,0.0,2.0,2.0,Moderate
74352.0,2013-2014,65,1,,6,0.0,0.0,0.0,1.0,2.0,Low
74355.0,2013-2014,61,1,27.6,3,0.0,0.0,1.0,0.0,2.0,Moderate
74359.0,2013-2014,63,1,22.3,4,0.0,1.0,0.0,2.0,2.0,Low
74366.0,2013-2014,61,2,28.2,3,1.0,1.0,1.0,0.0,2.0,Low
74367.0,2013-2014,74,1,26.4,3,0.0,1.0,0.0,2.0,2.0,Low
74368.0,2013-2014,53,2,35.0,3,0.0,1.0,0.0,2.0,2.0,Low
74374.0,2013-2014,70,2,22.6,6,1.0,1.0,1.0,0.0,1.0,High
74375.0,2013-2014,63,2,22.0,1,1.0,1.0,0.0,1.0,1.0,High
74376.0,2013-2014,21,1,24.3,4,1.0,1.0,0.0,0.0,2.0,Low
74378.0,2013-2014,24,1,30.5,2,1.0,0.0,0.0,0.0,2.0,Low
74379.0,2013-2014,43,1,25.5,4,0.0,0.0,1.0,0.0,2.0,Moderate
74380.0,2013-2014,28,1,43.2,3,0.0,0.0,1.0,1.0,2.0,Low
74381.0,2013-2014,25,2,23.7,3,0.0,0.0,1.0,0.0,2.0,Low
74383.0,2013-2014,64,1,29.7,2,1.0,0.0,1.0,0.0,3.0,Moderate
74384.0,2013-2014,25,2,33.5,7,0.0,0.0,1.0,0.0,2.0,Low
74385.0,2013-2014,73,1,31.2,3,,0.0,0.0,0.0,1.0,High
74386.0,2013-2014,24,1,25.9,7,0.0,0.0,1.0,0.0,2.0,Low
74388.0,2013-2014,57,1,24.8,6,1.0,0.0,0.0,0.0,1.0,High
74393.0,2013-2014,26,1,25.0,4,0.0,0.0,1.0,0.0,2.0,Low
74394.0,2013-2014,51,2,36.8,4,0.0,0.0,1.0,0.0,2.0,Moderate
74395.0,2013-2014,77,1,35.7,3,0.0,1.0,0.0,1.0,2.0,Moderate
74396.0,2013-2014,29,2,20.9,3,1.0,0.0,1.0,0.0,2.0,Low
74397.0,2013-2014,24,2,27.9,3,0.0,0.0,0.0,0.0,2.0,Low
74398.0,2013-2014,27,1,36.7,7,1.0,0.0,1.0,1.0,2.0,Low
74399.0,2013-2014,31,2,40.1,3,0.0,0.0,0.0,2.0,2.0,Moderate
74400.0,2013-2014,23,1,25.1,6,1.0,0.0,1.0,0.0,2.0,Low
74402.0,2013-2014,49,2,28.5,3,1.0,1.0,0.0,2.0,2.0,Low
74403.0,2013-2014,31,2,30.7,4,1.0,0.0,0.0,0.0,2.0,Low
74408.0,2013-2014,29,1,33.7,2,0.0,0.0,1.0,2.0,2.0,Low
74411.0,2013-2014,28,1,19.7,3,1.0,1.0,0.0,2.0,2.0,Moderate
74412.0,2013-2014,37,1,21.5,6,0.0,0.0,0.0,1.0,2.0,Low
74413.0,2013-2014,80,2,29.0,3,0.0,1.0,0.0,0.0,2.0,Moderate
74417.0,2013-2014,56,2,51.3,4,1.0,1.0,0.0,0.0,2.0,Low
74418.0,2013-2014,23,2,27.1,3,0.0,0.0,1.0,0.0,2.0,Low
74419.0,2013-2014,76,2,23.8,3,0.0,0.0,0.0,2.0,2.0,Moderate
74421.0,2013-2014,47,1,33.6,3,1.0,1.0,1.0,2.0,2.0,Moderate
74422.0,2013-2014,29,1,24.1,4,0.0,0.0,1.0,2.0,2.0,Low
74424.0,2013-2014,35,2,28.3,3,0.0,0.0,1.0,1.0,2.0,Low
74425.0,2013-2014,62,2,36.7,3,0.0,0.0,1.0,1.0,2.0,Low
74432.0,2013-2014,60,1,31.7,4,1.0,0.0,0.0,0.0,2.0,Moderate
74433.0,2013-2014,22,1,27.6,3,0.0,0.0,0.0,1.0,2.0,Low
74434.0,2013-2014,36,2,58.3,4,1.0,0.0,1.0,0.0,2.0,Moderate
74436.0,2013-2014,55,1,28.7,6,1.0,1.0,1.0,1.0,1.0,High
74437.0,2013-2014,35,1,26.5,1,,0.0,0.0,2.0,2.0,Low
74440.0,2013-2014,31,2,28.0,3,1.0,0.0,1.0,0.0,2.0,Low
74441.0,2013-2014,38,2,24.3,4,0.0,1.0,0.0,2.0,2.0,Low
74442.0,2013-2014,63,1,30.0,4,1.0,0.0,1.0,1.0,2.0,Moderate
74445.0,2013-2014,47,1,30.4,3,0.0,0.0,1.0,0.0,2.0,Low
74446.0,2013-2014,64,2,34.0,3,0.0,1.0,0.0,1.0,2.0,Moderate
74449.0,2013-2014,37,1,32.0,4,0.0,0.0,1.0,0.0,2.0,Moderate
74451.0,2013-2014,77,2,29.0,2,,1.0,0.0,0.0,9.0,Low
74454.0,2013-2014,45,1,26.5,6,0.0,0.0,1.0,0.0,2.0,Moderate
74455.0,2013-2014,38,2,26.0,3,0.0,0.0,1.0,0.0,2.0,Low
74459.0,2013-2014,61,2,43.3,3,1.0,1.0,1.0,1.0,2.0,Moderate
74460.0,2013-2014,20,2,21.1,3,0.0,0.0,0.0,2.0,2.0,Low
74462.0,2013-2014,58,2,33.0,4,1.0,1.0,0.0,0.0,2.0,Low
74463.0,2013-2014,45,1,29.4,3,,0.0,1.0,1.0,2.0,Moderate
74464.0,2013-2014,45,1,32.9,7,0.0,1.0,0.0,0.0,1.0,High
74465.0,2013-2014,80,1,30.8,1,1.0,1.0,0.0,2.0,1.0,High
74466.0,2013-2014,34,1,27.8,3,1.0,1.0,0.0,1.0,2.0,Moderate
74473.0,2013-2014,80,1,24.4,3,0.0,1.0,0.0,0.0,2.0,Low
74476.0,2013-2014,68,2,21.6,2,0.0,0.0,1.0,0.0,2.0,Moderate
74479.0,2013-2014,50,2,26.1,1,0.0,0.0,0.0,0.0,2.0,Moderate
74481.0,2013-2014,35,2,38.6,4,1.0,1.0,1.0,0.0,2.0,Low
74486.0,2013-2014,69,2,53.5,4,0.0,0.0,0.0,1.0,2.0,Moderate
74487.0,2013-2014,78,1,30.4,3,1.0,1.0,1.0,1.0,2.0,Moderate
74489.0,2013-2014,36,2,25.2,3,0.0,0.0,1.0,1.0,2.0,Low
74490.0,2013-2014,80,2,30.4,3,0.0,1.0,0.0,0.0,2.0,High
74493.0,2013-2014,40,1,26.2,1,0.0,0.0,1.0,0.0,2.0,Moderate
74498.0,2013-2014,29,1,33.2,1,1.0,0.0,1.0,1.0,2.0,Low
74499.0,2013-2014,59,1,29.1,4,0.0,0.0,1.0,1.0,2.0,Moderate
74502.0,2013-2014,27,1,20.6,4,0.0,0.0,1.0,0.0,2.0,Low
74503.0,2013-2014,47,2,36.6,1,1.0,0.0,0.0,1.0,2.0,Low
74504.0,2013-2014,43,2,20.4,3,0.0,0.0,1.0,0.0,2.0,Low
74505.0,2013-2014,21,2,31.1,3,1.0,0.0,0.0,0.0,2.0,Low
74508.0,2013-2014,80,1,25.8,3,0.0,0.0,1.0,1.0,2.0,Moderate
74509.0,2013-2014,48,2,29.1,2,1.0,0.0,1.0,0.0,1.0,High
74510.0,2013-2014,64,1,32.2,3,1.0,1.0,0.0,1.0,2.0,Moderate
74511.0,2013-2014,46,1,26.7,3,0.0,0.0,1.0,0.0,2.0,Low
74512.0,2013-2014,80,1,29.9,3,1.0,1.0,0.0,1.0,1.0,High
74519.0,2013-2014,60,2,,3,,0.0,0.0,1.0,2.0,Low
74521.0,2013-2014,21,2,44.1,4,1.0,0.0,0.0,2.0,2.0,Low
74523.0,2013-2014,61,2,25.8,1,1.0,1.0,1.0,0.0,2.0,Moderate
74524.0,2013-2014,47,1,27.4,1,0.0,0.0,1.0,0.0,2.0,Low
74526.0,2013-2014,58,2,26.4,4,1.0,1.0,0.0,2.0,1.0,High
74529.0,2013-2014,51,1,32.5,1,0.0,0.0,0.0,1.0,2.0,Low
74530.0,2013-2014,45,2,26.3,1,0.0,0.0,0.0,0.0,2.0,Moderate
74531.0,2013-2014,72,1,27.5,4,1.0,1.0,0.0,1.0,2.0,Moderate
74532.0,2013-2014,25,1,27.1,1,0.0,0.0,1.0,2.0,2.0,Low
74534.0,2013-2014,65,1,44.6,3,0.0,1.0,0.0,0.0,2.0,High
74536.0,2013-2014,65,1,28.2,2,0.0,0.0,1.0,1.0,1.0,High
74537.0,2013-2014,23,2,31.5,4,1.0,0.0,0.0,2.0,2.0,Low
74538.0,2013-2014,75,2,22.4,3,0.0,1.0,0.0,0.0,1.0,High
74539.0,2013-2014,55,1,38.5,4,0.0,1.0,0.0,2.0,2.0,Moderate
74542.0,2013-2014,46,1,21.5,3,,0.0,0.0,2.0,2.0,Low
74543.0,2013-2014,40,1,24.6,7,0.0,0.0,1.0,0.0,2.0,Low
74546.0,2013-2014,27,2,37.3,1,1.0,0.0,0.0,0.0,2.0,Low
74547.0,2013-2014,43,1,20.8,3,,0.0,0.0,2.0,2.0,Low
74548.0,2013-2014,63,2,21.6,2,0.0,0.0,0.0,0.0,3.0,High
74549.0,2013-2014,55,2,21.6,6,1.0,0.0,0.0,0.0,1.0,High
74551.0,2013-2014,32,2,21.6,3,0.0,1.0,1.0,1.0,2.0,Low
74552.0,2013-2014,44,2,33.0,4,0.0,1.0,0.0,0.0,2.0,Moderate
74554.0,2013-2014,35,2,36.8,4,1.0,0.0,0.0,0.0,2.0,Low
74556.0,2013-2014,23,2,34.0,3,0.0,0.0,0.0,0.0,2.0,Low
74557.0,2013-2014,28,2,26.7,3,1.0,0.0,0.0,1.0,2.0,Low
74560.0,2013-2014,36,1,31.8,3,0.0,1.0,0.0,2.0,2.0,Low
74562.0,2013-2014,62,1,28.2,3,0.0,1.0,1.0,0.0,2.0,Low
74563.0,2013-2014,40,2,26.9,3,0.0,0.0,0.0,2.0,2.0,Low
74564.0,2013-2014,26,2,25.8,6,0.0,1.0,0.0,0.0,2.0,Low
74565.0,2013-2014,66,1,23.9,2,1.0,0.0,1.0,2.0,2.0,Moderate
74566.0,2013-2014,55,2,40.0,3,1.0,1.0,0.0,2.0,2.0,Moderate
74567.0,2013-2014,53,2,33.3,3,1.0,0.0,1.0,1.0,2.0,Moderate
74570.0,2013-2014,63,2,26.8,1,1.0,1.0,1.0,1.0,2.0,Low
74571.0,2013-2014,53,1,22.5,3,0.0,0.0,1.0,0.0,2.0,Low
74574.0,2013-2014,80,2,26.4,3,0.0,1.0,0.0,0.0,2.0,Low
74576.0,2013-2014,73,2,31.9,3,0.0,0.0,0.0,1.0,2.0,Moderate
74579.0,2013-2014,51,1,24.5,6,0.0,1.0,0.0,0.0,2.0,Low
74581.0,2013-2014,75,1,17.7,1,0.0,0.0,0.0,2.0,2.0,Low
74582.0,2013-2014,30,2,27.5,3,0.0,0.0,0.0,2.0,2.0,Low
74583.0,2013-2014,60,2,41.1,1,1.0,1.0,0.0,1.0,1.0,High
74586.0,2013-2014,24,1,24.7,7,0.0,0.0,1.0,2.0,2.0,Low
74587.0,2013-2014,66,1,27.9,1,0.0,0.0,0.0,1.0,2.0,Low
74588.0,2013-2014,74,2,30.2,3,1.0,0.0,0.0,0.0,1.0,High
74589.0,2013-2014,67,1,21.2,3,1.0,0.0,1.0,0.0,2.0,Low
74590.0,2013-2014,30,1,21.7,3,0.0,0.0,0.0,0.0,2.0,Moderate
74591.0,2013-2014,73,1,24.0,4,0.0,1.0,1.0,2.0,2.0,High
74594.0,2013-2014,53,2,35.1,4,0.0,1.0,1.0,0.0,2.0,Moderate
74596.0,2013-2014,45,2,29.2,4,0.0,1.0,0.0,1.0,2.0,Low
74598.0,2013-2014,58,1,32.9,3,1.0,1.0,0.0,0.0,1.0,High
74600.0,2013-2014,66,2,35.1,4,1.0,1.0,0.0,1.0,2.0,Moderate
74601.0,2013-2014,20,2,18.7,4,0.0,0.0,0.0,0.0,2.0,Low
74605.0,2013-2014,62,2,27.6,3,0.0,1.0,1.0,1.0,2.0,Low
74607.0,2013-2014,68,1,23.8,6,0.0,0.0,1.0,1.0,2.0,Low
74609.0,2013-2014,46,2,26.8,2,0.0,0.0,1.0,0.0,2.0,Low
74611.0,2013-2014,64,1,28.6,1,1.0,1.0,0.0,0.0,1.0,High
74612.0,2013-2014,47,2,26.1,1,0.0,0.0,0.0,0.0,2.0,Low
74613.0,2013-2014,35,2,27.6,3,1.0,1.0,0.0,1.0,2.0,Low
74619.0,2013-2014,80,1,25.5,3,0.0,1.0,0.0,1.0,1.0,High
74623.0,2013-2014,46,2,22.9,3,0.0,0.0,1.0,0.0,2.0,Low
74624.0,2013-2014,37,2,58.9,4,1.0,1.0,0.0,2.0,2.0,Moderate
74627.0,2013-2014,29,2,38.8,3,1.0,0.0,1.0,1.0,2.0,Low
74628.0,2013-2014,63,2,19.3,3,1.0,0.0,0.0,0.0,2.0,Moderate
74631.0,2013-2014,30,1,25.9,2,0.0,0.0,1.0,1.0,2.0,Low
74632.0,2013-2014,46,1,20.4,4,0.0,0.0,1.0,0.0,2.0,Low
74633.0,2013-2014,56,2,23.6,2,0.0,0.0,0.0,0.0,2.0,Low
74636.0,2013-2014,60,2,22.8,6,1.0,0.0,1.0,0.0,2.0,Moderate
74638.0,2013-2014,34,1,26.4,2,1.0,1.0,1.0,0.0,2.0,Low
74639.0,2013-2014,51,1,28.1,1,1.0,0.0,0.0,0.0,2.0,Moderate
74641.0,2013-2014,33,1,31.2,6,1.0,0.0,1.0,1.0,2.0,Moderate
74642.0,2013-2014,45,2,32.0,4,0.0,0.0,1.0,0.0,2.0,Moderate
74644.0,2013-2014,20,2,23.9,3,1.0,0.0,0.0,0.0,2.0,Low
74645.0,2013-2014,68,2,35.8,3,0.0,1.0,0.0,1.0,2.0,Moderate
74646.0,2013-2014,49,1,20.0,1,0.0,0.0,1.0,0.0,2.0,Moderate
74650.0,2013-2014,56,1,33.3,1,,0.0,0.0,0.0,2.0,High
74652.0,2013-2014,40,2,34.2,1,0.0,1.0,1.0,0.0,2.0,Moderate
74653.0,2013-2014,29,2,30.6,2,0.0,1.0,0.0,1.0,2.0,Low
74654.0,2013-2014,62,2,32.7,4,1.0,1.0,1.0,0.0,1.0,High
74655.0,2013-2014,36,2,23.6,6,1.0,0.0,1.0,0.0,2.0,Low
74656.0,2013-2014,62,1,37.9,3,0.0,1.0,0.0,1.0,1.0,High
74660.0,2013-2014,38,2,38.7,3,1.0,0.0,0.0,0.0,2.0,Low
74661.0,2013-2014,65,1,31.9,4,1.0,1.0,1.0,1.0,2.0,Moderate
74663.0,2013-2014,52,1,18.1,6,0.0,0.0,1.0,1.0,2.0,Low
74668.0,2013-2014,80,2,24.6,3,1.0,0.0,0.0,1.0,1.0,High
74669.0,2013-2014,80,2,24.2,3,1.0,1.0,0.0,0.0,2.0,Low
74670.0,2013-2014,80,2,27.3,3,1.0,1.0,1.0,2.0,3.0,Moderate
74673.0,2013-2014,21,2,22.2,3,0.0,0.0,1.0,0.0,2.0,Low
74674.0,2013-2014,67,2,36.2,1,1.0,0.0,0.0,0.0,2.0,Low
74676.0,2013-2014,75,1,,6,0.0,1.0,0.0,0.0,1.0,High
74678.0,2013-2014,28,2,22.6,6,0.0,0.0,0.0,0.0,2.0,Low
74679.0,2013-2014,39,1,31.5,1,0.0,0.0,0.0,0.0,2.0,Moderate
74680.0,2013-2014,20,1,19.9,1,0.0,0.0,1.0,0.0,2.0,Low
74683.0,2013-2014,56,2,27.6,2,0.0,0.0,1.0,0.0,2.0,Moderate
74685.0,2013-2014,75,1,23.1,6,0.0,0.0,0.0,1.0,2.0,Moderate
74686.0,2013-2014,32,2,34.0,1,0.0,0.0,0.0,0.0,2.0,Low
74689.0,2013-2014,25,2,36.9,4,0.0,1.0,0.0,0.0,2.0,Low
74692.0,2013-2014,24,1,21.5,4,1.0,0.0,0.0,0.0,2.0,Moderate
74693.0,2013-2014,37,2,27.9,1,1.0,1.0,1.0,0.0,3.0,Moderate
74694.0,2013-2014,71,1,27.0,4,0.0,1.0,0.0,1.0,1.0,High
74695.0,2013-2014,53,1,28.7,4,0.0,1.0,0.0,2.0,2.0,Moderate
74696.0,2013-2014,62,1,33.8,3,1.0,0.0,1.0,1.0,2.0,Moderate
74697.0,2013-2014,44,1,24.0,1,0.0,0.0,0.0,0.0,1.0,High
74698.0,2013-2014,34,1,21.9,3,0.0,1.0,1.0,2.0,2.0,Low
74702.0,2013-2014,68,1,33.4,3,0.0,1.0,1.0,1.0,2.0,Moderate
74703.0,2013-2014,32,1,35.7,4,1.0,0.0,0.0,2.0,2.0,Low
74704.0,2013-2014,54,2,33.4,3,1.0,1.0,1.0,0.0,2.0,Moderate
74705.0,2013-2014,74,1,24.3,6,1.0,0.0,1.0,0.0,2.0,Moderate
74707.0,2013-2014,51,1,36.9,1,1.0,1.0,1.0,0.0,2.0,High
74708.0,2013-2014,76,1,23.0,6,0.0,0.0,0.0,2.0,1.0,High
74711.0,2013-2014,47,2,49.6,3,0.0,0.0,1.0,2.0,2.0,Moderate
74714.0,2013-2014,72,2,38.7,2,1.0,0.0,0.0,1.0,1.0,High
74717.0,2013-2014,47,2,21.8,6,1.0,0.0,1.0,0.0,2.0,Low
74718.0,2013-2014,52,1,35.2,4,1.0,1.0,1.0,0.0,2.0,Moderate
74719.0,2013-2014,36,2,24.6,3,0.0,0.0,1.0,1.0,2.0,Moderate
74721.0,2013-2014,53,2,32.4,1,1.0,1.0,0.0,0.0,1.0,High
74723.0,2013-2014,66,1,35.4,3,0.0,1.0,0.0,1.0,3.0,Moderate
74725.0,2013-2014,37,2,32.6,1,1.0,0.0,1.0,0.0,2.0,Low
74728.0,2013-2014,46,1,27.0,1,0.0,0.0,0.0,1.0,2.0,Low
74731.0,2013-2014,27,2,32.8,1,0.0,0.0,0.0,0.0,2.0,Low
74732.0,2013-2014,64,2,27.0,3,0.0,1.0,1.0,0.0,2.0,Low
74733.0,2013-2014,53,1,28.5,3,1.0,0.0,1.0,0.0,2.0,Low
74734.0,2013-2014,57,2,33.1,3,0.0,1.0,0.0,1.0,2.0,Low
74737.0,2013-2014,63,2,49.4,3,1.0,0.0,0.0,0.0,1.0,High
74741.0,2013-2014,61,1,36.8,3,1.0,0.0,1.0,0.0,2.0,Low
74742.0,2013-2014,73,2,31.5,3,0.0,1.0,0.0,0.0,2.0,Moderate
74743.0,2013-2014,41,1,25.5,2,0.0,0.0,1.0,0.0,2.0,Low
74744.0,2013-2014,22,1,34.6,4,0.0,0.0,1.0,0.0,2.0,Low
74745.0,2013-2014,33,2,32.0,1,1.0,1.0,0.0,0.0,2.0,Low
74746.0,2013-2014,55,1,21.7,3,0.0,1.0,1.0,1.0,2.0,Low
74747.0,2013-2014,64,2,20.3,6,0.0,1.0,1.0,0.0,2.0,Moderate
74748.0,2013-2014,36,1,34.8,4,0.0,1.0,1.0,2.0,2.0,Moderate
74751.0,2013-2014,53,2,37.1,4,1.0,1.0,1.0,0.0,2.0,Moderate
74756.0,2013-2014,50,2,25.8,6,1.0,1.0,0.0,0.0,1.0,High
74760.0,2013-2014,53,1,34.7,1,0.0,1.0,0.0,0.0,2.0,Moderate
74763.0,2013-2014,33,1,26.8,4,0.0,0.0,0.0,2.0,2.0,Low
74764.0,2013-2014,31,1,19.5,3,0.0,0.0,0.0,2.0,2.0,Low
74765.0,2013-2014,45,2,25.3,3,0.0,0.0,1.0,2.0,2.0,Moderate
74766.0,2013-2014,21,2,22.5,3,0.0,0.0,1.0,0.0,2.0,Low
74769.0,2013-2014,50,1,28.6,3,0.0,0.0,1.0,0.0,1.0,High
74772.0,2013-2014,62,2,25.2,3,0.0,1.0,1.0,2.0,2.0,Moderate
74773.0,2013-2014,64,1,28.3,4,0.0,1.0,0.0,1.0,2.0,Low
74779.0,2013-2014,78,2,30.6,6,1.0,0.0,1.0,0.0,2.0,Moderate
74781.0,2013-2014,51,2,39.7,4,1.0,1.0,1.0,0.0,1.0,High
74782.0,2013-2014,59,2,31.2,3,1.0,0.0,1.0,0.0,2.0,Moderate
74784.0,2013-2014,39,2,45.5,1,1.0,0.0,1.0,0.0,1.0,High
74787.0,2013-2014,45,2,38.8,3,0.0,1.0,0.0,2.0,2.0,Moderate
74790.0,2013-2014,80,2,,3,0.0,0.0,0.0,1.0,2.0,Low
74791.0,2013-2014,69,2,29.0,6,0.0,1.0,0.0,0.0,2.0,Moderate
74794.0,2013-2014,38,1,33.4,3,0.0,0.0,1.0,2.0,2.0,Low
74797.0,2013-2014,59,2,26.6,7,0.0,1.0,0.0,0.0,2.0,Low
74800.0,2013-2014,28,1,20.9,4,0.0,0.0,1.0,0.0,2.0,Low
74801.0,2013-2014,36,1,27.7,3,1.0,0.0,1.0,0.0,2.0,Low
74803.0,2013-2014,24,2,25.7,2,0.0,0.0,0.0,1.0,2.0,Low
74804.0,2013-2014,51,2,29.8,3,0.0,1.0,0.0,0.0,2.0,Moderate
74807.0,2013-2014,80,2,23.7,3,0.0,1.0,1.0,0.0,2.0,Low
74812.0,2013-2014,50,2,31.0,3,0.0,1.0,0.0,2.0,2.0,Low
74814.0,2013-2014,25,2,26.9,3,0.0,0.0,0.0,2.0,2.0,Low
74815.0,2013-2014,62,2,25.4,4,0.0,1.0,1.0,0.0,2.0,Moderate
74817.0,2013-2014,45,2,22.6,3,1.0,0.0,1.0,0.0,2.0,Low
74818.0,2013-2014,26,1,29.9,3,0.0,0.0,0.0,1.0,2.0,Low
74822.0,2013-2014,45,2,23.6,3,0.0,0.0,0.0,0.0,2.0,Low
74823.0,2013-2014,67,1,48.1,3,1.0,1.0,0.0,1.0,1.0,High
74824.0,2013-2014,28,2,23.4,3,0.0,0.0,1.0,0.0,2.0,Low
74826.0,2013-2014,47,1,28.5,3,1.0,1.0,1.0,0.0,2.0,Low
74829.0,2013-2014,27,2,34.2,1,1.0,0.0,0.0,0.0,2.0,Low
74831.0,2013-2014,66,2,34.6,3,0.0,1.0,0.0,0.0,2.0,Moderate
74832.0,2013-2014,21,1,23.6,3,0.0,1.0,1.0,0.0,2.0,Low
74834.0,2013-2014,48,1,,1,0.0,0.0,0.0,2.0,3.0,Moderate
74837.0,2013-2014,51,2,33.6,3,1.0,1.0,0.0,1.0,1.0,High
74839.0,2013-2014,47,1,32.1,3,0.0,0.0,1.0,1.0,2.0,Moderate
74841.0,2013-2014,80,2,20.6,3,1.0,1.0,0.0,0.0,2.0,Moderate
74843.0,2013-2014,38,2,35.9,1,0.0,1.0,1.0,2.0,2.0,Moderate
74844.0,2013-2014,20,1,25.6,4,0.0,0.0,1.0,0.0,2.0,Moderate
74845.0,2013-2014,31,2,21.5,3,0.0,0.0,1.0,1.0,2.0,Low
74851.0,2013-2014,80,1,22.3,3,0.0,0.0,0.0,1.0,2.0,Moderate
74859.0,2013-2014,55,2,27.0,4,1.0,1.0,0.0,1.0,2.0,Low
74860.0,2013-2014,40,1,25.5,6,1.0,0.0,1.0,0.0,2.0,Low
74861.0,2013-2014,60,1,26.6,6,0.0,1.0,1.0,1.0,1.0,High
74862.0,2013-2014,48,2,28.6,3,1.0,1.0,0.0,2.0,3.0,Moderate
74865.0,2013-2014,58,1,25.2,3,1.0,0.0,0.0,0.0,2.0,Moderate
74866.0,2013-2014,40,1,33.4,3,0.0,1.0,1.0,0.0,2.0,Low
74867.0,2013-2014,53,2,21.8,1,0.0,0.0,0.0,0.0,2.0,Low
74869.0,2013-2014,66,2,35.0,4,1.0,1.0,1.0,0.0,3.0,High
74872.0,2013-2014,50,1,28.6,1,1.0,1.0,1.0,0.0,2.0,Low
74874.0,2013-2014,36,1,24.5,3,0.0,0.0,0.0,0.0,2.0,Moderate
74878.0,2013-2014,69,2,36.2,2,1.0,1.0,1.0,0.0,2.0,Moderate
74879.0,2013-2014,43,2,31.5,6,0.0,0.0,1.0,0.0,2.0,Moderate
74880.0,2013-2014,39,1,31.8,3,0.0,1.0,1.0,0.0,2.0,Moderate
74882.0,2013-2014,25,1,27.0,1,0.0,0.0,0.0,1.0,2.0,Low
74883.0,2013-2014,24,2,38.9,1,0.0,0.0,1.0,0.0,2.0,Moderate
74885.0,2013-2014,57,2,24.6,1,1.0,0.0,0.0,0.0,2.0,Low
74889.0,2013-2014,50,1,17.9,3,0.0,0.0,0.0,2.0,2.0,Moderate
74890.0,2013-2014,30,1,26.8,3,0.0,0.0,0.0,0.0,2.0,Low
74891.0,2013-2014,22,2,28.9,4,0.0,0.0,0.0,0.0,2.0,Low
74893.0,2013-2014,70,2,31.3,3,0.0,1.0,1.0,0.0,2.0,Low
74897.0,2013-2014,46,2,32.3,1,1.0,0.0,0.0,0.0,2.0,Low
74900.0,2013-2014,69,2,36.9,3,0.0,1.0,1.0,0.0,1.0,High
74901.0,2013-2014,55,1,43.2,3,0.0,1.0,0.0,2.0,2.0,Low
74902.0,2013-2014,22,2,24.0,3,0.0,1.0,1.0,1.0,2.0,Low
74904.0,2013-2014,48,2,25.3,3,0.0,0.0,1.0,1.0,2.0,Low
74905.0,2013-2014,44,1,32.4,3,1.0,0.0,1.0,0.0,2.0,Low
74907.0,2013-2014,48,2,27.2,3,0.0,0.0,1.0,0.0,2.0,Moderate
74909.0,2013-2014,64,1,24.8,2,0.0,0.0,1.0,1.0,2.0,Moderate
74916.0,2013-2014,50,2,37.8,3,0.0,0.0,1.0,1.0,2.0,Low
74918.0,2013-2014,49,2,28.1,1,0.0,0.0,0.0,1.0,2.0,Low
74919.0,2013-2014,66,2,22.6,3,1.0,1.0,1.0,2.0,2.0,Low
74923.0,2013-2014,24,1,35.1,4,0.0,1.0,1.0,2.0,2.0,Moderate
74925.0,2013-2014,62,2,48.9,4,1.0,1.0,0.0,1.0,2.0,Low
74928.0,2013-2014,50,1,31.1,1,1.0,0.0,0.0,0.0,3.0,Moderate
74929.0,2013-2014,66,2,30.5,6,0.0,1.0,0.0,0.0,2.0,Low
74931.0,2013-2014,53,1,26.8,3,0.0,1.0,1.0,0.0,2.0,Moderate
74932.0,2013-2014,32,1,27.1,7,1.0,0.0,0.0,2.0,2.0,Low
74933.0,2013-2014,57,2,36.8,4,1.0,1.0,0.0,2.0,1.0,High
74935.0,2013-2014,20,1,21.8,6,0.0,0.0,1.0,0.0,2.0,Low
74936.0,2013-2014,48,2,51.3,3,1.0,1.0,0.0,0.0,2.0,Low
74937.0,2013-2014,74,1,30.6,3,0.0,1.0,1.0,1.0,1.0,High
74938.0,2013-2014,52,2,27.1,1,0.0,0.0,1.0,0.0,2.0,Low
74940.0,2013-2014,80,1,28.2,4,0.0,0.0,1.0,1.0,2.0,Moderate
74941.0,2013-2014,59,2,27.2,4,1.0,1.0,0.0,0.0,2.0,Low
74942.0,2013-2014,44,2,30.4,3,0.0,0.0,1.0,0.0,2.0,Low
74945.0,2013-2014,36,2,27.4,3,0.0,0.0,1.0,0.0,2.0,Low
74946.0,2013-2014,62,1,27.7,4,1.0,1.0,0.0,1.0,2.0,Moderate
74948.0,2013-2014,33,2,32.8,7,1.0,0.0,1.0,0.0,2.0,Low
74950.0,2013-2014,20,2,19.2,1,0.0,0.0,1.0,0.0,2.0,Low
74951.0,2013-2014,46,1,31.2,3,0.0,0.0,0.0,1.0,2.0,Low
74953.0,2013-2014,80,1,25.4,3,0.0,1.0,0.0,1.0,1.0,High
74954.0,2013-2014,48,2,33.6,2,0.0,1.0,1.0,0.0,2.0,Low
74958.0,2013-2014,76,2,28.6,2,0.0,1.0,0.0,1.0,1.0,High
74960.0,2013-2014,63,2,17.8,4,0.0,0.0,0.0,2.0,2.0,Moderate
74961.0,2013-2014,61,1,,3,0.0,0.0,0.0,0.0,2.0,Low
74963.0,2013-2014,39,1,24.8,3,0.0,0.0,0.0,0.0,2.0,Low
74965.0,2013-2014,26,1,54.0,7,1.0,1.0,1.0,0.0,3.0,Moderate
74969.0,2013-2014,22,1,25.4,1,1.0,0.0,0.0,0.0,2.0,Low
74971.0,2013-2014,47,2,35.8,6,0.0,0.0,1.0,0.0,2.0,Moderate
74972.0,2013-2014,36,1,22.2,3,0.0,0.0,1.0,0.0,2.0,Low
74974.0,2013-2014,48,1,50.2,3,0.0,1.0,0.0,0.0,2.0,Moderate
74977.0,2013-2014,20,2,17.3,6,,0.0,1.0,0.0,2.0,Low
74978.0,2013-2014,80,2,33.7,3,0.0,1.0,0.0,0.0,2.0,Low
74979.0,2013-2014,80,2,28.6,3,1.0,1.0,0.0,0.0,1.0,High
74981.0,2013-2014,33,1,34.8,1,1.0,0.0,1.0,2.0,2.0,Low
74982.0,2013-2014,43,1,39.3,4,0.0,0.0,1.0,0.0,2.0,Low
74983.0,2013-2014,63,2,26.1,1,1.0,1.0,1.0,0.0,1.0,High
74984.0,2013-2014,64,1,25.5,1,0.0,0.0,0.0,0.0,2.0,Low
74985.0,2013-2014,66,2,28.2,1,1.0,1.0,1.0,0.0,2.0,Low
74989.0,2013-2014,80,2,26.7,3,,1.0,0.0,0.0,2.0,Moderate
74990.0,2013-2014,47,1,26.3,3,,0.0,1.0,1.0,2.0,Moderate
74996.0,2013-2014,56,1,25.3,3,1.0,0.0,1.0,0.0,2.0,Low
74997.0,2013-2014,43,2,44.2,3,0.0,1.0,0.0,0.0,2.0,Moderate
74998.0,2013-2014,38,2,37.2,6,,0.0,1.0,0.0,2.0,Moderate
75000.0,2013-2014,45,2,30.7,1,1.0,0.0,0.0,0.0,1.0,High
75002.0,2013-2014,46,2,27.1,6,1.0,0.0,1.0,0.0,2.0,Moderate
75003.0,2013-2014,51,2,35.1,4,1.0,0.0,0.0,2.0,2.0,High
75004.0,2013-2014,52,2,19.6,6,1.0,0.0,1.0,0.0,2.0,Low
75010.0,2013-2014,80,2,37.1,4,0.0,1.0,1.0,0.0,2.0,Moderate
75011.0,2013-2014,69,2,29.0,3,0.0,1.0,0.0,1.0,1.0,High
75012.0,2013-2014,60,1,27.3,3,0.0,0.0,0.0,1.0,2.0,Low
75013.0,2013-2014,63,1,27.2,4,0.0,1.0,0.0,1.0,2.0,Moderate
75016.0,2013-2014,53,1,48.8,4,1.0,1.0,0.0,1.0,1.0,High
75017.0,2013-2014,54,1,16.8,4,0.0,1.0,0.0,2.0,2.0,Low
75018.0,2013-2014,52,2,18.9,3,1.0,0.0,0.0,2.0,2.0,Low
75020.0,2013-2014,54,2,45.2,3,0.0,1.0,0.0,1.0,2.0,Low
75023.0,2013-2014,27,1,26.1,2,0.0,0.0,1.0,0.0,2.0,Low
75027.0,2013-2014,42,2,25.6,3,0.0,1.0,1.0,0.0,2.0,Moderate
75029.0,2013-2014,23,1,22.5,4,0.0,0.0,1.0,2.0,2.0,Low
75030.0,2013-2014,56,2,31.2,4,1.0,1.0,0.0,0.0,2.0,Moderate
75032.0,2013-2014,23,1,21.6,3,1.0,0.0,1.0,0.0,2.0,Low
75042.0,2013-2014,54,2,22.8,4,0.0,0.0,1.0,2.0,2.0,Low
75044.0,2013-2014,60,2,33.7,2,1.0,1.0,1.0,0.0,1.0,High
75047.0,2013-2014,38,2,43.1,3,1.0,0.0,1.0,1.0,2.0,Low
75049.0,2013-2014,59,1,31.0,3,0.0,1.0,0.0,1.0,2.0,Low
75056.0,2013-2014,53,2,16.7,3,1.0,0.0,0.0,2.0,2.0,Moderate
75057.0,2013-2014,55,2,33.8,2,0.0,0.0,0.0,2.0,2.0,Moderate
75058.0,2013-2014,66,2,29.4,3,0.0,1.0,0.0,0.0,2.0,Low
75060.0,2013-2014,32,1,38.2,4,1.0,0.0,0.0,0.0,2.0,Moderate
75061.0,2013-2014,60,2,33.3,3,0.0,1.0,1.0,1.0,2.0,Low
75063.0,2013-2014,34,1,24.2,7,1.0,0.0,1.0,2.0,2.0,Low
75064.0,2013-2014,39,2,27.6,1,0.0,1.0,0.0,2.0,2.0,Low
75065.0,2013-2014,76,1,33.7,3,0.0,1.0,1.0,0.0,1.0,High
75066.0,2013-2014,44,2,26.9,4,0.0,0.0,1.0,0.0,2.0,Low
75068.0,2013-2014,72,1,31.5,7,0.0,0.0,1.0,1.0,2.0,Moderate
75070.0,2013-2014,74,2,36.0,1,0.0,0.0,0.0,0.0,2.0,High
75071.0,2013-2014,33,1,35.4,6,0.0,0.0,1.0,0.0,2.0,Low
75075.0,2013-2014,38,2,22.7,6,1.0,0.0,1.0,0.0,2.0,Low
75076.0,2013-2014,72,1,26.6,3,0.0,1.0,1.0,1.0,3.0,Moderate
75078.0,2013-2014,50,2,46.4,4,,1.0,0.0,2.0,2.0,Low
75081.0,2013-2014,66,2,29.7,1,0.0,0.0,0.0,0.0,2.0,Moderate
75085.0,2013-2014,26,1,21.2,1,0.0,0.0,0.0,0.0,2.0,Low
75088.0,2013-2014,39,2,27.5,3,0.0,0.0,1.0,2.0,1.0,High
75089.0,2013-2014,62,2,37.8,3,0.0,1.0,0.0,1.0,1.0,High
75090.0,2013-2014,76,2,35.1,3,0.0,1.0,0.0,0.0,2.0,Moderate
75092.0,2013-2014,47,1,27.7,3,1.0,1.0,0.0,1.0,2.0,Low
75093.0,2013-2014,48,2,40.2,4,1.0,1.0,1.0,2.0,1.0,High
75097.0,2013-2014,44,2,23.5,4,0.0,0.0,1.0,0.0,2.0,Low
75098.0,2013-2014,25,1,32.9,2,1.0,0.0,1.0,0.0,2.0,Low
75099.0,2013-2014,46,1,24.4,6,0.0,0.0,1.0,1.0,2.0,Low
75103.0,2013-2014,55,2,26.1,7,,1.0,1.0,2.0,2.0,Low
75104.0,2013-2014,26,2,23.8,3,0.0,0.0,1.0,0.0,2.0,Low
75105.0,2013-2014,55,1,34.3,3,0.0,0.0,1.0,0.0,2.0,Moderate
75108.0,2013-2014,80,1,30.5,3,0.0,1.0,0.0,1.0,2.0,Moderate
75109.0,2013-2014,20,1,22.5,3,0.0,0.0,1.0,2.0,2.0,Low
75111.0,2013-2014,32,1,24.2,6,1.0,0.0,1.0,2.0,2.0,Low
75112.0,2013-2014,80,1,26.6,3,1.0,1.0,1.0,0.0,1.0,High
75114.0,2013-2014,47,2,26.4,6,1.0,0.0,1.0,0.0,1.0,High
75117.0,2013-2014,80,1,23.5,3,0.0,0.0,1.0,1.0,2.0,Low
75118.0,2013-2014,64,2,34.3,4,0.0,0.0,1.0,2.0,2.0,Moderate
75121.0,2013-2014,44,1,25.5,2,0.0,0.0,0.0,0.0,2.0,Low
75123.0,2013-2014,35,1,37.2,4,1.0,0.0,1.0,0.0,2.0,Low
75124.0,2013-2014,47,1,30.1,6,1.0,1.0,1.0,0.0,1.0,High
75125.0,2013-2014,32,2,36.5,3,1.0,1.0,0.0,0.0,2.0,Low
75127.0,2013-2014,59,1,30.1,4,0.0,1.0,1.0,0.0,1.0,High
75128.0,2013-2014,45,1,26.6,3,,1.0,0.0,0.0,2.0,Low
75129.0,2013-2014,80,2,24.9,3,1.0,1.0,1.0,1.0,1.0,High
75131.0,2013-2014,34,2,25.4,6,0.0,0.0,0.0,1.0,2.0,Low
75132.0,2013-2014,24,1,23.3,3,0.0,0.0,0.0,0.0,2.0,Moderate
75134.0,2013-2014,33,2,26.3,3,0.0,1.0,1.0,0.0,2.0,Low
75136.0,2013-2014,56,1,27.1,3,0.0,0.0,1.0,1.0,3.0,Moderate
75137.0,2013-2014,30,2,25.1,1,1.0,0.0,0.0,0.0,2.0,Low
75139.0,2013-2014,44,1,31.3,6,0.0,0.0,0.0,1.0,1.0,High
75140.0,2013-2014,34,2,37.9,3,1.0,0.0,0.0,2.0,2.0,Low
75146.0,2013-2014,49,1,43.1,4,1.0,1.0,0.0,0.0,1.0,High
75147.0,2013-2014,42,1,21.1,6,0.0,0.0,1.0,1.0,2.0,Low
75149.0,2013-2014,39,2,24.8,4,0.0,0.0,0.0,0.0,2.0,Low
75150.0,2013-2014,71,2,26.5,3,1.0,1.0,0.0,0.0,2.0,Moderate
75155.0,2013-2014,34,2,25.7,3,0.0,1.0,0.0,2.0,2.0,Moderate
75156.0,2013-2014,42,1,36.1,3,1.0,0.0,1.0,1.0,2.0,Moderate
75157.0,2013-2014,56,1,31.1,4,0.0,0.0,1.0,0.0,3.0,Moderate
75158.0,2013-2014,80,2,22.9,3,0.0,0.0,0.0,1.0,2.0,Moderate
75159.0,2013-2014,68,1,27.4,3,1.0,0.0,0.0,1.0,2.0,Low
75160.0,2013-2014,64,1,24.7,3,0.0,0.0,0.0,2.0,2.0,Low
75161.0,2013-2014,47,2,26.6,3,1.0,0.0,1.0,2.0,2.0,Low
75162.0,2013-2014,54,1,25.1,3,1.0,1.0,1.0,1.0,2.0,Low
75164.0,2013-2014,42,2,24.6,3,1.0,1.0,1.0,2.0,2.0,Low
75170.0,2013-2014,45,1,,1,1.0,0.0,0.0,0.0,2.0,Low
75173.0,2013-2014,42,2,,3,0.0,0.0,1.0,0.0,2.0,Low
75174.0,2013-2014,76,1,25.6,4,1.0,1.0,0.0,1.0,1.0,High
75175.0,2013-2014,34,1,23.6,6,1.0,0.0,1.0,0.0,2.0,Low
75176.0,2013-2014,43,1,37.6,4,1.0,0.0,0.0,0.0,1.0,High
75179.0,2013-2014,64,2,29.7,4,0.0,1.0,1.0,0.0,2.0,High
75181.0,2013-2014,59,2,36.2,3,0.0,0.0,0.0,1.0,2.0,Moderate
75187.0,2013-2014,40,2,18.9,7,0.0,0.0,1.0,0.0,2.0,Low
75188.0,2013-2014,35,2,33.7,4,0.0,0.0,1.0,0.0,2.0,Low
75189.0,2013-2014,59,1,24.4,6,0.0,0.0,1.0,0.0,2.0,Moderate
75190.0,2013-2014,41,1,28.4,3,0.0,0.0,0.0,2.0,2.0,Low
75191.0,2013-2014,79,2,31.0,1,0.0,1.0,0.0,0.0,1.0,High
75193.0,2013-2014,57,2,34.5,4,1.0,1.0,0.0,0.0,1.0,High
75195.0,2013-2014,62,2,47.1,4,0.0,1.0,0.0,2.0,1.0,High
75196.0,2013-2014,64,2,43.2,3,0.0,1.0,0.0,0.0,1.0,High
75202.0,2013-2014,23,1,20.2,4,1.0,0.0,0.0,2.0,2.0,Low
75203.0,2013-2014,69,1,29.5,1,0.0,1.0,0.0,2.0,1.0,High
75205.0,2013-2014,32,2,23.9,6,0.0,0.0,0.0,0.0,2.0,Low
75207.0,2013-2014,65,1,24.2,6,1.0,1.0,0.0,1.0,2.0,Moderate
75211.0,2013-2014,37,1,24.5,6,1.0,0.0,0.0,1.0,2.0,Low
75212.0,2013-2014,55,1,26.6,3,0.0,0.0,1.0,0.0,2.0,Low
75213.0,2013-2014,40,2,35.5,4,0.0,1.0,0.0,2.0,2.0,Low
75216.0,2013-2014,54,1,33.7,3,1.0,1.0,0.0,1.0,2.0,Low
75217.0,2013-2014,54,1,28.1,3,0.0,0.0,0.0,1.0,2.0,Low
75220.0,2013-2014,39,2,35.1,4,0.0,1.0,0.0,2.0,2.0,Moderate
75221.0,2013-2014,44,1,38.2,3,0.0,1.0,1.0,2.0,2.0,Low
75222.0,2013-2014,65,2,26.7,6,0.0,1.0,0.0,0.0,2.0,Moderate
75223.0,2013-2014,69,2,29.6,3,,0.0,1.0,1.0,2.0,Moderate
75224.0,2013-2014,27,2,30.0,4,1.0,0.0,0.0,0.0,2.0,Low
75231.0,2013-2014,79,2,27.9,4,1.0,1.0,0.0,1.0,1.0,High
75232.0,2013-2014,63,1,31.2,1,0.0,1.0,0.0,2.0,2.0,Moderate
75236.0,2013-2014,29,2,23.9,6,0.0,0.0,1.0,0.0,2.0,Low
75237.0,2013-2014,54,1,41.6,3,1.0,1.0,0.0,2.0,1.0,High
75244.0,2013-2014,63,2,46.4,4,0.0,1.0,0.0,2.0,2.0,Moderate
75249.0,2013-2014,23,2,22.8,3,0.0,0.0,0.0,0.0,2.0,Low
75251.0,2013-2014,22,1,31.1,7,0.0,1.0,1.0,2.0,2.0,Low
75252.0,2013-2014,43,1,30.5,3,0.0,1.0,0.0,1.0,1.0,High
75254.0,2013-2014,26,1,27.0,4,0.0,0.0,1.0,2.0,2.0,Low
75256.0,2013-2014,44,1,30.2,2,1.0,0.0,0.0,2.0,2.0,Low
75257.0,2013-2014,21,1,21.3,4,0.0,0.0,1.0,2.0,2.0,Moderate
75258.0,2013-2014,20,1,27.0,3,0.0,0.0,1.0,2.0,2.0,Low
75259.0,2013-2014,80,2,25.5,3,0.0,1.0,1.0,0.0,1.0,High
75260.0,2013-2014,20,2,28.5,6,1.0,0.0,1.0,0.0,2.0,Low
75262.0,2013-2014,80,1,28.2,3,0.0,0.0,1.0,0.0,2.0,Low
75263.0,2013-2014,61,2,20.7,6,0.0,1.0,1.0,0.0,2.0,Low
75264.0,2013-2014,80,2,30.3,3,0.0,1.0,1.0,1.0,2.0,Moderate
75268.0,2013-2014,28,1,24.6,1,1.0,0.0,0.0,0.0,2.0,Low
75269.0,2013-2014,29,1,22.5,4,0.0,0.0,1.0,0.0,2.0,Low
75270.0,2013-2014,24,1,32.4,3,0.0,0.0,0.0,2.0,2.0,Low
75273.0,2013-2014,75,1,28.7,3,1.0,0.0,0.0,1.0,1.0,High
75274.0,2013-2014,25,2,19.2,6,0.0,0.0,0.0,0.0,2.0,Low
75277.0,2013-2014,70,1,48.3,3,0.0,1.0,0.0,0.0,2.0,High
75278.0,2013-2014,22,1,20.7,6,0.0,0.0,1.0,0.0,2.0,Low
75279.0,2013-2014,68,2,17.6,4,0.0,1.0,0.0,0.0,2.0,Moderate
75282.0,2013-2014,80,2,25.7,3,1.0,1.0,0.0,0.0,2.0,Low
75283.0,2013-2014,29,2,25.1,6,1.0,0.0,1.0,0.0,2.0,Low
75285.0,2013-2014,80,1,22.7,3,0.0,1.0,0.0,0.0,2.0,Low
75287.0,2013-2014,75,1,26.0,4,1.0,0.0,0.0,1.0,1.0,High
75289.0,2013-2014,42,2,37.4,3,0.0,1.0,1.0,0.0,2.0,Moderate
75290.0,2013-2014,21,1,31.2,6,0.0,0.0,0.0,0.0,2.0,Low
75291.0,2013-2014,24,2,26.9,4,0.0,0.0,0.0,0.0,2.0,Low
75293.0,2013-2014,74,2,38.8,4,0.0,1.0,0.0,0.0,2.0,Low
75295.0,2013-2014,72,2,37.8,1,0.0,1.0,0.0,0.0,2.0,Moderate
75298.0,2013-2014,72,1,26.0,4,1.0,1.0,1.0,0.0,1.0,High
75299.0,2013-2014,80,1,26.6,2,0.0,0.0,0.0,1.0,2.0,Low
75301.0,2013-2014,48,1,17.3,3,1.0,1.0,0.0,2.0,2.0,Moderate
75302.0,2013-2014,25,2,43.3,3,1.0,0.0,1.0,0.0,2.0,Low
75305.0,2013-2014,46,2,21.2,4,1.0,1.0,1.0,0.0,2.0,Moderate
75306.0,2013-2014,59,1,21.4,6,1.0,1.0,1.0,0.0,2.0,Moderate
75307.0,2013-2014,26,1,36.0,3,1.0,0.0,1.0,0.0,2.0,Moderate
75309.0,2013-2014,39,2,22.9,1,0.0,0.0,0.0,0.0,2.0,Low
75311.0,2013-2014,74,1,27.9,4,1.0,0.0,0.0,0.0,1.0,High
75315.0,2013-2014,67,1,28.7,3,0.0,1.0,0.0,0.0,2.0,Low
75321.0,2013-2014,25,1,29.0,2,1.0,0.0,1.0,1.0,2.0,Low
75324.0,2013-2014,80,2,35.8,2,0.0,1.0,1.0,0.0,2.0,Low
75325.0,2013-2014,64,1,29.8,3,0.0,1.0,0.0,0.0,2.0,Moderate
75326.0,2013-2014,53,2,34.5,1,0.0,0.0,0.0,0.0,2.0,Moderate
75327.0,2013-2014,34,1,30.4,1,1.0,0.0,1.0,0.0,2.0,Moderate
75328.0,2013-2014,24,1,21.3,3,0.0,0.0,1.0,1.0,2.0,Moderate
75329.0,2013-2014,43,2,35.5,3,0.0,1.0,1.0,0.0,2.0,Low
75330.0,2013-2014,55,1,23.9,3,0.0,1.0,1.0,2.0,2.0,Low
75331.0,2013-2014,32,1,27.4,3,0.0,0.0,1.0,1.0,2.0,Low
75332.0,2013-2014,28,2,43.6,3,1.0,0.0,0.0,0.0,3.0,Moderate
75333.0,2013-2014,44,1,29.6,1,0.0,0.0,1.0,1.0,2.0,Moderate
75334.0,2013-2014,66,1,31.1,2,0.0,1.0,1.0,1.0,3.0,High
75335.0,2013-2014,30,1,34.2,4,1.0,0.0,1.0,0.0,2.0,Low
75337.0,2013-2014,74,2,32.4,4,0.0,1.0,0.0,0.0,2.0,Moderate
75338.0,2013-2014,77,2,22.1,3,0.0,1.0,0.0,1.0,2.0,Low
75339.0,2013-2014,34,1,37.0,3,0.0,0.0,0.0,2.0,3.0,Moderate
75340.0,2013-2014,22,2,24.6,7,0.0,0.0,0.0,2.0,2.0,Low
75342.0,2013-2014,73,1,27.9,3,1.0,1.0,0.0,0.0,1.0,High
75343.0,2013-2014,80,1,31.7,3,0.0,0.0,0.0,1.0,1.0,High
75344.0,2013-2014,62,1,36.7,3,1.0,0.0,0.0,1.0,3.0,Moderate
75345.0,2013-2014,54,2,33.4,2,1.0,0.0,0.0,0.0,2.0,Low
75346.0,2013-2014,41,1,28.6,3,0.0,0.0,1.0,0.0,2.0,Low
75347.0,2013-2014,62,2,36.4,1,0.0,0.0,1.0,0.0,2.0,Low
75349.0,2013-2014,54,1,24.5,2,0.0,0.0,0.0,2.0,2.0,Moderate
75350.0,2013-2014,80,2,31.5,3,0.0,1.0,0.0,1.0,2.0,High
75351.0,2013-2014,29,2,21.5,1,1.0,0.0,1.0,0.0,2.0,Moderate
75352.0,2013-2014,30,1,27.9,2,1.0,1.0,1.0,1.0,2.0,Low
75356.0,2013-2014,80,2,29.2,3,0.0,1.0,0.0,0.0,2.0,Moderate
75358.0,2013-2014,40,1,29.6,1,0.0,0.0,0.0,0.0,2.0,Low
75359.0,2013-2014,51,2,34.5,1,0.0,1.0,0.0,1.0,2.0,Moderate
75361.0,2013-2014,66,1,25.8,6,0.0,1.0,1.0,0.0,2.0,Moderate
75362.0,2013-2014,40,1,25.6,2,0.0,0.0,1.0,0.0,2.0,Low
75364.0,2013-2014,61,1,24.1,3,1.0,0.0,1.0,0.0,2.0,Low
75366.0,2013-2014,46,2,35.8,3,,1.0,0.0,0.0,1.0,High
75370.0,2013-2014,25,1,21.6,3,0.0,0.0,1.0,2.0,2.0,Low
75374.0,2013-2014,53,2,21.7,3,0.0,0.0,1.0,0.0,2.0,Low
75375.0,2013-2014,52,1,44.4,3,0.0,1.0,0.0,0.0,1.0,High
75376.0,2013-2014,41,2,21.2,6,0.0,0.0,0.0,0.0,2.0,Low
75377.0,2013-2014,53,1,27.3,3,0.0,0.0,1.0,0.0,2.0,Low
75379.0,2013-2014,53,2,28.6,6,0.0,0.0,0.0,0.0,2.0,Moderate
75381.0,2013-2014,69,2,32.0,3,0.0,0.0,0.0,0.0,2.0,Moderate
75382.0,2013-2014,54,1,28.7,4,0.0,0.0,0.0,2.0,2.0,Moderate
75384.0,2013-2014,61,1,29.2,3,1.0,1.0,1.0,0.0,1.0,High
75385.0,2013-2014,46,2,29.9,4,0.0,1.0,1.0,2.0,2.0,Low
75389.0,2013-2014,43,2,50.7,4,1.0,0.0,0.0,0.0,2.0,Moderate
75390.0,2013-2014,36,1,28.6,6,0.0,0.0,0.0,0.0,2.0,High
75391.0,2013-2014,31,2,34.3,2,0.0,0.0,1.0,2.0,2.0,Low
75393.0,2013-2014,30,2,31.8,4,0.0,0.0,0.0,2.0,2.0,Moderate
75395.0,2013-2014,53,1,28.7,4,1.0,0.0,1.0,1.0,2.0,Moderate
75397.0,2013-2014,62,2,33.5,1,1.0,1.0,1.0,0.0,1.0,High
75399.0,2013-2014,27,2,31.2,6,0.0,0.0,0.0,0.0,2.0,Moderate
75400.0,2013-2014,74,2,30.5,3,,1.0,0.0,1.0,1.0,High
75403.0,2013-2014,27,2,45.7,4,0.0,0.0,1.0,0.0,2.0,Moderate
75404.0,2013-2014,43,1,38.5,2,0.0,0.0,0.0,1.0,2.0,Low
75406.0,2013-2014,76,2,17.2,4,1.0,1.0,0.0,0.0,3.0,Moderate
75407.0,2013-2014,23,2,21.2,3,0.0,0.0,1.0,0.0,2.0,Low
75409.0,2013-2014,47,1,26.2,1,1.0,0.0,1.0,2.0,2.0,Moderate
75414.0,2013-2014,56,1,23.5,6,0.0,0.0,0.0,0.0,2.0,Low
75415.0,2013-2014,24,2,28.6,4,0.0,1.0,0.0,2.0,2.0,Low
75416.0,2013-2014,61,1,39.9,3,1.0,1.0,0.0,2.0,2.0,Moderate
75417.0,2013-2014,41,2,20.2,2,1.0,0.0,0.0,0.0,2.0,Low
75418.0,2013-2014,64,1,27.5,4,1.0,1.0,0.0,0.0,2.0,Low
75419.0,2013-2014,28,2,26.0,2,1.0,0.0,1.0,0.0,2.0,Low
75422.0,2013-2014,41,2,35.3,3,1.0,1.0,0.0,2.0,2.0,Low
75423.0,2013-2014,64,2,29.9,3,1.0,0.0,1.0,1.0,2.0,Low
75424.0,2013-2014,42,1,27.6,2,0.0,0.0,1.0,0.0,2.0,Low
75425.0,2013-2014,34,2,29.8,1,0.0,0.0,1.0,0.0,2.0,Low
75426.0,2013-2014,24,1,25.1,3,1.0,0.0,1.0,1.0,2.0,Low
75428.0,2013-2014,44,2,27.0,6,1.0,0.0,1.0,0.0,2.0,Low
75432.0,2013-2014,23,1,29.5,3,0.0,0.0,1.0,0.0,2.0,Low
75434.0,2013-2014,31,2,30.6,6,0.0,0.0,1.0,0.0,2.0,Low
75435.0,2013-2014,63,2,22.8,3,1.0,0.0,1.0,1.0,2.0,Moderate
75440.0,2013-2014,59,1,22.5,2,0.0,0.0,1.0,0.0,2.0,Low
75443.0,2013-2014,74,1,34.9,3,1.0,0.0,0.0,0.0,3.0,High
75444.0,2013-2014,49,2,36.5,3,1.0,0.0,0.0,0.0,2.0,Low
75445.0,2013-2014,21,1,33.1,3,0.0,1.0,1.0,0.0,2.0,Low
75446.0,2013-2014,23,1,23.4,1,0.0,0.0,1.0,1.0,2.0,Low
75447.0,2013-2014,33,2,25.4,3,0.0,0.0,0.0,0.0,2.0,Low
75449.0,2013-2014,71,2,27.2,2,1.0,0.0,1.0,0.0,2.0,Moderate
75450.0,2013-2014,21,2,28.0,4,1.0,0.0,0.0,0.0,2.0,Low
75451.0,2013-2014,56,1,25.9,4,1.0,1.0,1.0,0.0,1.0,High
75456.0,2013-2014,80,1,23.7,3,0.0,1.0,1.0,1.0,2.0,Low
75457.0,2013-2014,27,1,20.4,3,0.0,0.0,1.0,2.0,2.0,Low
75458.0,2013-2014,61,1,37.2,3,1.0,1.0,1.0,0.0,1.0,High
75461.0,2013-2014,63,1,27.6,4,0.0,1.0,0.0,2.0,2.0,Moderate
75462.0,2013-2014,51,2,37.2,1,1.0,0.0,1.0,0.0,2.0,Moderate
75465.0,2013-2014,55,2,23.6,1,0.0,0.0,0.0,1.0,2.0,Low
75467.0,2013-2014,39,2,25.8,3,1.0,1.0,0.0,0.0,1.0,High
75468.0,2013-2014,54,1,34.6,3,0.0,1.0,0.0,0.0,2.0,Low
75469.0,2013-2014,39,2,36.0,3,1.0,0.0,0.0,1.0,2.0,Low
75472.0,2013-2014,61,2,41.4,3,1.0,1.0,1.0,1.0,2.0,Moderate
75473.0,2013-2014,69,2,28.5,4,1.0,1.0,1.0,0.0,2.0,Moderate
75476.0,2013-2014,25,2,20.9,3,0.0,1.0,1.0,2.0,2.0,Low
75479.0,2013-2014,66,1,27.2,4,0.0,1.0,0.0,2.0,2.0,Low
75482.0,2013-2014,52,2,29.4,1,0.0,0.0,1.0,0.0,2.0,Moderate
75483.0,2013-2014,57,1,30.4,4,1.0,0.0,1.0,2.0,2.0,Low
75486.0,2013-2014,37,1,35.2,1,0.0,1.0,0.0,1.0,2.0,Low
75487.0,2013-2014,51,1,21.1,1,1.0,0.0,1.0,1.0,2.0,Moderate
75490.0,2013-2014,28,1,25.8,3,1.0,1.0,0.0,0.0,2.0,Low
75491.0,2013-2014,57,1,27.2,6,1.0,1.0,1.0,0.0,2.0,Moderate
75492.0,2013-2014,27,1,29.3,1,1.0,0.0,1.0,1.0,2.0,Moderate
75495.0,2013-2014,66,1,43.1,4,1.0,0.0,0.0,0.0,1.0,High
75496.0,2013-2014,72,1,23.4,4,0.0,0.0,0.0,0.0,2.0,Moderate
75498.0,2013-2014,69,2,39.3,3,0.0,1.0,0.0,2.0,3.0,High
75499.0,2013-2014,60,1,28.2,3,1.0,1.0,1.0,0.0,1.0,High
75500.0,2013-2014,75,2,26.8,3,0.0,1.0,0.0,1.0,2.0,Low
75504.0,2013-2014,33,2,31.4,3,1.0,1.0,1.0,0.0,2.0,Low
75505.0,2013-2014,67,1,23.9,3,1.0,1.0,0.0,0.0,1.0,High
75506.0,2013-2014,25,2,34.0,1,0.0,0.0,0.0,0.0,2.0,Low
75507.0,2013-2014,21,2,25.0,1,0.0,0.0,1.0,0.0,2.0,Low
75511.0,2013-2014,49,2,29.9,3,0.0,0.0,1.0,2.0,2.0,Low
75515.0,2013-2014,21,1,24.7,1,0.0,0.0,1.0,0.0,2.0,Low
75517.0,2013-2014,20,2,22.5,1,1.0,0.0,0.0,1.0,2.0,Low
75519.0,2013-2014,44,2,31.7,4,1.0,0.0,1.0,0.0,1.0,High
75521.0,2013-2014,49,2,31.1,1,0.0,0.0,0.0,2.0,2.0,Moderate
75523.0,2013-2014,58,1,21.1,3,1.0,0.0,0.0,0.0,2.0,Low
75524.0,2013-2014,48,1,27.6,6,1.0,1.0,1.0,1.0,2.0,Low
75526.0,2013-2014,20,1,31.3,6,0.0,0.0,1.0,0.0,2.0,Moderate
75527.0,2013-2014,58,2,55.7,3,1.0,1.0,0.0,0.0,1.0,High
75528.0,2013-2014,39,2,35.6,3,0.0,0.0,1.0,0.0,2.0,Low
75529.0,2013-2014,48,1,37.5,3,1.0,0.0,1.0,0.0,2.0,Low
75531.0,2013-2014,37,2,52.4,3,1.0,0.0,1.0,2.0,3.0,High
75532.0,2013-2014,36,1,31.3,1,1.0,0.0,1.0,1.0,2.0,Moderate
75533.0,2013-2014,21,1,20.7,6,0.0,0.0,1.0,0.0,2.0,Low
75534.0,2013-2014,20,2,33.5,4,1.0,0.0,0.0,2.0,2.0,Low
75536.0,2013-2014,21,2,20.6,1,0.0,0.0,0.0,0.0,2.0,Low
75537.0,2013-2014,42,2,22.9,2,0.0,0.0,1.0,0.0,2.0,Low
75538.0,2013-2014,36,2,34.2,1,0.0,1.0,0.0,0.0,2.0,Low
75540.0,2013-2014,50,2,33.3,3,1.0,1.0,0.0,2.0,2.0,Low
75542.0,2013-2014,74,2,27.2,3,0.0,1.0,0.0,0.0,2.0,Moderate
75543.0,2013-2014,66,2,33.2,3,,1.0,0.0,0.0,1.0,High
75544.0,2013-2014,26,1,25.4,1,0.0,1.0,0.0,0.0,2.0,Low
75546.0,2013-2014,37,2,31.4,4,0.0,1.0,0.0,0.0,2.0,Low
75547.0,2013-2014,62,2,28.1,2,0.0,1.0,0.0,2.0,2.0,Moderate
75549.0,2013-2014,38,2,18.6,3,0.0,0.0,1.0,0.0,2.0,Low
75550.0,2013-2014,21,2,22.6,6,0.0,0.0,1.0,0.0,2.0,Low
75552.0,2013-2014,80,2,35.6,1,0.0,1.0,1.0,0.0,1.0,High
75553.0,2013-2014,80,2,30.6,3,1.0,1.0,1.0,0.0,1.0,High
75555.0,2013-2014,58,2,77.5,4,1.0,1.0,0.0,0.0,1.0,High
75556.0,2013-2014,22,1,26.9,1,1.0,0.0,1.0,1.0,2.0,Low
75557.0,2013-2014,50,2,32.8,3,1.0,0.0,0.0,0.0,2.0,Low
75558.0,2013-2014,37,1,30.3,3,0.0,0.0,1.0,0.0,2.0,Low
75562.0,2013-2014,66,1,25.4,4,1.0,1.0,0.0,2.0,2.0,Low
75563.0,2013-2014,51,2,19.7,6,0.0,0.0,1.0,0.0,2.0,Moderate
75566.0,2013-2014,28,1,22.3,1,0.0,0.0,0.0,0.0,2.0,Low
75567.0,2013-2014,29,2,21.5,4,0.0,0.0,0.0,2.0,2.0,Low
75571.0,2013-2014,57,1,27.0,6,0.0,0.0,0.0,0.0,2.0,Low
75572.0,2013-2014,68,2,28.5,1,1.0,1.0,0.0,1.0,2.0,High
75573.0,2013-2014,67,2,38.4,1,1.0,1.0,0.0,1.0,1.0,High
75576.0,2013-2014,47,1,26.9,4,1.0,0.0,1.0,0.0,1.0,High
75579.0,2013-2014,60,1,39.9,1,1.0,1.0,1.0,1.0,2.0,Low
75581.0,2013-2014,74,2,32.5,3,1.0,1.0,1.0,1.0,1.0,High
75584.0,2013-2014,52,2,30.8,4,0.0,0.0,0.0,0.0,2.0,Low
75585.0,2013-2014,31,1,25.7,3,0.0,0.0,1.0,0.0,2.0,Low
75588.0,2013-2014,32,1,33.3,2,0.0,0.0,1.0,1.0,2.0,Low
75590.0,2013-2014,45,1,22.4,6,0.0,0.0,0.0,0.0,2.0,Moderate
75591.0,2013-2014,38,1,31.8,1,0.0,0.0,1.0,0.0,2.0,Low
75592.0,2013-2014,69,2,19.3,6,0.0,1.0,1.0,0.0,2.0,Moderate
75593.0,2013-2014,34,2,43.6,1,0.0,1.0,0.0,0.0,2.0,Low
75594.0,2013-2014,26,2,22.0,3,1.0,0.0,0.0,0.0,2.0,Low
75595.0,2013-2014,21,1,26.6,6,0.0,0.0,0.0,0.0,2.0,Low
75596.0,2013-2014,35,1,31.2,4,0.0,1.0,0.0,2.0,2.0,Low
75598.0,2013-2014,62,2,29.1,1,1.0,0.0,1.0,1.0,2.0,Moderate
75601.0,2013-2014,61,1,28.4,1,1.0,1.0,0.0,1.0,1.0,High
75607.0,2013-2014,64,1,32.7,3,1.0,0.0,1.0,1.0,2.0,Low
75609.0,2013-2014,80,2,25.6,3,0.0,1.0,1.0,1.0,2.0,Moderate
75610.0,2013-2014,56,1,29.2,3,1.0,1.0,0.0,1.0,1.0,High
75611.0,2013-2014,38,2,34.1,6,1.0,0.0,0.0,0.0,2.0,Moderate
75612.0,2013-2014,61,2,21.9,3,0.0,0.0,0.0,1.0,2.0,Low
75613.0,2013-2014,55,2,34.0,4,0.0,1.0,0.0,0.0,2.0,Moderate
75616.0,2013-2014,30,1,31.8,3,0.0,1.0,0.0,0.0,2.0,Moderate
75619.0,2013-2014,36,1,27.4,1,1.0,1.0,1.0,1.0,2.0,Moderate
75620.0,2013-2014,52,2,18.1,4,0.0,0.0,0.0,0.0,2.0,Low
75621.0,2013-2014,59,2,26.9,4,0.0,0.0,1.0,0.0,2.0,Low
75624.0,2013-2014,21,2,37.0,2,1.0,1.0,0.0,2.0,2.0,Low
75625.0,2013-2014,60,2,42.4,4,1.0,1.0,0.0,1.0,1.0,High
75628.0,2013-2014,70,2,28.2,3,0.0,1.0,0.0,0.0,2.0,Moderate
75630.0,2013-2014,59,2,28.3,1,1.0,0.0,1.0,1.0,3.0,High
75631.0,2013-2014,72,2,27.8,4,0.0,1.0,0.0,0.0,2.0,High
75635.0,2013-2014,60,2,22.2,4,0.0,1.0,0.0,2.0,2.0,Low
75636.0,2013-2014,35,2,35.8,3,0.0,0.0,0.0,2.0,2.0,Low
75637.0,2013-2014,70,2,39.8,3,0.0,1.0,0.0,1.0,1.0,High
75640.0,2013-2014,22,2,55.0,3,1.0,0.0,0.0,0.0,2.0,Low
75641.0,2013-2014,49,2,20.7,3,0.0,0.0,1.0,0.0,2.0,Low
75643.0,2013-2014,43,2,22.5,2,0.0,1.0,1.0,0.0,2.0,Low
75644.0,2013-2014,69,1,26.5,6,0.0,1.0,0.0,1.0,1.0,High
75646.0,2013-2014,20,1,27.6,6,0.0,0.0,1.0,0.0,2.0,Low
75647.0,2013-2014,28,1,21.3,1,0.0,0.0,0.0,0.0,2.0,Low
75653.0,2013-2014,40,1,25.7,4,1.0,1.0,0.0,0.0,2.0,Moderate
75654.0,2013-2014,49,2,34.1,4,1.0,1.0,0.0,0.0,1.0,High
75655.0,2013-2014,29,1,30.6,3,0.0,0.0,1.0,0.0,2.0,Low
75660.0,2013-2014,59,2,32.0,4,0.0,1.0,1.0,0.0,2.0,High
75662.0,2013-2014,44,2,26.1,2,0.0,0.0,1.0,0.0,2.0,Low
75663.0,2013-2014,54,2,23.4,3,0.0,0.0,1.0,0.0,2.0,Low
75664.0,2013-2014,31,2,33.8,4,0.0,1.0,1.0,2.0,2.0,Low
75666.0,2013-2014,37,1,29.1,4,0.0,0.0,1.0,0.0,2.0,Moderate
75667.0,2013-2014,46,2,22.6,3,1.0,0.0,0.0,2.0,2.0,Low
75669.0,2013-2014,64,1,22.2,6,0.0,0.0,0.0,0.0,2.0,Moderate
75670.0,2013-2014,27,2,29.2,1,1.0,0.0,0.0,0.0,2.0,Low
75674.0,2013-2014,60,1,28.3,4,1.0,1.0,1.0,2.0,1.0,High
75679.0,2013-2014,41,2,25.2,3,1.0,0.0,1.0,2.0,2.0,Low
75681.0,2013-2014,40,2,37.2,4,1.0,0.0,0.0,2.0,1.0,High
75682.0,2013-2014,29,1,31.6,6,1.0,0.0,1.0,1.0,2.0,Moderate
75683.0,2013-2014,23,1,20.4,1,1.0,0.0,0.0,0.0,2.0,Low
75684.0,2013-2014,33,2,28.0,3,0.0,0.0,1.0,1.0,2.0,Low
75685.0,2013-2014,62,2,30.8,4,0.0,1.0,1.0,0.0,3.0,Moderate
75686.0,2013-2014,41,1,32.6,3,1.0,1.0,1.0,0.0,2.0,Low
75688.0,2013-2014,57,2,33.1,2,1.0,0.0,0.0,0.0,1.0,High
75689.0,2013-2014,58,1,24.3,4,1.0,1.0,0.0,1.0,2.0,Moderate
75690.0,2013-2014,34,1,22.5,1,1.0,1.0,1.0,0.0,2.0,Moderate
75691.0,2013-2014,70,2,30.2,4,1.0,0.0,1.0,2.0,2.0,Moderate
75695.0,2013-2014,74,2,22.4,1,1.0,1.0,0.0,1.0,3.0,Moderate
75696.0,2013-2014,80,2,26.9,3,0.0,1.0,0.0,0.0,2.0,Moderate
75698.0,2013-2014,22,1,34.8,3,0.0,1.0,1.0,0.0,2.0,Moderate
75699.0,2013-2014,62,2,23.6,1,0.0,0.0,0.0,0.0,2.0,Low
75700.0,2013-2014,68,1,24.4,2,0.0,0.0,1.0,1.0,1.0,High
75702.0,2013-2014,59,2,44.9,3,0.0,0.0,0.0,0.0,2.0,Moderate
75704.0,2013-2014,24,1,21.0,1,1.0,0.0,1.0,2.0,2.0,Low
75705.0,2013-2014,50,2,23.7,3,0.0,0.0,0.0,0.0,2.0,Low
75706.0,2013-2014,44,2,32.6,4,1.0,1.0,1.0,1.0,2.0,Low
75709.0,2013-2014,30,2,21.7,2,1.0,0.0,0.0,0.0,2.0,Low
75710.0,2013-2014,35,1,41.1,3,0.0,1.0,1.0,0.0,2.0,Low
75714.0,2013-2014,54,1,23.9,6,1.0,0.0,0.0,1.0,2.0,High
75717.0,2013-2014,80,2,28.5,3,0.0,1.0,0.0,0.0,1.0,High
75721.0,2013-2014,32,1,32.6,3,0.0,0.0,1.0,1.0,2.0,Moderate
75723.0,2013-2014,55,2,35.3,6,0.0,0.0,1.0,1.0,2.0,Low
75724.0,2013-2014,66,1,29.5,1,1.0,0.0,0.0,0.0,3.0,High
75725.0,2013-2014,24,1,23.3,3,0.0,0.0,1.0,1.0,2.0,Low
75726.0,2013-2014,33,1,29.1,3,1.0,0.0,0.0,2.0,2.0,Low
75730.0,2013-2014,59,1,17.9,3,1.0,1.0,0.0,2.0,1.0,High
75733.0,2013-2014,56,1,,4,,0.0,0.0,2.0,1.0,High
75737.0,2013-2014,20,2,22.4,1,0.0,0.0,1.0,0.0,2.0,Low
75738.0,2013-2014,47,1,34.9,2,1.0,0.0,0.0,0.0,2.0,Moderate
75739.0,2013-2014,20,1,18.0,3,0.0,0.0,1.0,0.0,2.0,Low
75742.0,2013-2014,37,1,30.2,2,0.0,0.0,1.0,0.0,2.0,Low
75743.0,2013-2014,36,2,25.9,6,0.0,0.0,1.0,0.0,2.0,Low
75744.0,2013-2014,72,2,24.4,3,0.0,1.0,0.0,2.0,2.0,Moderate
75745.0,2013-2014,44,2,24.9,6,0.0,0.0,1.0,0.0,2.0,Low
75748.0,2013-2014,80,2,,6,0.0,0.0,0.0,0.0,2.0,Low
75749.0,2013-2014,69,1,27.4,2,,0.0,0.0,2.0,1.0,High
75750.0,2013-2014,70,1,27.3,3,0.0,0.0,1.0,0.0,2.0,Low
75751.0,2013-2014,47,1,28.1,3,0.0,0.0,1.0,1.0,2.0,Low
75754.0,2013-2014,55,1,28.7,3,0.0,0.0,1.0,1.0,1.0,High
75755.0,2013-2014,41,2,31.8,3,0.0,0.0,1.0,0.0,2.0,Low
75758.0,2013-2014,47,1,20.6,6,0.0,0.0,1.0,0.0,2.0,Low
75762.0,2013-2014,61,2,31.3,3,1.0,1.0,0.0,0.0,1.0,High
75763.0,2013-2014,32,1,29.3,2,1.0,1.0,0.0,1.0,2.0,Low
75768.0,2013-2014,46,1,20.5,6,1.0,0.0,0.0,0.0,2.0,Moderate
75769.0,2013-2014,72,1,23.6,3,1.0,0.0,0.0,0.0,2.0,Moderate
75771.0,2013-2014,70,1,31.6,3,0.0,1.0,0.0,0.0,1.0,High
75774.0,2013-2014,80,1,25.1,3,0.0,1.0,0.0,1.0,2.0,Moderate
75775.0,2013-2014,41,1,23.9,3,0.0,0.0,0.0,2.0,2.0,Low
75776.0,2013-2014,21,2,29.8,3,0.0,0.0,1.0,0.0,2.0,Low
75779.0,2013-2014,29,1,56.4,3,0.0,0.0,1.0,0.0,2.0,Low
75780.0,2013-2014,66,1,20.8,3,0.0,0.0,0.0,2.0,2.0,Low
75781.0,2013-2014,65,1,40.4,3,1.0,1.0,1.0,1.0,1.0,High
75784.0,2013-2014,57,1,43.7,2,0.0,0.0,0.0,1.0,1.0,High
75785.0,2013-2014,22,2,32.0,4,1.0,0.0,0.0,0.0,2.0,Low
75786.0,2013-2014,54,2,32.3,7,1.0,1.0,1.0,2.0,9.0,Low
75787.0,2013-2014,72,1,31.6,3,1.0,1.0,0.0,0.0,2.0,Low
75788.0,2013-2014,50,2,26.8,3,1.0,0.0,0.0,0.0,2.0,Low
75789.0,2013-2014,58,1,27.5,3,0.0,1.0,0.0,1.0,1.0,High
75790.0,2013-2014,28,2,27.1,1,1.0,0.0,1.0,0.0,2.0,Low
75792.0,2013-2014,42,1,31.2,3,0.0,0.0,1.0,1.0,2.0,Low
75795.0,2013-2014,79,1,30.6,1,0.0,0.0,0.0,2.0,2.0,Moderate
75797.0,2013-2014,47,2,29.5,3,0.0,0.0,1.0,2.0,3.0,Moderate
75799.0,2013-2014,22,2,28.1,3,0.0,1.0,0.0,2.0,2.0,Low
75803.0,2013-2014,40,1,29.8,4,1.0,0.0,0.0,2.0,2.0,Moderate
75805.0,2013-2014,53,2,16.9,3,1.0,0.0,1.0,2.0,2.0,Moderate
75807.0,2013-2014,32,2,20.7,3,0.0,0.0,1.0,0.0,2.0,Low
75808.0,2013-2014,75,1,27.8,3,0.0,1.0,1.0,1.0,1.0,High
75814.0,2013-2014,28,1,41.5,3,,0.0,1.0,0.0,2.0,Low
75817.0,2013-2014,53,2,17.5,6,0.0,0.0,1.0,0.0,2.0,Low
75819.0,2013-2014,20,1,17.3,3,0.0,0.0,1.0,0.0,2.0,Low
75820.0,2013-2014,43,2,31.0,6,1.0,1.0,1.0,0.0,2.0,Moderate
75822.0,2013-2014,34,2,19.3,3,0.0,0.0,1.0,0.0,2.0,Low
75823.0,2013-2014,43,2,28.6,7,0.0,0.0,0.0,0.0,2.0,Low
75824.0,2013-2014,50,2,44.5,3,0.0,0.0,1.0,0.0,2.0,Moderate
75825.0,2013-2014,40,2,25.0,6,1.0,0.0,1.0,0.0,2.0,Low
75826.0,2013-2014,70,1,33.6,1,1.0,1.0,1.0,0.0,1.0,High
75828.0,2013-2014,43,2,35.9,3,0.0,0.0,0.0,0.0,2.0,Moderate
75831.0,2013-2014,34,2,29.4,3,0.0,0.0,0.0,0.0,2.0,Moderate
75835.0,2013-2014,31,1,25.5,3,1.0,0.0,1.0,2.0,2.0,Low
75837.0,2013-2014,55,1,24.5,3,0.0,0.0,0.0,0.0,2.0,Low
75838.0,2013-2014,80,1,26.2,3,0.0,0.0,1.0,0.0,2.0,Moderate
75839.0,2013-2014,40,2,28.1,4,1.0,0.0,1.0,0.0,2.0,Low
75840.0,2013-2014,52,1,27.8,3,1.0,1.0,1.0,1.0,2.0,Low
75841.0,2013-2014,41,2,28.0,3,1.0,0.0,0.0,2.0,2.0,Moderate
75842.0,2013-2014,23,1,26.9,7,0.0,0.0,1.0,0.0,2.0,Moderate
75845.0,2013-2014,59,1,33.2,1,1.0,1.0,0.0,2.0,1.0,High
75848.0,2013-2014,59,1,33.8,3,0.0,1.0,1.0,0.0,2.0,Low
75850.0,2013-2014,37,2,20.7,6,1.0,0.0,0.0,0.0,2.0,Moderate
75855.0,2013-2014,34,2,27.4,3,0.0,0.0,1.0,0.0,2.0,Moderate
75856.0,2013-2014,28,2,28.7,2,0.0,0.0,1.0,0.0,2.0,Low
75858.0,2013-2014,20,2,31.1,4,0.0,0.0,0.0,0.0,2.0,Low
75860.0,2013-2014,60,1,40.7,6,1.0,1.0,1.0,0.0,2.0,Moderate
75861.0,2013-2014,52,2,27.4,4,0.0,0.0,1.0,0.0,2.0,Moderate
75863.0,2013-2014,62,2,19.5,7,1.0,0.0,1.0,2.0,2.0,Low
75869.0,2013-2014,27,1,32.6,4,0.0,0.0,1.0,2.0,2.0,Moderate
75870.0,2013-2014,40,2,23.6,2,0.0,0.0,1.0,1.0,2.0,Low
75871.0,2013-2014,57,2,23.8,3,0.0,0.0,1.0,0.0,2.0,Low
75872.0,2013-2014,21,2,26.8,4,1.0,0.0,0.0,1.0,2.0,Low
75874.0,2013-2014,57,1,32.7,3,0.0,1.0,0.0,0.0,2.0,Moderate
75879.0,2013-2014,56,1,16.9,3,0.0,0.0,0.0,2.0,2.0,Low
75881.0,2013-2014,25,2,23.3,1,0.0,0.0,1.0,0.0,2.0,Low
75882.0,2013-2014,54,1,28.0,3,0.0,0.0,0.0,0.0,2.0,Low
75883.0,2013-2014,48,2,43.0,3,,0.0,0.0,2.0,2.0,Low
75885.0,2013-2014,40,1,23.8,3,0.0,0.0,0.0,0.0,2.0,Low
75887.0,2013-2014,56,2,55.6,4,1.0,1.0,1.0,1.0,2.0,High
75888.0,2013-2014,44,2,32.2,3,0.0,0.0,0.0,0.0,3.0,Moderate
75890.0,2013-2014,43,2,31.3,3,,0.0,0.0,0.0,2.0,Moderate
75892.0,2013-2014,80,2,26.2,3,1.0,1.0,1.0,1.0,2.0,Moderate
75893.0,2013-2014,49,2,26.8,6,0.0,0.0,0.0,0.0,2.0,Low
75894.0,2013-2014,46,2,43.9,3,0.0,0.0,0.0,1.0,2.0,Low
75895.0,2013-2014,55,2,32.2,3,0.0,0.0,0.0,0.0,2.0,Low
75896.0,2013-2014,26,1,28.6,3,0.0,0.0,1.0,2.0,2.0,Low
75898.0,2013-2014,24,1,27.6,3,1.0,1.0,0.0,2.0,2.0,Low
75899.0,2013-2014,31,2,44.6,3,0.0,0.0,0.0,2.0,2.0,Low
75900.0,2013-2014,21,1,24.2,6,1.0,0.0,1.0,0.0,2.0,Low
75903.0,2013-2014,28,1,20.4,4,0.0,0.0,0.0,2.0,2.0,Moderate
75904.0,2013-2014,70,2,37.1,1,1.0,1.0,0.0,0.0,1.0,High
75905.0,2013-2014,39,2,18.4,6,0.0,0.0,0.0,0.0,2.0,Low
75907.0,2013-2014,40,1,27.9,3,1.0,1.0,1.0,0.0,2.0,Low
75908.0,2013-2014,24,2,39.4,4,1.0,0.0,1.0,0.0,2.0,Low
75909.0,2013-2014,77,2,34.2,1,0.0,1.0,1.0,1.0,2.0,Moderate
75910.0,2013-2014,30,1,27.1,3,1.0,0.0,1.0,0.0,2.0,Low
75911.0,2013-2014,67,1,21.6,4,0.0,0.0,0.0,0.0,2.0,Low
75912.0,2013-2014,80,1,27.3,4,1.0,1.0,0.0,0.0,1.0,High
75913.0,2013-2014,32,2,36.1,3,0.0,0.0,1.0,2.0,2.0,Moderate
75915.0,2013-2014,63,2,23.1,1,0.0,1.0,1.0,0.0,2.0,Low
75919.0,2013-2014,23,2,32.4,3,0.0,0.0,1.0,1.0,2.0,Low
75921.0,2013-2014,76,1,30.2,4,0.0,0.0,0.0,0.0,2.0,Moderate
75922.0,2013-2014,65,2,27.7,3,0.0,0.0,0.0,0.0,2.0,Moderate
75923.0,2013-2014,80,1,25.0,3,1.0,1.0,0.0,0.0,2.0,Low
75924.0,2013-2014,30,1,14.1,7,0.0,0.0,0.0,0.0,2.0,Low
75925.0,2013-2014,51,1,22.5,4,0.0,1.0,0.0,2.0,2.0,Moderate
75927.0,2013-2014,30,1,20.6,4,0.0,0.0,1.0,2.0,2.0,Low
75928.0,2013-2014,31,2,31.9,3,1.0,0.0,1.0,0.0,3.0,Moderate
75929.0,2013-2014,23,2,28.3,4,0.0,0.0,1.0,0.0,2.0,Low
75932.0,2013-2014,41,1,42.0,2,0.0,1.0,1.0,0.0,2.0,Low
75933.0,2013-2014,53,2,27.0,4,0.0,0.0,1.0,1.0,2.0,Low
75934.0,2013-2014,46,1,26.4,3,1.0,0.0,0.0,2.0,2.0,Low
75936.0,2013-2014,35,2,23.6,1,1.0,0.0,0.0,0.0,2.0,Low
75937.0,2013-2014,77,1,31.9,3,1.0,1.0,0.0,1.0,1.0,High
75938.0,2013-2014,33,2,50.0,1,1.0,1.0,0.0,0.0,1.0,High
75942.0,2013-2014,78,1,23.9,4,1.0,1.0,1.0,2.0,2.0,Moderate
75945.0,2013-2014,60,1,18.4,6,0.0,1.0,0.0,2.0,2.0,Low
75946.0,2013-2014,71,2,35.0,3,0.0,1.0,0.0,0.0,1.0,High
75949.0,2013-2014,40,2,31.1,1,1.0,0.0,1.0,0.0,2.0,Low
75951.0,2013-2014,32,2,25.1,4,0.0,0.0,1.0,0.0,2.0,Low
75952.0,2013-2014,36,2,27.1,2,0.0,0.0,0.0,0.0,2.0,Low
75954.0,2013-2014,54,2,34.1,3,0.0,1.0,0.0,0.0,2.0,Low
75955.0,2013-2014,72,2,19.4,6,0.0,0.0,1.0,0.0,2.0,Low
75956.0,2013-2014,80,1,25.9,3,0.0,1.0,1.0,0.0,2.0,Low
75957.0,2013-2014,21,1,21.5,1,0.0,0.0,1.0,0.0,2.0,Low
75958.0,2013-2014,29,2,25.8,6,1.0,0.0,1.0,0.0,2.0,Moderate
75960.0,2013-2014,76,1,21.6,1,1.0,0.0,1.0,0.0,2.0,Low
75962.0,2013-2014,64,1,30.7,1,0.0,1.0,0.0,0.0,2.0,Low
75964.0,2013-2014,71,1,21.5,3,0.0,1.0,1.0,0.0,2.0,Low
75965.0,2013-2014,64,2,31.0,3,0.0,1.0,0.0,1.0,2.0,Moderate
75966.0,2013-2014,37,2,25.4,3,0.0,0.0,1.0,1.0,2.0,Low
75969.0,2013-2014,69,1,23.5,6,0.0,0.0,1.0,1.0,2.0,Moderate
75970.0,2013-2014,30,1,29.5,3,0.0,0.0,0.0,2.0,2.0,Moderate
75973.0,2013-2014,65,1,34.0,3,1.0,0.0,1.0,0.0,2.0,Moderate
75974.0,2013-2014,71,2,28.0,3,1.0,1.0,1.0,1.0,2.0,Low
75975.0,2013-2014,31,1,24.9,3,1.0,0.0,1.0,2.0,2.0,Low
75976.0,2013-2014,67,1,31.1,4,0.0,1.0,1.0,0.0,1.0,High
75977.0,2013-2014,25,1,24.1,3,0.0,0.0,1.0,0.0,2.0,Low
75978.0,2013-2014,71,1,38.2,3,1.0,1.0,0.0,0.0,1.0,High
75980.0,2013-2014,31,1,23.9,3,0.0,0.0,1.0,0.0,2.0,Low
75982.0,2013-2014,75,2,20.3,3,0.0,1.0,1.0,2.0,2.0,Low
75985.0,2013-2014,40,2,20.2,3,0.0,0.0,0.0,1.0,2.0,Moderate
75986.0,2013-2014,55,1,22.9,2,0.0,0.0,1.0,0.0,2.0,Low
75987.0,2013-2014,80,2,28.0,3,1.0,0.0,0.0,0.0,2.0,Moderate
75989.0,2013-2014,32,1,21.0,4,0.0,0.0,1.0,2.0,2.0,Low
75991.0,2013-2014,80,1,32.3,3,0.0,1.0,0.0,1.0,1.0,High
75992.0,2013-2014,34,2,28.5,3,1.0,0.0,0.0,2.0,2.0,Low
75993.0,2013-2014,48,1,25.7,3,0.0,1.0,0.0,0.0,2.0,Low
75996.0,2013-2014,61,1,28.2,4,0.0,0.0,1.0,1.0,2.0,Moderate
75997.0,2013-2014,20,2,17.1,4,0.0,0.0,1.0,0.0,2.0,Low
75998.0,2013-2014,76,2,27.4,3,0.0,1.0,0.0,1.0,2.0,Moderate
76004.0,2013-2014,58,2,54.9,7,1.0,1.0,0.0,0.0,2.0,Moderate
76006.0,2013-2014,32,2,28.2,3,0.0,0.0,0.0,2.0,2.0,Low
76007.0,2013-2014,36,2,22.1,3,1.0,0.0,0.0,0.0,2.0,Low
76008.0,2013-2014,31,2,27.6,7,1.0,1.0,1.0,1.0,2.0,Moderate
76010.0,2013-2014,68,1,24.0,1,1.0,0.0,1.0,0.0,2.0,Moderate
76011.0,2013-2014,32,2,44.8,2,1.0,1.0,1.0,2.0,3.0,Moderate
76012.0,2013-2014,59,1,26.2,6,0.0,0.0,0.0,1.0,1.0,High
76015.0,2013-2014,30,2,29.9,4,0.0,1.0,1.0,0.0,2.0,Low
76016.0,2013-2014,79,1,25.9,3,0.0,0.0,0.0,0.0,2.0,Low
76018.0,2013-2014,31,1,36.7,3,0.0,0.0,0.0,0.0,2.0,Low
76019.0,2013-2014,29,1,17.3,2,0.0,0.0,0.0,2.0,2.0,Moderate
76020.0,2013-2014,32,1,25.2,3,0.0,0.0,1.0,2.0,2.0,Low
76023.0,2013-2014,67,1,31.2,4,,1.0,1.0,0.0,3.0,High
76024.0,2013-2014,40,2,25.7,4,0.0,0.0,1.0,0.0,2.0,Low
76025.0,2013-2014,51,1,25.3,3,1.0,1.0,1.0,1.0,2.0,Low
76028.0,2013-2014,57,2,24.9,4,0.0,0.0,0.0,0.0,2.0,Moderate
76030.0,2013-2014,32,1,24.2,4,1.0,0.0,1.0,0.0,2.0,Moderate
76033.0,2013-2014,69,2,33.7,2,1.0,0.0,0.0,1.0,1.0,High
76034.0,2013-2014,20,2,43.7,3,1.0,0.0,1.0,2.0,2.0,Moderate
76036.0,2013-2014,64,1,27.5,2,0.0,0.0,0.0,2.0,2.0,Moderate
76037.0,2013-2014,60,1,29.4,1,1.0,1.0,1.0,1.0,1.0,High
76039.0,2013-2014,26,2,36.0,1,0.0,0.0,0.0,2.0,2.0,Low
76040.0,2013-2014,60,2,37.7,4,0.0,0.0,1.0,0.0,2.0,High
76041.0,2013-2014,52,1,32.8,3,0.0,1.0,0.0,2.0,2.0,Low
76042.0,2013-2014,27,2,36.1,3,1.0,0.0,1.0,0.0,2.0,Low
76043.0,2013-2014,64,2,29.8,1,1.0,1.0,0.0,0.0,2.0,Moderate
76046.0,2013-2014,50,1,29.0,3,0.0,0.0,1.0,2.0,2.0,Low
76048.0,2013-2014,49,1,29.7,3,1.0,0.0,1.0,1.0,2.0,Moderate
76049.0,2013-2014,54,1,26.9,3,0.0,0.0,0.0,2.0,2.0,Moderate
76051.0,2013-2014,50,1,28.5,3,0.0,0.0,0.0,1.0,2.0,Moderate
76054.0,2013-2014,22,2,19.2,6,,0.0,1.0,0.0,2.0,Low
76059.0,2013-2014,21,1,23.4,4,0.0,0.0,1.0,0.0,2.0,Low
76060.0,2013-2014,32,2,20.9,3,0.0,0.0,0.0,0.0,2.0,Low
76062.0,2013-2014,30,1,38.7,3,1.0,1.0,0.0,1.0,2.0,Low
76064.0,2013-2014,42,1,33.6,3,0.0,0.0,1.0,2.0,2.0,Low
76067.0,2013-2014,26,1,22.8,3,0.0,0.0,1.0,0.0,2.0,Moderate
76069.0,2013-2014,44,1,30.7,4,1.0,1.0,0.0,0.0,2.0,Moderate
76071.0,2013-2014,34,1,23.5,3,0.0,0.0,1.0,0.0,2.0,Low
76072.0,2013-2014,73,1,25.9,3,0.0,1.0,0.0,2.0,2.0,Moderate
76073.0,2013-2014,21,1,20.2,3,0.0,0.0,0.0,0.0,2.0,Moderate
76074.0,2013-2014,70,1,33.5,4,1.0,1.0,0.0,1.0,1.0,High
76075.0,2013-2014,35,1,35.4,3,0.0,0.0,1.0,2.0,2.0,Low
76076.0,2013-2014,51,2,28.9,3,0.0,1.0,0.0,0.0,1.0,High
76077.0,2013-2014,45,2,44.9,4,1.0,1.0,0.0,0.0,2.0,Moderate
76078.0,2013-2014,48,1,27.6,2,0.0,1.0,0.0,1.0,2.0,Moderate
76081.0,2013-2014,35,1,27.1,3,0.0,0.0,1.0,1.0,2.0,Low
76082.0,2013-2014,30,1,20.9,3,0.0,0.0,1.0,0.0,2.0,Low
76084.0,2013-2014,48,1,30.9,2,1.0,0.0,0.0,0.0,2.0,Moderate
76087.0,2013-2014,55,1,30.6,2,0.0,0.0,1.0,1.0,2.0,Low
76088.0,2013-2014,27,1,25.6,3,0.0,1.0,1.0,2.0,2.0,Low
76090.0,2013-2014,44,1,34.6,3,0.0,0.0,0.0,2.0,2.0,Low
76091.0,2013-2014,66,2,26.6,6,0.0,1.0,1.0,0.0,2.0,Moderate
76092.0,2013-2014,74,2,22.8,6,1.0,1.0,0.0,0.0,2.0,Low
76095.0,2013-2014,41,2,31.9,7,0.0,0.0,0.0,0.0,2.0,Moderate
76096.0,2013-2014,37,1,21.8,1,0.0,0.0,0.0,0.0,2.0,Low
76097.0,2013-2014,66,2,22.3,3,1.0,0.0,1.0,0.0,2.0,Moderate
76101.0,2013-2014,20,2,36.1,4,0.0,0.0,0.0,0.0,1.0,High
76103.0,2013-2014,45,2,29.0,3,0.0,0.0,1.0,2.0,2.0,Low
76104.0,2013-2014,45,2,20.3,2,1.0,0.0,0.0,0.0,2.0,Low
76106.0,2013-2014,39,1,32.4,1,1.0,0.0,0.0,1.0,2.0,Low
76107.0,2013-2014,59,2,25.8,7,0.0,1.0,0.0,0.0,3.0,Moderate
76108.0,2013-2014,48,1,29.3,3,0.0,0.0,1.0,0.0,2.0,Moderate
76109.0,2013-2014,36,1,67.9,7,1.0,1.0,1.0,0.0,3.0,Moderate
76110.0,2013-2014,22,1,17.0,3,0.0,0.0,0.0,2.0,1.0,High
76112.0,2013-2014,63,1,29.6,4,0.0,0.0,1.0,0.0,2.0,Moderate
76116.0,2013-2014,68,1,35.4,3,0.0,1.0,0.0,2.0,2.0,Moderate
76117.0,2013-2014,72,2,27.8,3,1.0,1.0,0.0,0.0,1.0,High
76118.0,2013-2014,60,2,23.3,6,0.0,0.0,0.0,0.0,2.0,Low
76119.0,2013-2014,49,1,26.5,4,1.0,1.0,0.0,2.0,2.0,Moderate
76120.0,2013-2014,40,1,27.2,4,1.0,0.0,1.0,0.0,2.0,Low
76126.0,2013-2014,27,2,47.2,4,1.0,1.0,0.0,0.0,2.0,Moderate
76127.0,2013-2014,67,1,31.6,4,0.0,1.0,0.0,1.0,2.0,Low
76128.0,2013-2014,74,2,34.2,3,0.0,1.0,1.0,1.0,2.0,High
76129.0,2013-2014,41,2,33.9,6,,1.0,1.0,0.0,2.0,Moderate
76133.0,2013-2014,47,2,34.0,1,1.0,1.0,0.0,0.0,2.0,Moderate
76134.0,2013-2014,58,1,27.8,3,0.0,0.0,0.0,2.0,2.0,Low
76136.0,2013-2014,53,2,28.6,2,0.0,0.0,1.0,0.0,2.0,Low
76137.0,2013-2014,56,1,26.0,1,1.0,0.0,1.0,0.0,2.0,High
76138.0,2013-2014,39,2,20.9,4,0.0,0.0,1.0,2.0,2.0,Moderate
76139.0,2013-2014,76,2,28.2,3,0.0,0.0,0.0,0.0,2.0,Low
76140.0,2013-2014,27,2,40.5,3,1.0,0.0,0.0,2.0,2.0,Low
76144.0,2013-2014,80,1,32.4,3,0.0,0.0,1.0,1.0,2.0,Low
76145.0,2013-2014,60,2,38.0,3,1.0,1.0,1.0,1.0,1.0,High
76146.0,2013-2014,23,2,17.1,4,1.0,0.0,0.0,0.0,2.0,Low
76147.0,2013-2014,54,1,37.7,3,1.0,1.0,0.0,0.0,2.0,Moderate
76148.0,2013-2014,32,2,50.5,4,0.0,0.0,0.0,0.0,2.0,Low
76149.0,2013-2014,68,2,28.2,1,0.0,1.0,0.0,0.0,2.0,Moderate
76150.0,2013-2014,58,2,38.1,3,0.0,0.0,0.0,1.0,2.0,Low
76151.0,2013-2014,55,1,23.9,3,0.0,0.0,0.0,2.0,2.0,Moderate
76154.0,2013-2014,29,2,35.6,3,0.0,0.0,1.0,0.0,2.0,Low
76156.0,2013-2014,61,1,18.5,4,0.0,1.0,0.0,2.0,2.0,Low
76158.0,2013-2014,72,2,28.6,3,0.0,1.0,0.0,2.0,2.0,Low
76159.0,2013-2014,75,1,29.4,3,1.0,0.0,1.0,0.0,1.0,High
76160.0,2013-2014,25,2,22.7,3,0.0,0.0,1.0,1.0,2.0,Low
76161.0,2013-2014,34,1,40.1,3,1.0,0.0,1.0,0.0,2.0,Low
76164.0,2013-2014,62,2,38.0,3,1.0,1.0,0.0,2.0,1.0,High
76167.0,2013-2014,42,2,17.5,6,0.0,0.0,1.0,0.0,2.0,Low
76168.0,2013-2014,52,1,27.5,3,1.0,1.0,0.0,2.0,2.0,Moderate
76169.0,2013-2014,43,2,30.0,3,0.0,0.0,0.0,0.0,2.0,Low
76170.0,2013-2014,55,2,20.7,6,1.0,0.0,1.0,1.0,2.0,Moderate
76171.0,2013-2014,80,1,25.3,6,0.0,1.0,0.0,0.0,2.0,Moderate
76174.0,2013-2014,21,1,20.2,3,0.0,0.0,0.0,0.0,2.0,Low
76178.0,2013-2014,49,2,21.0,6,1.0,0.0,0.0,0.0,3.0,Moderate
76179.0,2013-2014,54,2,29.5,3,0.0,0.0,0.0,0.0,2.0,Low
76180.0,2013-2014,55,1,33.2,3,0.0,1.0,0.0,0.0,2.0,Low
76181.0,2013-2014,45,2,43.1,4,0.0,1.0,1.0,1.0,2.0,Moderate
76184.0,2013-2014,59,1,48.5,3,0.0,1.0,1.0,0.0,3.0,High
76186.0,2013-2014,53,2,52.7,2,0.0,0.0,0.0,0.0,2.0,Moderate
76187.0,2013-2014,56,2,30.4,3,0.0,0.0,0.0,2.0,2.0,Moderate
76188.0,2013-2014,74,2,24.8,6,0.0,1.0,1.0,0.0,2.0,Low
76190.0,2013-2014,48,1,27.5,3,0.0,0.0,0.0,2.0,2.0,Moderate
76192.0,2013-2014,66,2,32.5,3,1.0,1.0,0.0,1.0,1.0,High
76193.0,2013-2014,39,2,35.3,2,0.0,0.0,0.0,0.0,2.0,Low
76197.0,2013-2014,45,2,31.5,4,1.0,1.0,1.0,0.0,2.0,Low
76199.0,2013-2014,56,2,39.1,3,1.0,0.0,1.0,0.0,1.0,High
76201.0,2013-2014,64,1,,4,1.0,0.0,1.0,0.0,1.0,High
76204.0,2013-2014,45,2,24.7,3,0.0,0.0,1.0,0.0,2.0,Low
76206.0,2013-2014,38,2,30.4,1,1.0,0.0,1.0,0.0,2.0,Low
76208.0,2013-2014,51,1,31.5,4,1.0,1.0,1.0,1.0,2.0,Moderate
76209.0,2013-2014,59,1,25.8,3,0.0,0.0,1.0,0.0,2.0,Low
76212.0,2013-2014,34,2,25.0,1,0.0,0.0,1.0,0.0,2.0,Low
76213.0,2013-2014,78,1,26.1,3,0.0,1.0,0.0,1.0,1.0,High
76215.0,2013-2014,43,2,47.5,1,1.0,0.0,0.0,0.0,2.0,High
76217.0,2013-2014,53,2,35.9,1,0.0,0.0,1.0,1.0,2.0,Moderate
76218.0,2013-2014,36,2,30.1,3,0.0,0.0,1.0,1.0,2.0,Low
76220.0,2013-2014,56,1,25.8,3,1.0,0.0,0.0,0.0,2.0,Moderate
76223.0,2013-2014,76,1,30.1,3,1.0,0.0,0.0,1.0,1.0,High
76224.0,2013-2014,74,2,24.9,3,0.0,1.0,0.0,0.0,1.0,High
76226.0,2013-2014,43,1,26.1,7,1.0,0.0,0.0,2.0,3.0,Moderate
76227.0,2013-2014,26,2,64.2,3,0.0,0.0,1.0,0.0,1.0,High
76230.0,2013-2014,24,1,21.9,3,0.0,0.0,1.0,0.0,2.0,Low
76231.0,2013-2014,25,1,29.7,1,0.0,0.0,0.0,0.0,2.0,Low
76232.0,2013-2014,29,1,25.8,1,1.0,0.0,1.0,2.0,2.0,Low
76233.0,2013-2014,54,2,32.6,1,0.0,1.0,0.0,0.0,1.0,High
76235.0,2013-2014,76,2,24.0,3,0.0,0.0,1.0,1.0,2.0,Low
76236.0,2013-2014,40,2,34.8,1,1.0,1.0,1.0,0.0,1.0,High
76238.0,2013-2014,61,2,34.8,6,0.0,1.0,1.0,1.0,2.0,Moderate
76240.0,2013-2014,35,1,37.5,3,1.0,0.0,0.0,0.0,2.0,Low
76241.0,2013-2014,20,1,26.4,3,0.0,0.0,0.0,2.0,2.0,Low
76243.0,2013-2014,59,2,50.4,1,1.0,0.0,1.0,1.0,2.0,Moderate
76246.0,2013-2014,44,1,21.4,2,0.0,0.0,0.0,2.0,2.0,Low
76248.0,2013-2014,50,1,31.4,4,0.0,0.0,1.0,0.0,2.0,Moderate
76252.0,2013-2014,70,2,29.5,3,1.0,0.0,0.0,0.0,2.0,Low
76253.0,2013-2014,27,2,18.6,6,0.0,0.0,0.0,0.0,2.0,Moderate
76256.0,2013-2014,50,2,26.7,3,0.0,0.0,0.0,1.0,2.0,Low
76261.0,2013-2014,20,1,22.7,6,0.0,0.0,1.0,0.0,2.0,Low
76264.0,2013-2014,80,1,20.2,3,1.0,0.0,0.0,0.0,2.0,Low
76267.0,2013-2014,63,1,43.1,4,1.0,1.0,0.0,1.0,1.0,High
76269.0,2013-2014,28,2,21.8,3,0.0,0.0,1.0,0.0,2.0,Low
76270.0,2013-2014,24,2,22.6,3,0.0,0.0,0.0,0.0,2.0,Low
76271.0,2013-2014,61,1,27.0,3,0.0,1.0,1.0,2.0,2.0,Low
76272.0,2013-2014,42,2,36.2,3,1.0,0.0,0.0,0.0,2.0,Moderate
76276.0,2013-2014,42,1,32.2,1,0.0,0.0,1.0,0.0,2.0,Moderate
76277.0,2013-2014,80,1,31.3,3,0.0,0.0,0.0,1.0,2.0,Low
76281.0,2013-2014,49,2,15.2,3,1.0,1.0,0.0,2.0,2.0,Low
76282.0,2013-2014,62,2,22.1,2,1.0,0.0,0.0,2.0,3.0,Moderate
76284.0,2013-2014,29,1,29.1,2,0.0,0.0,0.0,0.0,2.0,Moderate
76285.0,2013-2014,40,1,23.6,3,0.0,0.0,1.0,0.0,2.0,Low
76286.0,2013-2014,59,1,28.9,3,0.0,0.0,1.0,0.0,2.0,Low
76288.0,2013-2014,30,2,18.6,3,0.0,0.0,1.0,0.0,2.0,Low
76289.0,2013-2014,24,2,24.4,6,0.0,0.0,1.0,0.0,2.0,Low
76290.0,2013-2014,42,2,36.1,7,1.0,0.0,1.0,0.0,3.0,High
76294.0,2013-2014,72,1,32.4,4,0.0,1.0,0.0,0.0,2.0,Moderate
76295.0,2013-2014,41,1,32.2,3,0.0,0.0,1.0,2.0,2.0,Low
76296.0,2013-2014,33,2,29.5,6,0.0,0.0,0.0,0.0,2.0,Low
76298.0,2013-2014,57,2,38.9,3,0.0,0.0,0.0,0.0,2.0,Moderate
76301.0,2013-2014,28,2,33.6,2,0.0,1.0,1.0,0.0,2.0,Low
76302.0,2013-2014,49,1,27.3,4,1.0,1.0,1.0,0.0,2.0,Low
76303.0,2013-2014,43,2,27.8,4,1.0,0.0,0.0,0.0,2.0,Low
76306.0,2013-2014,66,1,23.5,3,0.0,0.0,0.0,0.0,2.0,Moderate
76307.0,2013-2014,41,2,21.5,1,0.0,0.0,1.0,0.0,2.0,Moderate
76310.0,2013-2014,50,2,22.4,3,1.0,0.0,0.0,0.0,2.0,Low
76312.0,2013-2014,65,2,30.9,4,0.0,1.0,1.0,2.0,3.0,Moderate
76314.0,2013-2014,38,2,23.8,3,1.0,0.0,1.0,2.0,2.0,Low
76316.0,2013-2014,45,2,31.0,3,1.0,1.0,0.0,2.0,2.0,Moderate
76317.0,2013-2014,40,2,,1,1.0,1.0,1.0,1.0,1.0,High
76320.0,2013-2014,63,2,25.2,3,0.0,0.0,0.0,0.0,2.0,Low
76322.0,2013-2014,43,2,29.0,1,1.0,1.0,0.0,0.0,1.0,High
76325.0,2013-2014,64,1,27.5,2,0.0,0.0,1.0,2.0,2.0,High
76326.0,2013-2014,32,1,31.5,2,0.0,0.0,1.0,0.0,2.0,Low
76333.0,2013-2014,80,2,22.4,1,0.0,1.0,0.0,0.0,2.0,Moderate
76334.0,2013-2014,22,1,41.5,4,0.0,0.0,0.0,2.0,2.0,Low
76335.0,2013-2014,65,1,29.1,4,0.0,0.0,0.0,2.0,2.0,Moderate
76342.0,2013-2014,43,2,38.3,1,1.0,1.0,1.0,1.0,2.0,Low
76347.0,2013-2014,32,2,41.6,3,0.0,1.0,0.0,2.0,2.0,Low
76348.0,2013-2014,41,2,20.8,6,0.0,0.0,1.0,0.0,2.0,Low
76349.0,2013-2014,38,1,41.7,3,1.0,0.0,0.0,0.0,1.0,High
76351.0,2013-2014,43,2,35.4,2,1.0,0.0,0.0,2.0,2.0,Low
76353.0,2013-2014,80,2,32.9,4,1.0,1.0,0.0,0.0,1.0,High
76354.0,2013-2014,54,1,34.2,1,1.0,1.0,1.0,1.0,1.0,High
76356.0,2013-2014,23,2,26.6,3,0.0,0.0,1.0,2.0,2.0,Moderate
76363.0,2013-2014,73,2,29.1,1,0.0,0.0,0.0,1.0,2.0,Low
76365.0,2013-2014,55,1,26.0,4,1.0,1.0,1.0,1.0,2.0,Moderate
76366.0,2013-2014,37,2,31.6,7,0.0,0.0,1.0,0.0,1.0,High
76367.0,2013-2014,42,1,29.6,3,0.0,0.0,1.0,0.0,2.0,Low
76369.0,2013-2014,31,1,23.7,3,0.0,0.0,0.0,2.0,2.0,Low
76372.0,2013-2014,42,2,,3,1.0,1.0,0.0,0.0,1.0,High
76373.0,2013-2014,20,1,21.9,3,0.0,0.0,1.0,0.0,2.0,Low
76375.0,2013-2014,30,2,30.5,3,1.0,0.0,0.0,2.0,2.0,Low
76376.0,2013-2014,56,2,24.9,7,1.0,1.0,1.0,1.0,2.0,Moderate
76377.0,2013-2014,36,1,24.7,3,0.0,0.0,1.0,1.0,2.0,Moderate
76380.0,2013-2014,58,2,20.2,4,1.0,1.0,0.0,2.0,2.0,Low
76381.0,2013-2014,21,2,,2,0.0,0.0,1.0,0.0,2.0,Low
76383.0,2013-2014,23,1,40.3,3,1.0,0.0,1.0,1.0,2.0,Low
76384.0,2013-2014,50,2,,1,1.0,0.0,0.0,0.0,2.0,High
76385.0,2013-2014,57,1,28.0,6,0.0,0.0,0.0,0.0,2.0,Moderate
76387.0,2013-2014,25,2,21.9,2,0.0,0.0,0.0,0.0,2.0,Low
76388.0,2013-2014,43,2,31.1,3,1.0,1.0,0.0,0.0,2.0,Moderate
76390.0,2013-2014,23,1,18.8,2,0.0,0.0,1.0,1.0,2.0,Moderate
76391.0,2013-2014,80,2,26.2,3,0.0,0.0,1.0,1.0,1.0,High
76395.0,2013-2014,71,1,,4,1.0,1.0,0.0,1.0,1.0,High
76397.0,2013-2014,69,1,26.5,1,0.0,0.0,0.0,2.0,3.0,High
76400.0,2013-2014,61,1,23.5,2,0.0,0.0,0.0,1.0,2.0,Low
76402.0,2013-2014,80,2,28.3,4,0.0,1.0,1.0,0.0,2.0,Moderate
76403.0,2013-2014,59,2,24.7,3,1.0,0.0,1.0,1.0,2.0,Moderate
76404.0,2013-2014,68,2,17.6,1,0.0,0.0,0.0,0.0,2.0,Moderate
76405.0,2013-2014,50,2,30.9,3,1.0,1.0,1.0,0.0,2.0,Moderate
76406.0,2013-2014,36,1,21.2,7,0.0,0.0,0.0,2.0,2.0,Low
76408.0,2013-2014,48,1,23.4,4,1.0,0.0,1.0,2.0,2.0,Low
76409.0,2013-2014,20,2,28.6,1,1.0,0.0,1.0,0.0,2.0,Moderate
76411.0,2013-2014,63,2,31.2,2,0.0,0.0,1.0,0.0,3.0,Moderate
76412.0,2013-2014,31,2,,4,,0.0,1.0,0.0,2.0,Low
76413.0,2013-2014,66,2,26.7,2,1.0,1.0,1.0,0.0,3.0,Moderate
76415.0,2013-2014,25,1,17.9,6,0.0,0.0,0.0,0.0,2.0,Low
76418.0,2013-2014,40,1,29.5,4,1.0,1.0,1.0,0.0,1.0,High
76422.0,2013-2014,69,1,25.8,4,1.0,1.0,0.0,1.0,2.0,Moderate
76423.0,2013-2014,74,2,22.1,3,0.0,1.0,0.0,1.0,1.0,High
76424.0,2013-2014,60,1,27.7,3,1.0,0.0,1.0,0.0,2.0,Low
76425.0,2013-2014,29,1,29.0,1,0.0,0.0,1.0,2.0,2.0,Low
76427.0,2013-2014,37,1,27.4,6,1.0,0.0,1.0,0.0,2.0,Low
76429.0,2013-2014,63,1,21.8,2,0.0,0.0,0.0,2.0,2.0,Moderate
76433.0,2013-2014,44,1,27.2,3,0.0,1.0,0.0,2.0,2.0,Low
76434.0,2013-2014,50,1,29.2,1,,0.0,0.0,2.0,2.0,Moderate
76435.0,2013-2014,69,2,36.7,4,1.0,0.0,1.0,1.0,2.0,Low
76436.0,2013-2014,78,1,30.6,3,0.0,0.0,1.0,1.0,2.0,Low
76437.0,2013-2014,64,1,27.7,2,0.0,1.0,1.0,1.0,2.0,Moderate
76439.0,2013-2014,28,1,31.4,1,0.0,0.0,0.0,0.0,2.0,Low
76440.0,2013-2014,49,2,25.5,3,0.0,1.0,0.0,2.0,2.0,Low
76442.0,2013-2014,78,2,23.9,3,0.0,0.0,0.0,1.0,2.0,Moderate
76443.0,2013-2014,63,1,31.2,3,0.0,1.0,1.0,1.0,2.0,Low
76444.0,2013-2014,51,2,21.9,3,1.0,0.0,1.0,0.0,2.0,Low
76446.0,2013-2014,46,2,25.2,3,1.0,1.0,0.0,2.0,2.0,Moderate
76447.0,2013-2014,80,2,21.8,3,0.0,1.0,1.0,0.0,2.0,Low
76451.0,2013-2014,34,2,25.2,3,1.0,0.0,0.0,1.0,2.0,Moderate
76453.0,2013-2014,42,2,31.8,3,,0.0,1.0,0.0,2.0,Low
76455.0,2013-2014,69,2,34.1,4,1.0,1.0,1.0,0.0,2.0,Moderate
76459.0,2013-2014,33,1,35.8,4,1.0,0.0,0.0,1.0,2.0,Moderate
76461.0,2013-2014,52,2,31.0,3,0.0,0.0,0.0,2.0,2.0,Low
76464.0,2013-2014,33,1,25.3,3,0.0,1.0,1.0,0.0,2.0,Low
76465.0,2013-2014,71,2,23.1,3,0.0,1.0,0.0,1.0,2.0,Low
76466.0,2013-2014,39,2,33.3,2,0.0,0.0,1.0,0.0,2.0,Low
76468.0,2013-2014,73,1,26.0,3,0.0,1.0,0.0,0.0,2.0,Moderate
76469.0,2013-2014,72,1,44.8,1,1.0,1.0,0.0,1.0,2.0,High
76470.0,2013-2014,49,2,22.5,3,0.0,1.0,0.0,0.0,1.0,High
76472.0,2013-2014,52,2,41.3,6,1.0,1.0,0.0,1.0,1.0,High
76476.0,2013-2014,39,2,41.9,3,1.0,0.0,0.0,2.0,2.0,Low
76477.0,2013-2014,73,2,36.4,1,1.0,1.0,0.0,0.0,2.0,Moderate
76480.0,2013-2014,24,2,41.7,7,1.0,0.0,1.0,2.0,2.0,Low
76481.0,2013-2014,67,2,18.8,6,1.0,0.0,0.0,0.0,2.0,Low
76482.0,2013-2014,42,2,42.2,4,0.0,1.0,1.0,0.0,2.0,Low
76484.0,2013-2014,63,1,26.4,4,0.0,1.0,1.0,0.0,2.0,Moderate
76486.0,2013-2014,24,2,28.3,4,1.0,0.0,1.0,0.0,2.0,Low
76487.0,2013-2014,23,2,19.1,1,0.0,0.0,1.0,0.0,2.0,Low
76488.0,2013-2014,41,1,20.2,1,0.0,1.0,1.0,2.0,2.0,Low
76489.0,2013-2014,39,1,23.5,4,0.0,0.0,0.0,2.0,2.0,Low
76490.0,2013-2014,68,2,24.2,3,,0.0,1.0,1.0,2.0,Low
76491.0,2013-2014,23,2,22.7,3,0.0,0.0,0.0,2.0,2.0,Low
76493.0,2013-2014,38,1,32.1,4,1.0,0.0,0.0,1.0,2.0,Low
76494.0,2013-2014,29,1,22.5,6,1.0,0.0,0.0,0.0,1.0,High
76496.0,2013-2014,23,2,27.3,1,0.0,1.0,1.0,0.0,2.0,Low
76500.0,2013-2014,20,2,21.4,3,0.0,0.0,1.0,0.0,2.0,Low
76506.0,2013-2014,20,2,20.6,3,0.0,1.0,0.0,0.0,2.0,Low
76508.0,2013-2014,55,2,32.7,3,1.0,1.0,0.0,2.0,2.0,Moderate
76509.0,2013-2014,24,1,21.2,6,0.0,0.0,1.0,0.0,2.0,Low
76510.0,2013-2014,52,2,30.8,3,0.0,0.0,0.0,2.0,1.0,High
76511.0,2013-2014,52,2,33.5,3,0.0,0.0,0.0,2.0,2.0,Low
76514.0,2013-2014,26,2,20.4,6,0.0,0.0,1.0,0.0,2.0,Low
76515.0,2013-2014,72,2,28.8,2,0.0,0.0,0.0,0.0,2.0,Low
76518.0,2013-2014,47,1,29.8,2,1.0,0.0,1.0,1.0,2.0,Low
76523.0,2013-2014,30,2,30.8,3,0.0,0.0,0.0,1.0,2.0,Low
76527.0,2013-2014,68,1,22.6,3,0.0,0.0,1.0,1.0,2.0,Low
76528.0,2013-2014,43,2,22.4,6,1.0,0.0,1.0,0.0,2.0,Low
76530.0,2013-2014,80,2,30.5,4,1.0,1.0,0.0,1.0,1.0,High
76531.0,2013-2014,80,1,,3,,1.0,0.0,0.0,2.0,High
76532.0,2013-2014,38,1,34.1,4,0.0,1.0,1.0,0.0,2.0,Low
76533.0,2013-2014,67,1,21.8,4,0.0,1.0,1.0,1.0,2.0,Low
76534.0,2013-2014,52,1,33.1,3,0.0,1.0,0.0,2.0,2.0,Low
76536.0,2013-2014,37,2,29.1,6,,0.0,0.0,2.0,2.0,Low
76539.0,2013-2014,36,2,19.5,3,0.0,0.0,1.0,0.0,2.0,Low
76540.0,2013-2014,69,1,33.8,3,0.0,0.0,0.0,0.0,2.0,Low
76541.0,2013-2014,26,1,27.4,2,0.0,0.0,1.0,2.0,2.0,Low
76542.0,2013-2014,64,2,,1,1.0,1.0,0.0,0.0,1.0,High
76543.0,2013-2014,40,1,28.1,3,0.0,0.0,0.0,1.0,2.0,Moderate
76548.0,2013-2014,62,1,33.0,4,1.0,1.0,0.0,1.0,1.0,High
76549.0,2013-2014,74,1,26.6,4,1.0,1.0,0.0,2.0,2.0,Low
76550.0,2013-2014,70,1,25.0,2,1.0,1.0,0.0,1.0,2.0,Moderate
76551.0,2013-2014,56,2,24.6,6,1.0,0.0,1.0,0.0,2.0,Moderate
76552.0,2013-2014,31,2,32.6,1,1.0,0.0,1.0,0.0,2.0,Low
76553.0,2013-2014,22,1,21.3,3,1.0,0.0,0.0,0.0,2.0,Low
76556.0,2013-2014,45,1,29.8,1,1.0,0.0,0.0,1.0,3.0,Moderate
76557.0,2013-2014,54,1,27.8,1,0.0,0.0,0.0,1.0,2.0,Moderate
76558.0,2013-2014,64,2,23.2,6,0.0,1.0,1.0,0.0,2.0,Low
76560.0,2013-2014,57,1,21.1,6,0.0,0.0,1.0,0.0,2.0,Moderate
76561.0,2013-2014,61,1,24.3,1,1.0,1.0,1.0,1.0,3.0,Moderate
76565.0,2013-2014,80,2,30.4,3,0.0,1.0,0.0,0.0,2.0,Low
76567.0,2013-2014,20,2,22.0,3,1.0,0.0,1.0,0.0,2.0,Low
76568.0,2013-2014,64,2,50.8,4,1.0,1.0,0.0,1.0,2.0,Moderate
76569.0,2013-2014,45,1,22.4,1,1.0,0.0,1.0,2.0,2.0,Low
76571.0,2013-2014,57,1,24.3,2,0.0,1.0,1.0,0.0,3.0,Moderate
76573.0,2013-2014,41,2,,3,1.0,0.0,1.0,1.0,2.0,Low
76574.0,2013-2014,38,2,35.8,1,0.0,0.0,0.0,0.0,2.0,Low
76575.0,2013-2014,69,2,32.7,3,1.0,1.0,1.0,0.0,2.0,Low
76576.0,2013-2014,80,2,28.0,3,0.0,1.0,0.0,1.0,2.0,Moderate
76577.0,2013-2014,23,2,26.1,7,0.0,0.0,0.0,2.0,2.0,Low
76578.0,2013-2014,43,1,28.5,1,0.0,0.0,0.0,1.0,2.0,Low
76580.0,2013-2014,71,2,36.0,4,1.0,0.0,1.0,0.0,2.0,Moderate
76584.0,2013-2014,49,2,23.3,7,0.0,0.0,1.0,1.0,2.0,Low
76586.0,2013-2014,45,2,28.2,3,0.0,0.0,0.0,0.0,2.0,Low
76587.0,2013-2014,62,1,28.8,1,1.0,0.0,1.0,1.0,2.0,High
76589.0,2013-2014,38,1,21.2,3,0.0,0.0,0.0,1.0,2.0,Low
76590.0,2013-2014,67,2,33.1,4,0.0,1.0,0.0,0.0,2.0,High
76591.0,2013-2014,28,2,42.1,3,1.0,0.0,0.0,0.0,2.0,Low
76593.0,2013-2014,76,1,20.4,4,0.0,1.0,0.0,0.0,2.0,Low
76596.0,2013-2014,46,2,33.3,3,0.0,1.0,0.0,1.0,2.0,Moderate
76597.0,2013-2014,41,2,29.3,3,1.0,0.0,0.0,0.0,2.0,Low
76598.0,2013-2014,40,1,23.2,1,1.0,1.0,1.0,0.0,1.0,High
76599.0,2013-2014,63,1,32.6,4,1.0,1.0,0.0,2.0,1.0,High
76600.0,2013-2014,40,2,25.0,3,1.0,0.0,0.0,0.0,2.0,Low
76601.0,2013-2014,39,1,24.8,3,0.0,0.0,0.0,1.0,2.0,Moderate
76602.0,2013-2014,40,2,51.5,4,1.0,0.0,1.0,0.0,2.0,Low
76604.0,2013-2014,61,1,25.9,3,0.0,0.0,1.0,2.0,2.0,Low
76606.0,2013-2014,57,2,35.0,6,0.0,1.0,1.0,0.0,2.0,Moderate
76608.0,2013-2014,38,2,27.2,1,1.0,0.0,0.0,2.0,2.0,Moderate
76609.0,2013-2014,21,2,19.5,6,0.0,0.0,0.0,0.0,2.0,Low
76612.0,2013-2014,62,1,26.5,1,1.0,1.0,1.0,1.0,1.0,High
76613.0,2013-2014,32,1,23.2,6,0.0,0.0,1.0,0.0,2.0,Low
76614.0,2013-2014,41,2,43.3,3,1.0,1.0,1.0,0.0,1.0,High
76615.0,2013-2014,69,1,22.6,3,0.0,1.0,0.0,1.0,2.0,Low
76616.0,2013-2014,69,2,,3,0.0,1.0,0.0,2.0,2.0,Moderate
76619.0,2013-2014,31,2,21.3,3,0.0,1.0,1.0,0.0,2.0,Moderate
76622.0,2013-2014,22,1,26.1,4,1.0,0.0,0.0,0.0,2.0,Low
76623.0,2013-2014,41,1,21.8,1,0.0,0.0,1.0,2.0,2.0,Low
76624.0,2013-2014,51,1,19.8,3,0.0,1.0,0.0,1.0,2.0,Low
76626.0,2013-2014,51,2,27.4,3,0.0,1.0,1.0,1.0,2.0,Moderate
76627.0,2013-2014,76,2,31.3,3,0.0,1.0,1.0,0.0,2.0,Moderate
76629.0,2013-2014,25,1,35.6,4,0.0,0.0,0.0,0.0,2.0,Low
76630.0,2013-2014,39,2,20.9,6,0.0,0.0,1.0,2.0,2.0,Low
76631.0,2013-2014,80,2,37.2,3,0.0,0.0,0.0,0.0,2.0,Moderate
76632.0,2013-2014,49,1,18.2,6,0.0,0.0,0.0,2.0,2.0,Low
76633.0,2013-2014,48,1,24.4,7,0.0,0.0,0.0,0.0,2.0,Low
76634.0,2013-2014,43,2,20.5,6,1.0,0.0,1.0,0.0,2.0,Low
76635.0,2013-2014,59,1,23.1,6,0.0,0.0,1.0,0.0,2.0,Low
76636.0,2013-2014,29,2,20.7,4,0.0,0.0,0.0,0.0,2.0,Low
76637.0,2013-2014,42,2,35.7,3,0.0,0.0,0.0,1.0,2.0,Low
76638.0,2013-2014,63,2,32.8,2,0.0,0.0,1.0,0.0,2.0,Moderate
76639.0,2013-2014,43,1,20.4,4,0.0,0.0,1.0,2.0,2.0,Low
76641.0,2013-2014,42,2,45.3,3,0.0,1.0,0.0,1.0,2.0,Moderate
76642.0,2013-2014,40,2,25.1,6,1.0,0.0,1.0,0.0,2.0,Low
76643.0,2013-2014,41,2,35.3,4,1.0,1.0,1.0,0.0,2.0,Moderate
76645.0,2013-2014,52,1,24.4,7,1.0,1.0,1.0,1.0,1.0,High
76648.0,2013-2014,74,2,30.4,4,0.0,1.0,0.0,0.0,1.0,High
76649.0,2013-2014,59,1,23.2,4,0.0,0.0,0.0,0.0,2.0,Low
76653.0,2013-2014,66,2,27.1,3,0.0,0.0,0.0,0.0,2.0,Low
76654.0,2013-2014,45,2,27.9,3,0.0,0.0,0.0,1.0,2.0,Moderate
76655.0,2013-2014,64,2,42.2,2,1.0,1.0,0.0,1.0,1.0,High
76656.0,2013-2014,23,2,39.8,3,1.0,0.0,0.0,2.0,2.0,Low
76657.0,2013-2014,49,2,35.8,4,1.0,1.0,0.0,0.0,2.0,Moderate
76659.0,2013-2014,36,2,28.0,3,0.0,0.0,1.0,0.0,2.0,Low
76660.0,2013-2014,74,2,22.8,3,0.0,0.0,1.0,0.0,2.0,Low
76663.0,2013-2014,71,1,23.9,1,0.0,0.0,0.0,1.0,2.0,Moderate
76665.0,2013-2014,44,2,23.3,3,0.0,0.0,1.0,0.0,2.0,Low
76666.0,2013-2014,65,2,26.0,6,0.0,1.0,1.0,1.0,2.0,Moderate
76667.0,2013-2014,52,2,22.1,3,0.0,0.0,1.0,0.0,2.0,Low
76668.0,2013-2014,45,2,21.1,3,0.0,0.0,1.0,0.0,2.0,Low
76669.0,2013-2014,63,1,22.8,1,0.0,1.0,0.0,0.0,2.0,High
76670.0,2013-2014,49,1,27.1,3,0.0,0.0,1.0,0.0,2.0,Low
76671.0,2013-2014,40,2,25.3,4,0.0,0.0,0.0,0.0,2.0,Low
76672.0,2013-2014,45,2,28.6,4,1.0,0.0,1.0,0.0,2.0,Moderate
76673.0,2013-2014,80,1,27.3,3,0.0,1.0,1.0,1.0,2.0,Low
76674.0,2013-2014,42,2,37.2,3,1.0,1.0,0.0,0.0,1.0,High
76675.0,2013-2014,48,1,24.0,6,1.0,1.0,1.0,0.0,1.0,High
76676.0,2013-2014,41,1,27.2,2,0.0,0.0,1.0,2.0,2.0,Low
76679.0,2013-2014,69,2,37.5,3,1.0,1.0,0.0,0.0,1.0,High
76680.0,2013-2014,61,2,34.4,3,1.0,1.0,0.0,1.0,1.0,High
76684.0,2013-2014,47,2,25.9,3,0.0,0.0,1.0,1.0,2.0,Low
76686.0,2013-2014,34,1,27.5,7,1.0,0.0,0.0,1.0,2.0,Low
76687.0,2013-2014,79,1,24.0,4,0.0,1.0,0.0,1.0,1.0,High
76688.0,2013-2014,68,1,49.4,3,0.0,0.0,0.0,1.0,1.0,High
76691.0,2013-2014,38,1,26.1,2,1.0,0.0,0.0,1.0,2.0,Low
76692.0,2013-2014,58,2,43.8,3,0.0,1.0,0.0,0.0,2.0,Moderate
76697.0,2013-2014,24,1,24.4,7,,0.0,1.0,0.0,2.0,Low
76698.0,2013-2014,66,2,28.1,6,1.0,1.0,0.0,0.0,1.0,High
76700.0,2013-2014,53,1,33.8,1,1.0,0.0,1.0,0.0,2.0,Low
76702.0,2013-2014,62,1,20.9,4,0.0,0.0,1.0,0.0,2.0,Low
76703.0,2013-2014,36,1,27.8,3,0.0,0.0,0.0,1.0,2.0,Low
76704.0,2013-2014,50,2,29.0,3,1.0,0.0,0.0,2.0,1.0,High
76705.0,2013-2014,50,2,23.7,1,0.0,0.0,1.0,0.0,2.0,Moderate
76706.0,2013-2014,60,1,22.9,2,,0.0,1.0,2.0,2.0,Moderate
76707.0,2013-2014,46,2,27.9,4,0.0,0.0,0.0,0.0,2.0,Low
76708.0,2013-2014,23,1,25.0,4,0.0,0.0,1.0,0.0,2.0,Low
76709.0,2013-2014,74,1,43.7,3,0.0,1.0,0.0,0.0,2.0,Low
76712.0,2013-2014,36,1,22.5,3,0.0,0.0,1.0,0.0,2.0,Low
76714.0,2013-2014,72,2,43.1,3,1.0,1.0,0.0,0.0,1.0,High
76715.0,2013-2014,74,1,38.0,4,0.0,1.0,0.0,0.0,2.0,Low
76718.0,2013-2014,40,2,21.7,3,0.0,0.0,0.0,0.0,2.0,Low
76719.0,2013-2014,39,2,32.5,4,1.0,1.0,1.0,0.0,2.0,Low
76722.0,2013-2014,73,1,30.2,3,0.0,0.0,0.0,1.0,2.0,Moderate
76723.0,2013-2014,48,2,18.7,3,0.0,0.0,1.0,0.0,2.0,Low
76730.0,2013-2014,58,1,29.4,3,0.0,0.0,0.0,2.0,2.0,Low
76731.0,2013-2014,41,1,28.1,1,0.0,0.0,1.0,1.0,2.0,Moderate
76733.0,2013-2014,77,1,38.4,3,1.0,1.0,1.0,1.0,2.0,Low
76734.0,2013-2014,80,2,35.3,3,0.0,1.0,0.0,0.0,2.0,Moderate
76735.0,2013-2014,58,2,17.3,3,0.0,1.0,0.0,2.0,2.0,Low
76736.0,2013-2014,30,2,26.1,6,1.0,0.0,0.0,0.0,2.0,Low
76737.0,2013-2014,28,2,21.3,3,0.0,0.0,1.0,0.0,2.0,Low
76738.0,2013-2014,63,2,23.4,6,1.0,1.0,0.0,0.0,2.0,Moderate
76739.0,2013-2014,80,2,23.7,3,1.0,1.0,0.0,1.0,2.0,Moderate
76740.0,2013-2014,40,2,40.4,3,1.0,0.0,1.0,1.0,2.0,Low
76741.0,2013-2014,68,2,28.0,3,0.0,1.0,0.0,0.0,2.0,Low
76742.0,2013-2014,40,1,27.7,6,1.0,0.0,0.0,1.0,2.0,Low
76745.0,2013-2014,70,1,28.6,2,0.0,1.0,0.0,1.0,2.0,Moderate
76746.0,2013-2014,55,1,28.0,6,1.0,0.0,0.0,2.0,2.0,High
76747.0,2013-2014,80,2,45.2,3,1.0,1.0,0.0,0.0,1.0,High
76751.0,2013-2014,36,2,32.9,1,1.0,0.0,0.0,0.0,2.0,Moderate
76753.0,2013-2014,61,1,21.7,3,1.0,1.0,0.0,2.0,2.0,Moderate
76754.0,2013-2014,76,1,29.0,4,0.0,0.0,0.0,0.0,2.0,Low
76755.0,2013-2014,42,2,37.2,3,1.0,0.0,1.0,0.0,2.0,Low
76756.0,2013-2014,44,1,27.8,4,0.0,1.0,0.0,0.0,2.0,High
76757.0,2013-2014,79,1,19.5,4,0.0,1.0,1.0,1.0,2.0,Low
76764.0,2013-2014,61,2,25.8,6,0.0,1.0,1.0,0.0,2.0,Low
76767.0,2013-2014,25,2,30.7,3,1.0,0.0,0.0,0.0,2.0,Low
76771.0,2013-2014,33,1,28.6,2,0.0,0.0,0.0,0.0,2.0,Low
76777.0,2013-2014,29,1,25.4,1,0.0,0.0,1.0,1.0,2.0,Low
76779.0,2013-2014,71,2,30.7,1,1.0,0.0,0.0,0.0,2.0,Moderate
76785.0,2013-2014,22,1,17.3,6,0.0,0.0,0.0,0.0,2.0,Low
76789.0,2013-2014,71,2,32.6,3,0.0,1.0,0.0,0.0,2.0,Low
76792.0,2013-2014,38,2,31.9,6,1.0,1.0,0.0,1.0,1.0,High
76793.0,2013-2014,45,2,42.4,1,0.0,1.0,0.0,1.0,1.0,High
76796.0,2013-2014,42,2,26.9,3,1.0,0.0,1.0,1.0,2.0,Low
76797.0,2013-2014,60,2,16.3,6,0.0,0.0,0.0,0.0,2.0,Low
76799.0,2013-2014,36,1,26.5,3,0.0,1.0,0.0,1.0,2.0,Low
76802.0,2013-2014,57,1,25.8,4,1.0,0.0,0.0,1.0,2.0,Moderate
76805.0,2013-2014,56,2,21.3,3,0.0,0.0,0.0,0.0,2.0,Low
76807.0,2013-2014,72,2,26.0,1,0.0,1.0,1.0,0.0,2.0,Low
76809.0,2013-2014,80,1,20.7,3,1.0,1.0,1.0,0.0,1.0,High
76810.0,2013-2014,54,2,32.7,1,1.0,0.0,0.0,1.0,2.0,Low
76811.0,2013-2014,27,2,19.0,6,0.0,0.0,1.0,0.0,2.0,Low
76814.0,2013-2014,62,1,28.5,3,0.0,1.0,0.0,1.0,3.0,Moderate
76815.0,2013-2014,44,1,33.1,4,0.0,1.0,0.0,2.0,2.0,Moderate
76817.0,2013-2014,54,1,19.6,4,0.0,0.0,0.0,2.0,2.0,Low
76818.0,2013-2014,80,1,24.7,3,1.0,1.0,0.0,1.0,3.0,High
76819.0,2013-2014,54,2,17.2,6,1.0,0.0,1.0,0.0,2.0,Low
76820.0,2013-2014,46,1,31.1,4,1.0,0.0,0.0,0.0,2.0,Low
76824.0,2013-2014,57,2,30.2,3,0.0,1.0,1.0,2.0,3.0,Moderate
76825.0,2013-2014,28,1,29.0,2,1.0,1.0,1.0,1.0,2.0,Low
76826.0,2013-2014,23,1,21.0,3,0.0,0.0,1.0,0.0,2.0,Low
76827.0,2013-2014,72,2,28.2,1,0.0,0.0,0.0,1.0,2.0,High
76828.0,2013-2014,40,2,26.9,6,0.0,0.0,0.0,0.0,1.0,High
76831.0,2013-2014,80,2,24.4,3,1.0,1.0,0.0,0.0,1.0,High
76835.0,2013-2014,40,2,19.2,4,0.0,0.0,1.0,2.0,2.0,Low
76837.0,2013-2014,40,1,22.7,6,1.0,0.0,1.0,0.0,2.0,Moderate
76840.0,2013-2014,61,2,31.3,4,1.0,1.0,0.0,1.0,2.0,Moderate
76842.0,2013-2014,62,1,26.0,1,0.0,1.0,0.0,1.0,2.0,Moderate
76843.0,2013-2014,59,1,38.1,4,0.0,0.0,1.0,0.0,1.0,High
76846.0,2013-2014,26,2,20.6,2,0.0,0.0,1.0,2.0,2.0,Low
76847.0,2013-2014,35,2,17.4,6,1.0,0.0,1.0,1.0,2.0,Low
76849.0,2013-2014,79,1,21.4,3,1.0,0.0,0.0,1.0,2.0,Low
76851.0,2013-2014,73,2,42.0,2,0.0,1.0,0.0,1.0,2.0,Moderate
76853.0,2013-2014,80,1,24.7,3,0.0,1.0,0.0,0.0,2.0,Low
76854.0,2013-2014,36,1,33.5,3,0.0,0.0,1.0,0.0,2.0,Moderate
76856.0,2013-2014,20,1,27.6,3,1.0,0.0,1.0,2.0,2.0,Moderate
76859.0,2013-2014,32,1,28.9,6,0.0,0.0,0.0,2.0,2.0,Moderate
76860.0,2013-2014,60,2,28.1,4,1.0,1.0,0.0,2.0,1.0,High
76863.0,2013-2014,39,2,20.9,3,0.0,0.0,1.0,1.0,2.0,Low
76864.0,2013-2014,80,2,26.5,3,0.0,1.0,0.0,1.0,2.0,Low
76867.0,2013-2014,51,1,25.7,4,1.0,0.0,1.0,1.0,2.0,Moderate
76868.0,2013-2014,55,1,36.9,3,0.0,0.0,0.0,0.0,2.0,High
76870.0,2013-2014,80,2,26.1,3,0.0,1.0,0.0,0.0,2.0,Moderate
76871.0,2013-2014,70,2,38.9,6,0.0,1.0,1.0,1.0,1.0,High
76872.0,2013-2014,66,1,30.9,3,1.0,0.0,0.0,1.0,1.0,High
76877.0,2013-2014,52,2,39.4,4,1.0,0.0,0.0,1.0,2.0,Moderate
76878.0,2013-2014,30,1,37.2,3,0.0,1.0,1.0,0.0,2.0,Moderate
76880.0,2013-2014,62,2,40.4,4,1.0,1.0,0.0,0.0,2.0,Moderate
76882.0,2013-2014,33,2,36.1,3,1.0,0.0,0.0,1.0,2.0,Low
76884.0,2013-2014,55,2,23.6,4,0.0,1.0,1.0,1.0,2.0,Low
76885.0,2013-2014,51,1,31.3,3,0.0,0.0,1.0,1.0,2.0,Low
76886.0,2013-2014,54,1,26.6,2,1.0,0.0,1.0,1.0,2.0,Moderate
76888.0,2013-2014,80,1,35.5,3,0.0,1.0,0.0,0.0,2.0,Low
76889.0,2013-2014,65,2,31.4,4,0.0,0.0,0.0,2.0,1.0,High
76891.0,2013-2014,20,2,36.1,3,1.0,0.0,1.0,0.0,2.0,Low
76892.0,2013-2014,62,1,25.9,3,0.0,1.0,0.0,1.0,2.0,Moderate
76893.0,2013-2014,60,2,28.8,3,0.0,0.0,1.0,1.0,2.0,Moderate
76899.0,2013-2014,60,1,23.0,6,0.0,1.0,1.0,0.0,2.0,Low
76900.0,2013-2014,25,2,41.5,1,1.0,0.0,1.0,0.0,2.0,Low
76901.0,2013-2014,52,2,37.2,4,1.0,1.0,0.0,2.0,2.0,Low
76902.0,2013-2014,56,1,28.6,2,0.0,1.0,1.0,0.0,2.0,Moderate
76903.0,2013-2014,34,1,20.7,3,1.0,1.0,0.0,2.0,2.0,Moderate
76905.0,2013-2014,33,2,31.3,4,0.0,0.0,1.0,0.0,2.0,Moderate
76907.0,2013-2014,32,1,25.7,3,0.0,0.0,1.0,0.0,2.0,Low
76908.0,2013-2014,22,2,23.8,7,0.0,1.0,1.0,0.0,2.0,Low
76911.0,2013-2014,56,2,34.2,3,1.0,1.0,0.0,2.0,2.0,Low
76912.0,2013-2014,74,1,24.4,1,0.0,1.0,1.0,2.0,2.0,Moderate
76914.0,2013-2014,34,2,26.3,1,0.0,1.0,0.0,0.0,2.0,Low
76915.0,2013-2014,63,1,31.6,4,1.0,1.0,0.0,1.0,3.0,Moderate
76917.0,2013-2014,80,1,,3,0.0,1.0,0.0,0.0,2.0,High
76919.0,2013-2014,37,1,25.7,3,,0.0,1.0,1.0,2.0,Low
76920.0,2013-2014,23,2,22.5,7,0.0,0.0,0.0,2.0,2.0,Low
76921.0,2013-2014,64,1,41.3,2,0.0,1.0,0.0,1.0,2.0,High
76925.0,2013-2014,58,2,43.2,3,1.0,1.0,0.0,2.0,1.0,High
76928.0,2013-2014,57,1,26.9,3,0.0,1.0,0.0,2.0,1.0,High
76931.0,2013-2014,80,1,21.0,3,0.0,1.0,1.0,0.0,2.0,Moderate
76932.0,2013-2014,73,1,21.9,2,0.0,,1.0,0.0,2.0,Low
76934.0,2013-2014,41,1,25.0,7,0.0,0.0,1.0,0.0,2.0,Low
76935.0,2013-2014,43,1,23.8,2,1.0,0.0,1.0,2.0,2.0,Moderate
76937.0,2013-2014,39,1,27.9,3,1.0,0.0,1.0,2.0,2.0,Low
76940.0,2013-2014,21,1,24.5,3,0.0,0.0,1.0,2.0,2.0,Low
76941.0,2013-2014,78,2,23.9,3,1.0,1.0,0.0,0.0,2.0,Moderate
76944.0,2013-2014,64,1,27.3,2,0.0,0.0,0.0,1.0,2.0,Moderate
76945.0,2013-2014,53,2,30.4,3,0.0,1.0,0.0,2.0,2.0,Moderate
76950.0,2013-2014,36,2,26.7,3,0.0,0.0,1.0,0.0,2.0,Low
76951.0,2013-2014,80,2,29.3,4,1.0,1.0,0.0,0.0,2.0,Low
76953.0,2013-2014,41,1,25.8,6,1.0,0.0,1.0,0.0,2.0,Moderate
76954.0,2013-2014,48,1,30.0,7,1.0,0.0,0.0,0.0,2.0,Moderate
76955.0,2013-2014,38,1,23.5,4,0.0,0.0,1.0,2.0,2.0,Low
76958.0,2013-2014,57,2,21.1,2,1.0,0.0,0.0,1.0,2.0,Moderate
76960.0,2013-2014,59,1,20.2,6,0.0,0.0,0.0,2.0,2.0,Moderate
76963.0,2013-2014,39,1,24.1,6,0.0,0.0,1.0,0.0,2.0,Low
76965.0,2013-2014,35,1,30.1,6,1.0,0.0,1.0,1.0,2.0,Low
76966.0,2013-2014,48,2,22.3,6,0.0,1.0,1.0,1.0,2.0,Low
76968.0,2013-2014,34,1,39.2,1,0.0,0.0,0.0,0.0,2.0,Moderate
76969.0,2013-2014,52,1,22.7,3,1.0,0.0,0.0,2.0,2.0,Moderate
76972.0,2013-2014,57,1,27.9,1,1.0,0.0,0.0,0.0,1.0,High
76973.0,2013-2014,65,2,25.3,3,1.0,0.0,0.0,0.0,2.0,Low
76974.0,2013-2014,38,2,22.3,3,0.0,0.0,1.0,0.0,2.0,Low
76975.0,2013-2014,53,1,31.3,6,1.0,1.0,0.0,2.0,2.0,Moderate
76977.0,2013-2014,69,1,19.3,4,0.0,1.0,1.0,2.0,2.0,Moderate
76979.0,2013-2014,23,2,52.4,7,1.0,0.0,1.0,0.0,2.0,Low
76984.0,2013-2014,43,1,47.4,3,1.0,0.0,0.0,1.0,1.0,High
76985.0,2013-2014,80,2,36.5,3,0.0,0.0,1.0,1.0,2.0,Moderate
76987.0,2013-2014,33,2,28.0,1,1.0,1.0,0.0,0.0,1.0,High
76988.0,2013-2014,67,1,25.4,6,1.0,0.0,1.0,1.0,1.0,High
76990.0,2013-2014,21,1,21.3,3,0.0,0.0,1.0,2.0,2.0,Moderate
76991.0,2013-2014,80,2,21.6,3,1.0,1.0,0.0,0.0,2.0,Moderate
76992.0,2013-2014,67,1,26.1,2,0.0,0.0,1.0,1.0,2.0,Low
76994.0,2013-2014,31,2,22.2,3,1.0,1.0,1.0,2.0,2.0,Low
76996.0,2013-2014,36,1,25.2,1,0.0,0.0,1.0,0.0,2.0,Low
77000.0,2013-2014,55,2,50.3,3,0.0,1.0,0.0,0.0,1.0,High
77001.0,2013-2014,40,2,34.3,3,1.0,1.0,0.0,2.0,1.0,High
77003.0,2013-2014,42,1,26.8,6,0.0,1.0,0.0,0.0,2.0,Moderate
77004.0,2013-2014,80,2,17.7,3,1.0,0.0,1.0,0.0,2.0,Low
77006.0,2013-2014,34,2,26.5,2,1.0,1.0,1.0,2.0,2.0,Low
77007.0,2013-2014,45,2,32.8,3,1.0,0.0,0.0,2.0,2.0,Low
77008.0,2013-2014,55,2,20.3,3,0.0,0.0,1.0,0.0,2.0,Low
77010.0,2013-2014,44,1,25.6,1,1.0,1.0,0.0,2.0,1.0,High
77011.0,2013-2014,63,2,29.0,1,0.0,0.0,0.0,0.0,2.0,Low
77012.0,2013-2014,80,1,30.8,3,0.0,0.0,1.0,1.0,2.0,Moderate
77013.0,2013-2014,25,1,20.8,3,0.0,0.0,0.0,0.0,2.0,Low
77014.0,2013-2014,52,2,26.1,4,1.0,0.0,1.0,1.0,2.0,Moderate
77016.0,2013-2014,20,2,28.4,4,1.0,1.0,0.0,0.0,2.0,Low
77017.0,2013-2014,34,1,32.2,3,1.0,1.0,0.0,0.0,2.0,Low
77019.0,2013-2014,28,2,30.5,4,1.0,0.0,0.0,2.0,2.0,Low
77020.0,2013-2014,47,1,31.2,3,1.0,0.0,1.0,1.0,2.0,Moderate
77021.0,2013-2014,43,1,29.2,4,0.0,0.0,1.0,0.0,2.0,Moderate
77022.0,2013-2014,54,1,21.8,1,0.0,0.0,0.0,0.0,2.0,Low
77023.0,2013-2014,65,2,18.6,3,0.0,0.0,1.0,0.0,2.0,Low
77024.0,2013-2014,25,1,40.5,4,,0.0,1.0,0.0,2.0,Low
77025.0,2013-2014,55,1,22.0,6,1.0,0.0,0.0,2.0,2.0,High
77028.0,2013-2014,54,1,31.1,4,0.0,0.0,1.0,1.0,2.0,Moderate
77029.0,2013-2014,48,1,26.2,2,0.0,0.0,1.0,0.0,2.0,Moderate
77030.0,2013-2014,70,1,27.3,4,0.0,0.0,0.0,0.0,2.0,Low
77032.0,2013-2014,57,2,37.1,4,0.0,0.0,0.0,0.0,2.0,Low
77033.0,2013-2014,21,1,49.1,4,1.0,0.0,0.0,0.0,2.0,High
77035.0,2013-2014,64,1,26.4,4,1.0,1.0,1.0,2.0,3.0,Moderate
77040.0,2013-2014,80,2,21.1,3,1.0,0.0,1.0,1.0,1.0,High
77041.0,2013-2014,73,1,25.3,4,0.0,1.0,0.0,0.0,2.0,Moderate
77043.0,2013-2014,60,2,33.3,3,1.0,1.0,1.0,2.0,3.0,Moderate
77045.0,2013-2014,30,1,46.2,4,1.0,1.0,1.0,2.0,1.0,High
77046.0,2013-2014,62,1,27.8,3,1.0,1.0,0.0,1.0,2.0,Moderate
77047.0,2013-2014,28,1,26.4,2,0.0,0.0,1.0,1.0,2.0,Low
77049.0,2013-2014,66,2,30.2,6,1.0,1.0,1.0,0.0,1.0,High
77050.0,2013-2014,31,1,35.9,3,0.0,0.0,0.0,0.0,2.0,Low
77051.0,2013-2014,21,2,28.2,1,0.0,0.0,1.0,0.0,2.0,Low
77054.0,2013-2014,54,1,24.8,6,0.0,1.0,0.0,0.0,2.0,Moderate
77055.0,2013-2014,45,2,82.9,7,,1.0,1.0,1.0,2.0,Moderate
77057.0,2013-2014,80,2,22.1,3,0.0,0.0,1.0,0.0,2.0,Moderate
77060.0,2013-2014,72,2,40.6,4,0.0,,0.0,0.0,1.0,High
77063.0,2013-2014,69,2,30.7,3,0.0,0.0,0.0,0.0,2.0,Low
77066.0,2013-2014,62,2,42.8,2,1.0,0.0,0.0,2.0,2.0,High
77067.0,2013-2014,67,2,21.5,3,1.0,1.0,0.0,2.0,2.0,Low
77070.0,2013-2014,30,1,23.4,3,0.0,0.0,1.0,1.0,2.0,Low
77072.0,2013-2014,70,1,17.0,3,0.0,0.0,0.0,2.0,2.0,Low
77073.0,2013-2014,67,2,34.0,3,1.0,1.0,0.0,0.0,1.0,High
77074.0,2013-2014,58,1,24.2,4,0.0,0.0,1.0,2.0,2.0,Low
77075.0,2013-2014,42,2,20.5,4,1.0,0.0,1.0,0.0,2.0,Moderate
77076.0,2013-2014,35,1,33.7,4,0.0,0.0,1.0,0.0,2.0,Low
77077.0,2013-2014,50,1,74.1,4,0.0,1.0,0.0,0.0,2.0,Moderate
77080.0,2013-2014,26,2,19.5,3,0.0,0.0,1.0,0.0,2.0,Low
77081.0,2013-2014,67,1,32.2,3,1.0,1.0,1.0,1.0,1.0,High
77082.0,2013-2014,25,2,23.3,3,0.0,0.0,1.0,0.0,2.0,Low
77083.0,2013-2014,77,2,25.4,3,0.0,0.0,1.0,0.0,2.0,Moderate
77090.0,2013-2014,43,2,29.7,4,1.0,1.0,0.0,0.0,1.0,High
77091.0,2013-2014,31,2,24.8,1,1.0,0.0,1.0,0.0,2.0,Low
77094.0,2013-2014,57,2,27.3,6,,0.0,1.0,1.0,2.0,Moderate
77095.0,2013-2014,46,1,25.7,3,1.0,1.0,1.0,0.0,1.0,High
77096.0,2013-2014,75,2,29.4,3,1.0,0.0,1.0,0.0,2.0,Moderate
77097.0,2013-2014,25,1,21.6,4,1.0,0.0,1.0,0.0,2.0,Moderate
77098.0,2013-2014,34,1,24.8,4,0.0,0.0,1.0,0.0,2.0,Low
77100.0,2013-2014,63,1,27.4,1,0.0,0.0,0.0,2.0,2.0,High
77101.0,2013-2014,62,2,29.3,4,1.0,1.0,1.0,2.0,2.0,Moderate
77103.0,2013-2014,53,2,22.1,2,0.0,0.0,0.0,0.0,2.0,Low
77105.0,2013-2014,76,1,28.8,3,0.0,1.0,0.0,1.0,2.0,Moderate
77109.0,2013-2014,38,1,33.1,1,0.0,0.0,0.0,1.0,2.0,Low
77111.0,2013-2014,61,1,49.4,3,1.0,1.0,0.0,0.0,1.0,High
77112.0,2013-2014,27,2,23.9,1,1.0,0.0,1.0,0.0,2.0,Low
77113.0,2013-2014,58,2,22.8,6,0.0,0.0,0.0,0.0,2.0,Low
77114.0,2013-2014,73,2,28.3,1,0.0,1.0,1.0,0.0,2.0,Moderate
77116.0,2013-2014,21,1,19.3,3,,0.0,1.0,2.0,2.0,Low
77120.0,2013-2014,56,2,32.3,3,1.0,0.0,0.0,0.0,2.0,Low
77121.0,2013-2014,42,2,29.6,3,0.0,0.0,0.0,1.0,2.0,Low
77123.0,2013-2014,50,2,27.6,7,0.0,0.0,1.0,0.0,2.0,Moderate
77126.0,2013-2014,70,2,28.5,3,0.0,0.0,0.0,0.0,2.0,Low
77127.0,2013-2014,41,2,21.9,4,0.0,0.0,0.0,1.0,2.0,Low
77131.0,2013-2014,42,2,24.3,3,0.0,0.0,1.0,0.0,2.0,Low
77132.0,2013-2014,25,1,23.2,6,0.0,0.0,1.0,0.0,2.0,Low
77136.0,2013-2014,22,2,24.4,3,0.0,0.0,1.0,0.0,2.0,Low
77139.0,2013-2014,71,2,28.5,2,1.0,1.0,0.0,0.0,1.0,High
77140.0,2013-2014,58,1,28.3,1,0.0,1.0,1.0,1.0,1.0,High
77141.0,2013-2014,42,2,27.1,1,1.0,0.0,1.0,0.0,2.0,Moderate
77142.0,2013-2014,68,1,22.4,4,0.0,1.0,1.0,1.0,1.0,High
77144.0,2013-2014,27,2,22.2,3,0.0,0.0,0.0,0.0,2.0,Moderate
77147.0,2013-2014,45,1,27.4,6,1.0,1.0,0.0,2.0,2.0,High
77150.0,2013-2014,31,1,33.7,3,0.0,1.0,0.0,1.0,2.0,Low
77151.0,2013-2014,34,1,21.0,3,0.0,0.0,1.0,0.0,2.0,Moderate
77153.0,2013-2014,29,2,27.4,3,1.0,1.0,1.0,2.0,2.0,Low
77154.0,2013-2014,58,2,34.7,4,0.0,1.0,0.0,1.0,2.0,Moderate
77155.0,2013-2014,22,1,32.0,4,0.0,0.0,1.0,2.0,2.0,Low
77156.0,2013-2014,30,1,31.5,3,0.0,0.0,1.0,1.0,2.0,Moderate
77157.0,2013-2014,47,2,22.3,3,0.0,0.0,1.0,0.0,2.0,Low
77158.0,2013-2014,20,1,23.1,3,1.0,0.0,0.0,0.0,2.0,Low
77159.0,2013-2014,38,2,40.6,7,1.0,0.0,0.0,2.0,2.0,Low
77160.0,2013-2014,52,1,57.3,3,1.0,0.0,0.0,0.0,1.0,High
77162.0,2013-2014,72,2,40.3,3,0.0,1.0,0.0,0.0,2.0,Moderate
77163.0,2013-2014,66,2,38.7,1,1.0,1.0,1.0,0.0,1.0,High
77164.0,2013-2014,56,2,27.5,6,0.0,1.0,0.0,0.0,2.0,Low
77167.0,2013-2014,40,2,32.7,4,0.0,0.0,0.0,0.0,2.0,High
77168.0,2013-2014,80,2,24.5,3,0.0,0.0,1.0,0.0,2.0,Low
77170.0,2013-2014,58,2,26.2,2,0.0,0.0,1.0,0.0,2.0,Moderate
77171.0,2013-2014,69,2,27.4,2,1.0,0.0,0.0,0.0,2.0,Low
77172.0,2013-2014,42,1,23.5,6,1.0,0.0,1.0,2.0,2.0,Low
77174.0,2013-2014,22,1,28.0,2,0.0,0.0,1.0,0.0,2.0,Low
77176.0,2013-2014,41,2,31.2,1,0.0,0.0,0.0,0.0,1.0,High
77177.0,2013-2014,48,1,27.8,3,,1.0,1.0,0.0,2.0,Moderate
77178.0,2013-2014,80,2,28.1,3,1.0,1.0,0.0,1.0,2.0,High
77185.0,2013-2014,51,2,26.1,3,1.0,0.0,1.0,0.0,2.0,Low
77187.0,2013-2014,80,2,31.6,3,1.0,1.0,0.0,0.0,2.0,High
77189.0,2013-2014,56,2,31.2,3,1.0,1.0,0.0,2.0,2.0,Low
77191.0,2013-2014,80,2,24.5,3,0.0,1.0,0.0,0.0,2.0,Moderate
77192.0,2013-2014,57,1,32.2,3,0.0,1.0,0.0,1.0,2.0,Moderate
77194.0,2013-2014,60,1,29.8,4,0.0,0.0,0.0,0.0,2.0,Moderate
77195.0,2013-2014,47,2,19.8,2,0.0,0.0,1.0,0.0,2.0,Low
77196.0,2013-2014,41,1,27.2,3,0.0,0.0,0.0,2.0,2.0,Low
77197.0,2013-2014,47,2,34.0,4,0.0,1.0,0.0,0.0,2.0,Low
77198.0,2013-2014,70,2,20.3,6,0.0,0.0,0.0,0.0,2.0,Moderate
77199.0,2013-2014,54,2,28.2,3,0.0,1.0,0.0,2.0,1.0,High
77200.0,2013-2014,68,2,38.1,4,0.0,1.0,1.0,1.0,2.0,Moderate
77205.0,2013-2014,57,2,23.4,6,1.0,0.0,0.0,0.0,2.0,Low
77206.0,2013-2014,20,2,23.8,4,0.0,0.0,1.0,0.0,2.0,Low
77211.0,2013-2014,73,1,29.4,6,0.0,1.0,1.0,0.0,2.0,Moderate
77212.0,2013-2014,80,1,32.5,3,0.0,1.0,0.0,1.0,2.0,Low
77213.0,2013-2014,24,1,23.4,3,1.0,0.0,1.0,2.0,2.0,Low
77215.0,2013-2014,38,1,35.8,1,0.0,0.0,0.0,0.0,2.0,Moderate
77217.0,2013-2014,20,2,21.4,3,1.0,0.0,0.0,2.0,2.0,Low
77220.0,2013-2014,25,2,24.4,4,1.0,1.0,1.0,0.0,2.0,Low
77221.0,2013-2014,39,2,31.3,3,0.0,0.0,1.0,0.0,2.0,Moderate
77223.0,2013-2014,65,2,19.0,2,0.0,0.0,1.0,2.0,2.0,Moderate
77224.0,2013-2014,22,2,21.3,3,1.0,0.0,1.0,0.0,2.0,Low
77225.0,2013-2014,43,1,33.5,3,0.0,0.0,0.0,2.0,2.0,Low
77228.0,2013-2014,27,1,30.7,3,0.0,0.0,1.0,0.0,2.0,Moderate
77229.0,2013-2014,48,1,34.6,4,1.0,1.0,1.0,0.0,2.0,High
77230.0,2013-2014,59,1,23.5,6,0.0,0.0,1.0,0.0,2.0,Low
77232.0,2013-2014,73,1,30.0,3,1.0,0.0,1.0,1.0,3.0,High
77234.0,2013-2014,24,2,33.2,4,1.0,0.0,1.0,0.0,2.0,Low
77235.0,2013-2014,32,2,24.7,6,1.0,0.0,0.0,0.0,2.0,Low
77236.0,2013-2014,44,2,29.8,3,1.0,0.0,1.0,0.0,2.0,Low
77237.0,2013-2014,21,2,29.6,4,1.0,0.0,1.0,0.0,1.0,High
77238.0,2013-2014,59,1,23.3,3,0.0,1.0,1.0,1.0,2.0,Low
77239.0,2013-2014,36,2,70.1,3,1.0,0.0,0.0,0.0,2.0,Low
77240.0,2013-2014,35,1,23.2,3,0.0,0.0,1.0,2.0,2.0,Moderate
77241.0,2013-2014,27,1,25.6,2,0.0,0.0,1.0,0.0,2.0,Low
77244.0,2013-2014,42,1,25.9,4,0.0,0.0,1.0,2.0,2.0,Low
77245.0,2013-2014,73,2,26.7,6,,1.0,1.0,0.0,2.0,Moderate
77246.0,2013-2014,68,1,24.8,4,0.0,0.0,0.0,0.0,2.0,Moderate
77247.0,2013-2014,67,2,34.5,1,1.0,1.0,1.0,0.0,1.0,High
77248.0,2013-2014,22,2,28.6,6,1.0,0.0,1.0,0.0,2.0,High
77250.0,2013-2014,78,1,24.8,1,0.0,1.0,1.0,1.0,1.0,High
77251.0,2013-2014,26,2,36.0,4,1.0,1.0,1.0,1.0,3.0,Moderate
77254.0,2013-2014,36,1,22.8,6,1.0,1.0,1.0,2.0,2.0,Low
77255.0,2013-2014,60,2,63.0,3,1.0,1.0,0.0,1.0,3.0,Moderate
77256.0,2013-2014,30,1,28.6,3,0.0,1.0,1.0,0.0,2.0,Low
77257.0,2013-2014,61,1,30.6,2,0.0,0.0,0.0,1.0,2.0,Moderate
77259.0,2013-2014,24,1,21.6,3,1.0,0.0,0.0,2.0,2.0,Low
77263.0,2013-2014,44,2,30.0,1,0.0,0.0,0.0,0.0,2.0,Low
77265.0,2013-2014,41,2,41.3,4,1.0,0.0,1.0,0.0,2.0,Moderate
77275.0,2013-2014,60,1,28.9,2,1.0,0.0,1.0,0.0,2.0,Low
77277.0,2013-2014,53,1,30.4,3,0.0,0.0,1.0,1.0,2.0,Low
77279.0,2013-2014,38,2,26.0,3,1.0,0.0,1.0,1.0,2.0,Low
77280.0,2013-2014,42,1,25.3,3,1.0,1.0,1.0,2.0,3.0,Moderate
77282.0,2013-2014,20,1,32.9,6,0.0,0.0,0.0,0.0,2.0,Low
77284.0,2013-2014,65,1,22.8,3,0.0,0.0,1.0,1.0,3.0,High
77285.0,2013-2014,29,2,34.5,4,1.0,0.0,0.0,2.0,2.0,Low
77287.0,2013-2014,53,2,22.2,6,0.0,0.0,1.0,0.0,2.0,Low
77289.0,2013-2014,24,1,28.4,4,0.0,0.0,1.0,0.0,2.0,Moderate
77290.0,2013-2014,44,2,28.5,4,0.0,0.0,1.0,2.0,2.0,Low
77291.0,2013-2014,42,2,28.0,3,0.0,0.0,0.0,2.0,2.0,Low
77295.0,2013-2014,30,1,42.4,4,1.0,0.0,0.0,2.0,2.0,Low
77298.0,2013-2014,63,1,44.5,3,0.0,1.0,1.0,1.0,2.0,Low
77299.0,2013-2014,67,2,44.0,4,1.0,1.0,1.0,0.0,2.0,Moderate
77300.0,2013-2014,24,1,31.9,2,1.0,0.0,1.0,0.0,2.0,Low
77302.0,2013-2014,23,1,23.0,3,0.0,0.0,0.0,0.0,2.0,Moderate
77303.0,2013-2014,60,2,25.8,4,1.0,1.0,0.0,0.0,2.0,High
77304.0,2013-2014,21,2,31.5,3,0.0,0.0,0.0,1.0,2.0,Low
77305.0,2013-2014,58,2,26.6,3,0.0,0.0,0.0,2.0,2.0,Low
77306.0,2013-2014,73,1,29.1,2,0.0,0.0,1.0,1.0,2.0,Low
77308.0,2013-2014,51,2,25.3,3,,0.0,1.0,0.0,2.0,Moderate
77310.0,2013-2014,26,1,29.8,1,0.0,0.0,1.0,0.0,2.0,Low
77311.0,2013-2014,38,1,38.4,1,1.0,1.0,0.0,0.0,1.0,High
77313.0,2013-2014,67,2,32.8,1,0.0,1.0,0.0,0.0,2.0,High
77314.0,2013-2014,76,1,42.0,4,1.0,1.0,0.0,0.0,2.0,Low
77315.0,2013-2014,20,2,25.9,3,0.0,0.0,0.0,2.0,2.0,Low
77318.0,2013-2014,62,1,34.7,4,1.0,1.0,0.0,2.0,1.0,High
77319.0,2013-2014,51,1,30.7,3,1.0,0.0,1.0,0.0,2.0,Low
77320.0,2013-2014,35,2,19.8,4,0.0,0.0,0.0,0.0,2.0,Low
77322.0,2013-2014,24,1,20.7,4,1.0,0.0,0.0,0.0,2.0,Low
77323.0,2013-2014,28,2,23.5,7,1.0,0.0,0.0,0.0,2.0,High
77328.0,2013-2014,43,2,23.5,6,1.0,0.0,1.0,0.0,2.0,Moderate
77331.0,2013-2014,54,1,26.4,3,0.0,0.0,1.0,0.0,2.0,Low
77332.0,2013-2014,36,1,44.8,3,1.0,1.0,0.0,0.0,2.0,Low
77333.0,2013-2014,70,1,34.9,3,1.0,1.0,1.0,1.0,3.0,Moderate
77336.0,2013-2014,48,1,29.1,4,1.0,1.0,0.0,0.0,2.0,Moderate
77337.0,2013-2014,23,2,29.1,1,0.0,0.0,0.0,0.0,2.0,Low
77339.0,2013-2014,41,2,32.5,7,1.0,0.0,1.0,0.0,2.0,Low
77340.0,2013-2014,39,2,27.4,3,0.0,1.0,1.0,0.0,2.0,Low
77341.0,2013-2014,49,2,36.8,3,0.0,1.0,1.0,1.0,2.0,Low
77342.0,2013-2014,37,1,29.8,3,0.0,0.0,0.0,2.0,2.0,Low
77346.0,2013-2014,30,1,39.9,2,1.0,0.0,1.0,0.0,2.0,Moderate
77347.0,2013-2014,80,2,30.7,3,1.0,1.0,1.0,0.0,2.0,Low
77348.0,2013-2014,78,1,25.5,3,0.0,1.0,1.0,1.0,2.0,Low
77349.0,2013-2014,53,2,21.8,6,0.0,0.0,1.0,0.0,2.0,Low
77351.0,2013-2014,80,2,34.0,2,0.0,0.0,0.0,0.0,1.0,High
77355.0,2013-2014,71,2,29.2,4,1.0,1.0,1.0,0.0,1.0,High
77360.0,2013-2014,41,1,33.6,3,1.0,1.0,0.0,2.0,2.0,Moderate
77362.0,2013-2014,75,2,40.6,3,0.0,0.0,1.0,0.0,2.0,High
77364.0,2013-2014,66,2,50.6,3,0.0,1.0,0.0,0.0,2.0,Moderate
77365.0,2013-2014,23,1,21.8,6,0.0,0.0,1.0,0.0,2.0,Moderate
77367.0,2013-2014,48,2,22.8,4,1.0,0.0,0.0,0.0,2.0,Low
77368.0,2013-2014,43,2,30.2,1,0.0,0.0,0.0,0.0,2.0,Low
77369.0,2013-2014,21,2,47.9,2,1.0,0.0,1.0,0.0,2.0,Low
77371.0,2013-2014,70,2,25.5,3,1.0,1.0,0.0,1.0,2.0,Low
77373.0,2013-2014,74,2,23.9,3,0.0,0.0,1.0,0.0,3.0,Moderate
77374.0,2013-2014,46,2,23.8,4,0.0,0.0,0.0,2.0,2.0,Moderate
77376.0,2013-2014,60,1,26.1,1,1.0,,1.0,1.0,1.0,High
77377.0,2013-2014,36,1,34.9,1,1.0,0.0,0.0,0.0,2.0,Moderate
77380.0,2013-2014,46,1,27.6,3,0.0,0.0,1.0,0.0,2.0,Moderate
77381.0,2013-2014,28,1,24.7,3,1.0,1.0,1.0,2.0,2.0,Low
77383.0,2013-2014,80,1,20.7,4,0.0,0.0,1.0,0.0,2.0,Low
77385.0,2013-2014,52,1,26.4,3,,1.0,1.0,2.0,2.0,Moderate
77386.0,2013-2014,31,2,23.4,6,0.0,0.0,1.0,0.0,2.0,Low
77387.0,2013-2014,44,1,27.9,3,1.0,0.0,0.0,2.0,2.0,Low
77388.0,2013-2014,46,1,28.4,4,0.0,0.0,0.0,0.0,2.0,High
77391.0,2013-2014,36,1,36.4,3,1.0,1.0,1.0,2.0,2.0,High
77392.0,2013-2014,54,2,42.6,2,1.0,1.0,0.0,1.0,1.0,High
77393.0,2013-2014,63,2,18.7,6,1.0,0.0,0.0,0.0,2.0,Low
77394.0,2013-2014,60,2,40.9,4,1.0,1.0,1.0,0.0,3.0,Moderate
77396.0,2013-2014,31,2,24.1,3,0.0,0.0,1.0,0.0,2.0,Low
77398.0,2013-2014,62,1,25.9,2,0.0,0.0,0.0,2.0,2.0,Moderate
77399.0,2013-2014,80,2,33.8,3,1.0,0.0,1.0,0.0,1.0,High
77400.0,2013-2014,80,1,28.5,3,0.0,1.0,0.0,0.0,2.0,Moderate
77405.0,2013-2014,53,2,30.5,3,1.0,0.0,1.0,2.0,2.0,Low
77407.0,2013-2014,44,2,24.7,3,0.0,0.0,0.0,2.0,2.0,Low
77408.0,2013-2014,79,2,29.8,2,0.0,1.0,1.0,0.0,2.0,Low
77409.0,2013-2014,38,2,22.7,3,0.0,0.0,0.0,0.0,2.0,Moderate
77411.0,2013-2014,44,2,22.0,3,0.0,0.0,0.0,2.0,2.0,Low
77414.0,2013-2014,32,1,40.2,1,1.0,0.0,1.0,0.0,2.0,Low
77415.0,2013-2014,72,2,33.1,3,1.0,1.0,0.0,1.0,2.0,Moderate
77417.0,2013-2014,80,1,29.7,3,1.0,0.0,0.0,1.0,1.0,High
77419.0,2013-2014,24,1,26.4,3,1.0,1.0,1.0,0.0,2.0,Low
77422.0,2013-2014,80,1,21.1,6,0.0,1.0,1.0,0.0,3.0,High
77423.0,2013-2014,74,1,27.7,3,0.0,0.0,1.0,1.0,1.0,High
77424.0,2013-2014,40,2,27.1,6,1.0,0.0,1.0,2.0,1.0,High
77425.0,2013-2014,66,1,18.6,4,0.0,0.0,1.0,2.0,2.0,Low
77428.0,2013-2014,33,2,32.1,4,1.0,0.0,0.0,0.0,2.0,Low
77429.0,2013-2014,76,2,34.7,4,1.0,0.0,1.0,1.0,3.0,Moderate
77431.0,2013-2014,22,2,21.1,4,0.0,0.0,0.0,2.0,2.0,Low
77433.0,2013-2014,58,2,26.2,6,0.0,1.0,0.0,0.0,2.0,Low
77436.0,2013-2014,58,2,32.0,3,0.0,1.0,1.0,0.0,2.0,Moderate
77438.0,2013-2014,41,2,26.1,1,0.0,0.0,1.0,1.0,2.0,Low
77443.0,2013-2014,64,1,33.1,3,1.0,1.0,0.0,1.0,1.0,High
77444.0,2013-2014,63,1,20.6,4,0.0,0.0,0.0,2.0,2.0,Low
77445.0,2013-2014,20,1,30.6,3,0.0,0.0,1.0,2.0,2.0,Low
77446.0,2013-2014,26,2,26.9,3,0.0,1.0,0.0,0.0,2.0,Low
77448.0,2013-2014,26,1,19.3,4,0.0,0.0,0.0,0.0,2.0,Low
77450.0,2013-2014,58,2,27.2,6,1.0,1.0,1.0,0.0,2.0,Low
77451.0,2013-2014,61,1,25.6,6,0.0,1.0,0.0,1.0,2.0,Low
77452.0,2013-2014,27,1,29.1,1,0.0,0.0,0.0,1.0,2.0,Low
77453.0,2013-2014,57,2,28.5,7,0.0,0.0,1.0,2.0,2.0,Moderate
77456.0,2013-2014,62,2,24.4,1,1.0,0.0,0.0,0.0,2.0,Low
77458.0,2013-2014,50,1,30.5,4,0.0,1.0,0.0,2.0,2.0,Moderate
77459.0,2013-2014,29,1,25.4,1,0.0,0.0,1.0,0.0,2.0,Low
77460.0,2013-2014,45,1,30.9,1,0.0,1.0,1.0,0.0,2.0,Low
77461.0,2013-2014,20,2,18.5,4,0.0,0.0,1.0,0.0,2.0,Low
77463.0,2013-2014,50,2,36.4,1,1.0,1.0,1.0,0.0,2.0,Moderate
77464.0,2013-2014,36,2,45.8,7,1.0,1.0,1.0,2.0,1.0,High
77465.0,2013-2014,21,2,19.5,2,0.0,0.0,1.0,0.0,2.0,Low
77466.0,2013-2014,22,2,29.1,3,0.0,0.0,1.0,0.0,2.0,Low
77468.0,2013-2014,54,1,29.3,4,0.0,0.0,1.0,1.0,2.0,Moderate
77469.0,2013-2014,67,2,37.7,3,0.0,0.0,1.0,1.0,2.0,Moderate
77470.0,2013-2014,25,2,30.0,3,0.0,0.0,1.0,2.0,2.0,Low
77471.0,2013-2014,62,1,30.6,3,0.0,0.0,1.0,1.0,2.0,Moderate
77473.0,2013-2014,31,2,20.7,6,0.0,0.0,0.0,0.0,2.0,Low
77475.0,2013-2014,48,1,29.5,3,1.0,1.0,0.0,0.0,2.0,Low
77477.0,2013-2014,59,1,30.0,6,0.0,0.0,0.0,1.0,2.0,Moderate
77481.0,2013-2014,54,2,41.3,1,1.0,1.0,1.0,0.0,1.0,High
77483.0,2013-2014,45,1,25.6,3,0.0,0.0,1.0,2.0,2.0,Low
77484.0,2013-2014,40,1,24.1,6,1.0,0.0,0.0,2.0,2.0,Low
77485.0,2013-2014,49,2,29.1,4,0.0,0.0,1.0,1.0,2.0,Moderate
77488.0,2013-2014,80,2,22.5,3,0.0,0.0,1.0,0.0,2.0,Low
77489.0,2013-2014,74,1,30.5,3,0.0,1.0,1.0,1.0,3.0,High
77492.0,2013-2014,34,1,32.7,4,0.0,0.0,0.0,2.0,2.0,Moderate
77494.0,2013-2014,80,1,25.4,3,1.0,1.0,0.0,0.0,2.0,Moderate
77498.0,2013-2014,59,2,24.6,3,1.0,1.0,1.0,0.0,2.0,Low
77499.0,2013-2014,31,1,31.8,3,0.0,0.0,0.0,0.0,2.0,Low
77502.0,2013-2014,55,2,42.0,3,1.0,0.0,0.0,1.0,2.0,Low
77503.0,2013-2014,59,1,28.1,3,1.0,0.0,0.0,1.0,2.0,Low
77505.0,2013-2014,30,2,22.1,3,0.0,0.0,1.0,0.0,2.0,Low
77507.0,2013-2014,43,1,28.2,6,0.0,1.0,1.0,0.0,2.0,Low
77509.0,2013-2014,53,1,31.5,4,0.0,1.0,0.0,1.0,2.0,High
77511.0,2013-2014,80,1,37.4,4,0.0,1.0,0.0,1.0,1.0,High
77513.0,2013-2014,34,1,24.7,2,0.0,0.0,1.0,2.0,2.0,Low
77515.0,2013-2014,66,2,33.7,4,1.0,1.0,0.0,0.0,1.0,High
77520.0,2013-2014,80,1,25.9,3,0.0,1.0,1.0,0.0,2.0,Moderate
77521.0,2013-2014,41,1,27.9,3,0.0,0.0,1.0,0.0,2.0,Low
77522.0,2013-2014,80,1,21.8,3,0.0,1.0,1.0,2.0,2.0,Low
77524.0,2013-2014,65,2,25.5,3,0.0,1.0,0.0,0.0,2.0,Low
77527.0,2013-2014,47,1,24.4,2,0.0,0.0,1.0,1.0,2.0,Low
77528.0,2013-2014,40,1,28.0,6,0.0,1.0,1.0,2.0,2.0,Moderate
77529.0,2013-2014,65,1,36.5,4,0.0,1.0,0.0,0.0,1.0,High
77533.0,2013-2014,68,2,21.2,3,0.0,1.0,0.0,1.0,2.0,Moderate
77535.0,2013-2014,72,1,23.7,6,0.0,1.0,1.0,0.0,2.0,Moderate
77536.0,2013-2014,80,2,24.7,3,1.0,1.0,0.0,0.0,2.0,Low
77538.0,2013-2014,23,1,23.8,7,1.0,0.0,1.0,2.0,2.0,Low
77539.0,2013-2014,38,2,23.3,4,0.0,0.0,0.0,2.0,2.0,Low
77540.0,2013-2014,43,1,25.9,6,1.0,1.0,1.0,0.0,2.0,Moderate
77541.0,2013-2014,60,1,24.7,3,1.0,0.0,1.0,0.0,2.0,Low
77542.0,2013-2014,42,1,31.7,3,1.0,1.0,1.0,2.0,2.0,Low
77543.0,2013-2014,43,1,25.6,3,0.0,0.0,1.0,0.0,2.0,Low
77546.0,2013-2014,20,1,33.7,4,1.0,0.0,1.0,0.0,2.0,Moderate
77547.0,2013-2014,36,1,37.4,3,1.0,1.0,1.0,1.0,2.0,Low
77548.0,2013-2014,69,1,27.9,3,1.0,1.0,1.0,1.0,1.0,High
77549.0,2013-2014,22,2,24.1,3,1.0,0.0,1.0,0.0,2.0,Low
77550.0,2013-2014,26,1,43.4,1,1.0,0.0,1.0,0.0,2.0,Moderate
77551.0,2013-2014,56,2,27.1,3,1.0,0.0,0.0,0.0,2.0,Low
77552.0,2013-2014,59,2,32.0,3,1.0,1.0,0.0,2.0,1.0,High
77556.0,2013-2014,24,1,28.9,4,0.0,0.0,1.0,0.0,2.0,Low
77560.0,2013-2014,60,2,39.1,4,1.0,1.0,1.0,1.0,1.0,High
77562.0,2013-2014,65,2,33.0,3,1.0,0.0,0.0,1.0,2.0,Low
77563.0,2013-2014,36,1,30.1,6,0.0,0.0,1.0,0.0,2.0,Low
77569.0,2013-2014,48,2,32.2,2,1.0,1.0,1.0,0.0,2.0,Low
77572.0,2013-2014,57,1,24.5,3,0.0,0.0,1.0,0.0,2.0,Low
77575.0,2013-2014,30,1,27.6,3,1.0,1.0,1.0,0.0,2.0,Low
77577.0,2013-2014,33,2,25.6,4,0.0,0.0,1.0,1.0,2.0,Moderate
77578.0,2013-2014,45,1,30.0,1,0.0,0.0,0.0,0.0,2.0,High
77580.0,2013-2014,80,2,27.6,3,0.0,1.0,0.0,0.0,2.0,Low
77581.0,2013-2014,31,2,40.4,3,0.0,0.0,0.0,2.0,2.0,Moderate
77584.0,2013-2014,35,2,44.4,4,1.0,1.0,1.0,0.0,2.0,Low
77585.0,2013-2014,36,1,40.1,1,1.0,0.0,0.0,1.0,2.0,Moderate
77586.0,2013-2014,65,1,24.0,3,1.0,1.0,1.0,0.0,2.0,Low
77587.0,2013-2014,20,1,37.4,3,1.0,0.0,1.0,2.0,2.0,Low
77589.0,2013-2014,50,2,42.3,3,1.0,1.0,0.0,0.0,3.0,High
77591.0,2013-2014,23,1,50.1,4,0.0,0.0,1.0,0.0,2.0,Low
77592.0,2013-2014,52,2,34.7,4,1.0,0.0,0.0,0.0,1.0,High
77596.0,2013-2014,49,1,23.8,2,1.0,0.0,0.0,0.0,1.0,High
77597.0,2013-2014,58,1,26.5,1,0.0,0.0,0.0,2.0,2.0,Moderate
77598.0,2013-2014,79,1,20.9,3,0.0,1.0,0.0,1.0,2.0,Low
77600.0,2013-2014,58,2,41.2,2,1.0,1.0,0.0,1.0,1.0,High
77601.0,2013-2014,42,1,35.3,3,1.0,0.0,0.0,0.0,1.0,High
77603.0,2013-2014,56,2,28.2,6,1.0,1.0,1.0,0.0,2.0,High
77604.0,2013-2014,25,1,50.7,3,0.0,0.0,1.0,1.0,2.0,Low
77605.0,2013-2014,55,1,24.7,4,1.0,1.0,0.0,0.0,2.0,Low
77607.0,2013-2014,42,2,33.8,3,0.0,1.0,0.0,2.0,2.0,Low
77609.0,2013-2014,61,2,18.3,6,1.0,0.0,1.0,0.0,2.0,Moderate
77610.0,2013-2014,61,2,32.5,3,0.0,0.0,0.0,0.0,2.0,Low
77611.0,2013-2014,35,2,22.3,2,,0.0,0.0,0.0,2.0,Moderate
77612.0,2013-2014,22,1,56.7,2,1.0,0.0,1.0,0.0,2.0,Low
77616.0,2013-2014,35,2,44.5,4,0.0,1.0,1.0,0.0,2.0,Low
77617.0,2013-2014,34,1,27.0,3,0.0,0.0,0.0,0.0,2.0,Low
77618.0,2013-2014,25,2,21.2,7,0.0,0.0,1.0,2.0,2.0,Low
77620.0,2013-2014,28,2,40.2,3,0.0,0.0,1.0,0.0,2.0,Low
77621.0,2013-2014,68,2,38.1,1,1.0,1.0,1.0,2.0,2.0,Moderate
77622.0,2013-2014,75,2,26.1,3,1.0,0.0,0.0,0.0,2.0,Low
77623.0,2013-2014,79,2,,3,1.0,1.0,0.0,2.0,2.0,Low
77624.0,2013-2014,57,2,28.9,3,1.0,0.0,0.0,0.0,2.0,Moderate
77625.0,2013-2014,80,2,23.9,3,0.0,1.0,1.0,1.0,2.0,Moderate
77630.0,2013-2014,45,1,30.5,2,1.0,0.0,1.0,1.0,2.0,Moderate
77631.0,2013-2014,59,2,27.7,6,0.0,0.0,1.0,0.0,2.0,Low
77632.0,2013-2014,39,1,22.8,6,0.0,0.0,1.0,1.0,2.0,Low
77634.0,2013-2014,67,2,30.3,1,1.0,0.0,1.0,0.0,2.0,Low
77638.0,2013-2014,23,2,21.7,3,0.0,0.0,0.0,1.0,2.0,Low
77639.0,2013-2014,28,2,51.9,1,1.0,1.0,0.0,0.0,2.0,Low
77640.0,2013-2014,46,1,22.4,4,0.0,1.0,0.0,2.0,2.0,Low
77642.0,2013-2014,63,2,31.5,3,0.0,1.0,0.0,1.0,2.0,Moderate
77643.0,2013-2014,24,2,36.9,1,1.0,0.0,0.0,0.0,2.0,Low
77644.0,2013-2014,60,1,29.9,3,1.0,0.0,0.0,1.0,2.0,Low
77645.0,2013-2014,52,2,27.7,1,1.0,0.0,0.0,0.0,2.0,Moderate
77647.0,2013-2014,68,1,30.4,2,0.0,1.0,1.0,0.0,1.0,High
77651.0,2013-2014,23,2,30.5,3,0.0,0.0,1.0,2.0,2.0,Low
77653.0,2013-2014,29,2,29.0,4,1.0,0.0,0.0,0.0,2.0,Low
77654.0,2013-2014,70,2,35.3,1,1.0,1.0,0.0,1.0,2.0,Moderate
77655.0,2013-2014,55,2,28.8,2,0.0,0.0,1.0,0.0,2.0,Low
77656.0,2013-2014,40,1,25.2,3,0.0,0.0,0.0,2.0,2.0,Low
77659.0,2013-2014,76,2,33.3,3,1.0,1.0,0.0,1.0,2.0,Low
77660.0,2013-2014,66,1,29.6,1,0.0,1.0,1.0,1.0,2.0,Moderate
77661.0,2013-2014,80,2,40.8,4,1.0,1.0,1.0,0.0,1.0,High
77662.0,2013-2014,30,2,33.4,4,1.0,0.0,1.0,0.0,2.0,Low
77663.0,2013-2014,61,1,28.5,6,1.0,1.0,0.0,1.0,2.0,Moderate
77664.0,2013-2014,30,2,29.8,7,1.0,0.0,1.0,2.0,2.0,Low
77666.0,2013-2014,42,1,36.2,2,0.0,1.0,1.0,0.0,2.0,Moderate
77667.0,2013-2014,58,1,25.1,3,0.0,0.0,0.0,0.0,2.0,Low
77668.0,2013-2014,47,1,36.9,4,1.0,0.0,1.0,2.0,2.0,Moderate
77670.0,2013-2014,25,1,21.5,4,0.0,0.0,1.0,0.0,2.0,Low
77673.0,2013-2014,26,1,21.7,6,0.0,0.0,1.0,1.0,2.0,Moderate
77674.0,2013-2014,55,2,22.2,4,0.0,1.0,1.0,2.0,2.0,Moderate
77675.0,2013-2014,33,1,20.6,6,1.0,0.0,0.0,0.0,2.0,Low
77677.0,2013-2014,80,2,25.8,3,1.0,1.0,0.0,1.0,2.0,Moderate
77678.0,2013-2014,34,1,22.7,3,0.0,0.0,1.0,0.0,2.0,Low
77679.0,2013-2014,29,1,54.0,3,1.0,0.0,1.0,0.0,2.0,Low
77680.0,2013-2014,22,1,30.6,7,1.0,0.0,1.0,2.0,2.0,Low
77682.0,2013-2014,50,1,30.5,4,1.0,1.0,1.0,0.0,1.0,High
77684.0,2013-2014,80,1,21.6,3,0.0,1.0,1.0,0.0,2.0,Moderate
77686.0,2013-2014,39,2,23.4,3,1.0,0.0,1.0,0.0,2.0,Low
77689.0,2013-2014,49,2,33.2,2,0.0,0.0,0.0,0.0,2.0,Moderate
77690.0,2013-2014,62,2,24.9,1,1.0,0.0,1.0,0.0,2.0,Low
77691.0,2013-2014,28,2,26.1,3,0.0,1.0,1.0,1.0,2.0,Low
77693.0,2013-2014,51,2,35.4,4,1.0,0.0,0.0,0.0,2.0,Moderate
77696.0,2013-2014,37,1,26.9,1,0.0,0.0,0.0,0.0,2.0,Moderate
77698.0,2013-2014,30,2,27.4,3,0.0,0.0,0.0,0.0,2.0,Low
77700.0,2013-2014,48,2,22.1,3,1.0,1.0,0.0,2.0,2.0,Low
77702.0,2013-2014,80,1,21.5,1,0.0,0.0,0.0,1.0,2.0,Moderate
77704.0,2013-2014,41,2,19.6,6,1.0,0.0,0.0,0.0,2.0,Low
77705.0,2013-2014,63,1,23.9,3,0.0,0.0,1.0,1.0,2.0,Low
77707.0,2013-2014,38,1,22.1,6,1.0,0.0,1.0,2.0,2.0,Low
77708.0,2013-2014,44,2,23.3,3,0.0,1.0,1.0,0.0,2.0,Low
77716.0,2013-2014,20,1,25.0,3,1.0,0.0,1.0,0.0,2.0,Low
77717.0,2013-2014,48,1,38.2,7,1.0,1.0,0.0,0.0,1.0,High
77718.0,2013-2014,21,1,19.0,3,0.0,0.0,1.0,2.0,2.0,Low
77720.0,2013-2014,34,1,37.2,1,1.0,0.0,0.0,2.0,1.0,High
77721.0,2013-2014,46,1,21.2,6,1.0,0.0,1.0,1.0,2.0,Moderate
77722.0,2013-2014,80,1,29.0,3,0.0,1.0,0.0,1.0,2.0,High
77723.0,2013-2014,27,1,21.8,3,0.0,0.0,1.0,0.0,2.0,Low
77725.0,2013-2014,49,1,25.2,1,0.0,0.0,0.0,0.0,2.0,Low
77727.0,2013-2014,45,2,28.3,6,1.0,0.0,1.0,0.0,1.0,High
77728.0,2013-2014,80,1,27.6,2,0.0,1.0,0.0,0.0,1.0,High
77729.0,2013-2014,67,1,38.4,4,1.0,1.0,0.0,1.0,1.0,High
77732.0,2013-2014,34,2,47.4,4,1.0,0.0,0.0,2.0,2.0,Moderate
77733.0,2013-2014,65,1,31.8,1,1.0,1.0,0.0,1.0,3.0,High
77734.0,2013-2014,64,2,25.8,4,1.0,1.0,0.0,1.0,2.0,Moderate
77736.0,2013-2014,58,1,27.9,4,0.0,1.0,0.0,2.0,2.0,Moderate
77740.0,2013-2014,43,2,22.4,3,0.0,0.0,0.0,2.0,2.0,Moderate
77741.0,2013-2014,73,2,24.8,3,0.0,0.0,1.0,0.0,2.0,Moderate
77743.0,2013-2014,20,2,18.2,4,0.0,0.0,0.0,0.0,2.0,Low
77745.0,2013-2014,33,1,25.8,4,1.0,0.0,0.0,2.0,2.0,Low
77746.0,2013-2014,36,1,23.6,3,1.0,0.0,0.0,2.0,2.0,Moderate
77747.0,2013-2014,27,1,20.1,4,1.0,0.0,1.0,2.0,2.0,Low
77748.0,2013-2014,80,1,23.9,3,0.0,0.0,1.0,0.0,2.0,Low
77750.0,2013-2014,59,1,41.3,4,1.0,1.0,0.0,0.0,2.0,Low
77754.0,2013-2014,36,1,46.1,7,1.0,0.0,1.0,0.0,2.0,Low
77756.0,2013-2014,55,1,39.8,1,0.0,1.0,0.0,0.0,2.0,Moderate
77758.0,2013-2014,67,2,39.3,3,1.0,1.0,1.0,1.0,3.0,Moderate
77760.0,2013-2014,63,1,34.4,3,0.0,1.0,0.0,1.0,2.0,Moderate
77762.0,2013-2014,24,1,26.0,4,1.0,0.0,0.0,2.0,2.0,Low
77763.0,2013-2014,59,2,34.4,3,1.0,1.0,0.0,1.0,2.0,High
77764.0,2013-2014,80,2,19.3,2,1.0,1.0,0.0,0.0,2.0,Low
77768.0,2013-2014,62,1,26.3,2,0.0,0.0,1.0,1.0,2.0,Low
77769.0,2013-2014,64,2,21.6,3,0.0,0.0,0.0,2.0,2.0,Moderate
77771.0,2013-2014,33,1,26.9,1,1.0,1.0,1.0,1.0,2.0,Low
77772.0,2013-2014,56,1,44.1,3,1.0,1.0,0.0,2.0,1.0,High
77773.0,2013-2014,80,2,,3,0.0,1.0,0.0,1.0,1.0,High
77774.0,2013-2014,25,2,39.5,3,0.0,0.0,0.0,0.0,2.0,Low
77777.0,2013-2014,69,2,28.1,1,1.0,0.0,1.0,1.0,1.0,High
77778.0,2013-2014,59,2,36.1,6,0.0,1.0,1.0,0.0,1.0,High
77779.0,2013-2014,36,2,42.5,4,0.0,1.0,0.0,0.0,2.0,Moderate
77780.0,2013-2014,50,1,24.4,4,1.0,0.0,0.0,0.0,2.0,Low
77781.0,2013-2014,25,1,32.3,4,0.0,0.0,0.0,0.0,2.0,Low
77782.0,2013-2014,51,2,24.7,4,1.0,1.0,1.0,0.0,1.0,High
77786.0,2013-2014,75,1,22.9,1,,0.0,0.0,0.0,2.0,Low
77787.0,2013-2014,44,2,50.5,1,1.0,0.0,0.0,0.0,2.0,Low
77788.0,2013-2014,21,2,39.5,4,1.0,0.0,0.0,0.0,2.0,Moderate
77789.0,2013-2014,75,1,29.2,3,1.0,1.0,0.0,1.0,2.0,Moderate
77791.0,2013-2014,31,1,22.9,3,0.0,0.0,0.0,2.0,2.0,Low
77795.0,2013-2014,34,2,31.8,4,0.0,0.0,0.0,0.0,2.0,Low
77796.0,2013-2014,20,2,27.4,2,0.0,0.0,0.0,0.0,2.0,Low
77800.0,2013-2014,24,2,31.4,4,0.0,0.0,0.0,2.0,2.0,Low
77801.0,2013-2014,33,1,24.6,2,0.0,0.0,0.0,0.0,2.0,Low
77802.0,2013-2014,65,2,23.8,4,1.0,0.0,0.0,0.0,2.0,High
77803.0,2013-2014,51,1,21.7,7,1.0,0.0,0.0,2.0,2.0,Low
77805.0,2013-2014,25,2,29.3,3,0.0,0.0,1.0,0.0,2.0,Low
77806.0,2013-2014,23,1,22.3,4,1.0,0.0,1.0,2.0,2.0,Low
77807.0,2013-2014,30,1,29.9,4,0.0,0.0,0.0,2.0,2.0,Low
77808.0,2013-2014,49,1,41.3,3,1.0,1.0,0.0,1.0,1.0,High
77811.0,2013-2014,55,1,24.6,6,0.0,0.0,0.0,2.0,2.0,Moderate
77813.0,2013-2014,27,1,21.5,3,0.0,0.0,1.0,0.0,2.0,Low
77815.0,2013-2014,66,1,30.7,3,0.0,0.0,0.0,0.0,1.0,High
77820.0,2013-2014,53,1,34.5,4,0.0,1.0,1.0,0.0,2.0,High
77821.0,2013-2014,23,1,22.3,2,0.0,0.0,1.0,0.0,2.0,Low
77822.0,2013-2014,77,1,37.0,3,1.0,1.0,1.0,1.0,1.0,High
77823.0,2013-2014,61,2,32.8,1,1.0,0.0,1.0,0.0,1.0,High
77824.0,2013-2014,80,2,24.1,4,0.0,1.0,1.0,0.0,2.0,Low
77827.0,2013-2014,52,2,28.8,2,1.0,0.0,1.0,2.0,1.0,High
77830.0,2013-2014,43,2,33.7,2,0.0,1.0,0.0,0.0,2.0,Low
77831.0,2013-2014,61,1,27.4,6,0.0,1.0,1.0,1.0,2.0,Low
77832.0,2013-2014,67,2,32.6,2,0.0,1.0,1.0,0.0,2.0,High
77835.0,2013-2014,64,2,41.5,3,0.0,1.0,1.0,0.0,2.0,Low
77836.0,2013-2014,26,1,21.7,4,1.0,0.0,1.0,0.0,2.0,Low
77837.0,2013-2014,27,2,25.6,7,0.0,0.0,1.0,0.0,2.0,Low
77838.0,2013-2014,33,1,28.3,4,1.0,0.0,1.0,0.0,2.0,Low
77840.0,2013-2014,53,1,23.1,2,0.0,0.0,0.0,1.0,2.0,Moderate
77841.0,2013-2014,56,1,28.4,1,1.0,0.0,1.0,1.0,2.0,Moderate
77843.0,2013-2014,42,1,37.3,1,1.0,0.0,0.0,0.0,2.0,High
77844.0,2013-2014,20,1,26.2,3,1.0,0.0,0.0,2.0,2.0,Low
77845.0,2013-2014,46,1,37.3,7,1.0,0.0,0.0,1.0,2.0,High
77846.0,2013-2014,34,2,37.3,3,0.0,0.0,0.0,0.0,2.0,Low
77847.0,2013-2014,61,1,43.3,4,1.0,1.0,0.0,2.0,1.0,High
77851.0,2013-2014,45,1,29.8,1,1.0,0.0,1.0,2.0,2.0,Moderate
77852.0,2013-2014,72,1,32.0,1,1.0,0.0,0.0,1.0,1.0,High
77853.0,2013-2014,67,1,27.9,6,0.0,0.0,0.0,0.0,2.0,High
77855.0,2013-2014,23,1,23.9,7,0.0,0.0,1.0,0.0,2.0,Moderate
77856.0,2013-2014,33,1,21.3,7,0.0,0.0,1.0,1.0,2.0,Low
77858.0,2013-2014,37,2,39.0,3,0.0,0.0,0.0,2.0,2.0,Moderate
77861.0,2013-2014,68,2,24.7,6,,0.0,0.0,0.0,1.0,High
77864.0,2013-2014,40,1,31.4,4,1.0,0.0,1.0,2.0,2.0,Low
77865.0,2013-2014,38,1,20.8,3,0.0,0.0,0.0,2.0,2.0,Low
77866.0,2013-2014,60,1,28.7,4,1.0,1.0,1.0,0.0,2.0,Moderate
77867.0,2013-2014,68,1,20.0,4,0.0,1.0,0.0,2.0,2.0,Low
77869.0,2013-2014,57,2,24.7,2,0.0,0.0,1.0,0.0,2.0,Moderate
77870.0,2013-2014,76,1,27.0,1,1.0,1.0,0.0,2.0,2.0,High
77872.0,2013-2014,42,2,36.3,1,0.0,0.0,0.0,0.0,2.0,Low
77874.0,2013-2014,52,1,,3,1.0,1.0,0.0,2.0,1.0,High
77875.0,2013-2014,57,2,36.5,3,1.0,0.0,0.0,1.0,1.0,High
77876.0,2013-2014,80,2,33.8,3,1.0,1.0,0.0,0.0,1.0,High
77878.0,2013-2014,47,2,40.9,1,1.0,1.0,0.0,2.0,3.0,Moderate
77880.0,2013-2014,63,1,28.1,1,0.0,1.0,0.0,0.0,2.0,Moderate
77884.0,2013-2014,40,2,28.2,4,1.0,0.0,1.0,0.0,2.0,Low
77887.0,2013-2014,27,2,40.0,2,1.0,0.0,1.0,1.0,2.0,Low
77888.0,2013-2014,75,1,20.8,6,0.0,1.0,1.0,0.0,2.0,Moderate
77889.0,2013-2014,38,1,20.6,4,0.0,1.0,0.0,0.0,2.0,Low
77891.0,2013-2014,55,2,34.7,2,1.0,1.0,0.0,0.0,1.0,High
77892.0,2013-2014,80,1,25.5,3,,1.0,0.0,1.0,2.0,Low
77893.0,2013-2014,24,1,27.4,6,,0.0,0.0,0.0,2.0,Low
77894.0,2013-2014,74,2,30.0,2,1.0,1.0,1.0,0.0,1.0,High
77896.0,2013-2014,41,2,18.6,3,0.0,1.0,0.0,2.0,2.0,Low
77897.0,2013-2014,63,2,36.3,1,1.0,0.0,0.0,0.0,1.0,High
77898.0,2013-2014,40,1,28.8,4,1.0,1.0,1.0,0.0,2.0,Low
77900.0,2013-2014,56,1,28.7,3,1.0,1.0,1.0,1.0,2.0,Moderate
77902.0,2013-2014,80,2,26.4,3,0.0,1.0,0.0,0.0,2.0,Low
77903.0,2013-2014,31,2,30.6,3,1.0,0.0,1.0,0.0,2.0,Low
77905.0,2013-2014,63,2,43.4,4,1.0,1.0,0.0,0.0,1.0,High
77906.0,2013-2014,61,1,27.9,4,1.0,1.0,0.0,2.0,2.0,High
77907.0,2013-2014,26,2,24.4,4,0.0,0.0,1.0,0.0,2.0,Low
77909.0,2013-2014,78,2,33.9,7,1.0,1.0,0.0,1.0,2.0,Moderate
77910.0,2013-2014,58,1,29.9,3,0.0,1.0,1.0,2.0,2.0,Moderate
77912.0,2013-2014,34,2,40.5,4,0.0,0.0,0.0,0.0,2.0,Low
77915.0,2013-2014,57,2,33.9,2,0.0,0.0,0.0,1.0,2.0,Moderate
77917.0,2013-2014,68,2,34.4,1,0.0,1.0,0.0,0.0,2.0,Low
77922.0,2013-2014,68,1,38.1,3,1.0,1.0,0.0,2.0,2.0,Moderate
77927.0,2013-2014,42,2,23.0,6,0.0,0.0,1.0,0.0,2.0,Low
77930.0,2013-2014,43,1,34.7,3,1.0,1.0,0.0,0.0,3.0,Moderate
77931.0,2013-2014,36,1,30.8,2,1.0,0.0,1.0,2.0,2.0,Low
77932.0,2013-2014,28,1,21.7,6,0.0,0.0,1.0,0.0,2.0,Low
77935.0,2013-2014,48,2,21.3,6,1.0,0.0,1.0,1.0,2.0,Low
77936.0,2013-2014,43,2,35.6,1,1.0,0.0,1.0,0.0,2.0,Moderate
77937.0,2013-2014,73,2,35.9,3,0.0,0.0,0.0,0.0,2.0,Moderate
77938.0,2013-2014,72,1,35.7,6,1.0,1.0,1.0,0.0,1.0,High
77939.0,2013-2014,55,2,35.3,4,1.0,0.0,1.0,0.0,1.0,High
77941.0,2013-2014,50,1,34.8,4,0.0,0.0,0.0,2.0,2.0,Moderate
77942.0,2013-2014,21,2,22.3,3,1.0,0.0,1.0,0.0,2.0,Low
77943.0,2013-2014,38,1,30.3,6,1.0,0.0,1.0,0.0,2.0,Low
77948.0,2013-2014,33,2,23.2,3,0.0,0.0,1.0,0.0,2.0,Moderate
77949.0,2013-2014,41,2,21.6,3,0.0,1.0,1.0,0.0,2.0,Low
77950.0,2013-2014,80,1,26.8,1,0.0,1.0,0.0,0.0,2.0,Low
77952.0,2013-2014,27,1,28.0,6,1.0,0.0,1.0,0.0,2.0,Low
77953.0,2013-2014,33,2,22.1,6,0.0,0.0,1.0,2.0,2.0,Low
77954.0,2013-2014,44,2,18.5,6,1.0,0.0,0.0,0.0,2.0,Low
77957.0,2013-2014,36,2,36.1,4,1.0,1.0,1.0,0.0,2.0,Low
77959.0,2013-2014,44,1,39.1,1,0.0,1.0,0.0,2.0,2.0,Low
77960.0,2013-2014,37,2,40.4,3,0.0,1.0,1.0,1.0,2.0,Low
77963.0,2013-2014,32,1,33.2,3,0.0,0.0,0.0,0.0,2.0,Moderate
77965.0,2013-2014,47,1,39.9,4,1.0,1.0,1.0,0.0,1.0,High
77966.0,2013-2014,64,1,28.0,2,0.0,0.0,0.0,2.0,2.0,Moderate
77968.0,2013-2014,52,2,30.3,2,1.0,0.0,0.0,0.0,2.0,Low
77972.0,2013-2014,35,1,26.6,3,1.0,0.0,0.0,1.0,2.0,Low
77973.0,2013-2014,57,1,34.9,4,1.0,0.0,1.0,1.0,2.0,Moderate
77976.0,2013-2014,73,1,30.6,7,1.0,1.0,0.0,1.0,2.0,Low
77977.0,2013-2014,25,2,25.0,3,1.0,0.0,1.0,2.0,2.0,Low
77979.0,2013-2014,69,2,27.5,6,0.0,1.0,1.0,1.0,2.0,Low
77983.0,2013-2014,65,1,25.1,4,1.0,1.0,0.0,0.0,1.0,High
77985.0,2013-2014,24,2,23.6,4,0.0,0.0,0.0,0.0,2.0,Moderate
77989.0,2013-2014,53,1,33.6,2,1.0,0.0,0.0,2.0,2.0,Low
77990.0,2013-2014,66,1,29.0,2,1.0,1.0,1.0,1.0,1.0,High
77991.0,2013-2014,30,2,22.1,6,1.0,0.0,1.0,0.0,2.0,Moderate
77992.0,2013-2014,76,1,24.3,3,0.0,0.0,0.0,1.0,2.0,Low
77993.0,2013-2014,21,1,50.3,4,1.0,0.0,1.0,2.0,2.0,Moderate
77994.0,2013-2014,64,1,50.6,1,0.0,1.0,0.0,1.0,2.0,High
77995.0,2013-2014,20,1,40.2,2,1.0,0.0,1.0,0.0,2.0,Moderate
77997.0,2013-2014,45,1,33.0,3,0.0,1.0,1.0,0.0,2.0,Low
77999.0,2013-2014,51,1,22.6,2,1.0,0.0,0.0,1.0,1.0,High
78000.0,2013-2014,33,2,23.1,3,0.0,0.0,1.0,0.0,2.0,Moderate
78001.0,2013-2014,31,2,21.3,3,0.0,0.0,1.0,0.0,2.0,Low
78002.0,2013-2014,31,2,19.0,3,0.0,0.0,1.0,0.0,2.0,Low
78004.0,2013-2014,23,1,35.0,3,1.0,1.0,1.0,0.0,2.0,Moderate
78007.0,2013-2014,80,2,32.2,4,0.0,1.0,0.0,1.0,2.0,Low
78008.0,2013-2014,33,2,32.9,4,0.0,0.0,1.0,0.0,2.0,Low
78009.0,2013-2014,80,1,23.8,4,1.0,0.0,0.0,1.0,2.0,Moderate
78010.0,2013-2014,73,1,20.1,7,0.0,1.0,0.0,2.0,2.0,Moderate
78012.0,2013-2014,33,1,30.4,3,0.0,0.0,0.0,1.0,2.0,Low
78013.0,2013-2014,45,2,27.3,4,0.0,0.0,1.0,0.0,2.0,Low
78015.0,2013-2014,47,1,30.4,1,0.0,0.0,0.0,2.0,2.0,Moderate
78018.0,2013-2014,47,2,27.3,1,1.0,1.0,0.0,1.0,2.0,Low
78019.0,2013-2014,65,1,30.5,1,0.0,1.0,0.0,1.0,2.0,Moderate
78020.0,2013-2014,42,2,22.2,6,0.0,0.0,0.0,0.0,2.0,Low
78021.0,2013-2014,62,2,31.6,3,1.0,1.0,0.0,2.0,2.0,Moderate
78024.0,2013-2014,33,1,28.6,2,0.0,0.0,0.0,0.0,2.0,Low
78027.0,2013-2014,44,2,19.2,3,1.0,0.0,0.0,2.0,2.0,Low
78028.0,2013-2014,64,1,26.8,1,1.0,1.0,1.0,2.0,1.0,High
78031.0,2013-2014,64,2,40.6,4,1.0,1.0,1.0,0.0,2.0,Low
78033.0,2013-2014,61,2,41.9,3,1.0,0.0,0.0,1.0,2.0,Low
78034.0,2013-2014,31,1,31.2,3,0.0,1.0,1.0,0.0,2.0,Moderate
78035.0,2013-2014,30,1,28.9,2,1.0,0.0,0.0,0.0,2.0,Low
78036.0,2013-2014,48,2,30.2,2,0.0,0.0,1.0,0.0,2.0,Low
78037.0,2013-2014,67,2,37.4,3,1.0,1.0,0.0,1.0,1.0,High
78040.0,2013-2014,59,2,22.4,3,0.0,0.0,0.0,0.0,2.0,Moderate
78042.0,2013-2014,63,2,29.3,3,0.0,1.0,1.0,1.0,2.0,Moderate
78043.0,2013-2014,61,1,45.0,3,0.0,1.0,0.0,2.0,1.0,High
78044.0,2013-2014,26,2,20.1,4,1.0,0.0,1.0,1.0,2.0,Low
78047.0,2013-2014,72,2,26.3,3,1.0,1.0,0.0,2.0,2.0,Low
78048.0,2013-2014,43,1,25.3,6,0.0,0.0,1.0,0.0,2.0,Low
78051.0,2013-2014,40,1,24.3,7,0.0,0.0,1.0,0.0,2.0,Low
78052.0,2013-2014,49,2,23.7,3,1.0,0.0,1.0,0.0,2.0,Moderate
78054.0,2013-2014,23,2,27.1,1,0.0,0.0,0.0,0.0,2.0,Low
78056.0,2013-2014,75,1,17.8,4,0.0,1.0,1.0,1.0,2.0,Low
78061.0,2013-2014,47,1,27.6,3,1.0,0.0,1.0,0.0,2.0,Low
78063.0,2013-2014,77,2,33.2,3,1.0,1.0,0.0,0.0,2.0,Low
78070.0,2013-2014,46,1,23.9,3,0.0,0.0,0.0,2.0,2.0,Low
78072.0,2013-2014,77,1,22.9,6,0.0,0.0,0.0,1.0,1.0,High
78074.0,2013-2014,51,1,36.3,2,0.0,1.0,0.0,1.0,2.0,Moderate
78075.0,2013-2014,73,1,24.7,3,0.0,0.0,1.0,0.0,2.0,Moderate
78076.0,2013-2014,56,2,34.0,7,,1.0,0.0,2.0,2.0,Low
78079.0,2013-2014,40,2,49.5,7,1.0,1.0,0.0,2.0,2.0,Low
78080.0,2013-2014,58,1,28.3,6,0.0,1.0,0.0,0.0,2.0,Moderate
78081.0,2013-2014,63,2,27.4,2,0.0,0.0,0.0,0.0,2.0,Low
78082.0,2013-2014,40,1,22.3,3,1.0,0.0,1.0,0.0,2.0,Low
78083.0,2013-2014,53,1,20.7,3,,0.0,0.0,2.0,2.0,Low
78084.0,2013-2014,61,2,43.2,3,1.0,1.0,0.0,2.0,2.0,Low
78085.0,2013-2014,32,1,30.3,4,0.0,0.0,1.0,0.0,2.0,Low
78086.0,2013-2014,80,1,23.7,4,1.0,0.0,0.0,0.0,1.0,High
78088.0,2013-2014,66,1,21.5,4,1.0,1.0,1.0,2.0,1.0,High
78089.0,2013-2014,62,1,29.1,2,0.0,0.0,1.0,1.0,1.0,High
78093.0,2013-2014,29,1,30.0,6,0.0,0.0,1.0,0.0,2.0,Low
78094.0,2013-2014,39,2,26.2,7,1.0,0.0,1.0,1.0,2.0,Moderate
78095.0,2013-2014,51,2,21.5,2,1.0,1.0,1.0,1.0,1.0,High
78096.0,2013-2014,28,1,46.2,3,1.0,0.0,1.0,2.0,2.0,Moderate
78098.0,2013-2014,41,2,25.1,3,0.0,0.0,1.0,0.0,2.0,Low
78099.0,2013-2014,72,1,32.5,3,0.0,0.0,0.0,0.0,2.0,Moderate
78100.0,2013-2014,80,1,25.5,4,1.0,1.0,0.0,0.0,3.0,Moderate
78101.0,2013-2014,80,2,32.8,3,1.0,1.0,0.0,1.0,1.0,High
78103.0,2013-2014,63,1,24.2,2,0.0,0.0,0.0,2.0,2.0,High
78104.0,2013-2014,61,1,32.6,1,0.0,1.0,1.0,0.0,2.0,Moderate
78105.0,2013-2014,36,2,23.1,6,0.0,0.0,0.0,0.0,2.0,Low
78107.0,2013-2014,54,2,35.9,3,1.0,1.0,1.0,2.0,2.0,Moderate
78108.0,2013-2014,49,1,23.9,4,0.0,0.0,0.0,0.0,2.0,Moderate
78111.0,2013-2014,32,1,19.7,3,0.0,0.0,0.0,0.0,2.0,Low
78114.0,2013-2014,59,2,19.4,3,0.0,1.0,0.0,2.0,2.0,Low
78119.0,2013-2014,73,2,24.6,3,0.0,1.0,0.0,1.0,2.0,Low
78121.0,2013-2014,22,1,45.2,1,1.0,0.0,0.0,0.0,2.0,Low
78122.0,2013-2014,69,2,21.8,4,1.0,1.0,1.0,1.0,1.0,High
78124.0,2013-2014,46,1,35.3,3,1.0,0.0,0.0,0.0,2.0,High
78127.0,2013-2014,67,1,24.9,6,1.0,1.0,0.0,1.0,1.0,High
78128.0,2013-2014,24,2,30.4,1,0.0,0.0,1.0,0.0,2.0,Low
78129.0,2013-2014,39,2,33.2,3,1.0,0.0,1.0,0.0,2.0,Low
78130.0,2013-2014,57,2,31.7,3,0.0,1.0,0.0,0.0,2.0,Low
78131.0,2013-2014,80,1,28.4,3,0.0,1.0,0.0,1.0,2.0,High
78132.0,2013-2014,22,2,34.4,3,0.0,1.0,1.0,2.0,2.0,Low
78134.0,2013-2014,57,2,,4,1.0,1.0,0.0,2.0,1.0,High
78138.0,2013-2014,66,1,25.3,3,1.0,0.0,1.0,0.0,1.0,High
78139.0,2013-2014,60,1,22.8,4,1.0,0.0,1.0,1.0,1.0,High
78140.0,2013-2014,47,2,20.9,3,0.0,0.0,1.0,1.0,2.0,Low
78144.0,2013-2014,73,2,26.2,1,0.0,0.0,1.0,2.0,2.0,Moderate
78145.0,2013-2014,44,2,43.5,4,1.0,1.0,1.0,1.0,1.0,High
78146.0,2013-2014,33,1,48.2,3,0.0,0.0,0.0,2.0,2.0,Low
78148.0,2013-2014,23,2,35.5,3,1.0,0.0,1.0,0.0,2.0,Low
78149.0,2013-2014,38,2,31.2,4,1.0,0.0,0.0,2.0,2.0,Low
78151.0,2013-2014,75,1,26.4,6,0.0,0.0,1.0,1.0,2.0,High
78158.0,2013-2014,41,2,27.9,4,0.0,0.0,0.0,0.0,2.0,Moderate
78161.0,2013-2014,34,2,43.1,2,1.0,0.0,0.0,2.0,1.0,High
78165.0,2013-2014,43,2,24.1,4,0.0,0.0,1.0,2.0,2.0,Low
78166.0,2013-2014,35,1,23.7,2,0.0,0.0,1.0,0.0,2.0,Low
78167.0,2013-2014,76,1,27.7,3,0.0,1.0,1.0,0.0,2.0,Low
78170.0,2013-2014,50,2,35.8,3,1.0,0.0,1.0,2.0,2.0,Low
78174.0,2013-2014,67,1,27.1,1,0.0,1.0,0.0,0.0,2.0,Moderate
78175.0,2013-2014,60,2,30.0,2,1.0,1.0,0.0,0.0,1.0,High
78176.0,2013-2014,61,2,20.0,3,1.0,1.0,1.0,1.0,2.0,Low
78179.0,2013-2014,52,2,23.7,3,0.0,0.0,1.0,0.0,2.0,Low
78180.0,2013-2014,80,2,23.1,3,0.0,1.0,1.0,0.0,2.0,Low
78183.0,2013-2014,63,1,34.8,3,0.0,0.0,0.0,0.0,2.0,Moderate
78185.0,2013-2014,51,2,49.3,3,0.0,1.0,0.0,0.0,2.0,Low
78186.0,2013-2014,67,2,24.2,3,0.0,1.0,0.0,1.0,2.0,Low
78187.0,2013-2014,41,2,27.1,1,1.0,0.0,1.0,0.0,2.0,Low
78188.0,2013-2014,29,1,42.8,4,1.0,0.0,1.0,0.0,2.0,Moderate
78189.0,2013-2014,22,2,23.0,4,0.0,0.0,0.0,0.0,2.0,Low
78191.0,2013-2014,26,1,20.0,3,0.0,0.0,0.0,2.0,2.0,Low
78192.0,2013-2014,66,1,29.4,4,0.0,1.0,0.0,1.0,1.0,High
78193.0,2013-2014,33,1,32.3,1,1.0,0.0,0.0,0.0,2.0,Moderate
78195.0,2013-2014,79,2,23.5,3,0.0,1.0,0.0,0.0,1.0,High
78196.0,2013-2014,74,2,33.6,3,1.0,1.0,0.0,1.0,2.0,Moderate
78197.0,2013-2014,31,2,19.3,3,0.0,0.0,1.0,2.0,2.0,Low
78198.0,2013-2014,54,2,33.9,3,1.0,0.0,0.0,0.0,2.0,Moderate
78199.0,2013-2014,35,2,32.5,3,1.0,0.0,0.0,2.0,2.0,Moderate
78200.0,2013-2014,66,2,22.7,4,0.0,0.0,0.0,2.0,2.0,Moderate
78201.0,2013-2014,80,2,23.7,3,0.0,0.0,0.0,0.0,2.0,Low
78203.0,2013-2014,44,2,47.1,7,0.0,1.0,0.0,0.0,2.0,Moderate
78207.0,2013-2014,41,2,22.4,3,1.0,0.0,0.0,0.0,2.0,Low
78208.0,2013-2014,52,1,24.0,4,0.0,0.0,0.0,0.0,2.0,Low
78211.0,2013-2014,34,1,33.0,3,0.0,1.0,1.0,1.0,2.0,Moderate
78213.0,2013-2014,38,1,20.9,4,0.0,0.0,1.0,2.0,2.0,Low
78215.0,2013-2014,32,2,23.4,2,0.0,0.0,0.0,0.0,2.0,Low
78216.0,2013-2014,62,1,22.3,3,1.0,1.0,1.0,1.0,2.0,High
78217.0,2013-2014,66,1,23.3,6,0.0,0.0,1.0,0.0,2.0,Moderate
78218.0,2013-2014,80,2,27.4,3,1.0,0.0,0.0,1.0,2.0,Moderate
78220.0,2013-2014,30,1,21.5,6,0.0,0.0,1.0,0.0,2.0,Low
78221.0,2013-2014,30,1,25.5,3,0.0,1.0,1.0,2.0,2.0,Low
78223.0,2013-2014,23,2,30.0,1,1.0,0.0,0.0,0.0,2.0,Low
78225.0,2013-2014,40,2,26.7,1,0.0,0.0,1.0,0.0,2.0,Low
78227.0,2013-2014,76,2,22.9,3,1.0,1.0,0.0,1.0,1.0,High
78229.0,2013-2014,22,1,31.6,1,0.0,0.0,0.0,0.0,2.0,Low
78231.0,2013-2014,36,2,25.4,3,0.0,0.0,1.0,2.0,2.0,Low
78235.0,2013-2014,64,1,17.7,6,0.0,1.0,0.0,0.0,2.0,Moderate
78236.0,2013-2014,47,1,24.4,3,0.0,0.0,1.0,0.0,2.0,Low
78237.0,2013-2014,39,1,33.4,1,0.0,0.0,1.0,0.0,2.0,Moderate
78238.0,2013-2014,80,2,21.3,2,1.0,1.0,0.0,0.0,1.0,High
78239.0,2013-2014,47,2,65.5,4,0.0,1.0,1.0,0.0,2.0,Low
78242.0,2013-2014,78,1,33.0,4,1.0,1.0,0.0,2.0,1.0,High
78244.0,2013-2014,28,1,40.0,1,1.0,0.0,0.0,2.0,2.0,Moderate
78245.0,2013-2014,72,2,29.7,6,0.0,1.0,0.0,0.0,1.0,High
78247.0,2013-2014,24,2,45.7,1,1.0,0.0,0.0,0.0,2.0,Low
78251.0,2013-2014,40,1,32.4,1,0.0,1.0,0.0,2.0,2.0,Low
78253.0,2013-2014,23,2,39.8,3,0.0,1.0,0.0,0.0,2.0,Low
78256.0,2013-2014,28,2,30.9,4,1.0,0.0,0.0,0.0,2.0,Low
78262.0,2013-2014,80,2,28.6,3,0.0,0.0,0.0,1.0,2.0,Low
78263.0,2013-2014,41,2,34.8,1,1.0,1.0,1.0,0.0,2.0,Moderate
78267.0,2013-2014,32,1,25.9,6,0.0,0.0,1.0,0.0,2.0,Low
78268.0,2013-2014,57,2,31.6,7,0.0,1.0,0.0,1.0,2.0,Low
78269.0,2013-2014,40,1,31.6,1,0.0,0.0,0.0,0.0,2.0,Low
78270.0,2013-2014,55,1,27.5,6,0.0,1.0,0.0,0.0,2.0,Moderate
78274.0,2013-2014,77,2,31.6,3,1.0,1.0,1.0,0.0,2.0,High
78275.0,2013-2014,24,2,41.3,1,1.0,0.0,1.0,1.0,2.0,Low
78277.0,2013-2014,80,2,20.5,3,0.0,1.0,1.0,0.0,2.0,Moderate
78280.0,2013-2014,41,2,28.4,3,,0.0,1.0,0.0,2.0,Low
78282.0,2013-2014,32,1,25.4,6,1.0,0.0,1.0,1.0,2.0,Moderate
78287.0,2013-2014,44,2,28.7,1,0.0,0.0,1.0,0.0,2.0,Moderate
78288.0,2013-2014,70,2,33.8,3,1.0,0.0,1.0,0.0,2.0,Low
78289.0,2013-2014,77,1,25.9,3,1.0,0.0,0.0,0.0,2.0,Moderate
78291.0,2013-2014,38,2,33.0,6,0.0,0.0,1.0,0.0,2.0,Low
78292.0,2013-2014,28,2,22.5,3,0.0,0.0,1.0,0.0,2.0,Low
78294.0,2013-2014,30,1,32.1,2,1.0,1.0,0.0,1.0,2.0,Low
78296.0,2013-2014,59,1,29.3,2,1.0,1.0,0.0,1.0,1.0,High
78297.0,2013-2014,65,2,28.9,1,0.0,0.0,0.0,0.0,2.0,Low
78299.0,2013-2014,38,1,64.3,4,1.0,0.0,0.0,0.0,2.0,Low
78301.0,2013-2014,75,1,34.2,3,1.0,1.0,0.0,1.0,1.0,High
78304.0,2013-2014,60,1,22.4,3,1.0,1.0,0.0,1.0,2.0,Low
78305.0,2013-2014,43,2,32.5,3,0.0,0.0,0.0,2.0,2.0,Low
78306.0,2013-2014,63,2,35.5,1,1.0,1.0,0.0,1.0,1.0,High
78307.0,2013-2014,23,2,28.4,3,0.0,0.0,0.0,0.0,2.0,Low
78309.0,2013-2014,36,2,31.3,1,1.0,0.0,0.0,0.0,2.0,Low
78312.0,2013-2014,47,2,44.1,4,1.0,0.0,1.0,0.0,2.0,Moderate
78313.0,2013-2014,63,2,19.5,3,0.0,0.0,1.0,0.0,2.0,Moderate
78317.0,2013-2014,66,1,,3,0.0,1.0,0.0,0.0,2.0,Low
78318.0,2013-2014,30,2,17.8,3,0.0,0.0,1.0,2.0,2.0,Low
78319.0,2013-2014,80,2,28.3,4,0.0,1.0,0.0,0.0,2.0,Moderate
78320.0,2013-2014,41,2,33.7,3,0.0,1.0,1.0,1.0,2.0,Low
78321.0,2013-2014,63,1,40.3,4,0.0,1.0,1.0,1.0,1.0,High
78322.0,2013-2014,29,1,28.1,6,0.0,0.0,1.0,0.0,2.0,Moderate
78323.0,2013-2014,55,1,26.7,1,1.0,0.0,1.0,0.0,2.0,Moderate
78327.0,2013-2014,39,1,25.0,3,0.0,0.0,1.0,1.0,2.0,Low
78328.0,2013-2014,66,1,26.9,7,1.0,0.0,0.0,2.0,3.0,Moderate
78329.0,2013-2014,22,1,22.6,3,,0.0,0.0,2.0,2.0,Low
78330.0,2013-2014,27,1,28.7,3,0.0,0.0,1.0,2.0,2.0,Low
78334.0,2013-2014,28,2,39.8,4,0.0,0.0,0.0,0.0,2.0,Moderate
78335.0,2013-2014,27,2,27.0,1,1.0,0.0,1.0,0.0,2.0,Low
78337.0,2013-2014,73,2,22.9,3,1.0,,0.0,0.0,2.0,Low
78338.0,2013-2014,35,2,28.6,3,1.0,0.0,1.0,0.0,2.0,Low
78341.0,2013-2014,35,2,26.9,4,1.0,1.0,1.0,2.0,2.0,Low
78342.0,2013-2014,40,2,23.2,3,0.0,0.0,0.0,2.0,2.0,Low
78346.0,2013-2014,32,1,33.3,1,1.0,0.0,0.0,2.0,2.0,Low
78349.0,2013-2014,33,1,31.6,3,0.0,0.0,1.0,0.0,2.0,Moderate
78350.0,2013-2014,43,2,22.5,2,1.0,0.0,1.0,0.0,2.0,Low
78351.0,2013-2014,23,1,30.5,3,0.0,0.0,0.0,0.0,2.0,Low
78352.0,2013-2014,25,1,23.6,6,0.0,0.0,1.0,0.0,2.0,Low
78354.0,2013-2014,44,1,19.0,3,0.0,0.0,0.0,2.0,2.0,Low
78355.0,2013-2014,34,2,30.2,1,1.0,0.0,1.0,0.0,2.0,Low
78356.0,2013-2014,45,2,19.9,6,1.0,0.0,1.0,0.0,2.0,Low
78359.0,2013-2014,35,2,22.0,7,0.0,0.0,1.0,0.0,2.0,Low
78360.0,2013-2014,38,2,27.3,4,0.0,0.0,0.0,2.0,2.0,Low
78362.0,2013-2014,52,1,43.7,3,1.0,1.0,0.0,1.0,1.0,High
78367.0,2013-2014,30,1,23.9,3,0.0,0.0,0.0,2.0,2.0,Low
78368.0,2013-2014,52,1,25.5,3,0.0,0.0,0.0,0.0,2.0,Low
78369.0,2013-2014,23,1,20.4,3,1.0,0.0,0.0,0.0,2.0,Low
78371.0,2013-2014,30,2,18.9,6,0.0,0.0,0.0,0.0,2.0,Low
78372.0,2013-2014,80,2,,3,0.0,0.0,0.0,1.0,2.0,Moderate
78374.0,2013-2014,49,2,28.4,3,1.0,1.0,1.0,0.0,2.0,Low
78375.0,2013-2014,44,1,41.2,1,0.0,0.0,1.0,1.0,2.0,Low
78376.0,2013-2014,65,2,33.7,4,1.0,0.0,1.0,0.0,2.0,Moderate
78377.0,2013-2014,62,2,30.1,3,0.0,1.0,1.0,1.0,2.0,Moderate
78379.0,2013-2014,47,2,48.3,3,0.0,1.0,1.0,0.0,2.0,Low
78381.0,2013-2014,21,1,18.1,2,1.0,0.0,1.0,2.0,2.0,Low
78382.0,2013-2014,46,1,30.2,4,0.0,0.0,0.0,2.0,2.0,Moderate
78386.0,2013-2014,44,1,22.9,6,0.0,0.0,1.0,1.0,1.0,High
78388.0,2013-2014,30,2,33.1,3,0.0,1.0,0.0,2.0,2.0,Low
78391.0,2013-2014,55,1,25.7,6,0.0,0.0,0.0,2.0,2.0,Moderate
78392.0,2013-2014,67,2,26.1,3,1.0,0.0,1.0,2.0,2.0,Low
78393.0,2013-2014,26,1,33.1,4,0.0,0.0,0.0,0.0,2.0,Low
78394.0,2013-2014,58,2,43.3,3,0.0,1.0,0.0,1.0,1.0,High
78395.0,2013-2014,22,2,35.5,3,1.0,0.0,1.0,0.0,2.0,Low
78400.0,2013-2014,49,2,28.7,4,0.0,0.0,1.0,0.0,2.0,Low
78402.0,2013-2014,69,1,26.9,3,1.0,1.0,0.0,1.0,1.0,High
78403.0,2013-2014,80,2,31.0,3,1.0,1.0,1.0,1.0,2.0,Moderate
78404.0,2013-2014,44,1,34.5,3,0.0,0.0,0.0,1.0,2.0,Low
78410.0,2013-2014,45,2,36.0,2,1.0,1.0,0.0,0.0,2.0,Moderate
78411.0,2013-2014,41,1,26.9,6,1.0,0.0,0.0,2.0,2.0,Low
78417.0,2013-2014,22,2,33.3,4,0.0,0.0,1.0,2.0,2.0,Low
78418.0,2013-2014,36,2,35.8,1,0.0,0.0,1.0,0.0,2.0,Low
78419.0,2013-2014,32,2,42.6,1,1.0,0.0,0.0,2.0,1.0,High
78420.0,2013-2014,44,1,30.0,7,0.0,1.0,0.0,2.0,2.0,Low
78422.0,2013-2014,52,1,26.7,4,0.0,1.0,1.0,0.0,2.0,Moderate
78423.0,2013-2014,56,2,27.3,1,0.0,1.0,1.0,0.0,2.0,Low
78424.0,2013-2014,45,1,27.7,3,0.0,0.0,1.0,1.0,2.0,Moderate
78428.0,2013-2014,68,2,29.8,3,0.0,1.0,1.0,2.0,2.0,Moderate
78430.0,2013-2014,37,2,34.0,1,0.0,0.0,0.0,0.0,2.0,High
78431.0,2013-2014,80,2,23.2,3,0.0,1.0,1.0,0.0,2.0,Low
78433.0,2013-2014,71,1,30.8,3,0.0,0.0,0.0,0.0,2.0,Low
78434.0,2013-2014,32,1,33.1,3,0.0,0.0,0.0,0.0,2.0,Moderate
78435.0,2013-2014,67,1,31.2,4,0.0,0.0,1.0,1.0,2.0,Moderate
78438.0,2013-2014,33,1,23.6,3,0.0,0.0,1.0,2.0,2.0,Low
78439.0,2013-2014,30,2,30.5,7,0.0,0.0,1.0,0.0,2.0,Moderate
78440.0,2013-2014,57,1,29.0,3,0.0,1.0,0.0,1.0,2.0,High
78441.0,2013-2014,27,1,28.2,7,0.0,0.0,1.0,0.0,2.0,Low
78442.0,2013-2014,59,2,29.5,1,0.0,0.0,0.0,0.0,2.0,Moderate
78443.0,2013-2014,62,2,34.3,4,1.0,1.0,1.0,1.0,2.0,High
78444.0,2013-2014,52,2,30.2,3,1.0,0.0,0.0,2.0,2.0,Low
78445.0,2013-2014,63,1,25.6,3,0.0,1.0,0.0,1.0,2.0,Moderate
78446.0,2013-2014,28,2,30.4,3,0.0,0.0,1.0,1.0,2.0,Low
78447.0,2013-2014,23,2,19.1,3,0.0,0.0,1.0,0.0,2.0,Low
78450.0,2013-2014,34,1,22.4,4,0.0,0.0,0.0,0.0,2.0,Low
78457.0,2013-2014,33,2,25.9,3,0.0,0.0,1.0,0.0,2.0,Low
78460.0,2013-2014,32,1,25.5,4,0.0,0.0,1.0,0.0,2.0,Moderate
78462.0,2013-2014,58,1,31.0,4,1.0,0.0,1.0,1.0,2.0,Low
78464.0,2013-2014,26,2,21.3,3,0.0,0.0,0.0,0.0,2.0,Low
78465.0,2013-2014,68,2,41.4,3,1.0,0.0,0.0,1.0,1.0,High
78467.0,2013-2014,69,2,22.8,4,0.0,1.0,1.0,1.0,2.0,High
78468.0,2013-2014,30,2,33.4,4,1.0,0.0,1.0,0.0,2.0,Moderate
78473.0,2013-2014,60,1,29.6,4,0.0,0.0,0.0,1.0,2.0,Low
78474.0,2013-2014,45,1,28.1,1,1.0,1.0,1.0,1.0,3.0,High
78475.0,2013-2014,77,2,28.8,3,0.0,0.0,0.0,0.0,2.0,Low
78478.0,2013-2014,47,1,30.6,3,0.0,0.0,1.0,0.0,2.0,Low
78479.0,2013-2014,28,1,23.7,3,,0.0,1.0,0.0,2.0,Low
78480.0,2013-2014,47,2,23.2,6,0.0,0.0,0.0,0.0,2.0,Low
78481.0,2013-2014,71,2,18.5,3,0.0,0.0,0.0,0.0,2.0,Low
78484.0,2013-2014,79,2,26.4,3,1.0,0.0,0.0,2.0,2.0,Moderate
78486.0,2013-2014,60,2,18.1,6,0.0,0.0,1.0,0.0,2.0,Moderate
78487.0,2013-2014,80,2,22.2,3,0.0,1.0,1.0,0.0,3.0,Moderate
78489.0,2013-2014,31,2,26.0,6,1.0,0.0,1.0,0.0,1.0,High
78490.0,2013-2014,23,1,15.4,4,0.0,0.0,0.0,0.0,2.0,Low
78495.0,2013-2014,24,2,18.8,3,0.0,0.0,1.0,2.0,2.0,Low
78497.0,2013-2014,64,1,24.0,4,1.0,0.0,1.0,2.0,1.0,High
78498.0,2013-2014,78,2,33.0,3,,1.0,0.0,1.0,2.0,Moderate
78499.0,2013-2014,23,1,19.3,4,0.0,0.0,0.0,1.0,2.0,Low
78500.0,2013-2014,36,1,30.7,4,1.0,0.0,1.0,0.0,2.0,Moderate
78503.0,2013-2014,72,2,23.8,6,1.0,1.0,1.0,0.0,1.0,High
78504.0,2013-2014,60,2,28.3,1,1.0,1.0,0.0,0.0,1.0,High
78506.0,2013-2014,57,1,23.6,3,1.0,1.0,0.0,2.0,2.0,Low
78508.0,2013-2014,51,1,30.1,3,1.0,1.0,0.0,2.0,2.0,Moderate
78510.0,2013-2014,40,1,45.9,4,1.0,1.0,0.0,0.0,2.0,Low
78512.0,2013-2014,31,1,22.0,3,0.0,1.0,1.0,2.0,2.0,Low
78514.0,2013-2014,45,1,23.3,4,1.0,1.0,1.0,2.0,2.0,Moderate
78515.0,2013-2014,80,2,,3,0.0,1.0,0.0,1.0,2.0,Low
78518.0,2013-2014,38,1,35.5,3,0.0,1.0,1.0,0.0,2.0,Moderate
78521.0,2013-2014,70,1,30.9,6,0.0,0.0,1.0,1.0,2.0,Moderate
78522.0,2013-2014,51,2,29.4,4,0.0,1.0,0.0,1.0,2.0,Moderate
78523.0,2013-2014,60,2,20.8,6,1.0,1.0,1.0,0.0,3.0,Moderate
78526.0,2013-2014,30,1,32.4,3,0.0,0.0,1.0,0.0,2.0,Low
78527.0,2013-2014,72,2,31.6,3,1.0,1.0,1.0,1.0,2.0,Low
78528.0,2013-2014,38,1,25.8,3,0.0,0.0,1.0,2.0,2.0,Low
78531.0,2013-2014,60,1,27.0,3,0.0,1.0,1.0,0.0,2.0,Low
78533.0,2013-2014,48,2,26.0,1,0.0,0.0,1.0,2.0,2.0,Low
78534.0,2013-2014,67,2,29.1,2,1.0,1.0,0.0,0.0,2.0,Moderate
78535.0,2013-2014,80,2,34.7,4,1.0,1.0,0.0,0.0,1.0,High
78536.0,2013-2014,51,1,,6,0.0,0.0,0.0,0.0,2.0,Moderate
78542.0,2013-2014,41,2,34.9,1,0.0,0.0,0.0,0.0,1.0,High
78548.0,2013-2014,36,2,42.5,4,1.0,0.0,1.0,0.0,2.0,Moderate
78549.0,2013-2014,20,1,21.1,3,1.0,1.0,0.0,2.0,2.0,Low
78551.0,2013-2014,59,2,23.1,3,0.0,0.0,1.0,0.0,2.0,Low
78552.0,2013-2014,68,2,19.3,1,0.0,0.0,0.0,2.0,2.0,Moderate
78556.0,2013-2014,60,2,28.9,3,1.0,1.0,0.0,2.0,2.0,Low
78557.0,2013-2014,70,2,39.2,3,0.0,1.0,0.0,0.0,2.0,High
78560.0,2013-2014,22,1,20.4,4,0.0,0.0,1.0,2.0,2.0,Low
78561.0,2013-2014,80,1,27.4,3,0.0,1.0,0.0,0.0,2.0,Low
78562.0,2013-2014,48,1,35.3,3,0.0,0.0,0.0,2.0,2.0,Moderate
78566.0,2013-2014,43,1,23.8,3,0.0,0.0,0.0,0.0,2.0,Moderate
78568.0,2013-2014,29,2,33.4,4,1.0,0.0,0.0,2.0,2.0,Low
78572.0,2013-2014,51,1,28.3,3,1.0,0.0,0.0,0.0,2.0,High
78575.0,2013-2014,22,1,28.5,3,0.0,1.0,0.0,2.0,2.0,Low
78577.0,2013-2014,22,1,23.8,3,0.0,0.0,0.0,2.0,2.0,Low
78579.0,2013-2014,71,1,39.2,3,1.0,1.0,1.0,1.0,1.0,High
78580.0,2013-2014,78,2,27.1,3,0.0,1.0,0.0,2.0,1.0,High
78581.0,2013-2014,44,2,24.3,6,0.0,0.0,1.0,0.0,2.0,Moderate
78583.0,2013-2014,54,1,30.8,2,1.0,1.0,1.0,0.0,1.0,High
78586.0,2013-2014,41,2,29.9,4,1.0,0.0,1.0,1.0,2.0,Moderate
78587.0,2013-2014,57,2,23.3,6,0.0,1.0,0.0,0.0,2.0,High
78588.0,2013-2014,49,1,26.5,2,1.0,0.0,0.0,0.0,2.0,High
78589.0,2013-2014,20,2,21.4,4,0.0,0.0,0.0,2.0,2.0,Low
78591.0,2013-2014,70,2,36.0,3,1.0,1.0,0.0,0.0,2.0,Low
78595.0,2013-2014,31,1,38.6,6,0.0,1.0,1.0,2.0,2.0,Moderate
78597.0,2013-2014,61,1,25.7,1,1.0,0.0,0.0,2.0,1.0,High
78598.0,2013-2014,63,1,31.6,3,0.0,1.0,1.0,0.0,1.0,High
78599.0,2013-2014,36,1,35.7,3,1.0,0.0,0.0,2.0,2.0,Moderate
78601.0,2013-2014,46,1,23.9,6,1.0,0.0,0.0,0.0,2.0,Low
78603.0,2013-2014,33,1,30.1,4,1.0,1.0,1.0,1.0,2.0,Low
78606.0,2013-2014,42,1,26.6,3,0.0,0.0,1.0,0.0,2.0,Moderate
78608.0,2013-2014,59,1,23.6,3,,1.0,0.0,2.0,2.0,Low
78611.0,2013-2014,21,1,23.1,4,0.0,0.0,1.0,0.0,2.0,Low
78612.0,2013-2014,60,2,23.4,1,0.0,0.0,0.0,0.0,1.0,High
78613.0,2013-2014,22,2,27.3,2,0.0,0.0,1.0,0.0,2.0,Low
78615.0,2013-2014,57,2,21.5,6,1.0,0.0,1.0,0.0,2.0,Moderate
78616.0,2013-2014,21,2,33.7,2,0.0,0.0,1.0,0.0,2.0,Low
78619.0,2013-2014,61,2,29.8,3,0.0,0.0,0.0,1.0,2.0,Moderate
78620.0,2013-2014,64,1,28.4,6,0.0,1.0,0.0,0.0,2.0,Moderate
78621.0,2013-2014,50,1,26.4,6,0.0,1.0,0.0,0.0,2.0,Low
78626.0,2013-2014,51,1,27.1,1,,0.0,0.0,0.0,2.0,Moderate
78627.0,2013-2014,69,1,32.4,3,,0.0,0.0,0.0,2.0,Low
78630.0,2013-2014,65,1,23.9,4,0.0,0.0,1.0,2.0,2.0,Low
78631.0,2013-2014,28,2,33.3,7,1.0,1.0,1.0,2.0,2.0,Low
78633.0,2013-2014,24,1,18.4,6,1.0,0.0,0.0,0.0,2.0,Moderate
78634.0,2013-2014,55,2,48.4,3,0.0,1.0,1.0,2.0,2.0,Moderate
78636.0,2013-2014,25,2,29.1,3,0.0,0.0,0.0,0.0,2.0,Low
78638.0,2013-2014,40,1,32.0,4,1.0,0.0,0.0,0.0,2.0,Moderate
78640.0,2013-2014,66,1,26.2,2,0.0,1.0,0.0,1.0,2.0,High
78645.0,2013-2014,37,1,30.8,3,0.0,0.0,0.0,0.0,2.0,Low
78649.0,2013-2014,50,1,30.4,1,1.0,1.0,1.0,0.0,1.0,High
78650.0,2013-2014,21,1,21.2,7,1.0,0.0,1.0,2.0,2.0,Moderate
78651.0,2013-2014,24,2,23.3,6,,0.0,1.0,2.0,2.0,Low
78652.0,2013-2014,42,2,30.9,1,0.0,1.0,1.0,0.0,2.0,Low
78654.0,2013-2014,61,2,28.3,3,0.0,0.0,0.0,0.0,2.0,Low
78655.0,2013-2014,28,1,29.2,1,0.0,0.0,1.0,2.0,2.0,Low
78658.0,2013-2014,50,2,24.5,1,1.0,0.0,1.0,0.0,2.0,Moderate
78660.0,2013-2014,35,1,57.9,3,1.0,1.0,0.0,0.0,2.0,Moderate
78661.0,2013-2014,64,1,21.4,4,0.0,0.0,0.0,2.0,2.0,High
78662.0,2013-2014,56,1,28.2,4,0.0,0.0,1.0,0.0,2.0,Low
78664.0,2013-2014,37,1,25.7,3,0.0,0.0,0.0,0.0,2.0,Low
78665.0,2013-2014,48,1,26.1,4,0.0,0.0,1.0,0.0,1.0,High
78667.0,2013-2014,63,1,46.8,3,1.0,1.0,0.0,1.0,2.0,High
78669.0,2013-2014,27,2,33.4,3,1.0,0.0,1.0,0.0,2.0,Moderate
78671.0,2013-2014,67,2,36.0,4,1.0,1.0,1.0,0.0,2.0,Moderate
78672.0,2013-2014,31,1,39.0,1,1.0,1.0,1.0,0.0,1.0,High
78673.0,2013-2014,32,2,32.8,6,0.0,0.0,1.0,0.0,2.0,Moderate
78674.0,2013-2014,61,2,21.7,3,0.0,0.0,0.0,0.0,2.0,Low
78676.0,2013-2014,39,2,38.1,4,1.0,0.0,0.0,0.0,2.0,Moderate
78678.0,2013-2014,44,2,25.2,3,1.0,0.0,1.0,0.0,2.0,Low
78679.0,2013-2014,68,2,,2,1.0,0.0,0.0,0.0,2.0,Low
78682.0,2013-2014,53,2,19.4,1,0.0,0.0,1.0,1.0,2.0,Low
78683.0,2013-2014,56,2,19.4,3,0.0,0.0,1.0,0.0,2.0,Low
78685.0,2013-2014,80,2,28.0,1,1.0,0.0,0.0,0.0,1.0,High
78688.0,2013-2014,39,1,36.2,1,1.0,1.0,0.0,0.0,2.0,Low
78689.0,2013-2014,21,2,31.5,3,0.0,0.0,0.0,0.0,2.0,Low
78691.0,2013-2014,42,2,26.7,4,0.0,0.0,0.0,0.0,2.0,Moderate
78692.0,2013-2014,39,2,24.9,6,1.0,0.0,1.0,0.0,2.0,Low
78694.0,2013-2014,22,2,21.8,6,1.0,0.0,0.0,0.0,2.0,Low
78695.0,2013-2014,23,1,28.4,4,0.0,1.0,1.0,0.0,2.0,Low
78698.0,2013-2014,80,2,23.7,4,0.0,1.0,1.0,0.0,2.0,Low
78700.0,2013-2014,80,1,22.0,3,0.0,0.0,1.0,1.0,2.0,Moderate
78702.0,2013-2014,80,1,26.6,3,1.0,1.0,0.0,1.0,2.0,Moderate
78703.0,2013-2014,59,1,23.5,3,1.0,1.0,0.0,0.0,2.0,Moderate
78704.0,2013-2014,55,1,32.0,4,,1.0,1.0,2.0,2.0,Low
78705.0,2013-2014,37,2,31.1,1,1.0,0.0,1.0,1.0,2.0,Low
78706.0,2013-2014,39,2,,4,0.0,1.0,0.0,0.0,2.0,Low
78707.0,2013-2014,56,1,19.6,4,0.0,1.0,0.0,2.0,2.0,Low
78708.0,2013-2014,40,1,22.6,2,0.0,0.0,1.0,0.0,2.0,Moderate
78710.0,2013-2014,36,2,30.1,3,0.0,0.0,1.0,2.0,2.0,Low
78712.0,2013-2014,53,2,29.4,3,0.0,0.0,1.0,2.0,2.0,Moderate
78714.0,2013-2014,64,2,50.2,3,0.0,1.0,0.0,0.0,2.0,Low
78716.0,2013-2014,46,2,22.8,6,0.0,0.0,1.0,0.0,2.0,Moderate
78718.0,2013-2014,45,2,26.3,1,1.0,0.0,1.0,0.0,2.0,Low
78719.0,2013-2014,37,2,23.7,3,0.0,1.0,0.0,2.0,2.0,Moderate
78720.0,2013-2014,27,2,37.1,4,1.0,0.0,0.0,2.0,2.0,Low
78723.0,2013-2014,66,2,26.5,1,0.0,0.0,0.0,1.0,2.0,Moderate
78724.0,2013-2014,23,1,25.1,3,0.0,0.0,1.0,2.0,2.0,Low
78725.0,2013-2014,35,1,29.0,3,0.0,0.0,0.0,2.0,2.0,Low
78727.0,2013-2014,70,2,28.9,3,1.0,1.0,1.0,1.0,2.0,High
78728.0,2013-2014,38,1,20.3,3,1.0,0.0,0.0,2.0,2.0,Low
78733.0,2013-2014,27,1,28.2,3,0.0,0.0,1.0,0.0,2.0,Low
78735.0,2013-2014,44,1,30.2,3,0.0,0.0,0.0,0.0,2.0,Moderate
78736.0,2013-2014,41,1,50.9,3,1.0,0.0,0.0,2.0,2.0,High
78737.0,2013-2014,71,2,49.5,4,1.0,1.0,0.0,0.0,1.0,High
78739.0,2013-2014,53,1,26.2,3,0.0,0.0,1.0,1.0,2.0,Low
78741.0,2013-2014,37,1,28.5,1,1.0,0.0,0.0,0.0,2.0,Low
78742.0,2013-2014,53,1,25.5,3,0.0,0.0,1.0,2.0,2.0,Low
78744.0,2013-2014,55,2,22.9,3,0.0,0.0,1.0,0.0,2.0,Low
78746.0,2013-2014,27,2,21.8,6,0.0,0.0,1.0,0.0,2.0,Low
78747.0,2013-2014,70,2,26.3,3,0.0,0.0,1.0,0.0,1.0,High
78748.0,2013-2014,77,1,27.2,3,1.0,1.0,1.0,1.0,3.0,Moderate
78750.0,2013-2014,20,2,22.3,2,0.0,0.0,1.0,0.0,2.0,Low
78754.0,2013-2014,79,2,20.4,4,0.0,1.0,0.0,1.0,2.0,Low
78755.0,2013-2014,40,2,25.6,3,1.0,1.0,1.0,0.0,2.0,Low
78757.0,2013-2014,65,1,33.2,1,0.0,0.0,0.0,1.0,1.0,High
78760.0,2013-2014,31,2,28.5,6,0.0,0.0,1.0,0.0,2.0,Low
78762.0,2013-2014,24,1,33.4,2,0.0,0.0,0.0,2.0,2.0,Moderate
78764.0,2013-2014,51,2,36.0,3,1.0,1.0,0.0,2.0,2.0,Moderate
78765.0,2013-2014,33,1,24.5,1,0.0,0.0,1.0,0.0,2.0,Low
78766.0,2013-2014,46,1,26.8,3,0.0,0.0,1.0,0.0,2.0,Moderate
78767.0,2013-2014,29,1,24.1,3,0.0,0.0,1.0,0.0,2.0,Low
78768.0,2013-2014,34,2,30.2,4,1.0,1.0,0.0,0.0,2.0,Low
78770.0,2013-2014,41,1,25.9,3,0.0,0.0,1.0,0.0,2.0,Low
78771.0,2013-2014,80,1,32.0,3,0.0,0.0,0.0,0.0,2.0,High
78772.0,2013-2014,30,2,30.2,1,0.0,0.0,0.0,0.0,2.0,Low
78776.0,2013-2014,24,1,25.0,3,1.0,0.0,1.0,1.0,2.0,Low
78777.0,2013-2014,56,2,24.5,4,0.0,0.0,1.0,2.0,2.0,Low
78778.0,2013-2014,64,2,32.1,3,0.0,0.0,1.0,2.0,1.0,High
78780.0,2013-2014,80,2,24.6,3,0.0,0.0,0.0,0.0,2.0,Moderate
78781.0,2013-2014,29,1,29.4,4,1.0,0.0,1.0,0.0,2.0,Low
78789.0,2013-2014,75,1,27.9,3,0.0,1.0,0.0,0.0,3.0,High
78790.0,2013-2014,58,1,27.0,1,1.0,0.0,0.0,0.0,2.0,Moderate
78791.0,2013-2014,43,1,35.6,4,1.0,0.0,1.0,0.0,2.0,Low
78794.0,2013-2014,60,1,20.7,7,0.0,1.0,0.0,0.0,2.0,Moderate
78796.0,2013-2014,64,2,41.6,4,0.0,1.0,1.0,2.0,3.0,Moderate
78797.0,2013-2014,37,1,26.9,1,0.0,0.0,0.0,0.0,2.0,Moderate
78799.0,2013-2014,45,2,24.3,3,0.0,0.0,1.0,1.0,2.0,Low
78801.0,2013-2014,37,1,23.4,3,1.0,0.0,1.0,2.0,2.0,Low
78804.0,2013-2014,64,2,31.8,4,0.0,1.0,0.0,1.0,2.0,Moderate
78805.0,2013-2014,41,2,46.2,4,0.0,0.0,1.0,0.0,2.0,Low
78806.0,2013-2014,46,2,30.8,3,1.0,1.0,0.0,2.0,2.0,Moderate
78809.0,2013-2014,47,2,40.7,3,1.0,1.0,0.0,0.0,2.0,Low
78810.0,2013-2014,58,2,39.9,4,1.0,1.0,0.0,1.0,2.0,Moderate
78812.0,2013-2014,41,1,34.6,2,0.0,1.0,0.0,0.0,2.0,Low
78814.0,2013-2014,42,2,26.5,1,1.0,0.0,1.0,2.0,2.0,Low
78818.0,2013-2014,43,2,20.7,6,1.0,0.0,1.0,0.0,2.0,Low
78819.0,2013-2014,37,2,20.7,1,1.0,0.0,0.0,0.0,2.0,Low
78820.0,2013-2014,76,1,29.3,3,0.0,0.0,1.0,1.0,2.0,Low
78821.0,2013-2014,38,2,35.3,2,1.0,0.0,0.0,0.0,2.0,Low
78822.0,2013-2014,68,1,26.2,3,1.0,0.0,0.0,0.0,2.0,Moderate
78823.0,2013-2014,38,2,29.2,3,0.0,0.0,0.0,2.0,2.0,Moderate
78825.0,2013-2014,67,2,28.7,2,0.0,1.0,0.0,2.0,2.0,Moderate
78827.0,2013-2014,42,2,55.0,4,0.0,0.0,0.0,1.0,2.0,Low
78828.0,2013-2014,29,1,29.5,7,0.0,0.0,1.0,2.0,2.0,Low
78829.0,2013-2014,38,1,34.0,1,0.0,0.0,0.0,0.0,2.0,Low
78832.0,2013-2014,32,1,27.4,4,0.0,0.0,1.0,0.0,2.0,Low
78833.0,2013-2014,27,1,34.1,3,0.0,0.0,1.0,0.0,2.0,Low
78834.0,2013-2014,56,2,19.9,3,1.0,0.0,1.0,0.0,2.0,Low
78836.0,2013-2014,47,1,26.6,3,1.0,0.0,0.0,2.0,2.0,Moderate
78838.0,2013-2014,78,1,25.9,3,0.0,1.0,0.0,1.0,2.0,Moderate
78844.0,2013-2014,67,2,31.6,3,0.0,1.0,0.0,2.0,2.0,Moderate
78847.0,2013-2014,63,2,26.8,6,0.0,1.0,0.0,0.0,2.0,Moderate
78852.0,2013-2014,40,1,31.0,1,0.0,0.0,1.0,1.0,2.0,Moderate
78853.0,2013-2014,65,2,26.4,3,1.0,0.0,1.0,1.0,1.0,High
78854.0,2013-2014,67,1,30.9,4,0.0,1.0,1.0,1.0,2.0,Moderate
78858.0,2013-2014,77,1,26.1,2,,1.0,0.0,1.0,1.0,High
78862.0,2013-2014,36,2,41.2,4,0.0,1.0,0.0,0.0,2.0,High
78865.0,2013-2014,61,2,26.4,2,1.0,1.0,0.0,0.0,2.0,Low
78870.0,2013-2014,52,2,34.1,3,0.0,1.0,1.0,0.0,2.0,Moderate
78872.0,2013-2014,28,2,32.5,1,1.0,0.0,1.0,0.0,2.0,Moderate
78874.0,2013-2014,55,2,38.8,4,0.0,1.0,0.0,0.0,1.0,High
78875.0,2013-2014,50,2,25.4,3,0.0,0.0,0.0,0.0,2.0,Low
78876.0,2013-2014,66,2,19.5,3,0.0,1.0,0.0,2.0,2.0,Low
78880.0,2013-2014,33,1,29.1,3,0.0,0.0,0.0,0.0,2.0,Moderate
78881.0,2013-2014,28,2,28.4,4,1.0,0.0,0.0,2.0,2.0,Low
78882.0,2013-2014,70,2,28.0,3,0.0,0.0,0.0,0.0,2.0,Low
78883.0,2013-2014,51,1,20.5,3,0.0,0.0,0.0,2.0,2.0,Low
78884.0,2013-2014,26,2,32.3,2,0.0,0.0,0.0,0.0,2.0,Moderate
78885.0,2013-2014,61,2,49.4,1,0.0,0.0,0.0,0.0,2.0,Moderate
78890.0,2013-2014,23,1,44.5,7,1.0,0.0,1.0,0.0,2.0,Low
78892.0,2013-2014,62,1,31.1,1,0.0,1.0,0.0,1.0,2.0,Moderate
78895.0,2013-2014,59,1,20.4,6,0.0,0.0,1.0,0.0,2.0,Low
78896.0,2013-2014,28,2,35.4,4,0.0,0.0,1.0,2.0,2.0,Low
78897.0,2013-2014,63,2,35.2,4,0.0,1.0,1.0,0.0,2.0,Low
78898.0,2013-2014,37,2,21.5,2,0.0,0.0,1.0,1.0,2.0,Low
78899.0,2013-2014,80,1,24.0,3,1.0,1.0,0.0,0.0,2.0,High
78900.0,2013-2014,27,1,24.1,3,0.0,0.0,1.0,0.0,2.0,Low
78901.0,2013-2014,44,2,25.6,4,0.0,0.0,1.0,0.0,2.0,Low
78902.0,2013-2014,63,1,34.3,2,1.0,1.0,0.0,1.0,1.0,High
78903.0,2013-2014,66,1,32.2,1,0.0,1.0,0.0,1.0,2.0,Moderate
78904.0,2013-2014,23,2,18.1,4,0.0,0.0,0.0,0.0,2.0,Low
78905.0,2013-2014,61,1,24.9,2,0.0,1.0,1.0,1.0,2.0,Moderate
78907.0,2013-2014,30,1,42.1,3,0.0,0.0,0.0,1.0,2.0,Moderate
78909.0,2013-2014,41,2,22.5,3,0.0,1.0,1.0,2.0,2.0,Low
78910.0,2013-2014,46,1,27.9,3,0.0,0.0,0.0,1.0,2.0,Moderate
78911.0,2013-2014,56,2,24.0,2,1.0,0.0,0.0,1.0,2.0,Low
78912.0,2013-2014,76,2,25.1,3,0.0,0.0,1.0,0.0,2.0,Moderate
78916.0,2013-2014,60,2,34.7,4,0.0,1.0,1.0,0.0,2.0,Moderate
78918.0,2013-2014,67,1,25.7,6,0.0,0.0,0.0,0.0,2.0,Low
78919.0,2013-2014,47,2,24.2,6,0.0,0.0,1.0,0.0,2.0,Low
78920.0,2013-2014,20,1,42.7,1,0.0,0.0,1.0,0.0,2.0,Moderate
78921.0,2013-2014,47,1,19.3,4,1.0,1.0,1.0,2.0,2.0,Low
78922.0,2013-2014,40,2,24.1,4,1.0,0.0,0.0,0.0,2.0,Low
78924.0,2013-2014,50,2,37.3,4,0.0,0.0,0.0,0.0,3.0,High
78926.0,2013-2014,44,1,23.5,3,0.0,0.0,0.0,2.0,2.0,Low
78928.0,2013-2014,80,2,20.4,3,1.0,1.0,0.0,0.0,2.0,Low
78929.0,2013-2014,71,2,27.6,1,0.0,1.0,0.0,0.0,2.0,Moderate
78930.0,2013-2014,50,1,33.7,3,1.0,0.0,0.0,0.0,2.0,Low
78931.0,2013-2014,28,1,33.9,3,0.0,0.0,0.0,2.0,2.0,Moderate
78934.0,2013-2014,20,1,22.3,3,0.0,0.0,1.0,0.0,2.0,Low
78937.0,2013-2014,55,1,34.2,3,1.0,1.0,0.0,2.0,2.0,Low
78938.0,2013-2014,65,2,23.0,6,0.0,1.0,0.0,0.0,2.0,Moderate
78940.0,2013-2014,36,2,22.9,4,0.0,0.0,0.0,0.0,2.0,Low
78942.0,2013-2014,58,2,25.3,4,0.0,1.0,1.0,0.0,2.0,Moderate
78944.0,2013-2014,56,2,27.6,1,1.0,0.0,0.0,2.0,2.0,Low
78946.0,2013-2014,20,1,31.1,4,0.0,0.0,0.0,0.0,2.0,Low
78947.0,2013-2014,80,2,30.1,3,1.0,0.0,0.0,0.0,1.0,High
78949.0,2013-2014,43,1,23.3,3,1.0,0.0,0.0,0.0,2.0,Low
78950.0,2013-2014,73,2,30.9,2,1.0,0.0,0.0,1.0,1.0,High
78951.0,2013-2014,80,2,29.2,3,0.0,1.0,1.0,1.0,2.0,Moderate
78952.0,2013-2014,44,2,29.2,6,1.0,0.0,1.0,0.0,1.0,High
78953.0,2013-2014,63,1,28.4,4,0.0,1.0,1.0,2.0,2.0,Moderate
78959.0,2013-2014,39,2,22.9,6,0.0,0.0,0.0,0.0,2.0,Low
78962.0,2013-2014,52,2,31.6,1,0.0,0.0,1.0,1.0,2.0,Low
78963.0,2013-2014,52,1,28.1,4,1.0,0.0,1.0,2.0,1.0,High
78964.0,2013-2014,35,1,30.4,1,0.0,0.0,1.0,1.0,2.0,Moderate
78967.0,2013-2014,41,2,32.5,2,1.0,1.0,1.0,1.0,2.0,Low
78968.0,2013-2014,63,2,25.0,3,1.0,1.0,0.0,0.0,1.0,High
78969.0,2013-2014,20,2,37.2,4,0.0,0.0,1.0,0.0,2.0,Moderate
78970.0,2013-2014,45,2,22.7,3,0.0,0.0,1.0,0.0,2.0,Low
78973.0,2013-2014,27,2,21.7,2,0.0,0.0,1.0,0.0,2.0,Low
78974.0,2013-2014,54,1,29.1,4,1.0,1.0,1.0,2.0,1.0,High
78975.0,2013-2014,48,1,24.9,3,1.0,1.0,0.0,1.0,2.0,Low
78976.0,2013-2014,22,2,27.2,3,0.0,0.0,1.0,0.0,2.0,Low
78977.0,2013-2014,24,2,18.8,3,1.0,0.0,0.0,0.0,2.0,Moderate
78978.0,2013-2014,71,2,29.8,3,1.0,1.0,1.0,1.0,2.0,Moderate
78979.0,2013-2014,48,2,19.9,3,1.0,0.0,1.0,0.0,2.0,Low
78980.0,2013-2014,68,2,22.2,3,0.0,1.0,0.0,2.0,1.0,High
78981.0,2013-2014,71,2,32.8,1,0.0,1.0,0.0,0.0,2.0,Moderate
78983.0,2013-2014,52,1,26.1,3,0.0,0.0,1.0,0.0,2.0,Low
78987.0,2013-2014,30,1,24.8,3,1.0,0.0,1.0,1.0,2.0,Low
78989.0,2013-2014,68,1,51.2,4,0.0,1.0,0.0,1.0,1.0,High
78990.0,2013-2014,75,1,26.1,3,0.0,0.0,0.0,1.0,2.0,High
78991.0,2013-2014,61,1,31.3,1,,0.0,1.0,0.0,2.0,Low
78994.0,2013-2014,54,2,43.6,4,0.0,1.0,0.0,0.0,2.0,Low
78997.0,2013-2014,74,2,26.3,3,1.0,1.0,1.0,1.0,3.0,Moderate
78999.0,2013-2014,23,1,22.8,4,0.0,0.0,1.0,2.0,2.0,Low
79000.0,2013-2014,36,1,26.8,1,0.0,0.0,0.0,1.0,2.0,Moderate
79001.0,2013-2014,28,1,32.1,3,0.0,0.0,0.0,2.0,1.0,High
79002.0,2013-2014,43,2,25.6,3,0.0,1.0,1.0,2.0,2.0,Low
79005.0,2013-2014,44,1,28.0,4,0.0,0.0,1.0,0.0,2.0,Low
79006.0,2013-2014,52,2,36.8,3,1.0,1.0,0.0,0.0,1.0,High
79007.0,2013-2014,52,2,20.3,6,0.0,1.0,1.0,0.0,2.0,Low
79011.0,2013-2014,80,2,28.2,3,0.0,1.0,0.0,0.0,1.0,High
79013.0,2013-2014,58,1,32.1,3,0.0,1.0,1.0,1.0,1.0,High
79014.0,2013-2014,54,2,31.9,4,0.0,0.0,0.0,1.0,2.0,Low
79015.0,2013-2014,64,1,34.5,1,0.0,0.0,0.0,1.0,1.0,High
79016.0,2013-2014,80,1,27.9,3,0.0,0.0,0.0,1.0,1.0,High
79017.0,2013-2014,61,1,32.4,1,1.0,0.0,1.0,0.0,1.0,High
79019.0,2013-2014,45,2,36.4,4,1.0,1.0,0.0,0.0,2.0,Moderate
79022.0,2013-2014,44,1,31.2,4,1.0,0.0,0.0,1.0,2.0,Moderate
79023.0,2013-2014,42,2,33.8,3,1.0,0.0,1.0,0.0,2.0,Low
79024.0,2013-2014,32,1,24.8,4,1.0,1.0,0.0,0.0,2.0,Low
79025.0,2013-2014,54,2,34.6,4,0.0,1.0,0.0,0.0,2.0,Low
79026.0,2013-2014,23,1,21.3,3,0.0,0.0,1.0,0.0,2.0,Low
79027.0,2013-2014,48,2,45.9,3,1.0,1.0,0.0,2.0,2.0,Moderate
79029.0,2013-2014,52,1,25.8,3,0.0,1.0,0.0,1.0,2.0,Moderate
79031.0,2013-2014,68,1,25.3,4,1.0,1.0,0.0,1.0,2.0,Moderate
79032.0,2013-2014,33,1,32.9,4,0.0,0.0,0.0,2.0,2.0,High
79033.0,2013-2014,41,1,25.0,3,0.0,0.0,1.0,2.0,2.0,High
79037.0,2013-2014,22,2,27.3,3,0.0,0.0,1.0,0.0,2.0,Low
79039.0,2013-2014,34,2,41.4,3,1.0,0.0,1.0,2.0,1.0,High
79040.0,2013-2014,58,2,36.3,4,0.0,0.0,0.0,2.0,2.0,Moderate
79041.0,2013-2014,52,2,22.0,3,0.0,0.0,1.0,0.0,2.0,Low
79042.0,2013-2014,65,1,35.4,3,0.0,1.0,1.0,1.0,2.0,Moderate
79044.0,2013-2014,31,1,27.1,6,0.0,0.0,1.0,0.0,2.0,Moderate
79048.0,2013-2014,80,1,34.8,3,0.0,0.0,0.0,1.0,1.0,High
79049.0,2013-2014,21,2,20.7,3,0.0,0.0,0.0,2.0,2.0,Low
79050.0,2013-2014,74,2,36.9,2,1.0,1.0,0.0,0.0,1.0,High
79057.0,2013-2014,35,2,29.2,1,1.0,0.0,0.0,0.0,2.0,Low
79060.0,2013-2014,31,2,26.7,3,0.0,0.0,1.0,0.0,2.0,Low
79061.0,2013-2014,43,1,29.4,1,0.0,0.0,1.0,1.0,2.0,Low
79063.0,2013-2014,51,2,41.7,1,1.0,0.0,0.0,1.0,1.0,High
79064.0,2013-2014,48,1,28.0,6,1.0,1.0,1.0,0.0,1.0,High
79067.0,2013-2014,26,1,31.3,1,1.0,0.0,0.0,1.0,2.0,Low
79068.0,2013-2014,36,2,37.3,6,0.0,0.0,1.0,0.0,2.0,Moderate
79069.0,2013-2014,30,1,31.2,3,0.0,0.0,0.0,0.0,2.0,Low
79072.0,2013-2014,53,2,22.5,2,0.0,1.0,1.0,0.0,2.0,Moderate
79075.0,2013-2014,27,1,33.5,2,1.0,0.0,0.0,0.0,2.0,Low
79077.0,2013-2014,80,1,25.7,3,0.0,1.0,1.0,1.0,2.0,Moderate
79078.0,2013-2014,60,2,46.0,4,1.0,1.0,1.0,0.0,1.0,High
79080.0,2013-2014,76,2,22.3,2,0.0,1.0,0.0,0.0,2.0,Moderate
79081.0,2013-2014,27,2,19.6,6,0.0,0.0,1.0,0.0,2.0,Low
79084.0,2013-2014,42,2,33.1,1,1.0,1.0,0.0,1.0,2.0,Low
79086.0,2013-2014,39,2,31.1,3,0.0,0.0,0.0,2.0,2.0,Low
79088.0,2013-2014,46,2,23.9,3,0.0,0.0,0.0,0.0,2.0,Moderate
79089.0,2013-2014,55,2,18.4,3,1.0,1.0,0.0,2.0,2.0,Low
79091.0,2013-2014,38,2,28.3,1,0.0,0.0,1.0,0.0,2.0,Low
79092.0,2013-2014,36,2,21.0,3,0.0,0.0,1.0,2.0,2.0,Low
79095.0,2013-2014,80,2,29.5,6,0.0,0.0,0.0,0.0,2.0,Moderate
79096.0,2013-2014,44,1,20.7,4,1.0,0.0,1.0,2.0,2.0,Moderate
79099.0,2013-2014,34,1,24.0,3,0.0,0.0,1.0,0.0,2.0,Low
79100.0,2013-2014,28,2,24.1,1,1.0,0.0,1.0,0.0,2.0,Low
79101.0,2013-2014,48,2,20.0,4,0.0,1.0,0.0,0.0,1.0,High
79103.0,2013-2014,80,2,,3,,1.0,0.0,1.0,2.0,Moderate
79106.0,2013-2014,78,1,26.1,4,1.0,1.0,0.0,0.0,2.0,Moderate
79110.0,2013-2014,35,2,22.6,3,0.0,0.0,1.0,2.0,2.0,Low
79112.0,2013-2014,22,2,36.4,4,0.0,0.0,1.0,0.0,2.0,Low
79113.0,2013-2014,66,1,43.8,4,1.0,1.0,0.0,1.0,2.0,Moderate
79114.0,2013-2014,28,1,38.2,3,0.0,0.0,1.0,0.0,2.0,Low
79119.0,2013-2014,56,2,35.5,3,0.0,0.0,0.0,1.0,1.0,High
79121.0,2013-2014,62,2,24.0,2,1.0,0.0,0.0,1.0,2.0,Moderate
79125.0,2013-2014,48,2,32.0,4,0.0,1.0,0.0,0.0,2.0,Low
79127.0,2013-2014,27,2,26.8,3,0.0,0.0,0.0,2.0,2.0,Low
79128.0,2013-2014,64,2,38.6,4,0.0,1.0,0.0,1.0,2.0,High
79130.0,2013-2014,47,2,32.5,3,0.0,1.0,1.0,2.0,2.0,Moderate
79132.0,2013-2014,28,2,19.4,4,0.0,0.0,1.0,2.0,2.0,Low
79134.0,2013-2014,78,1,34.9,4,1.0,1.0,1.0,1.0,1.0,High
79135.0,2013-2014,60,1,27.6,1,1.0,1.0,0.0,1.0,1.0,High
79136.0,2013-2014,67,2,38.5,1,1.0,1.0,0.0,2.0,2.0,Moderate
79137.0,2013-2014,25,1,36.3,3,,0.0,1.0,0.0,2.0,Low
79138.0,2013-2014,60,2,39.2,4,1.0,1.0,0.0,1.0,1.0,High
79142.0,2013-2014,49,2,24.4,2,0.0,0.0,1.0,0.0,2.0,Low
79146.0,2013-2014,26,2,22.2,2,0.0,0.0,1.0,0.0,2.0,Low
79147.0,2013-2014,38,2,41.2,3,1.0,1.0,0.0,2.0,2.0,Low
79148.0,2013-2014,33,1,33.8,1,1.0,0.0,0.0,0.0,2.0,Moderate
79152.0,2013-2014,53,1,28.5,3,0.0,1.0,1.0,1.0,2.0,Moderate
79153.0,2013-2014,29,2,33.0,1,0.0,0.0,1.0,0.0,2.0,Low
79154.0,2013-2014,71,1,23.7,3,0.0,1.0,1.0,1.0,2.0,Low
79155.0,2013-2014,30,2,38.0,3,0.0,0.0,1.0,0.0,2.0,Moderate
79161.0,2013-2014,55,2,27.5,2,0.0,0.0,0.0,0.0,2.0,Moderate
79162.0,2013-2014,80,1,27.6,3,0.0,1.0,1.0,1.0,2.0,Moderate
79164.0,2013-2014,33,1,50.2,7,1.0,1.0,0.0,1.0,2.0,Low
79165.0,2013-2014,65,2,21.8,3,0.0,0.0,0.0,1.0,2.0,Low
79169.0,2013-2014,32,2,31.6,3,1.0,0.0,1.0,0.0,2.0,Low
79171.0,2013-2014,74,2,26.6,3,0.0,1.0,1.0,0.0,2.0,Moderate
79173.0,2013-2014,51,1,28.5,3,1.0,1.0,1.0,0.0,2.0,Low
79175.0,2013-2014,21,1,23.4,3,0.0,0.0,1.0,2.0,2.0,High
79176.0,2013-2014,55,1,30.1,4,1.0,0.0,1.0,2.0,2.0,Moderate
79177.0,2013-2014,43,1,26.7,3,1.0,0.0,1.0,0.0,3.0,Moderate
79178.0,2013-2014,80,1,26.7,6,0.0,0.0,1.0,0.0,1.0,High
79179.0,2013-2014,80,2,24.2,3,1.0,0.0,1.0,0.0,2.0,Moderate
79180.0,2013-2014,69,2,25.9,1,0.0,1.0,0.0,0.0,2.0,Moderate
79181.0,2013-2014,34,2,32.3,3,0.0,0.0,1.0,2.0,2.0,Low
79184.0,2013-2014,80,1,32.5,3,0.0,1.0,1.0,0.0,2.0,Moderate
79185.0,2013-2014,79,1,19.1,4,0.0,1.0,1.0,1.0,2.0,Low
79186.0,2013-2014,80,2,21.6,2,1.0,1.0,1.0,1.0,1.0,High
79187.0,2013-2014,52,2,32.8,7,0.0,0.0,1.0,0.0,2.0,Low
79188.0,2013-2014,55,2,33.3,3,0.0,0.0,0.0,0.0,2.0,Low
79189.0,2013-2014,74,1,22.4,4,0.0,1.0,1.0,0.0,2.0,Moderate
79190.0,2013-2014,41,1,45.9,1,1.0,0.0,0.0,0.0,2.0,Moderate
79191.0,2013-2014,60,2,23.1,3,1.0,0.0,1.0,0.0,2.0,Low
79193.0,2013-2014,20,1,28.3,3,0.0,0.0,1.0,0.0,2.0,Low
79195.0,2013-2014,66,2,26.9,4,0.0,1.0,0.0,2.0,2.0,Low
79198.0,2013-2014,46,1,27.7,2,1.0,0.0,0.0,2.0,2.0,Low
79199.0,2013-2014,80,2,32.6,1,0.0,1.0,0.0,0.0,2.0,Moderate
79200.0,2013-2014,80,2,27.2,2,0.0,1.0,1.0,0.0,2.0,Moderate
79201.0,2013-2014,75,1,27.5,3,1.0,1.0,1.0,1.0,2.0,High
79202.0,2013-2014,23,2,31.8,3,0.0,0.0,0.0,0.0,2.0,Low
79204.0,2013-2014,80,2,30.1,3,0.0,0.0,0.0,0.0,2.0,Moderate
79205.0,2013-2014,20,1,22.0,4,1.0,0.0,1.0,1.0,2.0,Low
79206.0,2013-2014,72,1,28.4,3,1.0,1.0,0.0,1.0,1.0,High
79207.0,2013-2014,25,2,36.4,1,0.0,0.0,0.0,0.0,2.0,Low
79208.0,2013-2014,52,2,22.1,3,0.0,0.0,0.0,0.0,2.0,Low
79210.0,2013-2014,25,1,20.7,6,0.0,0.0,1.0,0.0,2.0,Low
79211.0,2013-2014,39,2,19.9,2,0.0,0.0,1.0,0.0,2.0,Low
79213.0,2013-2014,31,2,34.0,3,0.0,0.0,0.0,0.0,3.0,Moderate
79214.0,2013-2014,80,2,33.2,4,0.0,1.0,0.0,0.0,1.0,High
79215.0,2013-2014,28,2,47.7,6,,1.0,0.0,2.0,2.0,Low
79216.0,2013-2014,80,2,23.2,3,0.0,1.0,1.0,0.0,2.0,Moderate
79217.0,2013-2014,33,1,27.6,4,0.0,0.0,1.0,0.0,2.0,Low
79219.0,2013-2014,23,1,32.3,3,0.0,1.0,1.0,0.0,2.0,Low
79220.0,2013-2014,55,1,31.9,3,1.0,1.0,0.0,0.0,2.0,Moderate
79221.0,2013-2014,53,1,29.2,4,1.0,0.0,0.0,2.0,2.0,Moderate
79223.0,2013-2014,21,2,37.1,3,0.0,0.0,0.0,1.0,2.0,Low
79225.0,2013-2014,71,2,37.9,3,1.0,1.0,0.0,1.0,2.0,Moderate
79226.0,2013-2014,24,1,22.1,6,0.0,0.0,1.0,0.0,2.0,Low
79228.0,2013-2014,42,1,19.0,3,0.0,0.0,0.0,0.0,2.0,Low
79231.0,2013-2014,52,1,28.5,3,1.0,0.0,1.0,1.0,2.0,Low
79234.0,2013-2014,30,2,17.4,4,0.0,0.0,1.0,2.0,2.0,Low
79240.0,2013-2014,67,1,25.8,4,0.0,1.0,0.0,1.0,1.0,High
79241.0,2013-2014,47,1,36.0,1,1.0,0.0,1.0,0.0,3.0,High
79245.0,2013-2014,75,2,31.2,4,1.0,1.0,0.0,0.0,1.0,High
79246.0,2013-2014,30,2,23.6,2,0.0,0.0,0.0,0.0,2.0,Low
79247.0,2013-2014,51,1,32.0,4,1.0,0.0,1.0,2.0,2.0,Low
79253.0,2013-2014,26,2,20.8,6,0.0,0.0,0.0,1.0,2.0,Low
79254.0,2013-2014,29,2,32.8,4,1.0,0.0,0.0,2.0,2.0,Moderate
79256.0,2013-2014,23,2,19.7,1,0.0,0.0,0.0,0.0,2.0,Low
79257.0,2013-2014,46,2,22.4,2,0.0,0.0,1.0,1.0,2.0,Low
79258.0,2013-2014,59,2,35.1,1,1.0,1.0,0.0,2.0,1.0,High
79259.0,2013-2014,59,1,25.9,6,0.0,0.0,0.0,1.0,2.0,Low
79263.0,2013-2014,46,1,40.0,3,0.0,1.0,1.0,2.0,2.0,Low
79266.0,2013-2014,58,2,23.4,4,1.0,1.0,0.0,1.0,1.0,High
79267.0,2013-2014,65,1,34.1,3,1.0,1.0,0.0,1.0,1.0,High
79268.0,2013-2014,55,2,26.3,3,1.0,0.0,0.0,1.0,2.0,Moderate
79269.0,2013-2014,40,2,33.7,6,0.0,0.0,1.0,0.0,2.0,Moderate
79270.0,2013-2014,66,2,41.4,4,1.0,1.0,1.0,1.0,1.0,High
79271.0,2013-2014,49,2,21.9,3,0.0,0.0,1.0,0.0,2.0,Low
79272.0,2013-2014,28,2,20.6,3,0.0,0.0,1.0,0.0,2.0,Low
79273.0,2013-2014,48,2,22.9,3,0.0,1.0,1.0,2.0,2.0,Low
79274.0,2013-2014,44,2,56.5,1,1.0,0.0,0.0,1.0,2.0,Low
79275.0,2013-2014,62,1,32.4,1,,1.0,0.0,0.0,2.0,Moderate
79276.0,2013-2014,26,2,16.9,6,1.0,0.0,1.0,0.0,2.0,Low
79279.0,2013-2014,49,2,32.0,4,1.0,0.0,0.0,2.0,2.0,Moderate
79281.0,2013-2014,23,2,22.5,3,1.0,0.0,1.0,1.0,2.0,Low
79284.0,2013-2014,34,2,50.1,2,,0.0,0.0,0.0,2.0,Moderate
79286.0,2013-2014,72,1,27.9,3,0.0,1.0,0.0,0.0,2.0,Moderate
79288.0,2013-2014,79,2,36.5,3,1.0,1.0,0.0,2.0,2.0,Low
79291.0,2013-2014,35,2,29.7,3,1.0,1.0,1.0,0.0,1.0,High
79292.0,2013-2014,58,1,26.6,6,0.0,1.0,0.0,2.0,2.0,Moderate
79293.0,2013-2014,30,2,27.1,2,1.0,0.0,1.0,0.0,2.0,Moderate
79294.0,2013-2014,39,1,21.0,4,1.0,0.0,0.0,0.0,1.0,High
79295.0,2013-2014,21,1,18.9,4,0.0,0.0,1.0,2.0,2.0,Low
79296.0,2013-2014,58,2,29.9,7,1.0,0.0,0.0,0.0,2.0,Moderate
79297.0,2013-2014,62,2,22.5,2,1.0,0.0,0.0,0.0,2.0,Low
79298.0,2013-2014,60,2,25.5,3,1.0,0.0,1.0,2.0,2.0,Moderate
79300.0,2013-2014,39,1,38.2,3,0.0,1.0,0.0,0.0,2.0,Low
79302.0,2013-2014,46,2,32.1,4,0.0,1.0,1.0,1.0,2.0,Low
79304.0,2013-2014,38,1,26.5,3,0.0,0.0,1.0,1.0,2.0,Moderate
79305.0,2013-2014,46,1,29.0,3,0.0,1.0,0.0,0.0,2.0,Moderate
79306.0,2013-2014,39,2,30.5,2,0.0,0.0,0.0,0.0,2.0,Moderate
79309.0,2013-2014,40,2,32.2,3,0.0,1.0,0.0,0.0,2.0,Low
79310.0,2013-2014,70,1,26.6,3,0.0,1.0,0.0,0.0,2.0,Moderate
79311.0,2013-2014,47,2,23.3,6,1.0,1.0,1.0,1.0,2.0,Moderate
79314.0,2013-2014,55,1,32.0,3,1.0,0.0,1.0,2.0,2.0,Low
79315.0,2013-2014,32,1,25.3,3,1.0,0.0,0.0,2.0,2.0,Low
79318.0,2013-2014,45,2,19.5,2,1.0,1.0,1.0,0.0,2.0,Low
79319.0,2013-2014,67,2,31.0,3,0.0,1.0,0.0,0.0,3.0,High
79320.0,2013-2014,26,2,28.0,3,1.0,0.0,0.0,2.0,2.0,Low
79322.0,2013-2014,70,1,28.9,3,0.0,1.0,0.0,1.0,2.0,Moderate
79323.0,2013-2014,80,2,30.2,3,0.0,1.0,0.0,0.0,2.0,Low
79324.0,2013-2014,44,2,26.5,1,0.0,0.0,0.0,1.0,2.0,Low
79325.0,2013-2014,72,2,28.9,3,0.0,1.0,1.0,0.0,2.0,Low
79328.0,2013-2014,80,2,24.5,3,0.0,1.0,0.0,0.0,2.0,Moderate
79330.0,2013-2014,35,1,22.6,7,0.0,0.0,0.0,2.0,2.0,Low
79331.0,2013-2014,58,1,33.2,3,1.0,0.0,1.0,2.0,2.0,Low
79333.0,2013-2014,51,2,47.3,4,1.0,1.0,0.0,0.0,2.0,High
79334.0,2013-2014,45,1,28.9,1,1.0,1.0,0.0,0.0,2.0,Low
79335.0,2013-2014,39,2,28.3,6,0.0,0.0,0.0,2.0,2.0,Moderate
79337.0,2013-2014,61,2,18.2,6,,1.0,1.0,2.0,2.0,Moderate
79338.0,2013-2014,44,1,25.4,6,0.0,1.0,1.0,0.0,2.0,Moderate
79339.0,2013-2014,60,2,41.5,4,0.0,1.0,0.0,0.0,1.0,High
79340.0,2013-2014,31,2,28.9,3,1.0,0.0,0.0,0.0,1.0,High
79341.0,2013-2014,32,2,19.7,6,0.0,0.0,0.0,0.0,2.0,Low
79342.0,2013-2014,21,1,,7,0.0,0.0,1.0,0.0,2.0,Low
79351.0,2013-2014,62,1,29.0,3,0.0,0.0,1.0,2.0,2.0,Low
79352.0,2013-2014,69,1,28.0,2,1.0,0.0,0.0,0.0,2.0,Moderate
79358.0,2013-2014,67,1,30.8,4,1.0,0.0,1.0,1.0,2.0,Moderate
79359.0,2013-2014,25,1,33.6,3,1.0,1.0,0.0,0.0,3.0,Moderate
79360.0,2013-2014,55,2,21.7,3,0.0,0.0,1.0,0.0,2.0,Low
79362.0,2013-2014,59,1,27.4,3,0.0,0.0,1.0,2.0,2.0,Moderate
79364.0,2013-2014,44,2,40.4,1,1.0,0.0,0.0,0.0,2.0,Moderate
79365.0,2013-2014,29,1,33.2,4,0.0,0.0,1.0,0.0,2.0,Low
79366.0,2013-2014,42,1,36.1,7,1.0,0.0,1.0,0.0,2.0,Moderate
79369.0,2013-2014,30,1,23.8,6,1.0,0.0,1.0,1.0,2.0,Moderate
79371.0,2013-2014,63,1,27.8,7,0.0,1.0,0.0,1.0,2.0,Low
79373.0,2013-2014,49,2,26.3,3,1.0,0.0,0.0,1.0,2.0,Moderate
79374.0,2013-2014,58,2,23.2,3,0.0,0.0,1.0,1.0,2.0,Low
79375.0,2013-2014,35,2,27.6,3,0.0,0.0,1.0,2.0,2.0,Low
79376.0,2013-2014,50,1,31.7,3,1.0,1.0,1.0,2.0,2.0,Low
79377.0,2013-2014,72,1,28.8,4,0.0,1.0,1.0,1.0,1.0,High
79378.0,2013-2014,52,2,22.7,3,1.0,1.0,0.0,2.0,1.0,High
79379.0,2013-2014,43,2,29.6,1,0.0,0.0,0.0,0.0,2.0,Moderate
79380.0,2013-2014,24,2,29.8,3,1.0,0.0,1.0,0.0,2.0,Low
79385.0,2013-2014,44,1,24.4,2,0.0,1.0,1.0,0.0,2.0,Low
79386.0,2013-2014,57,1,21.6,3,1.0,1.0,1.0,0.0,2.0,Low
79387.0,2013-2014,38,1,27.3,1,0.0,0.0,1.0,1.0,2.0,Moderate
79388.0,2013-2014,67,2,24.3,6,0.0,1.0,1.0,0.0,2.0,Low
79389.0,2013-2014,55,1,32.6,3,1.0,0.0,1.0,0.0,2.0,Low
79390.0,2013-2014,20,2,23.0,3,1.0,0.0,1.0,1.0,2.0,Low
79395.0,2013-2014,52,2,19.4,3,0.0,0.0,1.0,0.0,3.0,Moderate
79396.0,2013-2014,32,2,26.2,3,0.0,0.0,1.0,0.0,2.0,Moderate
79398.0,2013-2014,29,1,23.0,4,0.0,0.0,0.0,1.0,2.0,Low
79399.0,2013-2014,26,1,23.1,3,0.0,0.0,1.0,2.0,2.0,Low
79405.0,2013-2014,33,2,22.8,3,0.0,0.0,1.0,0.0,2.0,Moderate
79406.0,2013-2014,69,2,39.4,3,1.0,1.0,0.0,0.0,3.0,Moderate
79407.0,2013-2014,43,2,23.0,4,1.0,1.0,0.0,2.0,1.0,High
79408.0,2013-2014,70,2,28.1,3,1.0,0.0,1.0,1.0,2.0,Moderate
79409.0,2013-2014,21,2,23.8,3,0.0,0.0,1.0,0.0,2.0,Low
79415.0,2013-2014,57,2,31.0,3,1.0,1.0,1.0,0.0,2.0,Low
79416.0,2013-2014,64,1,31.1,3,0.0,0.0,1.0,1.0,2.0,Moderate
79417.0,2013-2014,80,1,25.3,3,1.0,1.0,1.0,0.0,2.0,Moderate
79419.0,2013-2014,70,2,39.0,3,1.0,1.0,1.0,0.0,1.0,High
79421.0,2013-2014,31,1,31.9,3,,1.0,1.0,0.0,2.0,Low
79422.0,2013-2014,46,2,23.9,3,0.0,0.0,1.0,0.0,2.0,Low
79423.0,2013-2014,25,2,21.6,3,0.0,0.0,0.0,0.0,2.0,Low
79425.0,2013-2014,53,1,23.0,6,0.0,1.0,0.0,0.0,2.0,Moderate
79426.0,2013-2014,40,2,24.1,3,0.0,0.0,1.0,1.0,2.0,Low
79431.0,2013-2014,56,1,29.2,1,0.0,0.0,1.0,0.0,2.0,Moderate
79432.0,2013-2014,73,1,29.2,6,1.0,1.0,1.0,1.0,1.0,High
79433.0,2013-2014,48,2,23.8,2,0.0,0.0,1.0,0.0,2.0,Low
79434.0,2013-2014,22,2,45.9,7,1.0,0.0,1.0,0.0,2.0,Low
79436.0,2013-2014,28,2,38.4,4,1.0,1.0,1.0,0.0,2.0,Low
79437.0,2013-2014,60,1,51.8,4,1.0,1.0,0.0,0.0,1.0,High
79438.0,2013-2014,50,2,39.0,3,1.0,0.0,1.0,0.0,2.0,Low
79440.0,2013-2014,73,2,35.5,4,0.0,1.0,0.0,0.0,2.0,Low
79441.0,2013-2014,67,2,39.7,4,0.0,1.0,1.0,2.0,2.0,High
79442.0,2013-2014,45,1,26.5,3,1.0,0.0,0.0,0.0,2.0,Low
79443.0,2013-2014,44,1,40.7,4,1.0,1.0,0.0,0.0,2.0,Low
79444.0,2013-2014,29,2,32.4,3,1.0,0.0,0.0,0.0,2.0,Low
79445.0,2013-2014,80,1,28.9,3,0.0,0.0,1.0,1.0,2.0,Moderate
79446.0,2013-2014,47,1,30.5,2,0.0,1.0,1.0,1.0,2.0,Low
79449.0,2013-2014,37,2,19.0,3,0.0,0.0,1.0,2.0,2.0,Low
79451.0,2013-2014,47,2,39.8,4,1.0,1.0,0.0,2.0,2.0,Moderate
79452.0,2013-2014,74,2,41.1,3,0.0,1.0,1.0,0.0,1.0,High
79453.0,2013-2014,54,1,37.6,4,1.0,0.0,0.0,2.0,2.0,Moderate
79454.0,2013-2014,59,2,20.0,3,0.0,0.0,1.0,0.0,2.0,Low
79455.0,2013-2014,37,2,24.9,2,0.0,0.0,1.0,0.0,2.0,Moderate
79457.0,2013-2014,68,1,30.5,3,1.0,1.0,1.0,1.0,1.0,High
79459.0,2013-2014,30,1,31.7,6,1.0,0.0,1.0,2.0,2.0,High
79460.0,2013-2014,64,1,25.0,1,1.0,0.0,1.0,2.0,2.0,Moderate
79461.0,2013-2014,76,2,33.0,3,0.0,0.0,1.0,0.0,2.0,Moderate
79462.0,2013-2014,25,1,47.3,2,0.0,0.0,1.0,0.0,2.0,Low
79463.0,2013-2014,33,1,32.4,6,1.0,0.0,1.0,0.0,2.0,Low
79464.0,2013-2014,28,2,21.4,2,0.0,0.0,1.0,0.0,2.0,Low
79466.0,2013-2014,36,2,20.0,6,0.0,0.0,1.0,0.0,2.0,Low
79467.0,2013-2014,26,1,26.5,3,0.0,0.0,0.0,0.0,2.0,Low
79468.0,2013-2014,52,1,31.1,3,0.0,0.0,0.0,0.0,1.0,High
79469.0,2013-2014,80,1,19.7,3,0.0,0.0,1.0,1.0,2.0,Moderate
79471.0,2013-2014,42,1,30.7,3,0.0,0.0,1.0,0.0,2.0,Low
79473.0,2013-2014,27,2,30.8,3,0.0,0.0,0.0,2.0,2.0,Low
79474.0,2013-2014,50,2,36.4,4,0.0,1.0,1.0,0.0,2.0,Moderate
79476.0,2013-2014,66,2,28.8,4,1.0,1.0,1.0,0.0,2.0,Moderate
79477.0,2013-2014,62,2,35.9,4,0.0,1.0,1.0,1.0,2.0,Moderate
79479.0,2013-2014,21,2,20.4,3,0.0,0.0,1.0,0.0,2.0,Low
79480.0,2013-2014,38,2,19.7,6,0.0,0.0,1.0,0.0,2.0,Low
79481.0,2013-2014,72,1,26.5,4,0.0,1.0,0.0,0.0,2.0,Low
79482.0,2013-2014,55,2,36.3,4,0.0,0.0,1.0,2.0,2.0,Moderate
79484.0,2013-2014,54,1,44.9,1,1.0,1.0,0.0,2.0,1.0,High
79486.0,2013-2014,72,2,27.0,3,0.0,1.0,0.0,0.0,2.0,Low
79487.0,2013-2014,42,2,30.2,1,1.0,0.0,1.0,0.0,2.0,Low
79488.0,2013-2014,42,1,,1,1.0,0.0,0.0,2.0,2.0,High
79490.0,2013-2014,34,1,29.8,3,0.0,1.0,1.0,0.0,2.0,Low
79491.0,2013-2014,34,2,24.5,6,1.0,0.0,1.0,0.0,2.0,Low
79494.0,2013-2014,80,1,22.4,4,1.0,1.0,0.0,1.0,2.0,Low
79496.0,2013-2014,54,1,28.4,2,1.0,1.0,1.0,0.0,2.0,Moderate
79499.0,2013-2014,57,2,28.1,3,1.0,0.0,1.0,2.0,2.0,Moderate
79501.0,2013-2014,63,2,25.9,3,1.0,0.0,1.0,0.0,2.0,Low
79503.0,2013-2014,68,2,21.9,6,1.0,1.0,0.0,0.0,1.0,High
79505.0,2013-2014,54,2,35.3,3,1.0,1.0,0.0,1.0,1.0,High
79507.0,2013-2014,24,1,33.9,4,1.0,0.0,1.0,0.0,2.0,Low
79512.0,2013-2014,45,1,38.5,4,0.0,0.0,0.0,1.0,2.0,Low
79515.0,2013-2014,72,2,25.7,3,1.0,1.0,0.0,1.0,2.0,Moderate
79517.0,2013-2014,20,2,37.5,7,0.0,0.0,1.0,2.0,2.0,Low
79519.0,2013-2014,23,1,41.8,3,0.0,1.0,1.0,0.0,2.0,High
79521.0,2013-2014,60,1,25.0,3,1.0,1.0,1.0,1.0,2.0,High
79522.0,2013-2014,24,2,30.6,1,1.0,0.0,0.0,0.0,2.0,Low
79523.0,2013-2014,40,2,25.1,4,0.0,0.0,1.0,0.0,2.0,Low
79525.0,2013-2014,64,1,24.8,6,1.0,1.0,1.0,0.0,1.0,High
79526.0,2013-2014,27,1,49.2,7,1.0,0.0,1.0,1.0,2.0,Moderate
79533.0,2013-2014,60,1,26.1,4,1.0,1.0,1.0,1.0,2.0,Moderate
79536.0,2013-2014,50,2,27.5,4,1.0,1.0,0.0,2.0,2.0,Low
79537.0,2013-2014,72,2,38.4,3,0.0,1.0,0.0,0.0,1.0,High
79541.0,2013-2014,78,2,24.4,6,,1.0,0.0,0.0,2.0,Moderate
79544.0,2013-2014,52,2,25.3,3,,0.0,1.0,2.0,1.0,High
79545.0,2013-2014,33,2,27.4,1,0.0,0.0,0.0,0.0,2.0,Low
79546.0,2013-2014,63,2,26.1,4,0.0,1.0,1.0,1.0,2.0,Low
79547.0,2013-2014,63,1,15.4,4,0.0,0.0,1.0,1.0,2.0,Low
79549.0,2013-2014,37,2,27.1,3,1.0,0.0,1.0,2.0,2.0,Low
79550.0,2013-2014,24,2,24.2,3,0.0,0.0,1.0,2.0,2.0,Low
79553.0,2013-2014,70,2,31.5,3,0.0,0.0,1.0,0.0,1.0,High
79554.0,2013-2014,48,2,39.4,2,0.0,0.0,0.0,2.0,2.0,Moderate
79557.0,2013-2014,73,2,31.2,3,1.0,1.0,1.0,0.0,1.0,High
79560.0,2013-2014,37,2,24.7,6,0.0,0.0,0.0,0.0,2.0,Low
79563.0,2013-2014,49,1,25.4,4,1.0,0.0,1.0,0.0,2.0,High
79564.0,2013-2014,28,1,20.9,4,1.0,0.0,1.0,2.0,2.0,Low
79567.0,2013-2014,62,2,32.0,1,1.0,1.0,0.0,0.0,1.0,High
79569.0,2013-2014,44,1,27.4,6,1.0,0.0,0.0,2.0,2.0,Moderate
79570.0,2013-2014,30,2,22.8,4,0.0,1.0,0.0,0.0,2.0,Low
79571.0,2013-2014,39,2,21.7,3,1.0,0.0,1.0,0.0,2.0,Low
79573.0,2013-2014,29,1,24.3,6,0.0,0.0,1.0,1.0,2.0,Low
79574.0,2013-2014,48,2,37.7,1,0.0,1.0,1.0,0.0,2.0,Low
79575.0,2013-2014,47,2,19.9,3,0.0,0.0,0.0,1.0,2.0,Low
79576.0,2013-2014,53,1,26.6,3,1.0,1.0,0.0,1.0,2.0,Low
79577.0,2013-2014,80,2,25.1,3,0.0,1.0,0.0,0.0,2.0,Low
79579.0,2013-2014,71,2,31.9,2,0.0,1.0,0.0,2.0,2.0,Low
79581.0,2013-2014,31,2,36.3,1,1.0,0.0,0.0,0.0,2.0,Moderate
79585.0,2013-2014,32,1,26.0,4,0.0,0.0,0.0,0.0,2.0,Low
79586.0,2013-2014,65,1,24.8,4,1.0,1.0,0.0,2.0,2.0,Moderate
79589.0,2013-2014,24,2,40.8,2,1.0,0.0,0.0,0.0,2.0,Low
79590.0,2013-2014,20,2,16.1,3,0.0,0.0,0.0,2.0,2.0,Low
79591.0,2013-2014,23,2,23.8,6,0.0,0.0,1.0,0.0,2.0,Low
79593.0,2013-2014,59,1,25.5,3,0.0,0.0,0.0,2.0,2.0,Moderate
79594.0,2013-2014,69,2,31.1,3,0.0,1.0,1.0,1.0,1.0,High
79596.0,2013-2014,56,2,23.9,4,0.0,0.0,1.0,2.0,2.0,Moderate
79597.0,2013-2014,61,1,30.8,3,1.0,1.0,0.0,2.0,1.0,High
79599.0,2013-2014,80,2,24.9,3,0.0,0.0,1.0,0.0,2.0,Moderate
79602.0,2013-2014,51,2,19.6,3,0.0,0.0,0.0,2.0,2.0,Low
79603.0,2013-2014,34,2,22.4,3,0.0,0.0,1.0,0.0,2.0,Low
79605.0,2013-2014,22,2,31.2,1,0.0,0.0,0.0,0.0,2.0,Moderate
79606.0,2013-2014,44,1,31.8,1,1.0,0.0,0.0,0.0,2.0,High
79608.0,2013-2014,56,1,25.7,4,1.0,0.0,1.0,2.0,2.0,Moderate
79610.0,2013-2014,66,2,31.7,3,1.0,1.0,0.0,0.0,1.0,High
79611.0,2013-2014,35,1,26.6,3,0.0,0.0,1.0,1.0,2.0,Low
79612.0,2013-2014,33,2,56.9,3,0.0,0.0,1.0,0.0,2.0,Moderate
79613.0,2013-2014,76,1,23.8,1,1.0,1.0,1.0,0.0,2.0,Moderate
79618.0,2013-2014,41,2,23.0,3,0.0,0.0,0.0,0.0,2.0,Low
79620.0,2013-2014,22,2,29.1,3,0.0,0.0,0.0,2.0,2.0,Low
79621.0,2013-2014,76,2,38.5,4,1.0,1.0,0.0,0.0,1.0,High
79627.0,2013-2014,41,2,19.9,2,1.0,1.0,0.0,2.0,2.0,Low
79629.0,2013-2014,70,1,42.5,1,1.0,0.0,0.0,1.0,2.0,Moderate
79630.0,2013-2014,59,2,22.3,6,1.0,0.0,0.0,0.0,2.0,Low
79632.0,2013-2014,74,2,44.7,1,1.0,1.0,0.0,0.0,1.0,High
79633.0,2013-2014,25,1,22.5,3,0.0,0.0,0.0,0.0,2.0,Low
79634.0,2013-2014,43,1,32.2,6,1.0,0.0,1.0,0.0,1.0,High
79638.0,2013-2014,42,1,29.3,4,1.0,0.0,1.0,0.0,2.0,Moderate
79639.0,2013-2014,61,2,21.1,3,0.0,0.0,0.0,0.0,2.0,Low
79640.0,2013-2014,30,2,25.1,1,0.0,0.0,0.0,0.0,2.0,Low
79641.0,2013-2014,31,1,,4,0.0,1.0,0.0,2.0,2.0,Moderate
79644.0,2013-2014,47,1,33.8,2,0.0,0.0,0.0,0.0,2.0,Moderate
79645.0,2013-2014,23,2,37.6,3,0.0,0.0,1.0,0.0,2.0,Moderate
79646.0,2013-2014,25,1,26.9,3,1.0,0.0,1.0,0.0,2.0,Low
79648.0,2013-2014,62,1,39.6,4,1.0,1.0,1.0,2.0,3.0,Moderate
79649.0,2013-2014,20,1,25.4,3,0.0,0.0,1.0,0.0,2.0,Low
79650.0,2013-2014,58,1,23.7,3,0.0,0.0,0.0,0.0,2.0,Low
79651.0,2013-2014,42,1,31.7,1,0.0,0.0,0.0,0.0,2.0,Moderate
79656.0,2013-2014,76,1,23.3,3,1.0,1.0,1.0,0.0,2.0,Low
79658.0,2013-2014,52,2,30.5,2,0.0,1.0,1.0,2.0,2.0,Moderate
79660.0,2013-2014,36,1,48.7,1,0.0,1.0,0.0,0.0,2.0,Moderate
79661.0,2013-2014,52,1,23.5,6,1.0,0.0,0.0,0.0,2.0,Low
79662.0,2013-2014,33,1,25.4,3,0.0,0.0,0.0,0.0,2.0,Low
79663.0,2013-2014,39,1,22.9,6,0.0,0.0,0.0,0.0,2.0,Low
79664.0,2013-2014,40,1,26.0,3,0.0,0.0,1.0,1.0,2.0,Low
79665.0,2013-2014,80,2,24.3,3,0.0,0.0,0.0,0.0,2.0,Low
79667.0,2013-2014,51,1,30.4,3,0.0,0.0,1.0,0.0,2.0,Low
79668.0,2013-2014,48,2,28.1,3,1.0,1.0,1.0,1.0,2.0,Moderate
79669.0,2013-2014,32,2,31.5,1,0.0,0.0,0.0,1.0,2.0,Moderate
79671.0,2013-2014,31,1,26.3,4,1.0,0.0,1.0,0.0,2.0,Low
79672.0,2013-2014,69,2,24.0,3,0.0,0.0,1.0,1.0,2.0,Moderate
79673.0,2013-2014,23,1,24.5,4,0.0,0.0,0.0,0.0,2.0,Low
79674.0,2013-2014,63,2,47.6,2,1.0,0.0,0.0,0.0,2.0,Moderate
79675.0,2013-2014,47,2,24.4,6,1.0,0.0,1.0,0.0,2.0,Moderate
79677.0,2013-2014,68,2,27.0,3,0.0,1.0,1.0,0.0,2.0,Moderate
79678.0,2013-2014,32,1,26.9,6,0.0,0.0,0.0,0.0,2.0,Low
79682.0,2013-2014,49,1,41.8,1,0.0,0.0,1.0,0.0,2.0,Low
79683.0,2013-2014,50,2,25.6,1,1.0,1.0,0.0,0.0,1.0,High
79685.0,2013-2014,41,2,43.3,4,1.0,1.0,0.0,2.0,2.0,Low
79688.0,2013-2014,63,2,30.5,3,1.0,1.0,0.0,0.0,2.0,Moderate
79690.0,2013-2014,80,2,27.2,3,0.0,1.0,0.0,0.0,2.0,High
79691.0,2013-2014,31,1,39.9,3,0.0,1.0,1.0,0.0,2.0,Moderate
79693.0,2013-2014,57,1,32.7,3,1.0,0.0,0.0,0.0,1.0,High
79696.0,2013-2014,34,2,16.3,6,0.0,0.0,0.0,0.0,2.0,Low
79697.0,2013-2014,33,2,27.6,6,1.0,0.0,0.0,0.0,2.0,Low
79705.0,2013-2014,67,1,31.0,4,1.0,0.0,1.0,0.0,2.0,Low
79707.0,2013-2014,31,2,31.4,3,0.0,0.0,1.0,0.0,2.0,Low
79709.0,2013-2014,72,1,31.8,3,1.0,0.0,0.0,1.0,2.0,Low
79712.0,2013-2014,55,1,26.3,3,0.0,1.0,0.0,2.0,2.0,Moderate
79714.0,2013-2014,52,2,38.4,2,1.0,1.0,1.0,1.0,2.0,High
79715.0,2013-2014,55,1,20.1,4,1.0,0.0,0.0,0.0,2.0,Low
79717.0,2013-2014,41,2,19.8,3,0.0,0.0,1.0,0.0,2.0,Low
79719.0,2013-2014,47,2,30.1,3,1.0,0.0,1.0,0.0,2.0,Moderate
79720.0,2013-2014,25,1,23.4,3,1.0,0.0,1.0,0.0,2.0,Low
79721.0,2013-2014,40,2,21.5,6,0.0,1.0,1.0,2.0,2.0,Low
79725.0,2013-2014,38,2,25.5,4,0.0,0.0,0.0,0.0,2.0,Low
79729.0,2013-2014,74,2,30.1,3,1.0,1.0,0.0,0.0,3.0,Moderate
79733.0,2013-2014,23,2,23.9,1,0.0,0.0,1.0,0.0,2.0,Low
79734.0,2013-2014,50,2,29.0,3,1.0,1.0,0.0,1.0,2.0,Moderate
79739.0,2013-2014,26,2,20.6,6,1.0,0.0,0.0,0.0,2.0,Low
79740.0,2013-2014,62,2,28.3,4,1.0,1.0,0.0,0.0,1.0,High
79741.0,2013-2014,22,1,33.4,2,0.0,0.0,1.0,0.0,2.0,Low
79744.0,2013-2014,66,2,30.6,1,1.0,1.0,1.0,1.0,1.0,High
79750.0,2013-2014,56,2,37.8,3,0.0,0.0,1.0,1.0,2.0,Moderate
79751.0,2013-2014,51,2,,4,0.0,1.0,0.0,0.0,1.0,High
79756.0,2013-2014,46,1,24.0,7,0.0,0.0,0.0,0.0,2.0,Low
79757.0,2013-2014,40,2,44.2,1,0.0,0.0,0.0,0.0,2.0,Low
79758.0,2013-2014,38,1,34.0,7,0.0,0.0,1.0,0.0,2.0,Moderate
79760.0,2013-2014,35,2,40.2,4,1.0,0.0,1.0,0.0,2.0,Low
79761.0,2013-2014,49,2,28.6,1,1.0,0.0,0.0,0.0,2.0,Low
79762.0,2013-2014,56,1,,6,0.0,0.0,0.0,1.0,2.0,High
79763.0,2013-2014,59,1,19.8,3,0.0,0.0,0.0,1.0,2.0,Low
79764.0,2013-2014,69,2,32.2,3,0.0,1.0,1.0,0.0,2.0,Moderate
79768.0,2013-2014,57,1,40.7,4,0.0,0.0,0.0,2.0,1.0,High
79773.0,2013-2014,48,2,23.7,7,0.0,1.0,0.0,2.0,2.0,Moderate
79774.0,2013-2014,38,2,39.9,3,1.0,1.0,0.0,1.0,2.0,Low
79776.0,2013-2014,46,2,45.4,1,0.0,0.0,0.0,0.0,1.0,High
79778.0,2013-2014,62,2,35.0,3,1.0,0.0,0.0,2.0,2.0,Moderate
79779.0,2013-2014,52,1,42.5,1,1.0,0.0,0.0,0.0,2.0,Low
79782.0,2013-2014,30,1,21.2,3,0.0,0.0,0.0,1.0,2.0,Low
79784.0,2013-2014,40,2,19.8,3,0.0,0.0,1.0,1.0,2.0,Low
79788.0,2013-2014,45,1,28.2,1,0.0,0.0,0.0,0.0,2.0,Low
79793.0,2013-2014,52,1,21.9,3,0.0,0.0,1.0,0.0,2.0,Moderate
79794.0,2013-2014,29,1,32.9,3,0.0,0.0,0.0,0.0,2.0,Low
79795.0,2013-2014,66,2,27.6,6,1.0,1.0,1.0,0.0,2.0,Moderate
79798.0,2013-2014,26,2,24.3,3,0.0,0.0,1.0,0.0,2.0,Low
79799.0,2013-2014,33,1,19.9,2,0.0,0.0,1.0,2.0,2.0,Low
79800.0,2013-2014,55,2,53.9,3,1.0,0.0,0.0,2.0,1.0,High
79801.0,2013-2014,80,1,18.1,3,0.0,0.0,0.0,2.0,2.0,Low
79802.0,2013-2014,22,1,30.4,6,1.0,0.0,1.0,0.0,2.0,Low
79804.0,2013-2014,20,2,24.3,3,0.0,0.0,1.0,0.0,2.0,Low
79805.0,2013-2014,51,2,30.5,2,0.0,1.0,1.0,0.0,2.0,Low
79808.0,2013-2014,33,2,32.2,4,0.0,0.0,0.0,1.0,2.0,Low
79809.0,2013-2014,38,1,23.4,4,,0.0,1.0,0.0,2.0,Low
79810.0,2013-2014,75,1,26.5,6,0.0,0.0,1.0,2.0,2.0,Moderate
79812.0,2013-2014,65,1,39.4,3,1.0,1.0,0.0,0.0,1.0,High
79813.0,2013-2014,46,2,,3,0.0,1.0,0.0,2.0,2.0,Moderate
79814.0,2013-2014,75,1,27.3,4,0.0,1.0,0.0,1.0,2.0,Moderate
79815.0,2013-2014,49,1,34.6,3,1.0,1.0,1.0,0.0,2.0,Low
79816.0,2013-2014,78,1,27.8,1,1.0,0.0,1.0,1.0,2.0,Moderate
79819.0,2013-2014,80,2,37.5,3,1.0,1.0,1.0,1.0,2.0,Low
79821.0,2013-2014,55,1,26.7,1,0.0,0.0,1.0,1.0,2.0,Low
79823.0,2013-2014,47,1,28.0,4,1.0,0.0,0.0,0.0,2.0,Moderate
79824.0,2013-2014,41,1,29.7,4,1.0,0.0,1.0,2.0,2.0,Low
79825.0,2013-2014,70,1,31.0,4,0.0,1.0,1.0,1.0,2.0,Moderate
79829.0,2013-2014,47,1,24.8,1,1.0,0.0,0.0,1.0,2.0,Low
79831.0,2013-2014,44,1,23.7,3,0.0,0.0,1.0,0.0,2.0,Moderate
79832.0,2013-2014,57,1,20.1,3,0.0,0.0,1.0,1.0,2.0,Low
79833.0,2013-2014,54,1,25.4,6,1.0,0.0,1.0,0.0,1.0,High
79834.0,2013-2014,40,2,32.3,2,1.0,1.0,1.0,2.0,1.0,High
79835.0,2013-2014,37,1,31.5,3,0.0,0.0,1.0,0.0,2.0,Moderate
79837.0,2013-2014,39,2,20.3,2,0.0,0.0,0.0,0.0,2.0,Low
79838.0,2013-2014,60,2,27.6,3,0.0,1.0,1.0,2.0,2.0,Moderate
79840.0,2013-2014,80,2,36.2,3,1.0,1.0,0.0,0.0,2.0,Moderate
79841.0,2013-2014,70,1,36.4,3,1.0,0.0,1.0,1.0,2.0,Low
79843.0,2013-2014,49,2,24.6,3,0.0,1.0,1.0,1.0,2.0,Low
79845.0,2013-2014,45,2,24.0,3,1.0,0.0,0.0,2.0,2.0,Low
79846.0,2013-2014,39,1,22.7,6,0.0,1.0,1.0,2.0,2.0,Moderate
79847.0,2013-2014,43,2,30.2,1,0.0,0.0,1.0,0.0,2.0,Low
79848.0,2013-2014,26,1,25.9,3,1.0,0.0,0.0,0.0,2.0,Low
79849.0,2013-2014,75,2,38.8,3,0.0,0.0,0.0,0.0,2.0,Moderate
79850.0,2013-2014,39,2,33.8,4,0.0,0.0,1.0,0.0,2.0,Low
79853.0,2013-2014,65,1,23.7,3,0.0,0.0,0.0,0.0,2.0,Low
79854.0,2013-2014,45,1,,1,1.0,0.0,0.0,2.0,2.0,Low
79857.0,2013-2014,41,2,30.9,2,1.0,1.0,0.0,1.0,1.0,High
79859.0,2013-2014,52,2,28.4,4,0.0,0.0,0.0,0.0,2.0,Low
79863.0,2013-2014,45,1,27.1,1,1.0,0.0,1.0,1.0,2.0,Moderate
79864.0,2013-2014,59,2,37.2,7,0.0,0.0,0.0,1.0,2.0,Moderate
79868.0,2013-2014,30,1,39.2,1,1.0,0.0,1.0,0.0,2.0,Low
79870.0,2013-2014,39,2,20.9,6,0.0,0.0,0.0,0.0,2.0,Low
79871.0,2013-2014,45,1,44.1,3,0.0,0.0,0.0,0.0,2.0,Low
79872.0,2013-2014,54,1,32.7,3,1.0,0.0,1.0,1.0,2.0,Moderate
79873.0,2013-2014,42,2,27.6,2,1.0,0.0,0.0,0.0,2.0,Low
79877.0,2013-2014,31,2,26.1,4,0.0,0.0,0.0,2.0,2.0,Low
79878.0,2013-2014,77,2,33.1,3,0.0,1.0,0.0,2.0,2.0,Moderate
79880.0,2013-2014,64,2,30.7,6,1.0,0.0,0.0,0.0,2.0,Moderate
79881.0,2013-2014,62,2,30.0,4,0.0,1.0,0.0,1.0,2.0,Moderate
79883.0,2013-2014,35,2,26.2,1,0.0,0.0,0.0,0.0,2.0,Low
79884.0,2013-2014,62,2,31.8,3,1.0,1.0,0.0,0.0,2.0,Moderate
79885.0,2013-2014,69,1,29.4,3,0.0,1.0,1.0,2.0,2.0,Low
79886.0,2013-2014,43,2,26.2,3,0.0,0.0,1.0,0.0,2.0,Low
79887.0,2013-2014,69,1,30.4,4,0.0,1.0,0.0,0.0,1.0,High
79888.0,2013-2014,30,1,33.5,6,1.0,0.0,1.0,0.0,2.0,Moderate
79889.0,2013-2014,76,2,35.1,3,1.0,1.0,0.0,1.0,1.0,High
79890.0,2013-2014,41,1,32.8,4,0.0,0.0,1.0,0.0,2.0,Low
79891.0,2013-2014,62,1,21.7,4,1.0,0.0,0.0,0.0,2.0,Low
79894.0,2013-2014,58,1,30.6,3,0.0,1.0,0.0,0.0,2.0,Low
79896.0,2013-2014,22,1,32.8,1,1.0,0.0,0.0,0.0,2.0,Low
79897.0,2013-2014,45,1,27.1,4,0.0,0.0,1.0,0.0,2.0,Low
79898.0,2013-2014,29,1,30.0,6,0.0,0.0,0.0,0.0,2.0,Moderate
79899.0,2013-2014,37,1,28.1,1,1.0,0.0,0.0,0.0,2.0,Moderate
79901.0,2013-2014,23,1,31.3,3,0.0,0.0,1.0,2.0,2.0,Low
79902.0,2013-2014,30,2,24.5,3,0.0,0.0,1.0,2.0,2.0,Low
79904.0,2013-2014,77,2,23.7,4,1.0,1.0,1.0,1.0,1.0,High
79906.0,2013-2014,50,2,34.3,4,1.0,1.0,1.0,0.0,1.0,High
79912.0,2013-2014,20,2,21.5,7,0.0,1.0,0.0,0.0,2.0,Low
79913.0,2013-2014,63,1,23.6,3,0.0,0.0,0.0,1.0,2.0,Moderate
79915.0,2013-2014,64,1,27.0,1,1.0,1.0,1.0,0.0,1.0,High
79916.0,2013-2014,55,2,34.5,6,1.0,1.0,0.0,0.0,3.0,High
79917.0,2013-2014,66,2,24.7,3,0.0,1.0,0.0,0.0,3.0,Moderate
79918.0,2013-2014,70,1,41.5,3,0.0,1.0,1.0,1.0,2.0,Low
79919.0,2013-2014,62,2,27.5,2,1.0,0.0,0.0,1.0,2.0,Low
79920.0,2013-2014,59,1,28.3,6,1.0,1.0,1.0,1.0,2.0,Low
79921.0,2013-2014,43,2,21.5,6,0.0,0.0,1.0,1.0,2.0,Low
79923.0,2013-2014,50,1,29.1,2,1.0,1.0,1.0,0.0,1.0,High
79924.0,2013-2014,59,1,32.1,1,0.0,1.0,1.0,0.0,2.0,Moderate
79925.0,2013-2014,49,1,28.0,1,0.0,0.0,1.0,1.0,2.0,Low
79926.0,2013-2014,28,2,23.9,2,0.0,0.0,0.0,0.0,2.0,Low
79927.0,2013-2014,37,2,28.0,4,1.0,0.0,1.0,2.0,2.0,Low
79928.0,2013-2014,67,2,24.0,3,0.0,1.0,1.0,1.0,2.0,Low
79929.0,2013-2014,60,2,26.7,1,0.0,1.0,0.0,2.0,2.0,Moderate
79932.0,2013-2014,22,1,25.0,1,0.0,1.0,0.0,1.0,2.0,Low
79933.0,2013-2014,72,2,31.1,1,1.0,1.0,0.0,0.0,1.0,High
79934.0,2013-2014,44,2,30.4,3,,0.0,1.0,1.0,2.0,Moderate
79936.0,2013-2014,55,1,21.9,3,0.0,1.0,0.0,2.0,2.0,Low
79938.0,2013-2014,31,1,29.4,4,0.0,1.0,1.0,0.0,2.0,Low
79939.0,2013-2014,47,2,22.0,3,1.0,0.0,1.0,1.0,2.0,Low
79940.0,2013-2014,26,2,28.6,2,0.0,0.0,0.0,0.0,2.0,Low
79942.0,2013-2014,54,1,34.6,3,1.0,1.0,0.0,2.0,3.0,Moderate
79944.0,2013-2014,58,2,41.4,4,1.0,1.0,1.0,0.0,3.0,Moderate
79946.0,2013-2014,43,2,20.9,2,0.0,0.0,1.0,0.0,2.0,Low
79949.0,2013-2014,72,1,22.1,6,1.0,0.0,0.0,1.0,1.0,High
79950.0,2013-2014,37,2,37.2,2,0.0,0.0,0.0,0.0,2.0,Low
79951.0,2013-2014,72,2,31.7,3,1.0,1.0,1.0,1.0,1.0,High
79952.0,2013-2014,55,1,23.7,1,0.0,1.0,1.0,2.0,2.0,Low
79954.0,2013-2014,80,1,29.3,3,1.0,0.0,0.0,1.0,2.0,High
79955.0,2013-2014,37,1,24.5,6,0.0,0.0,1.0,0.0,2.0,Low
79957.0,2013-2014,52,2,31.8,3,0.0,0.0,1.0,0.0,2.0,Low
79958.0,2013-2014,70,2,27.1,3,0.0,0.0,1.0,1.0,2.0,Moderate
79960.0,2013-2014,26,2,23.9,3,1.0,0.0,0.0,2.0,2.0,Low
79962.0,2013-2014,24,1,25.1,3,0.0,0.0,1.0,1.0,2.0,Low
79963.0,2013-2014,25,1,36.6,4,1.0,0.0,1.0,0.0,2.0,Low
79965.0,2013-2014,50,2,32.4,3,0.0,0.0,0.0,0.0,2.0,Low
79967.0,2013-2014,52,2,45.4,3,1.0,0.0,1.0,0.0,1.0,High
79969.0,2013-2014,52,2,26.1,3,1.0,1.0,0.0,2.0,1.0,High
79970.0,2013-2014,71,1,30.5,4,0.0,0.0,0.0,0.0,1.0,High
79972.0,2013-2014,34,2,29.4,6,0.0,0.0,0.0,2.0,2.0,Low
79974.0,2013-2014,55,2,34.5,3,0.0,0.0,1.0,1.0,2.0,Low
79977.0,2013-2014,74,1,33.0,3,1.0,0.0,1.0,2.0,2.0,Moderate
79978.0,2013-2014,37,2,22.0,4,1.0,0.0,1.0,2.0,2.0,Low
79979.0,2013-2014,80,1,26.3,1,1.0,1.0,0.0,0.0,1.0,High
79980.0,2013-2014,47,1,38.1,3,0.0,1.0,1.0,1.0,2.0,Moderate
79982.0,2013-2014,45,1,23.4,2,1.0,0.0,0.0,2.0,2.0,Moderate
79985.0,2013-2014,36,1,31.9,3,0.0,1.0,0.0,0.0,2.0,Low
79987.0,2013-2014,66,2,29.4,2,0.0,1.0,1.0,0.0,2.0,Low
79988.0,2013-2014,57,1,33.4,4,1.0,1.0,0.0,1.0,2.0,Low
79989.0,2013-2014,42,2,31.8,1,1.0,0.0,1.0,0.0,2.0,Moderate
79992.0,2013-2014,33,1,25.8,3,0.0,0.0,0.0,0.0,2.0,Low
79996.0,2013-2014,22,1,43.0,3,0.0,0.0,1.0,0.0,2.0,Low
79998.0,2013-2014,43,2,,1,1.0,0.0,1.0,0.0,2.0,Moderate
79999.0,2013-2014,49,2,37.2,6,1.0,0.0,0.0,0.0,1.0,High
80000.0,2013-2014,26,2,20.1,4,0.0,0.0,0.0,2.0,2.0,Low
80002.0,2013-2014,55,1,37.0,3,0.0,1.0,1.0,0.0,2.0,Low
80005.0,2013-2014,40,2,31.9,2,1.0,0.0,1.0,0.0,2.0,Low
80006.0,2013-2014,47,1,27.2,4,1.0,0.0,1.0,0.0,2.0,Low
80007.0,2013-2014,73,1,27.5,4,0.0,0.0,1.0,,2.0,Moderate
80008.0,2013-2014,67,2,40.5,2,1.0,1.0,0.0,0.0,1.0,High
80009.0,2013-2014,42,2,41.4,3,0.0,0.0,1.0,0.0,3.0,Moderate
80010.0,2013-2014,39,1,25.0,4,1.0,0.0,1.0,0.0,2.0,Moderate
80013.0,2013-2014,62,2,44.4,1,1.0,1.0,0.0,1.0,1.0,High
80014.0,2013-2014,80,1,30.4,3,1.0,0.0,0.0,0.0,2.0,Low
80015.0,2013-2014,48,1,45.5,3,1.0,0.0,0.0,0.0,2.0,Moderate
80016.0,2013-2014,40,1,30.4,1,0.0,0.0,0.0,0.0,2.0,Moderate
80017.0,2013-2014,28,1,18.6,3,1.0,0.0,0.0,2.0,2.0,Low
80019.0,2013-2014,44,1,25.6,3,1.0,0.0,1.0,1.0,2.0,Low
80020.0,2013-2014,31,2,24.0,4,0.0,0.0,0.0,0.0,2.0,Low
80022.0,2013-2014,21,1,20.2,1,1.0,0.0,0.0,0.0,2.0,Moderate
80023.0,2013-2014,80,2,27.6,3,0.0,1.0,0.0,0.0,2.0,Moderate
80024.0,2013-2014,48,2,36.9,1,0.0,1.0,0.0,0.0,2.0,Moderate
80025.0,2013-2014,25,2,25.6,3,0.0,0.0,0.0,0.0,2.0,Low
80026.0,2013-2014,55,2,43.7,3,1.0,1.0,0.0,1.0,2.0,Moderate
80027.0,2013-2014,32,2,24.7,1,1.0,0.0,0.0,0.0,2.0,Low
80030.0,2013-2014,63,1,25.9,6,1.0,0.0,1.0,0.0,2.0,Moderate
80031.0,2013-2014,33,1,26.4,4,1.0,1.0,1.0,2.0,2.0,Low
80033.0,2013-2014,41,1,16.8,3,0.0,0.0,0.0,2.0,2.0,Low
80034.0,2013-2014,39,2,57.4,3,1.0,0.0,0.0,1.0,2.0,Moderate
80037.0,2013-2014,64,1,28.6,1,1.0,0.0,0.0,1.0,2.0,Low
80038.0,2013-2014,38,1,23.8,3,1.0,1.0,1.0,2.0,2.0,Low
80040.0,2013-2014,70,2,22.0,4,1.0,0.0,0.0,1.0,2.0,Moderate
80041.0,2013-2014,42,2,38.6,1,0.0,0.0,0.0,2.0,2.0,Moderate
80043.0,2013-2014,38,2,40.6,3,0.0,0.0,1.0,2.0,2.0,Low
80044.0,2013-2014,77,1,30.8,3,0.0,1.0,0.0,1.0,2.0,Low
80047.0,2013-2014,22,2,41.4,1,1.0,0.0,1.0,0.0,2.0,Moderate
80048.0,2013-2014,24,1,29.2,3,0.0,1.0,1.0,0.0,2.0,Low
80049.0,2013-2014,59,2,24.8,3,0.0,0.0,1.0,0.0,2.0,Low
80051.0,2013-2014,33,2,24.3,3,0.0,0.0,1.0,0.0,2.0,Low
80052.0,2013-2014,62,2,20.4,7,1.0,1.0,0.0,0.0,2.0,Low
80055.0,2013-2014,44,2,26.7,2,1.0,0.0,0.0,0.0,2.0,Moderate
80056.0,2013-2014,41,2,21.5,3,1.0,0.0,1.0,1.0,2.0,Low
80057.0,2013-2014,34,2,22.5,3,0.0,0.0,0.0,0.0,2.0,Low
80058.0,2013-2014,39,1,25.4,3,0.0,0.0,0.0,2.0,2.0,Low
80059.0,2013-2014,47,2,25.7,6,0.0,0.0,1.0,0.0,2.0,Moderate
80060.0,2013-2014,42,2,32.3,1,0.0,0.0,1.0,1.0,2.0,Low
80061.0,2013-2014,50,2,31.4,4,0.0,1.0,0.0,2.0,2.0,Moderate
80062.0,2013-2014,34,1,31.7,3,0.0,0.0,1.0,0.0,2.0,Low
80063.0,2013-2014,80,1,32.2,4,1.0,1.0,1.0,0.0,3.0,Moderate
80064.0,2013-2014,32,1,30.8,6,0.0,0.0,1.0,1.0,2.0,Moderate
80066.0,2013-2014,60,2,30.2,3,0.0,0.0,1.0,0.0,2.0,Low
80067.0,2013-2014,65,1,23.5,2,0.0,1.0,1.0,0.0,1.0,High
80072.0,2013-2014,80,2,31.5,3,0.0,1.0,0.0,0.0,2.0,Moderate
80073.0,2013-2014,57,2,23.9,6,0.0,0.0,1.0,0.0,2.0,Moderate
80075.0,2013-2014,32,1,24.8,6,0.0,0.0,1.0,0.0,2.0,Low
80078.0,2013-2014,80,1,25.7,6,1.0,0.0,0.0,0.0,1.0,High
80079.0,2013-2014,26,1,36.2,3,0.0,1.0,0.0,0.0,2.0,Low
80080.0,2013-2014,70,2,24.9,3,0.0,0.0,1.0,1.0,2.0,Moderate
80082.0,2013-2014,79,2,30.6,3,0.0,0.0,1.0,0.0,2.0,Moderate
80083.0,2013-2014,41,1,27.8,1,1.0,0.0,1.0,0.0,2.0,Moderate
80084.0,2013-2014,80,2,29.3,3,1.0,1.0,1.0,0.0,1.0,High
80087.0,2013-2014,30,2,38.6,4,0.0,0.0,1.0,0.0,2.0,Low
80088.0,2013-2014,22,1,28.3,1,1.0,0.0,1.0,0.0,2.0,Low
80089.0,2013-2014,51,2,30.6,2,1.0,1.0,0.0,0.0,2.0,Low
80091.0,2013-2014,65,1,31.0,1,0.0,1.0,0.0,1.0,2.0,Moderate
80092.0,2013-2014,65,2,21.2,6,1.0,1.0,1.0,0.0,2.0,Moderate
80094.0,2013-2014,69,2,23.1,6,0.0,0.0,1.0,0.0,1.0,High
80095.0,2013-2014,24,2,19.7,3,0.0,0.0,1.0,0.0,2.0,Low
80096.0,2013-2014,57,2,31.6,2,0.0,0.0,1.0,0.0,2.0,Moderate
80097.0,2013-2014,48,1,29.7,3,0.0,0.0,0.0,0.0,2.0,Low
80099.0,2013-2014,80,1,,3,0.0,1.0,0.0,1.0,2.0,Moderate
80100.0,2013-2014,30,1,43.4,3,0.0,0.0,0.0,0.0,2.0,Low
80101.0,2013-2014,29,1,32.2,7,0.0,0.0,1.0,0.0,2.0,Low
80102.0,2013-2014,57,2,30.7,4,1.0,0.0,0.0,0.0,2.0,Moderate
80103.0,2013-2014,53,1,41.3,4,1.0,0.0,1.0,2.0,2.0,Moderate
80105.0,2013-2014,62,1,27.1,4,0.0,0.0,1.0,0.0,2.0,Moderate
80107.0,2013-2014,44,2,31.9,3,1.0,0.0,1.0,0.0,2.0,Low
80109.0,2013-2014,33,2,49.6,3,0.0,0.0,0.0,0.0,2.0,Low
80110.0,2013-2014,20,2,18.7,3,0.0,0.0,1.0,0.0,2.0,Low
80112.0,2013-2014,60,1,28.7,4,1.0,1.0,1.0,0.0,3.0,Moderate
80114.0,2013-2014,60,2,23.6,4,0.0,1.0,0.0,2.0,2.0,Moderate
80115.0,2013-2014,80,1,29.9,4,0.0,1.0,0.0,0.0,1.0,High
80119.0,2013-2014,80,2,33.5,3,0.0,0.0,1.0,1.0,2.0,Moderate
80120.0,2013-2014,65,2,32.8,3,1.0,1.0,0.0,1.0,1.0,High
80121.0,2013-2014,68,1,25.4,6,0.0,1.0,1.0,0.0,2.0,Moderate
80122.0,2013-2014,56,2,27.0,3,1.0,0.0,0.0,2.0,2.0,Moderate
80123.0,2013-2014,71,1,24.5,4,1.0,1.0,0.0,2.0,2.0,Moderate
80124.0,2013-2014,70,1,32.7,3,0.0,1.0,0.0,0.0,2.0,Low
80125.0,2013-2014,40,2,25.5,4,1.0,0.0,0.0,0.0,2.0,Low
80126.0,2013-2014,37,1,36.4,3,0.0,0.0,1.0,1.0,2.0,Low
80127.0,2013-2014,57,1,35.0,3,0.0,1.0,1.0,1.0,2.0,Low
80128.0,2013-2014,22,2,34.3,3,1.0,1.0,1.0,0.0,2.0,Low
80129.0,2013-2014,76,1,46.3,3,0.0,1.0,1.0,0.0,2.0,Moderate
80130.0,2013-2014,51,1,21.1,7,1.0,0.0,0.0,0.0,2.0,Moderate
80131.0,2013-2014,34,2,19.7,3,0.0,0.0,0.0,2.0,2.0,Low
80132.0,2013-2014,37,1,26.8,6,0.0,0.0,0.0,2.0,2.0,High
80133.0,2013-2014,80,1,28.1,4,1.0,1.0,0.0,0.0,1.0,High
80136.0,2013-2014,65,1,29.4,1,1.0,1.0,0.0,1.0,1.0,High
80137.0,2013-2014,30,1,17.6,6,0.0,0.0,0.0,2.0,2.0,Low
80138.0,2013-2014,55,2,35.1,3,1.0,0.0,1.0,0.0,2.0,Moderate
80139.0,2013-2014,39,2,23.4,2,0.0,0.0,0.0,1.0,2.0,Moderate
80140.0,2013-2014,29,2,31.2,3,0.0,0.0,1.0,0.0,2.0,Moderate
80143.0,2013-2014,27,1,27.3,3,0.0,0.0,1.0,0.0,2.0,Low
80144.0,2013-2014,50,1,26.1,3,0.0,1.0,1.0,0.0,2.0,Low
80145.0,2013-2014,22,1,23.8,1,1.0,0.0,1.0,1.0,2.0,Low
80146.0,2013-2014,33,1,28.2,1,1.0,0.0,1.0,0.0,2.0,Low
80148.0,2013-2014,80,1,41.5,1,0.0,0.0,0.0,0.0,2.0,High
80149.0,2013-2014,20,2,29.5,1,1.0,0.0,0.0,0.0,2.0,Low
80152.0,2013-2014,64,1,28.0,3,1.0,1.0,0.0,0.0,2.0,Moderate
80153.0,2013-2014,53,2,38.0,4,0.0,1.0,1.0,0.0,2.0,Low
80154.0,2013-2014,35,2,30.3,3,1.0,0.0,1.0,1.0,2.0,Moderate
80155.0,2013-2014,52,1,22.4,2,0.0,1.0,1.0,0.0,2.0,Low
80156.0,2013-2014,45,1,27.7,3,1.0,0.0,0.0,0.0,2.0,Low
80158.0,2013-2014,35,1,37.2,3,1.0,1.0,0.0,2.0,2.0,Moderate
80163.0,2013-2014,63,2,29.1,3,1.0,1.0,0.0,0.0,2.0,Low
80165.0,2013-2014,65,2,38.5,2,0.0,0.0,0.0,0.0,2.0,Moderate
80168.0,2013-2014,38,1,27.3,7,0.0,0.0,0.0,2.0,2.0,Low
80169.0,2013-2014,42,2,36.1,2,1.0,0.0,0.0,0.0,1.0,High
80170.0,2013-2014,50,2,42.9,3,0.0,0.0,1.0,0.0,2.0,Moderate
80174.0,2013-2014,61,2,36.5,1,0.0,0.0,0.0,2.0,2.0,Low
80175.0,2013-2014,64,1,47.6,4,0.0,1.0,1.0,0.0,3.0,Moderate
80178.0,2013-2014,35,1,26.3,1,0.0,0.0,1.0,2.0,2.0,Low
80179.0,2013-2014,75,2,26.6,3,1.0,0.0,1.0,0.0,1.0,High
80181.0,2013-2014,69,2,27.1,4,0.0,1.0,1.0,0.0,2.0,Low
80183.0,2013-2014,75,1,45.8,4,0.0,1.0,0.0,1.0,1.0,High
80185.0,2013-2014,61,1,25.6,1,0.0,1.0,0.0,0.0,2.0,Moderate
80187.0,2013-2014,60,1,25.9,4,1.0,1.0,0.0,2.0,2.0,Moderate
80188.0,2013-2014,55,1,23.5,4,1.0,0.0,1.0,2.0,2.0,Low
80190.0,2013-2014,33,2,34.4,7,0.0,0.0,0.0,0.0,2.0,Low
80193.0,2013-2014,43,2,28.8,4,0.0,0.0,0.0,2.0,2.0,Low
80197.0,2013-2014,44,1,25.8,1,0.0,0.0,1.0,0.0,2.0,Moderate
80199.0,2013-2014,61,2,29.6,4,0.0,1.0,1.0,0.0,2.0,Low
80200.0,2013-2014,57,1,28.9,3,0.0,1.0,0.0,0.0,2.0,Moderate
80201.0,2013-2014,63,2,15.4,6,0.0,0.0,1.0,0.0,2.0,Low
80202.0,2013-2014,49,1,25.8,3,0.0,1.0,0.0,2.0,2.0,Low
80203.0,2013-2014,67,1,24.5,6,0.0,1.0,1.0,0.0,2.0,Low
80204.0,2013-2014,59,1,33.4,3,1.0,0.0,0.0,1.0,2.0,Moderate
80205.0,2013-2014,75,1,26.5,3,0.0,0.0,0.0,1.0,2.0,High
80206.0,2013-2014,63,2,22.6,2,1.0,1.0,1.0,2.0,2.0,Moderate
80207.0,2013-2014,49,2,38.7,3,1.0,1.0,1.0,1.0,2.0,Low
80210.0,2013-2014,37,1,29.6,2,1.0,0.0,1.0,1.0,2.0,Moderate
80212.0,2013-2014,56,2,33.3,3,1.0,0.0,0.0,0.0,2.0,Low
80214.0,2013-2014,46,1,21.0,2,0.0,0.0,1.0,0.0,2.0,Low
80215.0,2013-2014,22,1,22.3,3,0.0,0.0,0.0,0.0,2.0,Moderate
80217.0,2013-2014,28,2,45.3,4,0.0,0.0,1.0,0.0,2.0,Moderate
80218.0,2013-2014,72,2,25.9,3,0.0,1.0,1.0,1.0,2.0,Low
80220.0,2013-2014,48,2,33.9,3,1.0,0.0,0.0,0.0,2.0,Moderate
80222.0,2013-2014,57,2,25.6,3,0.0,1.0,0.0,2.0,2.0,Low
80225.0,2013-2014,40,2,23.4,1,1.0,1.0,0.0,0.0,1.0,High
80226.0,2013-2014,30,1,22.0,3,0.0,0.0,0.0,2.0,2.0,Low
80227.0,2013-2014,37,1,27.9,3,0.0,1.0,0.0,1.0,2.0,Moderate
80231.0,2013-2014,36,2,36.9,4,0.0,0.0,0.0,2.0,2.0,Low
80233.0,2013-2014,21,1,24.8,4,0.0,0.0,1.0,2.0,2.0,Low
80234.0,2013-2014,50,2,22.8,1,1.0,0.0,0.0,0.0,2.0,Low
80235.0,2013-2014,44,2,26.5,6,1.0,0.0,1.0,0.0,2.0,Moderate
80236.0,2013-2014,22,2,25.0,3,0.0,0.0,1.0,2.0,2.0,Low
80237.0,2013-2014,59,1,26.8,3,0.0,1.0,1.0,0.0,2.0,Moderate
80238.0,2013-2014,22,1,28.6,3,0.0,0.0,0.0,0.0,2.0,Moderate
80240.0,2013-2014,33,2,23.2,3,0.0,0.0,1.0,0.0,2.0,Low
80241.0,2013-2014,61,2,36.6,2,0.0,0.0,0.0,0.0,2.0,High
80242.0,2013-2014,22,1,18.2,3,1.0,0.0,1.0,2.0,2.0,Low
80244.0,2013-2014,35,2,30.6,3,0.0,0.0,0.0,1.0,1.0,High
80245.0,2013-2014,20,1,50.2,3,1.0,0.0,0.0,2.0,2.0,Low
80247.0,2013-2014,58,2,31.1,3,0.0,1.0,1.0,2.0,2.0,Moderate
80248.0,2013-2014,29,2,22.1,2,1.0,0.0,0.0,1.0,2.0,Low
80249.0,2013-2014,50,1,30.0,3,0.0,1.0,0.0,2.0,2.0,Low
80250.0,2013-2014,72,1,33.1,3,1.0,1.0,1.0,0.0,3.0,Moderate
80251.0,2013-2014,27,2,25.7,4,0.0,1.0,1.0,0.0,2.0,Moderate
80252.0,2013-2014,64,2,20.3,3,0.0,0.0,0.0,2.0,2.0,Moderate
80254.0,2013-2014,31,2,25.1,6,1.0,0.0,1.0,0.0,2.0,Low
80257.0,2013-2014,31,2,30.4,4,0.0,1.0,0.0,0.0,2.0,Low
80259.0,2013-2014,27,1,25.4,3,1.0,0.0,0.0,2.0,2.0,Low
80260.0,2013-2014,40,1,22.3,2,0.0,0.0,1.0,1.0,2.0,Moderate
80261.0,2013-2014,38,2,23.3,6,0.0,0.0,0.0,0.0,2.0,Low
80262.0,2013-2014,73,2,26.1,3,0.0,0.0,1.0,1.0,2.0,Low
80263.0,2013-2014,52,1,38.8,3,0.0,1.0,1.0,0.0,1.0,High
80264.0,2013-2014,21,2,25.9,1,0.0,0.0,1.0,0.0,2.0,Low
80265.0,2013-2014,35,2,23.0,3,0.0,0.0,1.0,0.0,2.0,Low
80266.0,2013-2014,69,2,33.5,3,0.0,1.0,1.0,0.0,2.0,Moderate
80267.0,2013-2014,61,1,26.5,3,0.0,0.0,0.0,0.0,2.0,Moderate
80268.0,2013-2014,71,1,27.1,6,0.0,1.0,0.0,1.0,2.0,Moderate
80269.0,2013-2014,25,1,24.1,6,1.0,0.0,1.0,1.0,2.0,Low
80272.0,2013-2014,41,2,35.8,1,0.0,1.0,0.0,0.0,2.0,Low
80273.0,2013-2014,44,1,25.1,3,0.0,0.0,0.0,0.0,2.0,Low
80274.0,2013-2014,70,2,21.5,3,0.0,0.0,1.0,0.0,2.0,Low
80275.0,2013-2014,24,1,17.2,1,1.0,0.0,0.0,1.0,2.0,Low
80277.0,2013-2014,57,2,34.1,3,0.0,1.0,1.0,0.0,2.0,Moderate
80278.0,2013-2014,47,1,33.5,1,0.0,1.0,0.0,2.0,2.0,Moderate
80279.0,2013-2014,38,1,24.5,3,1.0,0.0,0.0,0.0,2.0,Low
80280.0,2013-2014,31,2,26.5,1,1.0,0.0,1.0,0.0,2.0,Low
80281.0,2013-2014,44,2,45.3,4,0.0,0.0,0.0,0.0,2.0,Low
80285.0,2013-2014,50,1,29.3,6,1.0,1.0,1.0,1.0,1.0,High
80286.0,2013-2014,38,1,33.0,2,0.0,0.0,1.0,0.0,2.0,Low
80287.0,2013-2014,21,2,29.3,3,0.0,0.0,1.0,0.0,2.0,Low
80288.0,2013-2014,64,1,25.8,3,0.0,0.0,0.0,1.0,2.0,Low
80289.0,2013-2014,37,2,30.4,2,0.0,0.0,0.0,2.0,2.0,Low
80291.0,2013-2014,31,1,24.4,4,0.0,0.0,1.0,2.0,2.0,Low
80292.0,2013-2014,69,2,30.3,1,1.0,0.0,0.0,0.0,2.0,Moderate
80294.0,2013-2014,75,2,30.2,4,0.0,1.0,0.0,0.0,2.0,Low
80295.0,2013-2014,38,2,22.1,6,1.0,0.0,0.0,0.0,3.0,Moderate
80296.0,2013-2014,64,2,25.9,4,1.0,1.0,1.0,2.0,2.0,Moderate
80300.0,2013-2014,61,2,38.3,3,1.0,0.0,0.0,0.0,2.0,High
80301.0,2013-2014,24,1,20.4,3,1.0,0.0,1.0,2.0,2.0,Low
80302.0,2013-2014,33,2,40.7,4,1.0,0.0,1.0,2.0,2.0,Moderate
80303.0,2013-2014,33,1,28.4,3,0.0,0.0,1.0,1.0,2.0,Low
80304.0,2013-2014,43,1,27.4,1,1.0,1.0,1.0,1.0,2.0,Moderate
80305.0,2013-2014,32,2,44.8,4,0.0,1.0,0.0,2.0,2.0,Moderate
80307.0,2013-2014,75,2,25.4,3,0.0,0.0,1.0,1.0,2.0,Low
80308.0,2013-2014,39,1,25.4,1,0.0,0.0,1.0,0.0,2.0,Low
80309.0,2013-2014,44,2,38.7,1,1.0,1.0,1.0,0.0,2.0,Moderate
80312.0,2013-2014,40,1,27.5,6,0.0,0.0,0.0,2.0,2.0,Moderate
80315.0,2013-2014,60,2,58.7,4,1.0,1.0,0.0,1.0,2.0,High
80321.0,2013-2014,72,1,28.7,4,1.0,1.0,1.0,1.0,2.0,High
80322.0,2013-2014,55,2,20.2,6,1.0,0.0,1.0,0.0,2.0,Low
80323.0,2013-2014,33,1,25.8,3,0.0,0.0,1.0,2.0,2.0,Moderate
80324.0,2013-2014,48,2,55.1,4,1.0,1.0,0.0,2.0,1.0,High
80326.0,2013-2014,52,2,33.7,3,1.0,1.0,1.0,2.0,1.0,High
80327.0,2013-2014,27,1,26.0,2,0.0,1.0,1.0,0.0,2.0,Low
80328.0,2013-2014,71,2,62.2,3,1.0,0.0,0.0,1.0,2.0,High
80329.0,2013-2014,69,2,,1,0.0,0.0,0.0,1.0,1.0,High
80330.0,2013-2014,73,1,27.4,6,0.0,0.0,1.0,0.0,2.0,Moderate
80331.0,2013-2014,27,1,24.3,4,,0.0,0.0,2.0,2.0,Low
80332.0,2013-2014,24,1,22.7,1,0.0,0.0,1.0,0.0,2.0,Moderate
80333.0,2013-2014,45,2,24.3,1,1.0,0.0,1.0,0.0,2.0,Low
80335.0,2013-2014,28,1,28.4,3,1.0,0.0,0.0,2.0,3.0,Moderate
80336.0,2013-2014,24,2,25.1,1,0.0,0.0,1.0,0.0,2.0,Low
80338.0,2013-2014,23,1,24.9,3,0.0,0.0,1.0,0.0,2.0,Low
80339.0,2013-2014,37,2,29.9,1,1.0,0.0,1.0,0.0,2.0,Moderate
80340.0,2013-2014,61,1,28.3,4,0.0,0.0,1.0,1.0,2.0,Low
80343.0,2013-2014,24,2,23.1,2,0.0,0.0,0.0,0.0,2.0,Low
80344.0,2013-2014,21,2,24.1,3,0.0,0.0,1.0,0.0,2.0,Low
80345.0,2013-2014,71,2,33.6,1,0.0,1.0,0.0,0.0,2.0,Moderate
80347.0,2013-2014,44,2,26.6,2,0.0,0.0,0.0,0.0,2.0,Low
80349.0,2013-2014,28,2,26.6,6,1.0,0.0,1.0,1.0,2.0,Low
80350.0,2013-2014,31,2,26.8,4,0.0,0.0,0.0,2.0,2.0,Moderate
80351.0,2013-2014,37,2,24.5,6,1.0,0.0,0.0,0.0,2.0,Low
80352.0,2013-2014,20,1,24.4,3,1.0,0.0,1.0,0.0,2.0,Moderate
80355.0,2013-2014,70,2,23.6,2,1.0,1.0,0.0,0.0,1.0,High
80357.0,2013-2014,42,2,44.9,3,0.0,0.0,0.0,0.0,2.0,Low
80360.0,2013-2014,62,2,27.2,3,0.0,0.0,0.0,0.0,2.0,Low
80362.0,2013-2014,60,2,28.2,3,1.0,0.0,0.0,0.0,2.0,Moderate
80364.0,2013-2014,47,2,26.3,6,0.0,0.0,1.0,0.0,2.0,Moderate
80365.0,2013-2014,34,2,20.7,6,1.0,0.0,1.0,0.0,2.0,Low
80366.0,2013-2014,64,1,28.6,3,1.0,0.0,0.0,1.0,2.0,Low
80367.0,2013-2014,71,2,29.4,1,0.0,0.0,0.0,1.0,1.0,High
80368.0,2013-2014,46,1,27.2,3,0.0,1.0,0.0,2.0,2.0,Low
80369.0,2013-2014,31,2,18.4,6,0.0,0.0,0.0,0.0,2.0,Low
80371.0,2013-2014,39,2,26.0,1,0.0,0.0,1.0,0.0,2.0,Low
80372.0,2013-2014,42,1,26.8,6,0.0,0.0,1.0,0.0,2.0,Moderate
80375.0,2013-2014,47,1,23.8,4,0.0,0.0,1.0,0.0,2.0,Moderate
80377.0,2013-2014,44,1,58.4,4,0.0,1.0,0.0,0.0,2.0,Moderate
80379.0,2013-2014,67,1,26.7,3,0.0,0.0,0.0,1.0,2.0,Moderate
80380.0,2013-2014,39,1,29.8,3,1.0,0.0,1.0,0.0,2.0,Low
80381.0,2013-2014,80,1,26.8,3,0.0,0.0,0.0,1.0,2.0,Low
80382.0,2013-2014,78,1,38.8,4,1.0,1.0,0.0,1.0,2.0,Moderate
80384.0,2013-2014,46,2,38.8,3,1.0,0.0,1.0,0.0,2.0,High
80385.0,2013-2014,68,1,31.5,4,1.0,1.0,1.0,1.0,2.0,Low
80386.0,2013-2014,33,1,33.3,3,0.0,1.0,1.0,1.0,2.0,Low
80387.0,2013-2014,42,2,42.4,4,0.0,1.0,0.0,0.0,3.0,Moderate
80388.0,2013-2014,60,2,21.7,6,0.0,0.0,0.0,0.0,2.0,Moderate
80389.0,2013-2014,80,1,31.5,3,0.0,0.0,1.0,1.0,2.0,Moderate
80390.0,2013-2014,65,2,22.5,6,1.0,1.0,0.0,0.0,2.0,Moderate
80391.0,2013-2014,23,1,22.9,1,0.0,0.0,0.0,0.0,2.0,Moderate
80393.0,2013-2014,66,1,31.1,3,0.0,1.0,0.0,0.0,2.0,Moderate
80394.0,2013-2014,60,1,28.0,3,0.0,1.0,0.0,2.0,2.0,Low
80396.0,2013-2014,31,1,29.6,4,0.0,0.0,1.0,0.0,2.0,Moderate
80397.0,2013-2014,50,2,30.9,3,1.0,0.0,0.0,1.0,1.0,High
80402.0,2013-2014,66,1,35.7,3,1.0,1.0,0.0,1.0,2.0,Moderate
80403.0,2013-2014,38,2,32.5,6,0.0,0.0,0.0,0.0,2.0,High
80405.0,2013-2014,24,2,22.3,2,0.0,0.0,1.0,0.0,2.0,Low
80406.0,2013-2014,80,2,27.7,3,1.0,0.0,0.0,0.0,2.0,Moderate
80408.0,2013-2014,43,2,30.3,4,0.0,0.0,1.0,0.0,2.0,Low
80410.0,2013-2014,47,1,27.0,1,0.0,0.0,1.0,0.0,2.0,Low
80411.0,2013-2014,41,1,25.3,1,0.0,0.0,0.0,0.0,2.0,Low
80413.0,2013-2014,46,1,23.8,6,1.0,0.0,1.0,1.0,2.0,Low
80414.0,2013-2014,24,1,34.5,1,1.0,0.0,1.0,0.0,2.0,Low
80416.0,2013-2014,39,1,29.2,3,1.0,1.0,0.0,2.0,2.0,Low
80417.0,2013-2014,60,2,25.8,2,0.0,0.0,1.0,0.0,2.0,Moderate
80427.0,2013-2014,52,1,41.9,4,0.0,1.0,0.0,0.0,1.0,High
80428.0,2013-2014,56,1,31.3,1,1.0,1.0,0.0,1.0,2.0,Moderate
80430.0,2013-2014,46,1,27.8,3,0.0,0.0,1.0,1.0,2.0,Moderate
80432.0,2013-2014,77,2,20.9,1,0.0,0.0,0.0,0.0,2.0,Low
80434.0,2013-2014,62,2,24.2,4,1.0,0.0,1.0,0.0,2.0,High
80436.0,2013-2014,73,2,22.1,1,1.0,0.0,0.0,0.0,2.0,Low
80437.0,2013-2014,46,2,37.4,3,0.0,0.0,0.0,1.0,2.0,Low
80438.0,2013-2014,37,2,28.2,4,0.0,0.0,1.0,0.0,2.0,Low
80440.0,2013-2014,47,2,22.4,6,0.0,0.0,0.0,0.0,2.0,Low
80441.0,2013-2014,49,2,22.7,3,0.0,0.0,1.0,0.0,2.0,Low
80442.0,2013-2014,41,2,27.3,1,0.0,0.0,1.0,0.0,2.0,Low
80444.0,2013-2014,27,2,38.1,3,1.0,0.0,0.0,1.0,2.0,Low
80445.0,2013-2014,22,1,27.1,2,0.0,0.0,1.0,0.0,2.0,Moderate
80446.0,2013-2014,31,2,21.9,4,0.0,1.0,1.0,0.0,2.0,Low
80448.0,2013-2014,26,2,21.3,6,0.0,0.0,1.0,0.0,2.0,Low
80453.0,2013-2014,38,1,25.9,3,0.0,0.0,1.0,0.0,2.0,Low
80454.0,2013-2014,63,1,25.7,2,0.0,0.0,0.0,1.0,2.0,Low
80456.0,2013-2014,47,2,21.4,7,0.0,0.0,1.0,0.0,2.0,Low
80458.0,2013-2014,24,2,26.4,1,0.0,0.0,0.0,0.0,2.0,Low
80466.0,2013-2014,25,2,39.3,2,0.0,0.0,0.0,0.0,2.0,Low
80468.0,2013-2014,52,2,30.8,4,1.0,1.0,0.0,2.0,1.0,High
80469.0,2013-2014,74,2,28.7,3,0.0,1.0,0.0,0.0,2.0,Moderate
80474.0,2013-2014,20,2,23.0,2,0.0,0.0,1.0,0.0,2.0,Low
80477.0,2013-2014,49,1,23.0,6,1.0,0.0,1.0,1.0,2.0,Low
80478.0,2013-2014,75,2,32.7,3,0.0,1.0,0.0,0.0,2.0,Low
80479.0,2013-2014,62,1,26.6,6,1.0,1.0,1.0,0.0,3.0,High
80481.0,2013-2014,25,1,19.9,3,0.0,0.0,1.0,2.0,2.0,Low
80482.0,2013-2014,55,2,25.0,4,0.0,0.0,1.0,0.0,2.0,Moderate
80486.0,2013-2014,69,2,23.6,3,1.0,0.0,1.0,0.0,2.0,Low
80489.0,2013-2014,20,2,22.1,3,0.0,0.0,1.0,0.0,2.0,Low
80490.0,2013-2014,33,2,27.8,4,0.0,0.0,0.0,0.0,2.0,Low
80491.0,2013-2014,73,2,25.3,3,0.0,0.0,0.0,0.0,2.0,Low
80492.0,2013-2014,35,2,18.8,6,0.0,0.0,0.0,0.0,2.0,Low
80493.0,2013-2014,52,1,34.1,3,1.0,0.0,0.0,2.0,1.0,High
80496.0,2013-2014,48,2,34.7,1,0.0,0.0,0.0,0.0,2.0,Moderate
80497.0,2013-2014,37,2,29.9,1,1.0,0.0,0.0,0.0,2.0,Moderate
80498.0,2013-2014,64,1,18.6,6,0.0,0.0,0.0,2.0,2.0,Moderate
80503.0,2013-2014,44,1,27.4,3,1.0,1.0,0.0,2.0,3.0,Moderate
80505.0,2013-2014,46,1,26.0,3,0.0,0.0,0.0,0.0,2.0,Low
80506.0,2013-2014,53,1,28.3,3,0.0,0.0,1.0,0.0,2.0,Low
80507.0,2013-2014,32,2,36.0,2,1.0,0.0,1.0,0.0,3.0,Moderate
80509.0,2013-2014,45,2,21.9,3,0.0,0.0,1.0,0.0,2.0,Low
80511.0,2013-2014,40,2,27.6,4,1.0,1.0,1.0,0.0,2.0,Low
80512.0,2013-2014,69,2,34.5,3,1.0,0.0,0.0,0.0,2.0,Moderate
80513.0,2013-2014,40,2,23.9,3,1.0,0.0,0.0,2.0,2.0,Low
80516.0,2013-2014,42,2,28.2,4,0.0,1.0,1.0,0.0,2.0,Low
80517.0,2013-2014,55,1,35.0,4,0.0,0.0,0.0,0.0,2.0,Low
80518.0,2013-2014,52,2,31.3,3,1.0,0.0,0.0,2.0,2.0,Moderate
80519.0,2013-2014,36,2,31.7,1,0.0,0.0,1.0,0.0,2.0,Low
80520.0,2013-2014,40,2,37.5,4,1.0,0.0,1.0,0.0,2.0,Low
80521.0,2013-2014,41,1,20.6,3,0.0,0.0,0.0,1.0,2.0,Moderate
80522.0,2013-2014,55,1,20.8,3,0.0,0.0,1.0,0.0,2.0,Low
80523.0,2013-2014,52,1,24.3,1,0.0,0.0,1.0,2.0,2.0,Moderate
80525.0,2013-2014,34,2,60.9,4,0.0,0.0,0.0,0.0,3.0,Moderate
80526.0,2013-2014,35,2,20.2,4,0.0,0.0,0.0,0.0,2.0,Moderate
80528.0,2013-2014,48,2,29.5,3,0.0,0.0,0.0,2.0,2.0,Moderate
80530.0,2013-2014,59,1,23.5,3,0.0,1.0,0.0,2.0,2.0,Low
80531.0,2013-2014,46,2,25.2,2,0.0,0.0,0.0,0.0,2.0,Low
80533.0,2013-2014,66,2,36.1,2,1.0,0.0,1.0,0.0,3.0,Moderate
80535.0,2013-2014,25,2,27.3,3,0.0,0.0,1.0,0.0,2.0,Low
80537.0,2013-2014,65,1,26.2,4,0.0,0.0,0.0,2.0,2.0,Low
80538.0,2013-2014,80,1,30.9,3,1.0,0.0,0.0,1.0,2.0,Moderate
80539.0,2013-2014,40,1,31.4,4,1.0,0.0,1.0,0.0,3.0,High
80542.0,2013-2014,36,2,30.4,1,0.0,0.0,1.0,0.0,2.0,Low
80543.0,2013-2014,28,1,23.2,7,0.0,0.0,1.0,1.0,2.0,Low
80545.0,2013-2014,55,1,32.2,3,0.0,1.0,1.0,0.0,2.0,Low
80547.0,2013-2014,55,1,23.2,4,1.0,1.0,0.0,2.0,2.0,Moderate
80548.0,2013-2014,80,1,28.7,3,0.0,1.0,1.0,0.0,2.0,Moderate
80549.0,2013-2014,76,1,29.9,6,0.0,1.0,0.0,0.0,1.0,High
80550.0,2013-2014,72,2,46.1,3,0.0,1.0,0.0,1.0,2.0,Low
80552.0,2013-2014,41,2,24.3,3,0.0,0.0,1.0,0.0,2.0,Low
80553.0,2013-2014,55,2,28.2,3,0.0,0.0,0.0,0.0,1.0,High
80555.0,2013-2014,75,1,18.5,3,0.0,0.0,1.0,0.0,2.0,Low
80556.0,2013-2014,51,1,33.0,1,1.0,1.0,1.0,0.0,2.0,Low
80559.0,2013-2014,26,1,23.7,2,0.0,0.0,1.0,0.0,2.0,Low
80560.0,2013-2014,25,1,35.7,2,0.0,0.0,1.0,0.0,2.0,Low
80561.0,2013-2014,41,1,26.3,6,0.0,0.0,1.0,0.0,2.0,Moderate
80562.0,2013-2014,22,2,57.8,4,0.0,0.0,0.0,0.0,2.0,Moderate
80564.0,2013-2014,45,2,34.8,3,0.0,1.0,1.0,0.0,2.0,Low
80565.0,2013-2014,47,2,33.6,3,1.0,0.0,0.0,2.0,1.0,High
80569.0,2013-2014,46,2,29.6,3,0.0,0.0,1.0,0.0,2.0,Low
80570.0,2013-2014,74,2,21.3,3,0.0,0.0,1.0,1.0,2.0,Low
80573.0,2013-2014,63,2,23.9,2,1.0,0.0,1.0,0.0,2.0,Moderate
80578.0,2013-2014,44,1,30.0,3,0.0,0.0,1.0,0.0,2.0,Low
80583.0,2013-2014,24,2,39.6,4,1.0,1.0,1.0,1.0,2.0,Moderate
80585.0,2013-2014,41,1,28.0,6,1.0,0.0,1.0,0.0,2.0,Moderate
80586.0,2013-2014,80,2,30.7,3,0.0,1.0,1.0,0.0,2.0,Low
80587.0,2013-2014,36,1,26.3,3,1.0,0.0,1.0,1.0,2.0,Low
80588.0,2013-2014,59,2,21.9,6,1.0,0.0,0.0,0.0,2.0,Moderate
80589.0,2013-2014,28,2,26.4,7,0.0,0.0,1.0,0.0,2.0,Low
80590.0,2013-2014,43,2,31.7,3,0.0,0.0,1.0,2.0,2.0,Low
80592.0,2013-2014,20,1,30.8,1,1.0,0.0,1.0,2.0,2.0,Moderate
80593.0,2013-2014,63,1,22.5,6,0.0,0.0,1.0,1.0,2.0,Low
80594.0,2013-2014,60,2,33.5,3,0.0,1.0,0.0,1.0,1.0,High
80595.0,2013-2014,66,2,21.3,1,1.0,0.0,1.0,0.0,2.0,Low
80596.0,2013-2014,32,1,29.9,3,1.0,0.0,1.0,2.0,2.0,Low
80599.0,2013-2014,77,1,25.0,3,0.0,0.0,0.0,1.0,2.0,Low
80601.0,2013-2014,71,2,32.1,4,1.0,1.0,0.0,1.0,1.0,High
80602.0,2013-2014,72,2,24.6,6,0.0,1.0,1.0,0.0,2.0,Low
80603.0,2013-2014,31,2,23.4,6,1.0,0.0,0.0,0.0,2.0,Low
80604.0,2013-2014,58,1,19.1,4,1.0,1.0,0.0,2.0,2.0,Low
80611.0,2013-2014,42,2,22.5,1,0.0,0.0,1.0,0.0,2.0,Low
80613.0,2013-2014,62,2,23.9,4,1.0,0.0,0.0,1.0,2.0,Low
80618.0,2013-2014,32,1,25.4,3,0.0,0.0,0.0,2.0,2.0,Low
80619.0,2013-2014,33,1,35.0,4,0.0,0.0,0.0,2.0,2.0,Moderate
80620.0,2013-2014,22,1,20.3,4,0.0,0.0,1.0,2.0,2.0,Low
80622.0,2013-2014,45,2,31.7,1,0.0,0.0,1.0,1.0,2.0,Moderate
80623.0,2013-2014,39,2,22.7,6,1.0,0.0,1.0,0.0,2.0,Low
80628.0,2013-2014,27,1,24.2,3,0.0,1.0,1.0,0.0,2.0,Low
80632.0,2013-2014,57,1,25.2,3,1.0,1.0,1.0,1.0,1.0,High
80633.0,2013-2014,30,2,27.0,4,0.0,0.0,0.0,0.0,2.0,Low
80634.0,2013-2014,46,2,27.3,1,1.0,0.0,1.0,0.0,2.0,Low
80635.0,2013-2014,57,2,,3,1.0,1.0,0.0,2.0,2.0,Low
80636.0,2013-2014,49,2,41.0,2,1.0,0.0,0.0,0.0,2.0,Moderate
80637.0,2013-2014,36,2,30.0,1,0.0,0.0,1.0,2.0,2.0,Low
80639.0,2013-2014,32,1,23.5,3,0.0,0.0,1.0,0.0,2.0,Moderate
80641.0,2013-2014,80,1,25.5,3,1.0,1.0,1.0,1.0,2.0,Moderate
80643.0,2013-2014,39,1,28.5,4,0.0,1.0,1.0,0.0,2.0,Low
80645.0,2013-2014,22,2,30.5,4,1.0,0.0,1.0,2.0,2.0,Low
80646.0,2013-2014,34,1,29.3,4,1.0,0.0,1.0,1.0,2.0,Moderate
80647.0,2013-2014,52,1,23.9,3,0.0,0.0,1.0,0.0,3.0,Moderate
80648.0,2013-2014,43,1,23.0,3,0.0,0.0,1.0,0.0,2.0,Low
80651.0,2013-2014,64,2,21.0,6,1.0,1.0,0.0,0.0,2.0,High
80652.0,2013-2014,60,1,22.6,4,0.0,0.0,1.0,2.0,3.0,Moderate
80653.0,2013-2014,35,2,40.4,3,0.0,0.0,1.0,1.0,2.0,Low
80654.0,2013-2014,30,2,29.6,1,0.0,0.0,0.0,0.0,2.0,Low
80656.0,2013-2014,33,2,42.6,2,1.0,0.0,1.0,0.0,2.0,Low
80657.0,2013-2014,51,1,33.1,3,1.0,1.0,1.0,0.0,2.0,Low
80658.0,2013-2014,50,1,28.3,3,0.0,0.0,0.0,2.0,2.0,Low
80659.0,2013-2014,22,2,20.6,3,0.0,0.0,0.0,0.0,2.0,Low
80660.0,2013-2014,45,1,25.0,4,0.0,1.0,0.0,0.0,2.0,Low
80662.0,2013-2014,36,2,27.8,1,0.0,0.0,1.0,0.0,2.0,Moderate
80663.0,2013-2014,41,1,27.7,4,1.0,0.0,1.0,0.0,2.0,Low
80667.0,2013-2014,33,2,30.1,4,0.0,0.0,0.0,2.0,2.0,Low
80669.0,2013-2014,50,1,32.2,3,1.0,0.0,0.0,0.0,2.0,Low
80672.0,2013-2014,46,2,21.1,6,0.0,0.0,0.0,2.0,2.0,Low
80676.0,2013-2014,72,2,28.9,3,0.0,1.0,1.0,0.0,2.0,Moderate
80678.0,2013-2014,71,1,23.8,6,0.0,1.0,1.0,1.0,2.0,Low
80679.0,2013-2014,43,2,,1,0.0,1.0,1.0,0.0,2.0,Low
80680.0,2013-2014,45,2,27.8,4,0.0,0.0,0.0,0.0,2.0,Low
80682.0,2013-2014,80,2,21.4,1,0.0,1.0,0.0,0.0,3.0,Moderate
80683.0,2013-2014,58,1,25.7,1,0.0,0.0,0.0,1.0,3.0,Moderate
80684.0,2013-2014,48,1,27.7,1,1.0,0.0,1.0,1.0,2.0,Moderate
80685.0,2013-2014,33,2,25.1,3,1.0,0.0,0.0,1.0,2.0,Low
80686.0,2013-2014,46,2,44.5,4,1.0,0.0,1.0,0.0,2.0,Moderate
80688.0,2013-2014,26,2,28.6,4,0.0,0.0,1.0,0.0,2.0,Low
80689.0,2013-2014,70,1,28.5,3,0.0,1.0,1.0,1.0,2.0,Low
80692.0,2013-2014,37,1,23.0,3,0.0,0.0,1.0,0.0,2.0,Low
80693.0,2013-2014,30,1,21.8,1,0.0,0.0,1.0,2.0,2.0,Low
80694.0,2013-2014,34,2,32.0,3,0.0,0.0,0.0,2.0,2.0,Low
80695.0,2013-2014,56,1,,4,0.0,1.0,0.0,2.0,2.0,Moderate
80699.0,2013-2014,73,1,27.4,4,0.0,1.0,1.0,1.0,2.0,Low
80701.0,2013-2014,31,2,22.6,4,0.0,0.0,1.0,0.0,2.0,Low
80703.0,2013-2014,55,2,28.0,3,1.0,1.0,0.0,2.0,2.0,Moderate
80705.0,2013-2014,54,1,29.8,3,0.0,0.0,0.0,0.0,2.0,Moderate
80706.0,2013-2014,50,1,25.1,6,0.0,0.0,1.0,0.0,2.0,Low
80707.0,2013-2014,72,1,23.4,3,0.0,1.0,1.0,0.0,2.0,Moderate
80708.0,2013-2014,66,2,29.8,3,1.0,1.0,0.0,1.0,2.0,Moderate
80709.0,2013-2014,59,2,21.7,6,0.0,0.0,0.0,0.0,2.0,Moderate
80710.0,2013-2014,59,1,19.2,6,0.0,1.0,0.0,0.0,2.0,Low
80712.0,2013-2014,48,2,29.9,1,1.0,0.0,0.0,0.0,2.0,Moderate
80713.0,2013-2014,38,1,31.1,4,1.0,0.0,0.0,2.0,2.0,Moderate
80714.0,2013-2014,45,1,23.2,6,1.0,0.0,1.0,0.0,2.0,Moderate
80717.0,2013-2014,80,1,27.0,3,0.0,1.0,1.0,0.0,2.0,Moderate
80718.0,2013-2014,36,2,26.7,3,0.0,0.0,1.0,2.0,2.0,Low
80719.0,2013-2014,80,2,32.8,3,1.0,1.0,1.0,0.0,2.0,Moderate
80722.0,2013-2014,63,2,27.0,7,0.0,1.0,0.0,0.0,1.0,High
80723.0,2013-2014,80,1,21.1,3,0.0,0.0,0.0,1.0,2.0,Low
80726.0,2013-2014,38,2,30.7,6,1.0,0.0,1.0,0.0,2.0,Low
80729.0,2013-2014,31,1,30.7,1,1.0,0.0,1.0,2.0,2.0,Moderate
80730.0,2013-2014,39,1,,3,0.0,0.0,1.0,2.0,2.0,Low
80731.0,2013-2014,32,2,25.8,7,1.0,0.0,0.0,1.0,1.0,High
80732.0,2013-2014,52,1,27.8,1,0.0,0.0,1.0,1.0,2.0,Moderate
80733.0,2013-2014,47,1,22.0,3,0.0,0.0,0.0,2.0,2.0,Low
80735.0,2013-2014,41,1,32.5,3,1.0,1.0,0.0,0.0,2.0,Low
80736.0,2013-2014,37,2,22.2,3,0.0,0.0,1.0,0.0,2.0,Low
80738.0,2013-2014,40,1,32.7,1,0.0,0.0,1.0,0.0,2.0,Low
80739.0,2013-2014,30,2,33.6,3,1.0,1.0,0.0,0.0,2.0,Moderate
80740.0,2013-2014,39,2,31.8,3,1.0,0.0,1.0,0.0,2.0,Moderate
80741.0,2013-2014,51,1,33.3,2,0.0,0.0,0.0,0.0,2.0,Moderate
80742.0,2013-2014,53,2,35.6,3,1.0,0.0,0.0,0.0,2.0,Low
80743.0,2013-2014,70,1,23.9,3,1.0,0.0,0.0,1.0,2.0,Low
80745.0,2013-2014,50,1,22.9,4,0.0,0.0,1.0,2.0,2.0,Low
80749.0,2013-2014,62,2,28.0,1,0.0,0.0,1.0,0.0,2.0,Low
80750.0,2013-2014,80,2,22.4,3,0.0,1.0,1.0,0.0,2.0,Low
80754.0,2013-2014,67,1,35.1,1,0.0,0.0,1.0,0.0,2.0,Moderate
80755.0,2013-2014,32,2,21.5,3,1.0,0.0,1.0,0.0,2.0,Low
80756.0,2013-2014,32,2,27.5,4,1.0,0.0,1.0,0.0,2.0,Low
80757.0,2013-2014,39,2,27.7,6,1.0,0.0,0.0,0.0,2.0,Low
80758.0,2013-2014,65,2,31.4,1,0.0,1.0,1.0,0.0,2.0,Low
80761.0,2013-2014,23,1,26.9,2,0.0,0.0,1.0,1.0,2.0,Low
80765.0,2013-2014,37,1,29.8,6,0.0,0.0,0.0,2.0,2.0,Low
80767.0,2013-2014,48,1,22.6,6,0.0,1.0,1.0,0.0,2.0,Low
80769.0,2013-2014,61,1,24.0,3,0.0,0.0,1.0,0.0,2.0,Low
80770.0,2013-2014,69,1,18.5,4,0.0,0.0,0.0,2.0,2.0,Low
80771.0,2013-2014,59,1,31.6,2,0.0,1.0,1.0,0.0,3.0,High
80772.0,2013-2014,36,1,22.4,3,1.0,0.0,0.0,1.0,3.0,Moderate
80773.0,2013-2014,46,2,35.9,4,1.0,1.0,0.0,2.0,2.0,Low
80774.0,2013-2014,76,2,22.8,3,0.0,0.0,1.0,0.0,2.0,Low
80778.0,2013-2014,32,1,24.2,6,1.0,0.0,1.0,0.0,2.0,Low
80781.0,2013-2014,62,2,24.5,2,0.0,0.0,0.0,0.0,2.0,Moderate
80782.0,2013-2014,29,2,22.5,1,0.0,0.0,1.0,1.0,2.0,Low
80786.0,2013-2014,80,2,29.2,3,1.0,1.0,1.0,1.0,1.0,High
80787.0,2013-2014,34,2,28.6,4,1.0,0.0,1.0,0.0,2.0,Moderate
80788.0,2013-2014,31,2,19.0,3,0.0,0.0,1.0,0.0,2.0,Low
80790.0,2013-2014,32,2,48.9,4,1.0,1.0,1.0,0.0,2.0,Moderate
80792.0,2013-2014,76,2,37.4,4,1.0,1.0,1.0,0.0,2.0,Low
80793.0,2013-2014,41,1,26.9,3,0.0,0.0,0.0,0.0,2.0,Low
80794.0,2013-2014,58,1,28.8,3,1.0,0.0,1.0,1.0,2.0,Moderate
80795.0,2013-2014,28,2,19.3,3,1.0,0.0,0.0,2.0,2.0,Low
80798.0,2013-2014,29,1,28.7,7,0.0,0.0,1.0,0.0,2.0,Low
80800.0,2013-2014,71,1,23.8,4,0.0,1.0,1.0,1.0,2.0,Moderate
80804.0,2013-2014,67,2,28.6,2,1.0,1.0,0.0,0.0,1.0,High
80805.0,2013-2014,37,2,32.0,3,1.0,1.0,0.0,1.0,2.0,Low
80808.0,2013-2014,23,2,31.7,4,0.0,0.0,1.0,0.0,2.0,Low
80810.0,2013-2014,56,1,27.8,1,0.0,1.0,1.0,0.0,2.0,Moderate
80812.0,2013-2014,23,1,25.4,4,1.0,0.0,1.0,0.0,2.0,Moderate
80814.0,2013-2014,56,1,21.3,3,1.0,0.0,1.0,0.0,2.0,Low
80815.0,2013-2014,56,2,36.1,2,1.0,1.0,1.0,0.0,2.0,Moderate
80816.0,2013-2014,31,2,26.0,2,0.0,0.0,0.0,0.0,2.0,Moderate
80817.0,2013-2014,80,1,23.3,4,0.0,1.0,1.0,1.0,2.0,Low
80819.0,2013-2014,54,2,35.3,4,1.0,1.0,1.0,0.0,1.0,High
80820.0,2013-2014,36,2,34.1,2,0.0,0.0,0.0,0.0,2.0,Low
80821.0,2013-2014,38,1,26.2,2,0.0,0.0,1.0,0.0,2.0,Low
80822.0,2013-2014,80,1,33.3,3,1.0,1.0,0.0,1.0,3.0,Moderate
80823.0,2013-2014,48,2,23.8,3,0.0,0.0,1.0,0.0,2.0,Low
80825.0,2013-2014,30,1,26.1,3,0.0,0.0,0.0,2.0,2.0,Low
80826.0,2013-2014,33,1,30.4,3,0.0,0.0,1.0,0.0,2.0,Low
80831.0,2013-2014,71,2,31.0,3,1.0,1.0,0.0,1.0,2.0,Low
80832.0,2013-2014,36,2,27.3,3,0.0,0.0,1.0,1.0,2.0,Low
80833.0,2013-2014,33,1,27.2,3,1.0,1.0,1.0,2.0,2.0,Low
80836.0,2013-2014,64,1,34.2,3,1.0,1.0,0.0,1.0,2.0,Low
80837.0,2013-2014,55,1,35.8,1,1.0,1.0,1.0,0.0,1.0,High
80840.0,2013-2014,44,2,22.8,4,1.0,1.0,1.0,2.0,2.0,Low
80841.0,2013-2014,80,1,27.4,3,1.0,1.0,0.0,0.0,1.0,High
80842.0,2013-2014,62,2,38.6,3,1.0,0.0,0.0,0.0,2.0,Low
80843.0,2013-2014,77,2,26.2,4,0.0,1.0,0.0,1.0,2.0,High
80846.0,2013-2014,80,2,29.2,3,1.0,1.0,0.0,0.0,2.0,Moderate
80847.0,2013-2014,42,1,31.1,3,0.0,0.0,1.0,1.0,2.0,Low
80850.0,2013-2014,25,2,25.9,4,0.0,0.0,0.0,0.0,2.0,Low
80851.0,2013-2014,35,2,38.6,3,0.0,0.0,1.0,0.0,2.0,Low
80854.0,2013-2014,27,2,23.4,6,0.0,0.0,0.0,0.0,2.0,Low
80858.0,2013-2014,65,1,22.7,3,0.0,0.0,1.0,1.0,2.0,Low
80859.0,2013-2014,75,2,25.4,4,0.0,0.0,0.0,2.0,2.0,Low
80862.0,2013-2014,21,1,23.5,6,0.0,0.0,1.0,0.0,2.0,Low
80863.0,2013-2014,37,2,24.8,6,0.0,0.0,0.0,0.0,2.0,Low
80864.0,2013-2014,54,1,22.6,3,0.0,0.0,0.0,2.0,2.0,High
80865.0,2013-2014,25,2,41.9,4,1.0,0.0,0.0,1.0,2.0,Moderate
80868.0,2013-2014,61,2,30.0,2,0.0,0.0,0.0,0.0,2.0,Moderate
80872.0,2013-2014,66,1,26.9,6,0.0,1.0,0.0,1.0,2.0,Moderate
80873.0,2013-2014,36,2,24.7,6,0.0,0.0,1.0,0.0,2.0,Moderate
80876.0,2013-2014,47,2,27.3,3,0.0,0.0,1.0,2.0,2.0,Low
80878.0,2013-2014,65,2,27.2,1,1.0,1.0,1.0,0.0,1.0,High
80879.0,2013-2014,48,2,36.5,4,1.0,0.0,1.0,0.0,2.0,Moderate
80880.0,2013-2014,28,1,54.2,3,0.0,1.0,0.0,1.0,3.0,High
80881.0,2013-2014,30,2,37.3,7,1.0,1.0,1.0,0.0,2.0,Moderate
80884.0,2013-2014,60,1,28.0,4,1.0,0.0,0.0,0.0,2.0,Low
80885.0,2013-2014,32,1,24.9,2,0.0,0.0,1.0,1.0,2.0,Low
80889.0,2013-2014,80,1,27.8,3,1.0,1.0,0.0,1.0,2.0,Moderate
80890.0,2013-2014,65,2,28.1,3,1.0,1.0,0.0,0.0,1.0,High
80892.0,2013-2014,59,2,32.1,6,0.0,0.0,1.0,0.0,2.0,Moderate
80893.0,2013-2014,56,2,49.4,3,1.0,1.0,0.0,1.0,1.0,High
80894.0,2013-2014,67,2,31.1,3,0.0,1.0,1.0,1.0,1.0,High
80898.0,2013-2014,76,1,29.9,4,1.0,1.0,0.0,2.0,1.0,High
80900.0,2013-2014,66,1,32.2,1,1.0,1.0,1.0,0.0,3.0,Moderate
80903.0,2013-2014,30,2,35.6,3,0.0,0.0,1.0,2.0,2.0,Low
80904.0,2013-2014,61,1,27.3,3,1.0,0.0,0.0,0.0,2.0,Low
80905.0,2013-2014,22,2,18.5,4,0.0,0.0,1.0,0.0,2.0,Low
80908.0,2013-2014,53,2,37.2,4,1.0,0.0,1.0,2.0,1.0,High
80911.0,2013-2014,44,1,23.9,6,1.0,0.0,1.0,0.0,2.0,Moderate
80912.0,2013-2014,28,2,26.0,2,0.0,0.0,0.0,0.0,2.0,Low
80915.0,2013-2014,66,2,26.7,1,1.0,1.0,1.0,0.0,2.0,Moderate
80916.0,2013-2014,39,2,30.5,3,0.0,0.0,0.0,0.0,2.0,Low
80917.0,2013-2014,34,1,43.3,3,0.0,0.0,0.0,1.0,2.0,Low
80920.0,2013-2014,28,2,43.8,2,1.0,1.0,0.0,0.0,2.0,Moderate
80921.0,2013-2014,25,2,20.9,1,1.0,1.0,1.0,0.0,2.0,Low
80923.0,2013-2014,28,1,27.7,3,1.0,0.0,1.0,0.0,2.0,Low
80924.0,2013-2014,39,2,38.8,4,0.0,0.0,1.0,2.0,2.0,Moderate
80928.0,2013-2014,62,2,28.2,4,0.0,1.0,1.0,0.0,2.0,Low
80929.0,2013-2014,65,2,20.3,3,0.0,0.0,1.0,1.0,2.0,Moderate
80930.0,2013-2014,73,1,26.6,6,0.0,1.0,0.0,0.0,2.0,Moderate
80932.0,2013-2014,39,1,26.9,4,0.0,0.0,1.0,2.0,2.0,Low
80934.0,2013-2014,65,1,28.1,2,1.0,1.0,0.0,0.0,3.0,Moderate
80936.0,2013-2014,38,1,35.4,3,0.0,0.0,1.0,0.0,2.0,Low
80939.0,2013-2014,47,1,31.4,3,1.0,0.0,1.0,1.0,1.0,High
80941.0,2013-2014,51,2,32.1,4,1.0,1.0,1.0,0.0,2.0,Low
80943.0,2013-2014,78,2,31.4,3,1.0,1.0,0.0,1.0,2.0,Low
80945.0,2013-2014,61,1,19.6,6,0.0,0.0,1.0,1.0,2.0,Low
80946.0,2013-2014,60,1,31.5,3,0.0,1.0,1.0,0.0,2.0,Low
80954.0,2013-2014,29,2,29.4,4,0.0,0.0,0.0,0.0,2.0,Low
80955.0,2013-2014,72,2,16.8,4,1.0,1.0,0.0,1.0,1.0,High
80960.0,2013-2014,71,1,33.2,3,1.0,1.0,0.0,1.0,3.0,High
80961.0,2013-2014,41,2,22.7,6,1.0,0.0,0.0,0.0,2.0,Low
80962.0,2013-2014,72,2,30.7,4,1.0,0.0,1.0,0.0,2.0,Moderate
80965.0,2013-2014,25,1,20.6,4,1.0,0.0,1.0,0.0,2.0,Low
80966.0,2013-2014,27,2,34.9,4,0.0,0.0,1.0,0.0,2.0,Moderate
80967.0,2013-2014,40,1,31.9,2,0.0,0.0,1.0,0.0,2.0,Moderate
80968.0,2013-2014,25,1,20.9,3,1.0,0.0,1.0,2.0,2.0,Low
80973.0,2013-2014,47,2,31.2,4,1.0,0.0,1.0,0.0,2.0,Low
80975.0,2013-2014,26,2,43.2,4,0.0,1.0,0.0,0.0,2.0,Low
80976.0,2013-2014,59,1,24.2,6,0.0,0.0,1.0,0.0,2.0,Low
80979.0,2013-2014,29,1,30.2,2,0.0,0.0,1.0,0.0,2.0,Low
80980.0,2013-2014,44,2,18.9,3,0.0,1.0,1.0,2.0,2.0,Moderate
80981.0,2013-2014,25,2,19.0,3,0.0,0.0,0.0,2.0,2.0,Low
80982.0,2013-2014,31,1,39.3,3,1.0,1.0,1.0,1.0,2.0,Low
80985.0,2013-2014,46,1,30.6,6,0.0,1.0,0.0,0.0,2.0,Moderate
80987.0,2013-2014,80,2,,3,0.0,1.0,0.0,,2.0,Moderate
80988.0,2013-2014,65,2,26.8,1,1.0,0.0,0.0,1.0,2.0,Moderate
80989.0,2013-2014,46,1,29.7,3,,1.0,0.0,2.0,2.0,Low
80990.0,2013-2014,35,1,29.1,7,0.0,0.0,0.0,2.0,2.0,Low
80997.0,2013-2014,26,1,23.7,2,0.0,0.0,0.0,0.0,2.0,Moderate
81000.0,2013-2014,28,1,23.5,4,0.0,0.0,0.0,2.0,2.0,Low
81004.0,2013-2014,50,1,27.0,3,1.0,0.0,0.0,0.0,2.0,Low
81008.0,2013-2014,48,1,21.8,4,0.0,0.0,1.0,2.0,2.0,Low
81009.0,2013-2014,56,2,33.2,6,0.0,1.0,0.0,0.0,1.0,High
81010.0,2013-2014,51,1,26.2,3,1.0,0.0,0.0,2.0,2.0,Moderate
81011.0,2013-2014,60,2,25.7,1,0.0,1.0,1.0,1.0,2.0,Low
81012.0,2013-2014,34,1,20.7,2,0.0,0.0,0.0,2.0,2.0,Low
81013.0,2013-2014,43,1,31.9,4,0.0,0.0,0.0,1.0,2.0,Moderate
81014.0,2013-2014,27,1,25.7,4,0.0,0.0,1.0,0.0,2.0,Low
81015.0,2013-2014,20,2,22.1,6,0.0,0.0,1.0,0.0,2.0,Low
81020.0,2013-2014,40,1,30.8,3,0.0,0.0,0.0,0.0,2.0,High
81022.0,2013-2014,45,1,26.1,4,0.0,0.0,1.0,0.0,2.0,Low
81023.0,2013-2014,22,2,40.7,4,1.0,0.0,0.0,0.0,2.0,Low
81025.0,2013-2014,69,2,39.5,1,0.0,1.0,0.0,2.0,2.0,Moderate
81026.0,2013-2014,80,2,33.8,3,0.0,0.0,0.0,1.0,2.0,Moderate
81029.0,2013-2014,43,1,26.4,1,1.0,0.0,0.0,2.0,1.0,High
81030.0,2013-2014,60,1,26.6,3,0.0,0.0,1.0,1.0,2.0,Moderate
81032.0,2013-2014,71,1,22.2,4,1.0,1.0,0.0,1.0,2.0,Moderate
81034.0,2013-2014,34,1,32.0,3,0.0,0.0,1.0,0.0,2.0,Low
81037.0,2013-2014,60,1,26.7,4,1.0,1.0,0.0,0.0,2.0,Moderate
81038.0,2013-2014,45,1,24.9,3,1.0,0.0,0.0,0.0,2.0,Low
81039.0,2013-2014,64,1,31.7,4,1.0,0.0,1.0,0.0,2.0,Low
81040.0,2013-2014,52,2,34.5,3,1.0,1.0,0.0,2.0,2.0,Moderate
81041.0,2013-2014,23,2,28.6,4,0.0,0.0,1.0,0.0,2.0,Moderate
81042.0,2013-2014,63,1,27.7,1,1.0,0.0,1.0,1.0,2.0,Low
81050.0,2013-2014,38,2,31.6,7,,1.0,0.0,2.0,2.0,Moderate
81051.0,2013-2014,41,1,26.0,2,0.0,1.0,0.0,2.0,2.0,Low
81052.0,2013-2014,44,2,27.3,1,1.0,0.0,0.0,0.0,3.0,Moderate
81054.0,2013-2014,66,2,24.9,6,0.0,1.0,0.0,0.0,1.0,High
81055.0,2013-2014,48,2,32.2,1,0.0,0.0,0.0,0.0,2.0,Low
81056.0,2013-2014,49,2,27.9,1,0.0,1.0,0.0,1.0,2.0,Moderate
81057.0,2013-2014,52,2,22.6,3,0.0,0.0,0.0,2.0,2.0,Low
81061.0,2013-2014,44,1,35.0,3,1.0,1.0,0.0,1.0,3.0,Moderate
81063.0,2013-2014,80,2,30.6,3,0.0,1.0,1.0,0.0,2.0,Moderate
81068.0,2013-2014,59,1,31.2,4,0.0,1.0,1.0,0.0,2.0,Moderate
81069.0,2013-2014,26,2,49.9,3,1.0,0.0,1.0,2.0,2.0,Moderate
81070.0,2013-2014,31,1,28.2,1,0.0,0.0,0.0,0.0,2.0,Moderate
81075.0,2013-2014,30,1,28.0,4,1.0,0.0,1.0,1.0,2.0,Moderate
81078.0,2013-2014,53,2,30.6,2,1.0,1.0,0.0,2.0,2.0,Low
81079.0,2013-2014,76,1,27.2,3,0.0,1.0,0.0,0.0,2.0,Moderate
81082.0,2013-2014,60,2,29.8,2,0.0,1.0,0.0,0.0,2.0,Moderate
81083.0,2013-2014,36,1,28.2,3,1.0,1.0,0.0,2.0,2.0,Low
81084.0,2013-2014,26,2,27.2,2,1.0,0.0,1.0,0.0,2.0,Low
81087.0,2013-2014,36,2,22.0,6,0.0,0.0,1.0,0.0,2.0,Low
81088.0,2013-2014,54,2,36.1,1,1.0,0.0,0.0,0.0,2.0,High
81090.0,2013-2014,32,1,24.0,4,0.0,0.0,1.0,2.0,2.0,Low
81092.0,2013-2014,29,1,34.2,6,,1.0,1.0,1.0,2.0,Low
81093.0,2013-2014,36,2,51.9,3,1.0,1.0,0.0,0.0,2.0,Low
81095.0,2013-2014,51,1,41.7,2,0.0,0.0,0.0,2.0,2.0,Moderate
81096.0,2013-2014,24,2,36.8,3,0.0,0.0,0.0,2.0,2.0,Low
81097.0,2013-2014,21,2,23.0,3,0.0,0.0,0.0,0.0,2.0,Low
81099.0,2013-2014,36,2,33.2,4,0.0,0.0,0.0,2.0,2.0,Low
81100.0,2013-2014,80,2,26.4,3,1.0,1.0,0.0,1.0,1.0,High
81101.0,2013-2014,38,2,30.7,3,1.0,1.0,0.0,0.0,2.0,Moderate
81103.0,2013-2014,80,1,24.2,4,1.0,1.0,1.0,1.0,2.0,Low
81104.0,2013-2014,67,2,16.8,4,1.0,0.0,0.0,2.0,2.0,Low
81105.0,2013-2014,63,1,23.8,3,0.0,1.0,0.0,2.0,2.0,Low
81107.0,2013-2014,54,2,38.9,1,1.0,0.0,0.0,0.0,2.0,Low
81109.0,2013-2014,77,2,29.3,4,1.0,1.0,0.0,0.0,1.0,High
81110.0,2013-2014,56,2,23.7,3,0.0,0.0,1.0,0.0,2.0,Low
81111.0,2013-2014,77,2,23.7,3,0.0,1.0,0.0,0.0,1.0,High
81115.0,2013-2014,60,1,27.5,2,0.0,0.0,0.0,1.0,2.0,Moderate
81118.0,2013-2014,40,2,23.8,6,0.0,0.0,1.0,0.0,2.0,Low
81119.0,2013-2014,37,2,38.5,2,0.0,0.0,1.0,0.0,2.0,Moderate
81121.0,2013-2014,61,1,26.6,4,1.0,0.0,0.0,1.0,3.0,Moderate
81122.0,2013-2014,37,2,35.3,4,1.0,1.0,0.0,0.0,2.0,Low
81131.0,2013-2014,49,1,29.6,2,0.0,0.0,0.0,1.0,2.0,Low
81134.0,2013-2014,75,2,41.1,3,0.0,1.0,0.0,1.0,2.0,Moderate
81135.0,2013-2014,20,1,19.6,4,0.0,0.0,1.0,0.0,2.0,Low
81136.0,2013-2014,78,2,35.2,2,0.0,0.0,1.0,0.0,2.0,Moderate
81138.0,2013-2014,42,2,19.3,6,0.0,0.0,0.0,0.0,2.0,Low
81139.0,2013-2014,23,1,33.5,6,0.0,0.0,1.0,1.0,2.0,Low
81141.0,2013-2014,70,1,30.7,7,1.0,1.0,1.0,0.0,2.0,Low
81142.0,2013-2014,60,2,37.6,4,1.0,1.0,1.0,0.0,2.0,Moderate
81144.0,2013-2014,49,1,32.3,3,1.0,1.0,0.0,0.0,2.0,Moderate
81147.0,2013-2014,46,2,38.0,3,1.0,1.0,0.0,1.0,2.0,High
81148.0,2013-2014,73,2,26.6,4,0.0,1.0,1.0,1.0,2.0,Low
81149.0,2013-2014,34,1,26.2,3,0.0,0.0,1.0,1.0,2.0,Low
81151.0,2013-2014,56,1,24.9,3,1.0,0.0,1.0,0.0,2.0,Moderate
81152.0,2013-2014,34,2,33.8,4,0.0,0.0,1.0,0.0,2.0,Low
81153.0,2013-2014,30,2,20.6,6,1.0,0.0,0.0,0.0,2.0,Low
81154.0,2013-2014,50,1,30.2,2,1.0,1.0,1.0,1.0,3.0,High
81155.0,2013-2014,56,2,30.2,4,0.0,0.0,1.0,0.0,2.0,Moderate
81159.0,2013-2014,24,2,19.6,3,1.0,0.0,1.0,2.0,2.0,Low
81160.0,2013-2014,23,1,47.1,3,0.0,0.0,0.0,0.0,2.0,Low
81161.0,2013-2014,33,1,27.5,3,1.0,0.0,1.0,2.0,2.0,Low
81162.0,2013-2014,80,2,21.8,6,0.0,1.0,1.0,0.0,2.0,Moderate
81163.0,2013-2014,79,2,26.6,4,0.0,0.0,0.0,0.0,1.0,High
81165.0,2013-2014,51,1,22.4,2,0.0,0.0,0.0,1.0,2.0,Low
81166.0,2013-2014,73,2,34.3,3,0.0,1.0,1.0,0.0,1.0,High
81168.0,2013-2014,28,2,19.0,6,0.0,0.0,0.0,0.0,2.0,Low
81169.0,2013-2014,34,1,33.5,3,0.0,1.0,1.0,1.0,2.0,Low
81170.0,2013-2014,24,2,40.4,3,1.0,0.0,0.0,2.0,2.0,Low
81171.0,2013-2014,49,2,26.4,1,1.0,0.0,0.0,0.0,2.0,Moderate
81173.0,2013-2014,50,2,44.9,1,0.0,0.0,0.0,0.0,2.0,Moderate
81174.0,2013-2014,31,2,50.5,4,1.0,1.0,0.0,0.0,2.0,Moderate
81175.0,2013-2014,80,1,27.3,4,0.0,1.0,1.0,0.0,2.0,High
81176.0,2013-2014,38,2,33.1,1,1.0,0.0,0.0,0.0,2.0,Low
81177.0,2013-2014,48,2,41.3,1,0.0,1.0,1.0,0.0,2.0,Moderate
81178.0,2013-2014,24,1,21.4,4,0.0,0.0,1.0,2.0,2.0,Low
81186.0,2013-2014,42,2,33.8,3,,0.0,1.0,2.0,2.0,Low
81187.0,2013-2014,43,1,63.3,3,1.0,1.0,1.0,1.0,2.0,Moderate
81190.0,2013-2014,23,2,21.9,2,1.0,0.0,1.0,0.0,2.0,Low
81192.0,2013-2014,41,2,23.7,7,0.0,0.0,0.0,0.0,2.0,Low
81193.0,2013-2014,20,1,26.3,3,1.0,0.0,1.0,2.0,2.0,Low
81196.0,2013-2014,41,2,19.9,6,0.0,0.0,1.0,0.0,2.0,Low
81197.0,2013-2014,47,2,27.5,4,1.0,0.0,0.0,0.0,1.0,High
81201.0,2013-2014,56,1,26.0,1,0.0,0.0,0.0,0.0,3.0,High
81202.0,2013-2014,38,2,25.4,3,0.0,0.0,0.0,1.0,2.0,Low
81203.0,2013-2014,62,1,26.1,3,0.0,0.0,1.0,0.0,2.0,Low
81204.0,2013-2014,65,2,42.3,4,1.0,0.0,0.0,1.0,2.0,Moderate
81206.0,2013-2014,47,1,27.9,4,1.0,1.0,1.0,0.0,1.0,High
81207.0,2013-2014,39,1,23.4,3,0.0,0.0,0.0,0.0,2.0,Low
81209.0,2013-2014,58,1,28.1,6,0.0,1.0,0.0,0.0,2.0,High
81210.0,2013-2014,69,2,33.4,3,0.0,0.0,0.0,0.0,2.0,Low
81212.0,2013-2014,37,2,27.0,4,0.0,0.0,1.0,2.0,2.0,Low
81213.0,2013-2014,50,1,28.2,3,0.0,0.0,0.0,2.0,2.0,Moderate
81214.0,2013-2014,50,1,23.5,6,0.0,0.0,0.0,1.0,2.0,High
81216.0,2013-2014,30,2,18.7,7,1.0,0.0,1.0,0.0,2.0,Low
81217.0,2013-2014,45,1,21.3,3,0.0,1.0,0.0,2.0,2.0,Low
81218.0,2013-2014,34,1,27.4,3,0.0,0.0,1.0,0.0,2.0,Low
81219.0,2013-2014,37,1,30.7,4,0.0,0.0,1.0,2.0,2.0,Moderate
81221.0,2013-2014,68,2,29.9,2,0.0,1.0,1.0,0.0,2.0,Low
81223.0,2013-2014,21,2,23.5,4,0.0,0.0,0.0,0.0,2.0,Low
81225.0,2013-2014,37,1,24.4,6,0.0,0.0,1.0,0.0,2.0,Moderate
81226.0,2013-2014,65,1,23.9,4,0.0,1.0,1.0,1.0,2.0,Low
81228.0,2013-2014,65,2,20.9,3,0.0,0.0,1.0,0.0,2.0,Low
81229.0,2013-2014,74,1,23.8,1,0.0,0.0,1.0,0.0,2.0,Moderate
81230.0,2013-2014,52,2,35.0,4,1.0,1.0,1.0,0.0,2.0,Low
81231.0,2013-2014,44,2,37.1,4,1.0,0.0,0.0,2.0,2.0,Low
81232.0,2013-2014,59,2,28.6,3,0.0,0.0,1.0,0.0,2.0,Low
81234.0,2013-2014,67,1,27.3,1,0.0,0.0,0.0,0.0,2.0,Low
81235.0,2013-2014,37,1,33.7,3,1.0,0.0,1.0,0.0,2.0,Low
81237.0,2013-2014,39,1,24.7,3,1.0,0.0,1.0,0.0,2.0,Low
81238.0,2013-2014,21,2,26.2,3,1.0,0.0,1.0,2.0,2.0,Low
81241.0,2013-2014,51,1,23.6,4,0.0,0.0,1.0,2.0,2.0,Low
81244.0,2013-2014,47,2,35.2,1,0.0,0.0,0.0,0.0,2.0,Low
81248.0,2013-2014,68,2,24.5,3,1.0,1.0,0.0,1.0,2.0,Low
81250.0,2013-2014,50,1,30.2,2,0.0,0.0,0.0,0.0,2.0,Low
81251.0,2013-2014,80,2,,3,0.0,1.0,0.0,1.0,2.0,Low
81256.0,2013-2014,69,1,24.2,3,1.0,1.0,0.0,2.0,2.0,Moderate
81259.0,2013-2014,75,1,27.6,3,0.0,1.0,1.0,0.0,3.0,High
81260.0,2013-2014,44,1,24.6,2,0.0,0.0,1.0,0.0,2.0,Low
81262.0,2013-2014,71,2,29.3,3,0.0,0.0,1.0,0.0,2.0,Moderate
81264.0,2013-2014,21,2,37.1,3,0.0,0.0,0.0,2.0,2.0,Low
81266.0,2013-2014,39,1,31.0,3,1.0,0.0,0.0,2.0,2.0,Moderate
81267.0,2013-2014,75,2,26.2,2,0.0,0.0,0.0,1.0,2.0,Low
81268.0,2013-2014,22,2,39.8,3,0.0,1.0,0.0,2.0,2.0,Low
81269.0,2013-2014,80,2,30.7,3,0.0,1.0,0.0,0.0,2.0,Moderate
81270.0,2013-2014,43,1,26.1,6,0.0,0.0,0.0,0.0,2.0,Moderate
81272.0,2013-2014,46,2,27.1,1,0.0,0.0,1.0,0.0,2.0,Moderate
81273.0,2013-2014,32,1,35.3,4,0.0,0.0,1.0,0.0,2.0,Moderate
81275.0,2013-2014,50,2,41.4,1,1.0,1.0,1.0,0.0,1.0,High
81276.0,2013-2014,48,2,25.8,3,0.0,0.0,1.0,1.0,2.0,Low
81282.0,2013-2014,61,2,31.5,3,1.0,1.0,1.0,0.0,2.0,Low
81283.0,2013-2014,67,2,21.2,1,0.0,0.0,1.0,0.0,2.0,Low
81284.0,2013-2014,64,2,25.7,2,0.0,0.0,1.0,1.0,2.0,Low
81285.0,2013-2014,74,2,35.5,1,0.0,1.0,1.0,0.0,2.0,Moderate
81287.0,2013-2014,21,2,18.5,3,1.0,0.0,0.0,2.0,2.0,Low
81288.0,2013-2014,71,2,26.8,6,1.0,0.0,1.0,0.0,2.0,Moderate
81290.0,2013-2014,30,1,27.1,1,0.0,0.0,1.0,1.0,2.0,Low
81291.0,2013-2014,21,1,25.1,1,0.0,0.0,1.0,1.0,2.0,Low
81292.0,2013-2014,47,1,26.7,6,0.0,1.0,1.0,1.0,2.0,Moderate
81295.0,2013-2014,59,1,27.4,3,0.0,1.0,1.0,0.0,2.0,Low
81296.0,2013-2014,63,2,27.3,3,0.0,1.0,0.0,2.0,2.0,Moderate
81297.0,2013-2014,80,1,22.5,3,0.0,0.0,0.0,0.0,2.0,Low
81298.0,2013-2014,72,1,24.6,6,0.0,1.0,0.0,0.0,2.0,Moderate
81302.0,2013-2014,69,2,21.6,3,0.0,1.0,0.0,1.0,2.0,Low
81303.0,2013-2014,20,1,29.0,7,0.0,0.0,1.0,2.0,2.0,Moderate
81304.0,2013-2014,20,2,24.6,1,0.0,0.0,0.0,0.0,2.0,Low
81306.0,2013-2014,57,1,34.2,3,1.0,1.0,0.0,2.0,2.0,Moderate
81309.0,2013-2014,55,2,,6,0.0,0.0,0.0,0.0,2.0,Moderate
81311.0,2013-2014,68,1,28.0,1,0.0,0.0,0.0,2.0,2.0,Moderate
81313.0,2013-2014,20,1,36.3,7,1.0,0.0,1.0,0.0,2.0,Low
81316.0,2013-2014,43,2,32.6,3,0.0,0.0,0.0,2.0,2.0,Moderate
81317.0,2013-2014,45,2,22.3,3,0.0,0.0,1.0,0.0,2.0,Low
81319.0,2013-2014,38,2,31.8,4,0.0,0.0,1.0,0.0,2.0,High
81320.0,2013-2014,28,1,20.1,3,0.0,0.0,0.0,2.0,2.0,Moderate
81321.0,2013-2014,80,2,29.4,1,0.0,0.0,0.0,0.0,2.0,Moderate
81322.0,2013-2014,55,2,21.4,6,0.0,0.0,0.0,0.0,2.0,Moderate
81323.0,2013-2014,50,1,28.4,3,1.0,0.0,1.0,1.0,2.0,Low
81329.0,2013-2014,63,2,32.9,4,1.0,1.0,1.0,0.0,2.0,Moderate
81331.0,2013-2014,27,2,20.5,3,0.0,0.0,0.0,0.0,2.0,Low
81332.0,2013-2014,61,2,37.9,4,0.0,1.0,1.0,1.0,1.0,High
81339.0,2013-2014,55,1,31.7,3,0.0,1.0,0.0,1.0,3.0,High
81342.0,2013-2014,46,1,28.3,3,0.0,0.0,1.0,0.0,2.0,Low
81343.0,2013-2014,65,2,22.3,6,0.0,0.0,1.0,0.0,2.0,Low
81344.0,2013-2014,59,1,31.0,1,0.0,1.0,0.0,1.0,2.0,Moderate
81345.0,2013-2014,63,2,33.8,4,1.0,1.0,1.0,2.0,2.0,Low
81347.0,2013-2014,42,1,21.2,3,0.0,0.0,1.0,0.0,2.0,Low
81348.0,2013-2014,21,1,22.4,2,0.0,0.0,1.0,0.0,2.0,Low
81349.0,2013-2014,36,1,29.1,2,1.0,0.0,0.0,1.0,2.0,Moderate
81350.0,2013-2014,58,2,35.0,2,0.0,1.0,0.0,0.0,2.0,Low
81352.0,2013-2014,58,1,21.6,4,0.0,1.0,0.0,2.0,2.0,Low
81353.0,2013-2014,76,1,29.0,3,0.0,0.0,1.0,0.0,1.0,High
81357.0,2013-2014,66,2,28.4,3,1.0,0.0,1.0,0.0,2.0,Moderate
81358.0,2013-2014,77,2,38.9,4,0.0,1.0,1.0,0.0,1.0,High
81359.0,2013-2014,57,2,29.3,4,1.0,1.0,0.0,1.0,2.0,Low
81362.0,2013-2014,21,1,20.8,3,0.0,0.0,0.0,0.0,2.0,Low
81366.0,2013-2014,38,1,28.4,2,0.0,0.0,0.0,0.0,2.0,Moderate
81367.0,2013-2014,48,1,27.1,1,0.0,0.0,0.0,1.0,2.0,Moderate
81368.0,2013-2014,65,2,24.0,3,0.0,1.0,1.0,2.0,2.0,Moderate
81370.0,2013-2014,43,2,23.9,4,1.0,0.0,1.0,2.0,2.0,Low
81372.0,2013-2014,31,2,24.2,3,1.0,0.0,1.0,2.0,2.0,Low
81373.0,2013-2014,49,1,29.0,3,1.0,0.0,1.0,0.0,2.0,Low
81374.0,2013-2014,43,2,29.3,3,1.0,1.0,1.0,0.0,2.0,Low
81375.0,2013-2014,41,2,22.3,6,0.0,1.0,0.0,0.0,2.0,High
81377.0,2013-2014,80,1,26.3,3,0.0,1.0,0.0,0.0,2.0,Moderate
81378.0,2013-2014,49,2,28.1,3,1.0,0.0,0.0,2.0,3.0,Moderate
81379.0,2013-2014,48,1,33.6,1,1.0,1.0,1.0,2.0,1.0,High
81380.0,2013-2014,80,1,21.5,3,0.0,1.0,0.0,2.0,2.0,Moderate
81381.0,2013-2014,73,2,36.5,3,0.0,1.0,0.0,0.0,2.0,Moderate
81382.0,2013-2014,71,1,29.4,1,1.0,1.0,0.0,1.0,2.0,Moderate
81384.0,2013-2014,40,1,18.8,6,0.0,0.0,0.0,0.0,2.0,Low
81385.0,2013-2014,69,1,33.7,3,1.0,1.0,0.0,1.0,3.0,Moderate
81387.0,2013-2014,52,2,18.6,6,1.0,0.0,1.0,0.0,3.0,High
81388.0,2013-2014,26,1,,1,0.0,0.0,0.0,0.0,2.0,Moderate
81391.0,2013-2014,64,1,22.3,4,0.0,1.0,0.0,2.0,2.0,Moderate
81395.0,2013-2014,23,1,28.5,1,0.0,0.0,1.0,0.0,2.0,Low
81396.0,2013-2014,21,1,27.2,1,0.0,0.0,0.0,0.0,2.0,Low
81406.0,2013-2014,26,2,42.4,3,1.0,0.0,1.0,0.0,2.0,Low
81408.0,2013-2014,30,2,23.2,3,0.0,0.0,0.0,2.0,2.0,Low
81409.0,2013-2014,65,2,25.4,7,1.0,1.0,1.0,0.0,3.0,Moderate
81412.0,2013-2014,67,1,24.7,4,1.0,0.0,1.0,0.0,1.0,High
81413.0,2013-2014,50,2,20.5,3,0.0,0.0,1.0,0.0,2.0,Low
81415.0,2013-2014,80,1,21.2,4,1.0,1.0,0.0,0.0,1.0,High
81416.0,2013-2014,80,1,26.7,3,0.0,1.0,0.0,0.0,2.0,High
81418.0,2013-2014,61,2,47.3,4,0.0,1.0,0.0,0.0,2.0,Moderate
81424.0,2013-2014,27,2,17.8,2,1.0,0.0,1.0,0.0,2.0,Low
81427.0,2013-2014,52,1,26.3,1,0.0,0.0,1.0,0.0,2.0,Low
81428.0,2013-2014,26,2,18.9,4,0.0,0.0,0.0,0.0,2.0,Low
81429.0,2013-2014,65,2,33.7,3,1.0,0.0,0.0,0.0,2.0,Moderate
81430.0,2013-2014,62,1,34.7,3,0.0,1.0,0.0,1.0,2.0,Low
81434.0,2013-2014,80,1,31.5,3,0.0,1.0,0.0,1.0,2.0,Moderate
81436.0,2013-2014,80,2,18.9,3,0.0,1.0,0.0,1.0,1.0,High
81438.0,2013-2014,56,2,36.0,1,1.0,0.0,0.0,1.0,1.0,High
81441.0,2013-2014,34,1,25.1,3,0.0,0.0,1.0,0.0,2.0,Low
81442.0,2013-2014,32,2,29.2,2,1.0,0.0,0.0,0.0,2.0,Low
81444.0,2013-2014,51,2,28.3,1,1.0,1.0,1.0,0.0,1.0,High
81447.0,2013-2014,69,2,30.0,3,1.0,1.0,0.0,1.0,2.0,Low
81450.0,2013-2014,56,2,27.5,6,0.0,1.0,1.0,0.0,2.0,Moderate
81452.0,2013-2014,60,1,27.1,3,0.0,0.0,1.0,0.0,2.0,Moderate
81453.0,2013-2014,22,2,17.1,4,1.0,0.0,0.0,0.0,2.0,Low
81456.0,2013-2014,80,1,31.1,3,1.0,1.0,1.0,0.0,1.0,High
81457.0,2013-2014,45,2,22.5,3,0.0,0.0,1.0,0.0,2.0,Low
81460.0,2013-2014,46,2,22.9,4,0.0,0.0,1.0,0.0,2.0,Moderate
81461.0,2013-2014,24,1,17.9,6,0.0,0.0,1.0,2.0,2.0,Low
81462.0,2013-2014,53,2,27.8,2,0.0,0.0,0.0,0.0,2.0,Moderate
81463.0,2013-2014,53,2,43.7,4,0.0,1.0,0.0,0.0,2.0,Low
81464.0,2013-2014,68,2,35.1,3,1.0,1.0,0.0,1.0,2.0,Low
81465.0,2013-2014,68,2,28.5,6,0.0,1.0,1.0,1.0,2.0,Moderate
81468.0,2013-2014,74,1,25.5,3,0.0,0.0,1.0,0.0,2.0,Moderate
81470.0,2013-2014,43,2,24.2,6,0.0,0.0,1.0,0.0,2.0,Low
81472.0,2013-2014,29,1,32.8,7,0.0,0.0,1.0,0.0,2.0,Moderate
81473.0,2013-2014,20,2,19.1,4,0.0,0.0,0.0,2.0,2.0,Low
81474.0,2013-2014,78,2,22.1,3,1.0,1.0,0.0,2.0,2.0,Moderate
81475.0,2013-2014,42,2,38.1,3,1.0,0.0,0.0,0.0,2.0,Low
81477.0,2013-2014,70,2,24.1,3,0.0,0.0,1.0,0.0,2.0,Moderate
81481.0,2013-2014,28,2,28.6,2,0.0,0.0,1.0,0.0,2.0,Low
81482.0,2013-2014,49,1,28.3,3,1.0,0.0,1.0,0.0,2.0,Low
81484.0,2013-2014,32,1,52.6,3,1.0,1.0,0.0,0.0,2.0,Moderate
81485.0,2013-2014,51,1,25.9,6,0.0,0.0,0.0,1.0,2.0,High
81486.0,2013-2014,74,1,27.7,3,0.0,1.0,1.0,1.0,2.0,Moderate
81487.0,2013-2014,50,2,41.4,3,1.0,1.0,0.0,0.0,3.0,Moderate
81489.0,2013-2014,38,1,26.2,6,0.0,0.0,0.0,0.0,2.0,Low
81490.0,2013-2014,26,2,46.4,3,0.0,0.0,0.0,2.0,2.0,Low
81491.0,2013-2014,32,1,32.3,3,0.0,0.0,0.0,0.0,1.0,High
81492.0,2013-2014,51,2,23.4,6,0.0,0.0,1.0,0.0,2.0,Moderate
81494.0,2013-2014,38,1,27.4,3,0.0,0.0,1.0,1.0,2.0,Moderate
81495.0,2013-2014,74,2,22.9,3,0.0,1.0,0.0,0.0,2.0,Moderate
81497.0,2013-2014,72,2,24.7,6,0.0,0.0,0.0,0.0,2.0,Moderate
81503.0,2013-2014,43,2,27.3,6,0.0,0.0,1.0,0.0,2.0,Low
81504.0,2013-2014,80,1,27.1,2,0.0,0.0,0.0,1.0,2.0,Low
81506.0,2013-2014,22,2,46.4,3,1.0,0.0,0.0,2.0,2.0,Low
81508.0,2013-2014,52,2,34.1,2,0.0,1.0,1.0,0.0,2.0,Low
81509.0,2013-2014,42,1,20.2,4,0.0,0.0,1.0,2.0,2.0,Moderate
81512.0,2013-2014,69,1,24.1,6,1.0,1.0,1.0,0.0,2.0,Low
81514.0,2013-2014,23,1,29.8,1,1.0,0.0,0.0,2.0,2.0,Low
81516.0,2013-2014,60,2,37.4,4,1.0,1.0,0.0,0.0,1.0,High
81519.0,2013-2014,58,1,25.8,3,0.0,1.0,1.0,1.0,2.0,Moderate
81521.0,2013-2014,55,2,21.7,2,1.0,0.0,1.0,0.0,2.0,Moderate
81522.0,2013-2014,63,2,35.8,4,1.0,0.0,0.0,1.0,2.0,Low
81523.0,2013-2014,57,2,71.5,4,1.0,1.0,0.0,0.0,2.0,High
81524.0,2013-2014,73,1,24.4,2,1.0,1.0,1.0,1.0,1.0,High
81527.0,2013-2014,35,1,21.0,4,0.0,1.0,0.0,2.0,2.0,Low
81528.0,2013-2014,41,2,29.5,7,1.0,0.0,0.0,2.0,2.0,Low
81530.0,2013-2014,73,2,22.3,7,1.0,1.0,0.0,2.0,2.0,Moderate
81533.0,2013-2014,25,2,23.0,3,0.0,0.0,1.0,0.0,2.0,Low
81534.0,2013-2014,49,2,38.5,2,1.0,1.0,0.0,1.0,2.0,Low
81535.0,2013-2014,46,2,25.2,2,1.0,1.0,0.0,1.0,2.0,Low
81537.0,2013-2014,55,2,31.2,2,0.0,0.0,1.0,1.0,2.0,Low
81544.0,2013-2014,37,1,24.7,2,0.0,0.0,1.0,1.0,2.0,Low
81547.0,2013-2014,60,2,30.4,3,1.0,0.0,0.0,2.0,2.0,Moderate
81548.0,2013-2014,69,1,,4,1.0,1.0,0.0,1.0,1.0,High
81550.0,2013-2014,51,1,27.4,3,0.0,0.0,1.0,0.0,2.0,Low
81552.0,2013-2014,62,2,45.9,4,0.0,0.0,0.0,0.0,2.0,Moderate
81553.0,2013-2014,26,2,21.9,3,0.0,0.0,1.0,0.0,2.0,Low
81556.0,2013-2014,25,2,24.4,2,0.0,0.0,1.0,0.0,2.0,Low
81559.0,2013-2014,31,1,28.5,3,1.0,1.0,0.0,1.0,2.0,Low
81563.0,2013-2014,25,1,24.0,3,0.0,0.0,1.0,2.0,2.0,Moderate
81564.0,2013-2014,50,1,24.7,6,0.0,0.0,0.0,1.0,2.0,Low
81566.0,2013-2014,52,1,23.2,3,1.0,0.0,0.0,1.0,2.0,Moderate
81568.0,2013-2014,36,2,18.6,3,1.0,0.0,1.0,2.0,2.0,Low
81570.0,2013-2014,58,2,51.1,4,0.0,1.0,0.0,0.0,2.0,Moderate
81571.0,2013-2014,22,2,18.7,4,0.0,0.0,1.0,0.0,2.0,Low
81573.0,2013-2014,64,2,34.2,4,1.0,1.0,0.0,2.0,1.0,High
81574.0,2013-2014,34,1,28.8,3,0.0,0.0,0.0,1.0,2.0,Low
81576.0,2013-2014,40,2,33.7,1,1.0,0.0,1.0,0.0,2.0,Low
81578.0,2013-2014,60,1,31.7,3,0.0,1.0,1.0,1.0,2.0,High
81579.0,2013-2014,73,2,52.2,1,0.0,1.0,0.0,0.0,2.0,Moderate
81580.0,2013-2014,68,2,27.3,3,0.0,0.0,0.0,0.0,2.0,Low
81581.0,2013-2014,80,1,25.0,6,1.0,1.0,0.0,0.0,1.0,High
81582.0,2013-2014,72,1,25.6,6,0.0,1.0,0.0,0.0,1.0,High
81584.0,2013-2014,48,2,26.8,4,1.0,1.0,1.0,0.0,2.0,Moderate
81585.0,2013-2014,36,1,25.5,3,1.0,0.0,0.0,2.0,2.0,Low
81587.0,2013-2014,66,2,32.0,3,1.0,0.0,1.0,2.0,2.0,High
81590.0,2013-2014,28,1,35.2,2,0.0,0.0,0.0,0.0,2.0,Low
81593.0,2013-2014,68,1,26.9,2,0.0,1.0,0.0,1.0,2.0,Low
81594.0,2013-2014,60,1,27.0,6,0.0,0.0,0.0,0.0,2.0,Moderate
81595.0,2013-2014,80,1,32.3,3,0.0,1.0,1.0,1.0,2.0,Moderate
81596.0,2013-2014,35,1,28.9,3,0.0,0.0,0.0,0.0,2.0,Low
81598.0,2013-2014,50,1,28.1,1,0.0,0.0,0.0,2.0,2.0,Low
81599.0,2013-2014,46,1,26.6,3,0.0,0.0,1.0,0.0,2.0,Low
81600.0,2013-2014,70,2,23.8,3,0.0,1.0,1.0,1.0,2.0,Moderate
81601.0,2013-2014,65,1,24.2,4,0.0,1.0,0.0,1.0,2.0,Moderate
81602.0,2013-2014,37,2,35.3,3,1.0,0.0,1.0,0.0,2.0,Low
81603.0,2013-2014,76,2,27.7,3,1.0,1.0,1.0,0.0,1.0,High
81604.0,2013-2014,29,2,25.1,4,0.0,0.0,0.0,0.0,2.0,Low
81605.0,2013-2014,43,1,25.4,1,1.0,0.0,0.0,0.0,2.0,Low
81606.0,2013-2014,42,2,20.3,6,1.0,0.0,1.0,0.0,2.0,Low
81607.0,2013-2014,29,2,47.1,1,1.0,1.0,1.0,0.0,2.0,Low
81608.0,2013-2014,33,2,21.2,3,0.0,0.0,1.0,0.0,2.0,Low
81609.0,2013-2014,54,1,34.5,1,1.0,1.0,1.0,0.0,1.0,High
81610.0,2013-2014,60,1,25.1,1,1.0,0.0,0.0,2.0,1.0,High
81611.0,2013-2014,31,1,26.8,2,1.0,0.0,1.0,0.0,2.0,Low
81613.0,2013-2014,41,2,34.6,3,0.0,0.0,1.0,2.0,2.0,Moderate
81614.0,2013-2014,21,1,19.4,3,0.0,1.0,0.0,0.0,2.0,Low
81617.0,2013-2014,52,1,25.4,2,1.0,1.0,0.0,2.0,1.0,High
81620.0,2013-2014,26,1,21.0,4,0.0,0.0,1.0,0.0,2.0,Low
81622.0,2013-2014,65,2,37.9,2,0.0,1.0,0.0,0.0,2.0,Moderate
81623.0,2013-2014,63,2,25.8,6,1.0,1.0,1.0,2.0,2.0,Moderate
81624.0,2013-2014,62,2,23.2,3,1.0,1.0,0.0,0.0,2.0,Low
81625.0,2013-2014,41,2,24.9,2,0.0,0.0,1.0,0.0,2.0,Low
81626.0,2013-2014,40,2,32.6,2,0.0,1.0,0.0,0.0,2.0,Low
81627.0,2013-2014,24,2,24.3,3,1.0,0.0,1.0,0.0,2.0,Low
81628.0,2013-2014,66,2,,2,1.0,0.0,1.0,0.0,2.0,Low
81629.0,2013-2014,57,2,37.4,3,0.0,1.0,0.0,0.0,2.0,Low
81633.0,2013-2014,51,1,28.3,4,1.0,0.0,1.0,2.0,2.0,Moderate
81636.0,2013-2014,79,1,24.8,3,1.0,1.0,1.0,0.0,2.0,Low
81640.0,2013-2014,70,2,37.7,3,1.0,1.0,0.0,1.0,2.0,Moderate
81642.0,2013-2014,39,1,24.1,3,0.0,0.0,0.0,1.0,2.0,Moderate
81643.0,2013-2014,50,2,25.1,2,1.0,0.0,0.0,0.0,2.0,Low
81645.0,2013-2014,52,2,23.3,2,1.0,0.0,1.0,0.0,2.0,Low
81647.0,2013-2014,36,2,22.8,3,0.0,0.0,1.0,0.0,2.0,Low
81648.0,2013-2014,63,2,35.2,3,1.0,0.0,1.0,2.0,1.0,High
81654.0,2013-2014,67,1,37.8,3,0.0,1.0,0.0,2.0,2.0,Moderate
81659.0,2013-2014,38,2,39.8,1,1.0,0.0,0.0,0.0,2.0,Low
81660.0,2013-2014,80,1,27.1,3,0.0,1.0,0.0,0.0,2.0,Low
81661.0,2013-2014,51,2,41.8,3,0.0,0.0,0.0,2.0,2.0,Moderate
81662.0,2013-2014,33,2,28.0,3,1.0,0.0,1.0,2.0,2.0,Moderate
81664.0,2013-2014,51,2,42.2,3,0.0,0.0,1.0,1.0,2.0,Low
81665.0,2013-2014,36,1,27.1,6,1.0,0.0,1.0,1.0,2.0,Low
81666.0,2013-2014,37,2,29.9,3,0.0,0.0,0.0,0.0,2.0,Low
81668.0,2013-2014,21,1,25.7,4,0.0,0.0,1.0,2.0,2.0,Low
81669.0,2013-2014,39,2,35.1,3,1.0,1.0,0.0,1.0,2.0,Moderate
81671.0,2013-2014,65,1,30.7,4,1.0,1.0,1.0,1.0,3.0,Moderate
81672.0,2013-2014,33,2,35.5,1,0.0,0.0,0.0,0.0,2.0,Low
81674.0,2013-2014,74,2,17.2,3,0.0,1.0,1.0,1.0,2.0,Low
81675.0,2013-2014,74,2,26.3,3,0.0,0.0,1.0,0.0,2.0,Moderate
81677.0,2013-2014,60,1,36.8,2,0.0,1.0,1.0,0.0,2.0,Low
81679.0,2013-2014,36,1,27.3,3,0.0,0.0,1.0,2.0,2.0,Low
81681.0,2013-2014,42,2,44.0,1,1.0,1.0,1.0,0.0,1.0,High
81683.0,2013-2014,20,2,24.0,3,0.0,0.0,0.0,0.0,2.0,Low
81686.0,2013-2014,55,2,26.2,1,0.0,0.0,1.0,1.0,2.0,Moderate
81694.0,2013-2014,80,2,30.3,4,1.0,1.0,0.0,0.0,3.0,High
81695.0,2013-2014,36,2,24.5,4,0.0,1.0,1.0,0.0,2.0,Low
81697.0,2013-2014,25,2,32.2,3,0.0,0.0,1.0,0.0,2.0,Low
81698.0,2013-2014,31,1,29.2,3,0.0,1.0,1.0,1.0,2.0,Low
81700.0,2013-2014,30,2,24.8,6,0.0,0.0,1.0,0.0,2.0,Low
81701.0,2013-2014,52,1,38.4,3,1.0,1.0,0.0,1.0,3.0,Moderate
81703.0,2013-2014,63,1,34.4,4,1.0,1.0,0.0,0.0,1.0,High
81704.0,2013-2014,45,1,27.0,4,0.0,0.0,1.0,0.0,2.0,Low
81706.0,2013-2014,45,1,26.8,4,1.0,0.0,0.0,0.0,2.0,Low
81707.0,2013-2014,26,1,25.7,4,1.0,0.0,1.0,0.0,2.0,Low
81708.0,2013-2014,38,2,26.8,3,0.0,0.0,1.0,0.0,2.0,Low
81709.0,2013-2014,80,1,26.9,3,0.0,1.0,1.0,1.0,2.0,Low
81711.0,2013-2014,32,2,37.4,1,1.0,0.0,0.0,0.0,2.0,Moderate
81712.0,2013-2014,66,1,26.1,2,0.0,1.0,0.0,1.0,2.0,Low
81714.0,2013-2014,58,2,33.6,6,0.0,0.0,1.0,0.0,2.0,Moderate
81715.0,2013-2014,42,2,38.5,3,1.0,1.0,0.0,2.0,2.0,Moderate
81717.0,2013-2014,35,1,34.3,4,1.0,0.0,1.0,0.0,2.0,Moderate
81719.0,2013-2014,43,1,24.8,6,1.0,0.0,1.0,0.0,1.0,High
81721.0,2013-2014,39,2,27.7,3,1.0,0.0,0.0,0.0,2.0,Moderate
81722.0,2013-2014,47,2,26.2,4,1.0,1.0,0.0,0.0,2.0,Moderate
81725.0,2013-2014,40,2,20.2,6,1.0,0.0,1.0,0.0,2.0,Moderate
81726.0,2013-2014,80,2,27.1,4,1.0,0.0,0.0,0.0,2.0,Moderate
81733.0,2013-2014,73,2,36.9,4,0.0,1.0,0.0,0.0,1.0,High
81736.0,2013-2014,76,2,28.5,3,0.0,1.0,0.0,0.0,2.0,Moderate
81737.0,2013-2014,70,1,19.6,4,1.0,1.0,0.0,1.0,1.0,High
81740.0,2013-2014,21,1,36.5,6,,1.0,1.0,0.0,2.0,Low
81741.0,2013-2014,43,1,26.5,4,0.0,0.0,0.0,1.0,2.0,Moderate
81742.0,2013-2014,63,1,31.4,3,0.0,1.0,1.0,0.0,2.0,Moderate
81743.0,2013-2014,80,1,25.4,3,0.0,1.0,0.0,1.0,2.0,Low
81748.0,2013-2014,22,1,22.9,4,0.0,0.0,1.0,2.0,2.0,Low
81750.0,2013-2014,22,2,26.3,1,1.0,0.0,1.0,0.0,2.0,Low
81752.0,2013-2014,41,1,25.9,6,0.0,0.0,0.0,1.0,2.0,Moderate
81753.0,2013-2014,28,1,19.9,3,0.0,0.0,0.0,0.0,2.0,Low
81755.0,2013-2014,56,1,26.8,3,0.0,0.0,1.0,1.0,2.0,Low
81760.0,2013-2014,36,2,24.9,2,0.0,0.0,0.0,0.0,2.0,Low
81762.0,2013-2014,22,2,32.3,2,0.0,0.0,0.0,0.0,2.0,Low
81763.0,2013-2014,61,2,28.6,3,1.0,1.0,0.0,2.0,1.0,High
81764.0,2013-2014,74,1,30.1,1,0.0,1.0,1.0,1.0,2.0,Moderate
81766.0,2013-2014,32,1,27.0,4,0.0,0.0,1.0,1.0,2.0,Low
81768.0,2013-2014,48,2,27.7,3,1.0,0.0,1.0,2.0,2.0,Moderate
81770.0,2013-2014,50,1,31.4,1,0.0,0.0,0.0,1.0,2.0,Moderate
81772.0,2013-2014,49,1,27.4,2,1.0,1.0,1.0,2.0,2.0,Low
81773.0,2013-2014,20,1,24.4,4,0.0,0.0,1.0,0.0,2.0,Low
81776.0,2013-2014,22,2,21.8,3,1.0,0.0,0.0,2.0,2.0,Low
81777.0,2013-2014,63,2,31.2,3,1.0,1.0,1.0,0.0,1.0,High
81779.0,2013-2014,63,2,34.8,2,1.0,1.0,1.0,0.0,2.0,Moderate
81780.0,2013-2014,22,1,23.0,1,0.0,0.0,1.0,0.0,2.0,Low
81781.0,2013-2014,50,1,27.8,1,1.0,0.0,1.0,2.0,1.0,High
81783.0,2013-2014,44,1,24.7,4,0.0,0.0,1.0,0.0,2.0,Low
81784.0,2013-2014,53,2,30.4,4,0.0,1.0,0.0,0.0,2.0,Moderate
81785.0,2013-2014,70,2,30.4,2,0.0,0.0,0.0,1.0,2.0,Moderate
81787.0,2013-2014,34,1,28.1,4,1.0,0.0,0.0,0.0,2.0,Moderate
81789.0,2013-2014,39,1,29.2,3,0.0,0.0,0.0,2.0,2.0,Moderate
81794.0,2013-2014,80,2,27.6,3,0.0,0.0,0.0,0.0,2.0,Moderate
81795.0,2013-2014,50,1,31.5,1,0.0,1.0,1.0,1.0,2.0,Low
81797.0,2013-2014,74,2,23.4,3,1.0,1.0,0.0,0.0,3.0,Moderate
81798.0,2013-2014,71,1,40.8,3,,0.0,1.0,0.0,2.0,Moderate
81801.0,2013-2014,53,1,27.0,2,0.0,0.0,1.0,1.0,2.0,Moderate
81802.0,2013-2014,30,1,26.2,6,1.0,1.0,1.0,0.0,2.0,Moderate
81805.0,2013-2014,21,2,26.4,2,1.0,0.0,0.0,0.0,2.0,Low
81806.0,2013-2014,32,2,23.2,6,0.0,0.0,0.0,0.0,2.0,Low
81809.0,2013-2014,40,1,28.5,2,0.0,1.0,0.0,0.0,2.0,Low
81812.0,2013-2014,64,2,25.6,3,0.0,1.0,0.0,2.0,2.0,Low
81813.0,2013-2014,63,2,33.1,4,1.0,1.0,0.0,0.0,1.0,High
81814.0,2013-2014,67,1,28.8,3,0.0,1.0,1.0,0.0,2.0,Moderate
81815.0,2013-2014,75,1,25.9,2,1.0,0.0,0.0,0.0,2.0,Moderate
81816.0,2013-2014,51,2,27.3,3,1.0,0.0,0.0,2.0,2.0,Low
81818.0,2013-2014,75,1,23.7,3,0.0,1.0,0.0,1.0,2.0,Moderate
81819.0,2013-2014,34,1,25.6,3,1.0,0.0,0.0,1.0,2.0,Low
81820.0,2013-2014,65,1,22.7,4,1.0,1.0,1.0,2.0,2.0,Low
81822.0,2013-2014,51,2,25.4,6,0.0,1.0,1.0,0.0,2.0,Low
81823.0,2013-2014,64,1,31.5,3,1.0,1.0,1.0,0.0,1.0,High
81824.0,2013-2014,78,1,25.3,3,0.0,0.0,0.0,1.0,2.0,Moderate
81825.0,2013-2014,44,2,30.4,3,1.0,0.0,0.0,2.0,2.0,Moderate
81826.0,2013-2014,69,2,32.4,4,0.0,1.0,1.0,0.0,2.0,Low
81827.0,2013-2014,73,2,29.6,3,0.0,1.0,0.0,0.0,2.0,Low
81828.0,2013-2014,45,2,36.5,1,1.0,0.0,1.0,0.0,1.0,High
81829.0,2013-2014,43,2,24.6,4,0.0,0.0,1.0,0.0,2.0,Low
81830.0,2013-2014,39,1,23.9,3,0.0,0.0,1.0,0.0,2.0,Low
81831.0,2013-2014,72,2,47.2,7,,1.0,1.0,0.0,1.0,High
81833.0,2013-2014,72,1,24.5,3,0.0,1.0,1.0,1.0,2.0,Low
81834.0,2013-2014,33,1,30.8,6,1.0,0.0,1.0,0.0,2.0,Low
81835.0,2013-2014,47,2,26.5,4,1.0,0.0,0.0,0.0,2.0,Low
81836.0,2013-2014,36,2,31.3,4,0.0,1.0,1.0,0.0,2.0,Low
81837.0,2013-2014,34,2,20.9,3,1.0,0.0,0.0,2.0,2.0,Low
81842.0,2013-2014,73,2,25.1,3,0.0,1.0,1.0,1.0,2.0,Low
81844.0,2013-2014,25,1,26.7,4,0.0,0.0,1.0,2.0,2.0,Low
81845.0,2013-2014,75,1,27.8,3,0.0,1.0,0.0,0.0,2.0,Low
81847.0,2013-2014,38,2,25.7,3,1.0,0.0,0.0,2.0,1.0,High
81848.0,2013-2014,22,2,20.8,3,0.0,0.0,1.0,0.0,2.0,Moderate
81849.0,2013-2014,44,2,31.4,1,0.0,0.0,0.0,1.0,1.0,High
81850.0,2013-2014,67,1,33.0,4,0.0,1.0,0.0,0.0,1.0,High
81851.0,2013-2014,73,1,25.8,3,1.0,1.0,0.0,2.0,2.0,Moderate
81854.0,2013-2014,38,1,24.4,4,1.0,1.0,1.0,0.0,2.0,Low
81855.0,2013-2014,27,2,37.5,1,1.0,0.0,1.0,0.0,2.0,Moderate
81858.0,2013-2014,22,2,27.2,7,1.0,0.0,0.0,0.0,2.0,Low
81860.0,2013-2014,21,1,43.3,3,1.0,0.0,0.0,0.0,2.0,Low
81863.0,2013-2014,56,1,31.2,4,0.0,1.0,1.0,1.0,3.0,Moderate
81865.0,2013-2014,42,1,35.4,4,0.0,0.0,0.0,0.0,2.0,Moderate
81866.0,2013-2014,53,2,30.5,4,0.0,1.0,1.0,0.0,3.0,Moderate
81867.0,2013-2014,57,1,32.4,1,0.0,0.0,0.0,0.0,2.0,Moderate
81871.0,2013-2014,80,2,29.9,3,0.0,1.0,0.0,0.0,2.0,Low
81872.0,2013-2014,80,1,29.0,3,0.0,0.0,1.0,0.0,2.0,Moderate
81875.0,2013-2014,70,2,26.9,1,1.0,1.0,0.0,0.0,1.0,High
81877.0,2013-2014,44,2,22.7,2,1.0,0.0,0.0,1.0,2.0,Low
81879.0,2013-2014,73,1,24.9,3,0.0,1.0,0.0,1.0,2.0,Low
81882.0,2013-2014,36,2,29.9,2,0.0,0.0,1.0,0.0,2.0,Low
81885.0,2013-2014,30,2,34.9,3,0.0,0.0,0.0,0.0,2.0,Low
81886.0,2013-2014,47,1,44.6,2,0.0,1.0,1.0,1.0,1.0,High
81887.0,2013-2014,80,1,27.3,3,0.0,0.0,1.0,1.0,2.0,High
81889.0,2013-2014,20,2,20.4,4,1.0,0.0,1.0,0.0,2.0,Low
81890.0,2013-2014,67,2,25.6,2,0.0,1.0,0.0,1.0,2.0,Low
81891.0,2013-2014,28,2,19.9,6,0.0,0.0,1.0,0.0,2.0,Low
81893.0,2013-2014,30,1,26.4,6,1.0,0.0,0.0,0.0,2.0,Low
81894.0,2013-2014,32,2,51.4,4,1.0,0.0,0.0,0.0,2.0,Moderate
81895.0,2013-2014,64,2,23.2,4,1.0,0.0,0.0,2.0,1.0,High
81896.0,2013-2014,80,2,20.3,3,0.0,0.0,0.0,1.0,2.0,Low
81898.0,2013-2014,29,2,32.5,6,0.0,0.0,0.0,0.0,2.0,Moderate
81899.0,2013-2014,55,1,28.3,1,0.0,1.0,0.0,0.0,2.0,Moderate
81900.0,2013-2014,54,2,19.3,3,0.0,1.0,0.0,2.0,2.0,Low
81903.0,2013-2014,30,1,23.8,6,0.0,0.0,1.0,0.0,2.0,Moderate
81904.0,2013-2014,47,2,40.8,2,1.0,1.0,1.0,0.0,2.0,Moderate
81910.0,2013-2014,30,1,27.9,1,1.0,0.0,0.0,2.0,2.0,Moderate
81919.0,2013-2014,45,2,37.4,3,1.0,0.0,1.0,1.0,2.0,Moderate
81920.0,2013-2014,50,1,29.8,3,0.0,0.0,1.0,1.0,2.0,Moderate
81923.0,2013-2014,35,1,28.0,4,0.0,1.0,1.0,2.0,2.0,Moderate
81925.0,2013-2014,23,1,22.3,6,0.0,0.0,1.0,1.0,2.0,Low
81932.0,2013-2014,24,2,27.1,4,0.0,0.0,0.0,0.0,2.0,Low
81933.0,2013-2014,80,2,32.8,7,1.0,0.0,0.0,1.0,3.0,Moderate
81934.0,2013-2014,61,2,32.9,2,0.0,0.0,1.0,0.0,2.0,Low
81935.0,2013-2014,47,2,23.5,3,1.0,0.0,0.0,2.0,2.0,Low
81940.0,2013-2014,24,2,26.7,1,0.0,0.0,1.0,0.0,2.0,Low
81942.0,2013-2014,22,1,17.8,3,0.0,0.0,1.0,1.0,2.0,Low
81944.0,2013-2014,32,2,33.7,4,1.0,0.0,0.0,0.0,2.0,Moderate
81945.0,2013-2014,53,2,26.4,6,1.0,0.0,1.0,0.0,2.0,Low
81946.0,2013-2014,30,2,25.5,2,0.0,0.0,0.0,0.0,2.0,Low
81949.0,2013-2014,47,1,29.5,2,0.0,0.0,0.0,0.0,2.0,Moderate
81950.0,2013-2014,52,1,28.5,4,0.0,1.0,1.0,0.0,2.0,Moderate
81952.0,2013-2014,56,1,25.2,7,1.0,0.0,0.0,1.0,1.0,High
81953.0,2013-2014,22,2,27.0,3,0.0,0.0,1.0,0.0,2.0,Low
81954.0,2013-2014,23,1,34.4,3,0.0,0.0,0.0,0.0,2.0,Moderate
81955.0,2013-2014,26,1,25.4,4,0.0,0.0,1.0,0.0,2.0,Low
81956.0,2013-2014,35,2,36.2,2,0.0,0.0,1.0,0.0,2.0,Low
81957.0,2013-2014,49,1,35.5,4,1.0,0.0,0.0,0.0,2.0,Moderate
81959.0,2013-2014,77,1,25.0,3,0.0,0.0,1.0,1.0,2.0,Low
81962.0,2013-2014,38,2,41.9,3,0.0,1.0,1.0,0.0,1.0,High
81965.0,2013-2014,42,1,27.8,3,1.0,0.0,0.0,0.0,2.0,Low
81966.0,2013-2014,31,2,35.1,7,0.0,1.0,1.0,0.0,2.0,Moderate
81967.0,2013-2014,30,2,27.8,4,1.0,0.0,1.0,2.0,2.0,Moderate
81968.0,2013-2014,26,2,21.3,3,0.0,0.0,1.0,2.0,2.0,Low
81969.0,2013-2014,58,1,22.5,6,0.0,0.0,0.0,2.0,2.0,Moderate
81970.0,2013-2014,53,2,38.8,4,0.0,1.0,0.0,2.0,2.0,Moderate
81971.0,2013-2014,30,1,30.7,3,1.0,0.0,1.0,2.0,2.0,Low
81974.0,2013-2014,41,1,30.5,3,0.0,0.0,0.0,0.0,2.0,Low
81975.0,2013-2014,48,2,31.3,3,1.0,0.0,0.0,2.0,2.0,Low
81978.0,2013-2014,63,2,29.5,3,1.0,1.0,0.0,2.0,1.0,High
81979.0,2013-2014,53,1,39.8,4,1.0,1.0,1.0,0.0,2.0,Low
81980.0,2013-2014,38,1,36.4,3,0.0,0.0,1.0,1.0,2.0,Low
81982.0,2013-2014,55,2,53.9,4,0.0,1.0,0.0,0.0,1.0,High
81983.0,2013-2014,72,2,24.9,4,0.0,1.0,1.0,2.0,2.0,Moderate
81985.0,2013-2014,21,1,20.7,3,0.0,0.0,0.0,0.0,2.0,Low
81987.0,2013-2014,80,2,27.5,6,0.0,1.0,0.0,0.0,2.0,High
81988.0,2013-2014,65,1,33.7,3,0.0,1.0,0.0,1.0,1.0,High
81989.0,2013-2014,46,2,37.3,2,0.0,1.0,0.0,0.0,2.0,Moderate
81992.0,2013-2014,51,2,20.3,6,1.0,0.0,1.0,0.0,2.0,Moderate
81993.0,2013-2014,43,1,30.5,6,0.0,1.0,1.0,0.0,2.0,Moderate
81994.0,2013-2014,80,1,25.6,3,0.0,0.0,0.0,1.0,2.0,Low
81995.0,2013-2014,74,1,20.3,6,0.0,1.0,1.0,1.0,1.0,High
81996.0,2013-2014,48,1,23.7,1,1.0,0.0,1.0,0.0,2.0,Low
81997.0,2013-2014,80,1,30.2,3,0.0,1.0,1.0,1.0,2.0,Low
81998.0,2013-2014,56,2,,3,1.0,0.0,0.0,2.0,2.0,Low
82001.0,2013-2014,50,1,27.4,3,1.0,0.0,1.0,0.0,2.0,Low
82002.0,2013-2014,28,2,27.0,3,0.0,0.0,1.0,2.0,2.0,Low
82003.0,2013-2014,22,2,35.3,3,0.0,0.0,1.0,2.0,2.0,Low
82005.0,2013-2014,68,1,27.9,6,0.0,1.0,1.0,1.0,2.0,Moderate
82006.0,2013-2014,46,1,26.8,4,1.0,0.0,1.0,0.0,1.0,High
82007.0,2013-2014,55,2,19.0,3,0.0,1.0,1.0,2.0,2.0,Low
82011.0,2013-2014,31,1,27.3,3,0.0,0.0,1.0,1.0,2.0,Low
82012.0,2013-2014,71,2,26.9,3,0.0,1.0,1.0,0.0,2.0,Low
82019.0,2013-2014,62,1,27.7,4,1.0,1.0,0.0,0.0,1.0,High
82020.0,2013-2014,41,1,28.5,3,1.0,0.0,1.0,2.0,2.0,Low
82021.0,2013-2014,53,2,22.7,2,,1.0,1.0,2.0,2.0,Moderate
82023.0,2013-2014,41,2,22.0,3,1.0,0.0,1.0,0.0,2.0,Low
82025.0,2013-2014,78,2,26.3,3,0.0,1.0,1.0,0.0,2.0,Moderate
82026.0,2013-2014,68,1,41.0,4,1.0,0.0,0.0,1.0,1.0,High
82027.0,2013-2014,80,1,27.3,3,0.0,1.0,0.0,1.0,2.0,Moderate
82028.0,2013-2014,46,2,40.5,4,0.0,0.0,1.0,0.0,2.0,Low
82031.0,2013-2014,80,2,24.8,3,0.0,1.0,0.0,0.0,2.0,Moderate
82037.0,2013-2014,43,2,35.7,1,1.0,0.0,0.0,0.0,2.0,Low
82039.0,2013-2014,25,2,18.6,3,0.0,0.0,1.0,1.0,2.0,Low
82041.0,2013-2014,66,2,27.5,3,,0.0,0.0,1.0,2.0,High
82043.0,2013-2014,57,2,34.5,6,1.0,1.0,1.0,1.0,2.0,Moderate
82046.0,2013-2014,80,1,35.3,3,0.0,1.0,0.0,0.0,1.0,High
82047.0,2013-2014,64,1,24.7,3,0.0,0.0,0.0,1.0,2.0,Low
82051.0,2013-2014,42,2,22.5,2,0.0,0.0,1.0,0.0,2.0,Low
82052.0,2013-2014,60,2,29.4,3,1.0,1.0,1.0,0.0,2.0,Moderate
82053.0,2013-2014,43,2,30.4,3,0.0,1.0,0.0,1.0,2.0,Low
82055.0,2013-2014,77,1,36.2,3,1.0,0.0,0.0,1.0,1.0,High
82056.0,2013-2014,76,1,34.4,2,1.0,1.0,0.0,0.0,1.0,High
82057.0,2013-2014,36,2,32.4,4,0.0,0.0,1.0,0.0,2.0,Low
82058.0,2013-2014,34,1,31.9,6,0.0,0.0,1.0,1.0,2.0,Low
82059.0,2013-2014,29,2,21.2,6,0.0,0.0,1.0,0.0,2.0,Low
82060.0,2013-2014,25,2,27.7,4,1.0,0.0,0.0,0.0,2.0,Low
82061.0,2013-2014,80,2,35.5,4,1.0,1.0,0.0,0.0,1.0,High
82062.0,2013-2014,54,2,18.8,4,1.0,1.0,0.0,0.0,2.0,Moderate
82067.0,2013-2014,56,2,42.1,3,,1.0,0.0,1.0,1.0,High
82068.0,2013-2014,44,1,30.1,1,0.0,0.0,0.0,0.0,2.0,Low
82075.0,2013-2014,26,1,29.8,3,1.0,0.0,1.0,0.0,2.0,Moderate
82077.0,2013-2014,40,1,24.2,6,0.0,0.0,0.0,0.0,2.0,Low
82079.0,2013-2014,29,2,32.3,4,1.0,0.0,0.0,0.0,2.0,Low
82083.0,2013-2014,57,2,26.3,3,0.0,0.0,1.0,0.0,2.0,Low
82085.0,2013-2014,54,1,28.7,4,0.0,0.0,0.0,0.0,2.0,High
82086.0,2013-2014,21,1,29.4,3,0.0,0.0,1.0,0.0,2.0,Low
82087.0,2013-2014,47,1,30.8,3,0.0,0.0,0.0,2.0,2.0,Low
82089.0,2013-2014,25,1,22.2,3,0.0,0.0,0.0,2.0,2.0,Low
82090.0,2013-2014,48,2,22.6,6,0.0,1.0,0.0,0.0,2.0,Low
82091.0,2013-2014,69,2,42.8,4,1.0,0.0,0.0,2.0,2.0,Low
82093.0,2013-2014,36,1,24.8,3,0.0,0.0,0.0,2.0,2.0,Low
82095.0,2013-2014,40,2,34.4,4,0.0,0.0,1.0,0.0,2.0,Moderate
82098.0,2013-2014,64,1,36.8,1,0.0,1.0,1.0,1.0,1.0,High
82099.0,2013-2014,54,1,28.4,3,1.0,0.0,1.0,2.0,1.0,High
82102.0,2013-2014,56,2,20.4,6,1.0,0.0,0.0,0.0,2.0,Low
82103.0,2013-2014,51,1,27.9,3,0.0,0.0,0.0,2.0,2.0,Moderate
82105.0,2013-2014,49,2,30.9,1,0.0,0.0,0.0,0.0,2.0,Moderate
82106.0,2013-2014,33,2,25.4,1,0.0,0.0,0.0,0.0,2.0,Low
82107.0,2013-2014,43,1,31.8,3,0.0,1.0,0.0,0.0,2.0,Moderate
82108.0,2013-2014,61,1,25.2,2,0.0,1.0,1.0,0.0,2.0,Moderate
82110.0,2013-2014,27,1,21.2,3,1.0,0.0,1.0,2.0,2.0,Low
82111.0,2013-2014,25,1,22.0,3,0.0,0.0,1.0,0.0,2.0,Low
82112.0,2013-2014,37,2,23.7,3,0.0,0.0,1.0,0.0,2.0,Low
82113.0,2013-2014,69,1,24.4,3,0.0,0.0,0.0,2.0,2.0,Moderate
82115.0,2013-2014,39,1,34.1,3,0.0,0.0,0.0,1.0,2.0,Low
82117.0,2013-2014,20,1,29.0,1,0.0,0.0,0.0,2.0,2.0,Low
82120.0,2013-2014,36,2,23.0,3,0.0,1.0,0.0,0.0,2.0,Low
82124.0,2013-2014,26,2,23.8,7,1.0,0.0,0.0,2.0,2.0,Low
82125.0,2013-2014,69,2,20.8,3,0.0,0.0,1.0,1.0,2.0,Moderate
82126.0,2013-2014,56,1,23.5,2,0.0,0.0,1.0,1.0,2.0,Low
82127.0,2013-2014,30,2,22.4,7,0.0,0.0,1.0,0.0,2.0,Low
82128.0,2013-2014,22,1,23.5,3,0.0,0.0,1.0,2.0,2.0,Low
82130.0,2013-2014,67,2,26.9,4,0.0,1.0,0.0,0.0,2.0,Low
82131.0,2013-2014,73,2,27.6,2,1.0,1.0,0.0,0.0,1.0,High
82133.0,2013-2014,61,2,33.4,3,0.0,1.0,0.0,1.0,2.0,Moderate
82134.0,2013-2014,38,2,28.7,4,0.0,0.0,1.0,0.0,2.0,Low
82138.0,2013-2014,61,1,23.3,4,1.0,1.0,0.0,1.0,2.0,Moderate
82139.0,2013-2014,39,2,31.5,1,1.0,0.0,0.0,0.0,2.0,Low
82140.0,2013-2014,24,1,20.4,4,0.0,0.0,1.0,0.0,2.0,Low
82143.0,2013-2014,73,1,24.3,3,1.0,0.0,1.0,1.0,2.0,Moderate
82144.0,2013-2014,50,2,23.7,3,1.0,0.0,1.0,2.0,2.0,Low
82147.0,2013-2014,56,2,47.5,4,1.0,0.0,1.0,0.0,2.0,Moderate
82148.0,2013-2014,35,1,25.5,6,0.0,0.0,1.0,0.0,2.0,Low
82149.0,2013-2014,25,1,29.9,3,0.0,0.0,1.0,2.0,2.0,Low
82151.0,2013-2014,23,1,31.9,7,1.0,1.0,1.0,2.0,2.0,Low
82152.0,2013-2014,53,1,23.7,4,0.0,0.0,0.0,0.0,2.0,Low
82153.0,2013-2014,53,1,32.6,1,0.0,0.0,0.0,2.0,1.0,High
82157.0,2013-2014,25,1,38.0,3,1.0,0.0,1.0,0.0,2.0,Low
82158.0,2013-2014,61,1,25.0,3,0.0,0.0,0.0,0.0,2.0,Moderate
82160.0,2013-2014,60,2,31.2,4,1.0,0.0,0.0,1.0,2.0,Moderate
82161.0,2013-2014,39,2,28.1,1,1.0,0.0,0.0,0.0,2.0,Moderate
82162.0,2013-2014,68,1,34.7,3,0.0,0.0,0.0,2.0,2.0,Moderate
82163.0,2013-2014,51,2,37.4,3,1.0,1.0,0.0,2.0,2.0,Low
82164.0,2013-2014,40,1,32.4,4,0.0,0.0,0.0,2.0,2.0,Moderate
82165.0,2013-2014,44,1,30.0,2,1.0,0.0,0.0,0.0,2.0,Low
82167.0,2013-2014,70,1,26.7,3,1.0,1.0,1.0,0.0,2.0,Moderate
82169.0,2013-2014,58,2,26.2,2,0.0,0.0,1.0,1.0,2.0,Low
82170.0,2013-2014,62,2,24.3,6,0.0,0.0,1.0,0.0,2.0,Moderate
82171.0,2013-2014,64,1,23.9,3,1.0,1.0,0.0,1.0,2.0,Moderate
82172.0,2013-2014,29,1,24.6,7,1.0,0.0,0.0,2.0,2.0,Low
82173.0,2013-2014,63,2,29.0,3,0.0,0.0,0.0,0.0,2.0,Moderate
82176.0,2013-2014,57,1,35.8,4,1.0,1.0,1.0,1.0,2.0,Moderate
82177.0,2013-2014,80,1,24.6,3,0.0,0.0,1.0,0.0,2.0,Moderate
82181.0,2013-2014,60,2,32.2,3,0.0,0.0,1.0,1.0,2.0,Low
82182.0,2013-2014,66,2,29.3,3,0.0,1.0,1.0,1.0,2.0,Low
82184.0,2013-2014,72,1,27.5,3,0.0,1.0,1.0,2.0,2.0,Moderate
82188.0,2013-2014,42,1,33.3,3,0.0,1.0,1.0,0.0,2.0,Moderate
82189.0,2013-2014,30,1,22.7,6,1.0,0.0,1.0,0.0,2.0,Low
82190.0,2013-2014,45,1,22.2,1,0.0,0.0,0.0,1.0,2.0,Moderate
82191.0,2013-2014,76,2,39.6,3,0.0,0.0,0.0,1.0,2.0,Moderate
82192.0,2013-2014,53,2,20.0,2,0.0,0.0,1.0,1.0,2.0,Low
82194.0,2013-2014,23,2,27.9,2,1.0,0.0,0.0,0.0,2.0,Low
82195.0,2013-2014,20,1,22.9,3,0.0,0.0,0.0,2.0,2.0,Moderate
82197.0,2013-2014,46,2,24.8,6,1.0,0.0,0.0,0.0,2.0,Moderate
82200.0,2013-2014,31,1,23.5,1,0.0,0.0,0.0,0.0,2.0,Low
82201.0,2013-2014,80,2,27.2,2,0.0,0.0,0.0,0.0,2.0,Moderate
82204.0,2013-2014,80,1,27.4,3,0.0,0.0,1.0,1.0,2.0,Moderate
82205.0,2013-2014,43,2,20.8,3,0.0,0.0,1.0,0.0,2.0,Low
82207.0,2013-2014,37,2,32.8,3,1.0,1.0,1.0,0.0,2.0,Low
82209.0,2013-2014,34,1,24.5,4,1.0,0.0,1.0,0.0,2.0,Low
82211.0,2013-2014,54,2,26.2,3,0.0,1.0,1.0,0.0,2.0,Low
82212.0,2013-2014,80,2,27.1,3,1.0,1.0,0.0,0.0,1.0,High
82213.0,2013-2014,46,1,24.2,3,0.0,0.0,1.0,0.0,2.0,Low
82216.0,2013-2014,52,1,29.1,7,0.0,0.0,1.0,2.0,2.0,Low
82219.0,2013-2014,49,1,26.4,3,0.0,0.0,0.0,0.0,2.0,Low
82221.0,2013-2014,44,1,26.4,3,0.0,0.0,0.0,0.0,2.0,Low
82223.0,2013-2014,27,1,28.8,1,0.0,0.0,1.0,0.0,2.0,Moderate
82224.0,2013-2014,20,2,19.8,2,0.0,0.0,1.0,2.0,2.0,Low
82225.0,2013-2014,55,1,35.9,1,0.0,0.0,0.0,0.0,2.0,Low
82226.0,2013-2014,80,1,25.0,4,0.0,0.0,1.0,1.0,2.0,Moderate
82227.0,2013-2014,79,2,20.2,3,0.0,1.0,1.0,0.0,2.0,Moderate
82230.0,2013-2014,60,1,27.6,6,0.0,0.0,0.0,2.0,3.0,Moderate
82231.0,2013-2014,53,1,21.3,3,0.0,0.0,0.0,2.0,2.0,Low
82233.0,2013-2014,47,2,35.5,3,1.0,1.0,0.0,2.0,1.0,High
82235.0,2013-2014,73,2,36.8,3,1.0,0.0,0.0,0.0,2.0,Moderate
82236.0,2013-2014,79,1,28.2,3,1.0,1.0,0.0,0.0,2.0,High
82238.0,2013-2014,66,2,28.0,4,1.0,1.0,0.0,1.0,1.0,High
82241.0,2013-2014,47,2,19.5,3,0.0,0.0,1.0,1.0,2.0,Low
82243.0,2013-2014,32,1,26.1,3,0.0,0.0,1.0,1.0,2.0,Low
82247.0,2013-2014,26,2,27.1,3,0.0,0.0,0.0,0.0,2.0,Low
82252.0,2013-2014,40,2,24.0,4,0.0,0.0,1.0,2.0,2.0,Low
82254.0,2013-2014,77,1,27.5,3,0.0,0.0,0.0,1.0,2.0,Low
82257.0,2013-2014,25,2,25.9,3,1.0,0.0,0.0,2.0,2.0,Low
82258.0,2013-2014,50,2,32.4,6,1.0,0.0,0.0,0.0,2.0,Moderate
82259.0,2013-2014,20,1,21.9,2,0.0,0.0,0.0,0.0,2.0,Low
82261.0,2013-2014,42,1,33.8,3,1.0,1.0,1.0,2.0,1.0,High
82269.0,2013-2014,23,2,29.2,2,0.0,0.0,1.0,0.0,2.0,Low
82270.0,2013-2014,49,1,26.0,6,0.0,0.0,1.0,0.0,2.0,Low
82271.0,2013-2014,23,1,22.8,3,0.0,0.0,0.0,2.0,2.0,High
82275.0,2013-2014,42,2,19.7,6,0.0,0.0,0.0,0.0,2.0,Low
82277.0,2013-2014,71,2,35.5,4,1.0,0.0,0.0,0.0,2.0,Moderate
82278.0,2013-2014,20,1,20.7,3,0.0,0.0,1.0,0.0,2.0,Low
82281.0,2013-2014,41,2,42.1,4,,0.0,0.0,0.0,2.0,Moderate
82282.0,2013-2014,34,1,24.9,3,0.0,0.0,1.0,0.0,2.0,Low
82283.0,2013-2014,48,1,34.0,1,0.0,0.0,0.0,2.0,2.0,Moderate
82285.0,2013-2014,57,2,39.5,3,1.0,1.0,0.0,0.0,1.0,High
82288.0,2013-2014,55,1,23.3,3,1.0,0.0,1.0,2.0,2.0,Moderate
82290.0,2013-2014,43,1,31.4,1,0.0,0.0,0.0,1.0,2.0,Moderate
82291.0,2013-2014,62,2,29.8,3,0.0,1.0,0.0,0.0,2.0,Low
82295.0,2013-2014,80,1,24.1,3,0.0,0.0,0.0,1.0,2.0,Low
82298.0,2013-2014,44,1,30.7,4,0.0,0.0,0.0,2.0,2.0,High
82300.0,2013-2014,80,2,23.6,3,0.0,0.0,1.0,0.0,2.0,Low
82306.0,2013-2014,43,1,21.1,6,0.0,0.0,1.0,0.0,2.0,Low
82307.0,2013-2014,73,2,28.4,3,0.0,0.0,1.0,0.0,2.0,Low
82308.0,2013-2014,33,1,24.6,3,0.0,0.0,0.0,2.0,2.0,Moderate
82309.0,2013-2014,23,2,29.8,3,0.0,0.0,1.0,2.0,2.0,Low
82312.0,2013-2014,33,2,29.2,3,0.0,0.0,0.0,0.0,2.0,Low
82315.0,2013-2014,23,1,23.3,3,0.0,0.0,1.0,0.0,2.0,Low
82316.0,2013-2014,73,1,33.2,1,0.0,1.0,0.0,0.0,1.0,High
82318.0,2013-2014,27,1,20.2,4,0.0,0.0,1.0,0.0,2.0,Low
82319.0,2013-2014,35,2,32.4,1,1.0,0.0,0.0,2.0,2.0,Low
82320.0,2013-2014,28,1,26.6,3,0.0,0.0,1.0,0.0,2.0,Low
82321.0,2013-2014,59,1,22.9,3,0.0,1.0,1.0,1.0,2.0,Moderate
82325.0,2013-2014,39,1,30.5,3,0.0,0.0,0.0,2.0,2.0,Low
82329.0,2013-2014,45,1,25.3,3,0.0,0.0,1.0,0.0,2.0,Low
82330.0,2013-2014,51,2,25.6,4,1.0,1.0,0.0,0.0,2.0,Moderate
82334.0,2013-2014,50,2,52.0,4,1.0,0.0,0.0,2.0,2.0,High
82335.0,2013-2014,52,1,32.9,3,0.0,1.0,0.0,0.0,1.0,High
82336.0,2013-2014,28,1,23.5,4,0.0,0.0,1.0,2.0,2.0,Low
82337.0,2013-2014,35,2,25.7,3,1.0,0.0,0.0,1.0,2.0,Moderate
82338.0,2013-2014,31,2,32.2,3,1.0,0.0,1.0,0.0,2.0,Moderate
82342.0,2013-2014,25,2,46.6,4,1.0,1.0,1.0,1.0,2.0,Low
82343.0,2013-2014,66,2,33.9,3,1.0,1.0,1.0,0.0,2.0,Low
82344.0,2013-2014,70,1,22.7,4,0.0,1.0,1.0,1.0,2.0,Low
82345.0,2013-2014,32,1,31.0,4,1.0,1.0,1.0,0.0,2.0,Moderate
82346.0,2013-2014,51,2,40.1,4,1.0,1.0,0.0,2.0,2.0,Moderate
82348.0,2013-2014,29,2,28.8,4,1.0,0.0,0.0,0.0,2.0,Low
82351.0,2013-2014,65,1,24.9,4,0.0,1.0,1.0,2.0,2.0,Low
82353.0,2013-2014,53,1,27.3,6,1.0,0.0,0.0,0.0,2.0,High
82354.0,2013-2014,57,2,49.0,3,0.0,1.0,1.0,1.0,2.0,Moderate
82355.0,2013-2014,70,2,27.4,2,1.0,1.0,0.0,1.0,2.0,Low
82356.0,2013-2014,63,2,30.3,4,0.0,1.0,0.0,2.0,2.0,High
82357.0,2013-2014,26,2,25.5,4,0.0,0.0,0.0,0.0,2.0,Low
82359.0,2013-2014,48,1,39.0,3,0.0,1.0,1.0,0.0,2.0,Moderate
82360.0,2013-2014,51,2,22.9,3,0.0,0.0,1.0,1.0,2.0,Low
82363.0,2013-2014,38,1,38.0,3,,1.0,0.0,0.0,2.0,Moderate
82367.0,2013-2014,35,1,27.8,1,1.0,0.0,0.0,1.0,2.0,Low
82368.0,2013-2014,49,2,37.5,3,1.0,1.0,0.0,2.0,2.0,Low
82369.0,2013-2014,37,2,33.4,4,0.0,0.0,0.0,0.0,2.0,Low
82370.0,2013-2014,37,1,51.9,4,1.0,1.0,0.0,0.0,1.0,High
82372.0,2013-2014,44,2,30.6,3,1.0,1.0,0.0,2.0,1.0,High
82375.0,2013-2014,49,1,27.1,6,0.0,0.0,0.0,2.0,2.0,Moderate
82376.0,2013-2014,41,1,28.3,4,0.0,0.0,0.0,0.0,2.0,Moderate
82380.0,2013-2014,44,1,27.1,3,0.0,0.0,0.0,0.0,2.0,Low
82381.0,2013-2014,80,2,28.6,3,0.0,1.0,0.0,0.0,2.0,Low
82383.0,2013-2014,62,1,24.3,1,1.0,0.0,0.0,2.0,2.0,Moderate
82384.0,2013-2014,65,2,31.1,3,0.0,0.0,0.0,0.0,2.0,Low
82388.0,2013-2014,34,1,20.2,4,0.0,0.0,1.0,2.0,2.0,Low
82389.0,2013-2014,34,2,67.5,3,1.0,0.0,0.0,1.0,2.0,Moderate
82391.0,2013-2014,26,1,28.8,3,1.0,1.0,1.0,0.0,2.0,Low
82393.0,2013-2014,20,1,19.3,2,0.0,0.0,1.0,2.0,2.0,Low
82395.0,2013-2014,25,2,17.7,6,0.0,0.0,1.0,0.0,2.0,Low
82397.0,2013-2014,33,1,29.2,3,1.0,0.0,0.0,2.0,2.0,Low
82398.0,2013-2014,31,1,38.4,1,1.0,0.0,0.0,0.0,2.0,Low
82401.0,2013-2014,30,2,21.7,3,1.0,0.0,1.0,2.0,2.0,Low
82402.0,2013-2014,65,1,24.8,6,1.0,0.0,0.0,1.0,1.0,High
82403.0,2013-2014,80,1,22.3,3,0.0,1.0,0.0,0.0,2.0,Low
82404.0,2013-2014,36,1,17.7,3,0.0,0.0,1.0,2.0,2.0,Low
82405.0,2013-2014,53,2,39.4,3,0.0,1.0,1.0,0.0,2.0,Low
82406.0,2013-2014,73,1,18.9,4,,1.0,0.0,2.0,1.0,High
82407.0,2013-2014,44,1,32.8,7,0.0,0.0,1.0,2.0,2.0,Moderate
82409.0,2013-2014,63,1,29.2,3,1.0,0.0,0.0,2.0,2.0,Low
82410.0,2013-2014,35,1,26.4,4,1.0,0.0,1.0,0.0,2.0,Low
82412.0,2013-2014,22,2,33.6,2,1.0,0.0,0.0,2.0,2.0,Moderate
82413.0,2013-2014,47,2,36.1,3,0.0,1.0,0.0,0.0,2.0,Moderate
82414.0,2013-2014,68,1,28.6,4,0.0,1.0,0.0,1.0,1.0,High
82416.0,2013-2014,50,1,32.3,4,1.0,1.0,0.0,2.0,2.0,Moderate
82417.0,2013-2014,51,2,30.7,1,1.0,0.0,1.0,0.0,2.0,Moderate
82420.0,2013-2014,35,1,27.6,4,0.0,1.0,1.0,0.0,2.0,Low
82423.0,2013-2014,56,1,30.2,4,1.0,0.0,0.0,2.0,2.0,Moderate
82424.0,2013-2014,70,2,26.8,3,1.0,0.0,0.0,0.0,2.0,Moderate
82425.0,2013-2014,43,2,39.4,4,1.0,0.0,1.0,0.0,2.0,Low
82426.0,2013-2014,24,1,23.9,1,1.0,0.0,0.0,0.0,2.0,Moderate
82427.0,2013-2014,48,1,30.3,4,1.0,0.0,1.0,0.0,2.0,Moderate
82428.0,2013-2014,26,2,21.4,6,0.0,0.0,1.0,0.0,2.0,Low
82429.0,2013-2014,36,1,30.2,3,0.0,0.0,1.0,0.0,2.0,Low
82430.0,2013-2014,24,2,31.1,2,,0.0,1.0,0.0,2.0,Moderate
82432.0,2013-2014,60,1,27.1,4,0.0,1.0,0.0,1.0,2.0,Moderate
82434.0,2013-2014,70,2,26.4,1,0.0,1.0,0.0,2.0,2.0,Moderate
82435.0,2013-2014,80,1,,3,0.0,1.0,0.0,1.0,1.0,High
82436.0,2013-2014,61,1,28.7,1,1.0,0.0,1.0,0.0,1.0,High
82439.0,2013-2014,48,2,29.7,3,0.0,0.0,1.0,0.0,2.0,Low
82440.0,2013-2014,63,2,17.6,3,0.0,1.0,0.0,2.0,2.0,Low
82441.0,2013-2014,80,2,27.6,3,0.0,1.0,0.0,0.0,2.0,Moderate
82445.0,2013-2014,52,2,24.3,2,1.0,0.0,1.0,0.0,2.0,Moderate
82446.0,2013-2014,66,1,32.7,3,1.0,1.0,0.0,1.0,1.0,High
82448.0,2013-2014,29,1,29.3,3,0.0,1.0,1.0,2.0,2.0,Low
82449.0,2013-2014,42,1,32.5,1,0.0,0.0,0.0,0.0,2.0,Moderate
82450.0,2013-2014,34,2,39.5,1,1.0,0.0,1.0,0.0,2.0,Low
82451.0,2013-2014,34,2,30.7,3,0.0,0.0,0.0,1.0,2.0,Low
82452.0,2013-2014,20,2,21.7,4,0.0,0.0,0.0,0.0,2.0,Low
82454.0,2013-2014,37,2,17.6,7,1.0,0.0,0.0,0.0,2.0,Low
82455.0,2013-2014,25,2,20.6,2,0.0,0.0,1.0,0.0,2.0,Low
82459.0,2013-2014,80,2,24.2,3,0.0,0.0,0.0,0.0,2.0,Moderate
82460.0,2013-2014,58,2,38.6,3,1.0,1.0,0.0,1.0,1.0,High
82461.0,2013-2014,47,1,30.7,3,1.0,0.0,0.0,1.0,1.0,High
82462.0,2013-2014,36,1,29.7,1,0.0,0.0,0.0,0.0,2.0,Low
82463.0,2013-2014,48,2,27.6,6,1.0,0.0,1.0,0.0,2.0,Low
82464.0,2013-2014,62,1,22.8,3,0.0,0.0,1.0,1.0,2.0,Moderate
82465.0,2013-2014,44,2,30.0,6,1.0,0.0,1.0,0.0,3.0,Moderate
82466.0,2013-2014,80,1,30.4,3,0.0,1.0,1.0,0.0,2.0,Moderate
82467.0,2013-2014,22,1,23.9,4,0.0,0.0,0.0,0.0,2.0,Low
82477.0,2013-2014,34,1,31.5,3,0.0,0.0,0.0,2.0,2.0,Low
82479.0,2013-2014,27,1,22.6,6,0.0,0.0,1.0,1.0,2.0,Moderate
82482.0,2013-2014,80,2,35.9,4,1.0,1.0,0.0,0.0,1.0,High
82483.0,2013-2014,32,1,26.2,6,0.0,0.0,1.0,0.0,2.0,Moderate
82485.0,2013-2014,33,2,24.7,1,0.0,0.0,0.0,0.0,2.0,Low
82486.0,2013-2014,40,1,22.8,7,1.0,1.0,0.0,0.0,2.0,Low
82487.0,2013-2014,21,1,20.8,1,0.0,0.0,0.0,0.0,2.0,Low
82488.0,2013-2014,63,1,25.5,3,0.0,0.0,0.0,1.0,2.0,Moderate
82489.0,2013-2014,41,1,28.4,6,,0.0,1.0,0.0,2.0,Low
82492.0,2013-2014,25,2,22.1,3,0.0,0.0,0.0,0.0,2.0,Low
82495.0,2013-2014,51,2,43.4,4,1.0,0.0,0.0,2.0,2.0,Moderate
82500.0,2013-2014,38,1,35.5,3,1.0,0.0,1.0,0.0,2.0,Low
82501.0,2013-2014,38,2,21.2,2,0.0,0.0,0.0,0.0,2.0,Low
82504.0,2013-2014,73,1,25.9,2,1.0,1.0,0.0,2.0,2.0,High
82507.0,2013-2014,72,1,28.9,3,0.0,0.0,1.0,1.0,2.0,Moderate
82509.0,2013-2014,63,1,29.7,1,0.0,0.0,1.0,0.0,3.0,Moderate
82512.0,2013-2014,21,2,28.9,3,0.0,0.0,1.0,0.0,2.0,Low
82513.0,2013-2014,47,1,20.9,6,0.0,0.0,0.0,0.0,2.0,Low
82517.0,2013-2014,59,1,43.4,4,1.0,1.0,0.0,0.0,3.0,Moderate
82519.0,2013-2014,25,2,20.4,1,0.0,0.0,1.0,0.0,2.0,Low
82521.0,2013-2014,70,2,42.1,3,1.0,1.0,0.0,1.0,3.0,Moderate
82524.0,2013-2014,21,2,37.5,4,0.0,0.0,0.0,0.0,2.0,Low
82527.0,2013-2014,39,2,23.2,3,0.0,0.0,1.0,0.0,2.0,Low
82529.0,2013-2014,35,2,23.7,1,1.0,0.0,1.0,0.0,2.0,Low
82531.0,2013-2014,36,2,27.6,7,0.0,1.0,0.0,2.0,2.0,Low
82533.0,2013-2014,26,2,26.8,3,1.0,0.0,0.0,0.0,2.0,Low
82535.0,2013-2014,64,2,21.5,3,1.0,1.0,0.0,0.0,2.0,Low
82536.0,2013-2014,49,2,30.0,7,1.0,0.0,0.0,1.0,2.0,Moderate
82538.0,2013-2014,26,2,20.0,1,0.0,0.0,1.0,0.0,2.0,Low
82540.0,2013-2014,20,1,26.8,1,1.0,0.0,0.0,0.0,2.0,Low
82541.0,2013-2014,78,2,32.4,3,1.0,0.0,1.0,1.0,1.0,High
82542.0,2013-2014,66,1,27.6,1,1.0,0.0,0.0,1.0,2.0,Moderate
82547.0,2013-2014,65,2,31.4,6,0.0,1.0,0.0,0.0,2.0,Moderate
82550.0,2013-2014,34,2,33.3,2,0.0,0.0,0.0,1.0,2.0,Low
82554.0,2013-2014,54,2,20.1,3,1.0,0.0,0.0,1.0,2.0,Low
82557.0,2013-2014,40,2,19.0,3,1.0,0.0,1.0,0.0,2.0,Low
82558.0,2013-2014,54,2,30.3,3,1.0,0.0,0.0,0.0,2.0,Low
82559.0,2013-2014,51,1,40.3,3,0.0,0.0,0.0,1.0,2.0,Low
82560.0,2013-2014,48,1,29.9,3,1.0,0.0,1.0,1.0,1.0,High
82561.0,2013-2014,30,1,19.8,3,0.0,0.0,1.0,2.0,2.0,Low
82562.0,2013-2014,36,2,34.9,2,1.0,1.0,1.0,0.0,2.0,Moderate
82564.0,2013-2014,74,2,28.3,4,1.0,0.0,0.0,0.0,2.0,Moderate
82565.0,2013-2014,71,1,28.9,3,1.0,1.0,1.0,1.0,2.0,Moderate
82566.0,2013-2014,70,1,27.7,3,0.0,1.0,0.0,1.0,2.0,Moderate
82567.0,2013-2014,25,1,22.3,1,0.0,0.0,1.0,2.0,2.0,Low
82569.0,2013-2014,46,1,28.7,3,1.0,0.0,0.0,2.0,2.0,Moderate
82570.0,2013-2014,80,1,24.3,4,0.0,1.0,1.0,1.0,2.0,Low
82572.0,2013-2014,80,1,33.7,3,1.0,1.0,0.0,1.0,2.0,Moderate
82574.0,2013-2014,36,1,20.8,3,0.0,0.0,0.0,2.0,2.0,Low
82576.0,2013-2014,80,2,26.3,3,1.0,1.0,0.0,0.0,2.0,Moderate
82577.0,2013-2014,31,2,28.3,3,0.0,1.0,1.0,1.0,2.0,Low
82579.0,2013-2014,64,2,51.6,3,1.0,1.0,1.0,1.0,2.0,Low
82580.0,2013-2014,51,2,37.1,3,0.0,1.0,1.0,1.0,2.0,Moderate
82582.0,2013-2014,71,1,31.9,4,1.0,0.0,0.0,1.0,2.0,Moderate
82587.0,2013-2014,37,1,33.0,1,0.0,0.0,0.0,0.0,2.0,Low
82589.0,2013-2014,48,2,27.5,3,0.0,0.0,1.0,0.0,2.0,Low
82590.0,2013-2014,21,2,24.6,1,0.0,0.0,0.0,0.0,2.0,Low
82591.0,2013-2014,29,1,34.7,2,1.0,0.0,1.0,0.0,2.0,Moderate
82596.0,2013-2014,73,1,33.9,2,0.0,1.0,0.0,0.0,1.0,High
82597.0,2013-2014,56,1,24.7,6,0.0,0.0,1.0,1.0,2.0,Low
82601.0,2013-2014,62,1,,4,0.0,1.0,0.0,2.0,2.0,Low
82603.0,2013-2014,44,2,22.0,6,1.0,1.0,0.0,0.0,2.0,Moderate
82604.0,2013-2014,49,1,21.6,3,0.0,0.0,0.0,1.0,2.0,Low
82605.0,2013-2014,46,2,24.7,1,1.0,0.0,0.0,0.0,1.0,High
82608.0,2013-2014,78,1,26.2,1,0.0,0.0,1.0,2.0,2.0,Low
82609.0,2013-2014,46,2,42.2,3,1.0,0.0,1.0,1.0,2.0,Moderate
82610.0,2013-2014,72,1,29.2,3,0.0,1.0,1.0,0.0,2.0,Low
82611.0,2013-2014,33,1,28.5,6,0.0,1.0,1.0,1.0,2.0,Moderate
82612.0,2013-2014,64,2,23.7,1,0.0,1.0,0.0,0.0,2.0,Moderate
82615.0,2013-2014,57,1,34.1,4,1.0,0.0,1.0,0.0,1.0,High
82616.0,2013-2014,63,1,29.1,1,1.0,1.0,0.0,1.0,1.0,High
82617.0,2013-2014,20,2,31.3,4,0.0,0.0,0.0,0.0,2.0,Low
82618.0,2013-2014,45,1,33.1,3,0.0,0.0,1.0,0.0,2.0,Moderate
82619.0,2013-2014,69,1,36.9,3,1.0,1.0,1.0,1.0,2.0,Moderate
82621.0,2013-2014,41,1,26.0,6,1.0,1.0,1.0,1.0,2.0,Moderate
82625.0,2013-2014,79,2,26.4,4,,1.0,1.0,0.0,2.0,Moderate
82627.0,2013-2014,37,1,30.8,4,1.0,0.0,1.0,0.0,2.0,Low
82629.0,2013-2014,41,1,35.3,3,1.0,1.0,1.0,0.0,1.0,High
82634.0,2013-2014,23,1,40.5,4,0.0,1.0,1.0,0.0,2.0,Low
82635.0,2013-2014,62,2,20.1,6,1.0,0.0,0.0,0.0,2.0,Low
82636.0,2013-2014,46,2,20.2,6,1.0,0.0,1.0,1.0,2.0,Low
82637.0,2013-2014,80,1,37.3,3,0.0,0.0,0.0,1.0,2.0,Moderate
82638.0,2013-2014,29,2,37.8,4,0.0,1.0,0.0,0.0,2.0,Moderate
82640.0,2013-2014,24,2,22.4,3,0.0,0.0,1.0,2.0,2.0,Low
82642.0,2013-2014,66,2,27.0,2,0.0,1.0,0.0,1.0,2.0,Moderate
82643.0,2013-2014,38,2,18.0,3,0.0,0.0,0.0,0.0,2.0,Low
82644.0,2013-2014,25,1,26.8,7,1.0,0.0,0.0,2.0,2.0,Low
82646.0,2013-2014,56,1,32.4,1,0.0,1.0,0.0,0.0,2.0,Low
82648.0,2013-2014,25,2,30.5,1,0.0,0.0,0.0,0.0,2.0,Low
82650.0,2013-2014,43,2,29.7,4,0.0,1.0,1.0,0.0,2.0,Low
82651.0,2013-2014,78,1,39.4,4,1.0,1.0,0.0,1.0,1.0,High
82652.0,2013-2014,73,1,24.3,6,0.0,0.0,1.0,1.0,2.0,Low
82655.0,2013-2014,75,2,32.7,6,0.0,1.0,0.0,0.0,1.0,High
82657.0,2013-2014,66,2,38.6,3,0.0,1.0,0.0,1.0,2.0,Low
82660.0,2013-2014,32,2,56.3,3,1.0,0.0,1.0,0.0,2.0,Moderate
82664.0,2013-2014,48,1,24.4,3,0.0,0.0,1.0,0.0,2.0,Low
82665.0,2013-2014,53,2,40.5,3,0.0,0.0,1.0,0.0,2.0,High
82666.0,2013-2014,47,1,25.0,4,0.0,0.0,0.0,0.0,2.0,Low
82668.0,2013-2014,32,1,26.5,3,1.0,1.0,0.0,2.0,2.0,Low
82669.0,2013-2014,33,2,31.3,4,0.0,0.0,0.0,0.0,2.0,Low
82671.0,2013-2014,30,2,35.8,3,0.0,0.0,1.0,2.0,2.0,Low
82674.0,2013-2014,45,2,24.3,6,1.0,1.0,0.0,0.0,3.0,Moderate
82675.0,2013-2014,71,1,23.2,3,0.0,0.0,0.0,1.0,2.0,Moderate
82677.0,2013-2014,80,2,31.5,1,1.0,1.0,0.0,0.0,1.0,High
82678.0,2013-2014,58,2,18.7,3,0.0,0.0,0.0,0.0,2.0,Low
82680.0,2013-2014,41,1,24.6,3,1.0,0.0,1.0,2.0,2.0,Low
82682.0,2013-2014,37,1,30.3,4,1.0,0.0,1.0,0.0,2.0,Moderate
82684.0,2013-2014,42,2,33.6,2,0.0,1.0,0.0,0.0,2.0,Low
82685.0,2013-2014,47,1,33.1,3,0.0,1.0,1.0,2.0,2.0,Moderate
82688.0,2013-2014,63,1,21.9,6,0.0,0.0,1.0,0.0,2.0,Low
82691.0,2013-2014,29,1,29.0,3,,0.0,0.0,2.0,2.0,High
82692.0,2013-2014,39,1,19.9,3,0.0,0.0,0.0,2.0,2.0,Moderate
82695.0,2013-2014,20,1,28.2,3,0.0,0.0,0.0,2.0,2.0,Low
82696.0,2013-2014,22,2,27.9,3,,0.0,1.0,0.0,2.0,Low
82698.0,2013-2014,74,1,32.1,4,0.0,1.0,1.0,1.0,1.0,High
82702.0,2013-2014,64,2,23.6,4,0.0,1.0,0.0,2.0,2.0,Moderate
82703.0,2013-2014,50,1,27.2,6,1.0,0.0,1.0,1.0,1.0,High
82704.0,2013-2014,41,1,37.2,3,1.0,0.0,0.0,0.0,2.0,Low
82705.0,2013-2014,76,2,33.4,4,1.0,0.0,0.0,0.0,1.0,High
82708.0,2013-2014,78,2,18.1,3,0.0,1.0,1.0,0.0,2.0,Low
82709.0,2013-2014,61,2,23.7,3,0.0,0.0,0.0,2.0,2.0,High
82710.0,2013-2014,61,2,39.7,3,1.0,1.0,1.0,0.0,2.0,Low
82712.0,2013-2014,56,2,53.0,3,1.0,1.0,0.0,0.0,2.0,Moderate
82718.0,2013-2014,34,1,18.2,3,1.0,0.0,1.0,2.0,2.0,Moderate
82719.0,2013-2014,35,2,45.8,7,1.0,0.0,0.0,2.0,1.0,High
82720.0,2013-2014,58,1,23.9,6,1.0,0.0,1.0,0.0,2.0,Low
82721.0,2013-2014,49,1,23.4,3,1.0,0.0,0.0,2.0,2.0,Low
82723.0,2013-2014,74,2,21.6,3,1.0,1.0,1.0,0.0,2.0,Moderate
82724.0,2013-2014,28,2,43.2,1,0.0,0.0,0.0,0.0,2.0,Low
82727.0,2013-2014,77,1,22.9,3,0.0,0.0,0.0,1.0,2.0,Low
82729.0,2013-2014,22,2,21.1,3,1.0,1.0,0.0,2.0,2.0,Low
82731.0,2013-2014,36,2,56.9,3,1.0,1.0,1.0,2.0,2.0,Low
82733.0,2013-2014,40,2,19.4,7,0.0,0.0,1.0,0.0,2.0,Low
82735.0,2013-2014,23,2,37.4,1,0.0,0.0,1.0,0.0,3.0,Moderate
82736.0,2013-2014,26,1,19.1,3,1.0,0.0,1.0,2.0,2.0,Low
82737.0,2013-2014,66,2,22.5,4,0.0,1.0,0.0,1.0,2.0,Moderate
82739.0,2013-2014,55,2,28.4,3,1.0,0.0,1.0,0.0,2.0,Low
82740.0,2013-2014,65,1,23.3,4,1.0,1.0,1.0,0.0,2.0,Low
82741.0,2013-2014,70,1,41.6,3,0.0,1.0,0.0,0.0,1.0,High
82742.0,2013-2014,52,2,19.3,6,0.0,0.0,1.0,0.0,2.0,Low
82743.0,2013-2014,47,2,22.7,3,0.0,1.0,1.0,0.0,2.0,Low
82745.0,2013-2014,38,1,29.0,3,0.0,1.0,0.0,0.0,2.0,Low
82746.0,2013-2014,33,1,29.6,3,0.0,0.0,0.0,0.0,2.0,Low
82748.0,2013-2014,43,2,49.0,4,1.0,1.0,0.0,2.0,2.0,Moderate
82749.0,2013-2014,64,1,50.7,3,0.0,1.0,0.0,0.0,2.0,Moderate
82750.0,2013-2014,27,2,23.2,6,1.0,0.0,0.0,0.0,2.0,Low
82755.0,2013-2014,32,2,50.8,3,1.0,1.0,0.0,2.0,1.0,High
82756.0,2013-2014,55,1,24.0,3,0.0,0.0,1.0,0.0,2.0,Low
82757.0,2013-2014,80,1,20.3,3,0.0,0.0,1.0,1.0,2.0,Moderate
82758.0,2013-2014,52,1,33.5,3,0.0,0.0,0.0,2.0,2.0,Moderate
82759.0,2013-2014,24,1,27.7,3,1.0,1.0,0.0,1.0,2.0,Low
82762.0,2013-2014,26,2,24.9,7,0.0,0.0,0.0,1.0,2.0,Low
82766.0,2013-2014,48,2,21.0,2,0.0,1.0,0.0,0.0,2.0,Moderate
82769.0,2013-2014,55,2,27.3,6,0.0,0.0,0.0,0.0,1.0,High
82770.0,2013-2014,46,2,23.9,3,0.0,0.0,0.0,0.0,2.0,Low
82771.0,2013-2014,41,1,36.8,3,0.0,0.0,1.0,2.0,2.0,Moderate
82772.0,2013-2014,60,2,33.1,3,1.0,1.0,0.0,0.0,2.0,Moderate
82773.0,2013-2014,67,1,26.2,1,1.0,1.0,1.0,0.0,1.0,High
82775.0,2013-2014,57,1,27.2,2,1.0,0.0,0.0,2.0,2.0,Moderate
82776.0,2013-2014,37,1,23.6,6,0.0,0.0,1.0,2.0,2.0,Low
82778.0,2013-2014,57,1,38.7,4,1.0,1.0,0.0,0.0,2.0,Moderate
82779.0,2013-2014,63,2,26.5,3,1.0,1.0,1.0,0.0,1.0,High
82780.0,2013-2014,28,2,31.9,7,0.0,0.0,0.0,0.0,2.0,Moderate
82782.0,2013-2014,53,1,25.8,2,1.0,0.0,1.0,2.0,2.0,Moderate
82784.0,2013-2014,32,2,54.3,1,1.0,0.0,0.0,0.0,2.0,Low
82785.0,2013-2014,73,1,,3,0.0,1.0,0.0,0.0,2.0,Low
82788.0,2013-2014,43,1,21.4,6,1.0,0.0,1.0,0.0,2.0,Moderate
82790.0,2013-2014,72,1,29.2,3,0.0,0.0,1.0,0.0,2.0,Moderate
82791.0,2013-2014,56,2,33.0,3,1.0,0.0,1.0,0.0,2.0,Low
82794.0,2013-2014,55,2,18.6,2,1.0,0.0,1.0,0.0,2.0,Low
82798.0,2013-2014,31,2,24.2,4,0.0,0.0,0.0,0.0,2.0,Low
82802.0,2013-2014,76,1,20.9,3,1.0,0.0,1.0,0.0,1.0,High
82803.0,2013-2014,23,2,31.7,1,0.0,0.0,0.0,0.0,2.0,Low
82805.0,2013-2014,34,2,36.6,3,0.0,1.0,0.0,0.0,3.0,Moderate
82810.0,2013-2014,41,2,38.7,7,1.0,1.0,1.0,0.0,1.0,High
82811.0,2013-2014,51,2,19.9,3,0.0,0.0,1.0,1.0,2.0,Low
82812.0,2013-2014,62,1,17.7,4,0.0,0.0,0.0,2.0,2.0,Low
82813.0,2013-2014,24,2,23.4,3,1.0,0.0,1.0,2.0,2.0,Low
82814.0,2013-2014,44,1,51.2,4,0.0,0.0,0.0,0.0,1.0,High
82816.0,2013-2014,66,1,31.7,4,0.0,1.0,1.0,1.0,1.0,High
82820.0,2013-2014,78,1,26.9,3,1.0,1.0,0.0,0.0,2.0,High
82822.0,2013-2014,56,1,32.8,4,1.0,1.0,1.0,1.0,1.0,High
82823.0,2013-2014,70,2,19.5,3,0.0,0.0,1.0,0.0,2.0,Low
82826.0,2013-2014,64,1,29.1,6,0.0,0.0,1.0,0.0,2.0,Moderate
82827.0,2013-2014,61,2,27.2,6,0.0,0.0,0.0,0.0,2.0,Moderate
82829.0,2013-2014,63,1,31.3,3,0.0,1.0,1.0,1.0,3.0,High
82831.0,2013-2014,54,2,29.5,4,0.0,1.0,1.0,2.0,2.0,Moderate
82832.0,2013-2014,49,2,23.2,3,1.0,0.0,0.0,1.0,2.0,Low
82836.0,2013-2014,20,1,,3,1.0,1.0,0.0,0.0,2.0,Low
82838.0,2013-2014,26,2,43.1,4,1.0,1.0,0.0,0.0,2.0,Moderate
82839.0,2013-2014,32,2,19.1,3,0.0,0.0,1.0,2.0,2.0,Low
82840.0,2013-2014,59,1,31.7,3,0.0,0.0,1.0,0.0,2.0,Low
82841.0,2013-2014,45,1,25.4,6,0.0,1.0,1.0,0.0,2.0,Low
82842.0,2013-2014,68,2,19.0,3,0.0,1.0,1.0,1.0,2.0,Low
82844.0,2013-2014,58,1,24.4,3,0.0,0.0,1.0,0.0,2.0,Moderate
82845.0,2013-2014,64,1,19.5,6,1.0,0.0,1.0,0.0,2.0,Moderate
82846.0,2013-2014,33,2,22.0,6,0.0,0.0,0.0,0.0,2.0,Low
82849.0,2013-2014,80,1,25.8,3,0.0,1.0,0.0,1.0,2.0,Moderate
82850.0,2013-2014,30,1,28.4,3,1.0,0.0,0.0,0.0,2.0,Low
82851.0,2013-2014,51,2,21.1,1,1.0,0.0,1.0,0.0,2.0,Low
82854.0,2013-2014,68,1,31.9,1,0.0,1.0,0.0,1.0,2.0,Moderate
82855.0,2013-2014,80,1,25.8,3,0.0,0.0,0.0,0.0,2.0,Low
82856.0,2013-2014,44,1,31.2,7,1.0,0.0,0.0,2.0,2.0,Low
82857.0,2013-2014,47,2,48.4,4,1.0,1.0,0.0,0.0,2.0,Moderate
82859.0,2013-2014,80,2,20.1,6,0.0,0.0,1.0,0.0,1.0,High
82860.0,2013-2014,48,1,25.7,3,1.0,1.0,1.0,0.0,2.0,Low
82862.0,2013-2014,39,2,20.7,6,1.0,0.0,1.0,0.0,2.0,Moderate
82864.0,2013-2014,31,1,20.2,3,1.0,0.0,1.0,2.0,2.0,Low
82867.0,2013-2014,41,2,22.8,6,0.0,1.0,0.0,0.0,2.0,Low
82868.0,2013-2014,78,1,22.2,3,0.0,1.0,1.0,1.0,2.0,Low
82874.0,2013-2014,59,2,51.3,3,1.0,1.0,0.0,0.0,1.0,High
82876.0,2013-2014,80,1,28.6,6,0.0,1.0,0.0,1.0,2.0,High
82879.0,2013-2014,76,2,27.3,4,1.0,1.0,1.0,2.0,1.0,High
82881.0,2013-2014,70,1,26.1,3,0.0,0.0,1.0,0.0,2.0,Low
82882.0,2013-2014,80,2,20.8,6,0.0,1.0,1.0,0.0,2.0,Moderate
82886.0,2013-2014,80,1,30.0,3,0.0,1.0,0.0,0.0,1.0,High
82888.0,2013-2014,21,1,18.9,4,1.0,0.0,0.0,1.0,2.0,Low
82889.0,2013-2014,66,1,31.7,3,0.0,1.0,0.0,1.0,1.0,High
82894.0,2013-2014,49,1,25.6,6,0.0,0.0,1.0,0.0,2.0,Low
82895.0,2013-2014,57,2,30.6,2,1.0,1.0,1.0,0.0,1.0,High
82896.0,2013-2014,22,2,27.3,4,0.0,0.0,0.0,0.0,2.0,Low
82897.0,2013-2014,46,2,23.6,3,0.0,0.0,0.0,2.0,2.0,Moderate
82898.0,2013-2014,66,1,25.8,1,1.0,1.0,0.0,1.0,1.0,High
82899.0,2013-2014,66,1,29.5,1,1.0,1.0,0.0,0.0,1.0,High
82900.0,2013-2014,80,1,25.5,3,0.0,1.0,0.0,0.0,2.0,Moderate
82901.0,2013-2014,68,1,32.6,1,0.0,0.0,0.0,0.0,2.0,Moderate
82902.0,2013-2014,41,2,51.0,3,,0.0,1.0,1.0,2.0,Low
82903.0,2013-2014,57,2,30.0,2,0.0,0.0,0.0,0.0,2.0,Moderate
82904.0,2013-2014,68,2,29.4,3,0.0,1.0,0.0,0.0,2.0,Low
82906.0,2013-2014,72,1,19.8,3,1.0,0.0,0.0,2.0,2.0,Low
82907.0,2013-2014,21,1,19.8,4,0.0,0.0,1.0,0.0,2.0,Moderate
82909.0,2013-2014,55,1,45.8,3,1.0,1.0,0.0,0.0,1.0,High
82913.0,2013-2014,28,1,18.8,4,0.0,0.0,1.0,1.0,2.0,Low
82915.0,2013-2014,70,1,42.3,3,1.0,1.0,0.0,1.0,1.0,High
82916.0,2013-2014,53,2,24.0,3,0.0,0.0,0.0,2.0,2.0,Moderate
82917.0,2013-2014,42,1,30.7,6,0.0,0.0,0.0,0.0,2.0,Moderate
82918.0,2013-2014,80,1,27.1,3,0.0,1.0,0.0,0.0,2.0,Moderate
82920.0,2013-2014,45,2,19.1,3,0.0,0.0,1.0,2.0,2.0,Low
82924.0,2013-2014,21,2,22.0,3,1.0,0.0,1.0,0.0,2.0,Low
82925.0,2013-2014,38,1,28.0,6,0.0,1.0,1.0,2.0,2.0,Moderate
82926.0,2013-2014,57,2,24.1,6,1.0,1.0,0.0,0.0,2.0,Moderate
82929.0,2013-2014,51,2,20.0,3,1.0,1.0,0.0,2.0,2.0,Low
82931.0,2013-2014,70,1,28.9,2,0.0,1.0,0.0,1.0,2.0,Low
82932.0,2013-2014,23,2,40.5,3,0.0,0.0,0.0,0.0,2.0,Low
82933.0,2013-2014,29,1,35.0,7,0.0,1.0,1.0,0.0,2.0,Low
82938.0,2013-2014,52,2,32.4,4,1.0,1.0,0.0,2.0,2.0,Low
82939.0,2013-2014,23,1,35.1,4,0.0,1.0,1.0,0.0,2.0,Low
82940.0,2013-2014,21,2,22.8,3,0.0,0.0,1.0,0.0,2.0,Low
82943.0,2013-2014,45,1,22.7,6,0.0,0.0,1.0,1.0,2.0,Moderate
82945.0,2013-2014,80,2,36.9,3,0.0,1.0,0.0,0.0,2.0,Moderate
82946.0,2013-2014,45,2,42.3,3,0.0,1.0,1.0,0.0,2.0,Low
82948.0,2013-2014,45,2,27.1,3,1.0,0.0,1.0,2.0,2.0,Low
82949.0,2013-2014,67,1,33.6,3,0.0,1.0,0.0,1.0,2.0,Moderate
82951.0,2013-2014,65,2,36.3,4,1.0,1.0,1.0,0.0,2.0,Moderate
82952.0,2013-2014,66,2,25.6,3,0.0,1.0,1.0,0.0,2.0,Moderate
82953.0,2013-2014,68,1,17.7,3,0.0,0.0,1.0,0.0,2.0,Low
82956.0,2013-2014,72,1,17.7,7,1.0,0.0,1.0,2.0,2.0,Moderate
82957.0,2013-2014,38,2,24.9,2,0.0,0.0,0.0,1.0,2.0,Low
82959.0,2013-2014,55,1,21.8,4,1.0,1.0,0.0,2.0,2.0,Low
82961.0,2013-2014,61,2,30.7,4,1.0,1.0,1.0,0.0,1.0,High
82962.0,2013-2014,47,1,19.6,4,1.0,0.0,0.0,0.0,2.0,Low
82963.0,2013-2014,60,2,38.9,3,0.0,1.0,1.0,1.0,2.0,Moderate
82964.0,2013-2014,60,1,32.4,4,0.0,1.0,0.0,0.0,2.0,Moderate
82965.0,2013-2014,38,2,45.6,1,0.0,0.0,0.0,0.0,2.0,Low
82967.0,2013-2014,80,2,22.8,3,0.0,1.0,1.0,1.0,2.0,Moderate
82968.0,2013-2014,79,2,27.4,3,0.0,0.0,1.0,0.0,2.0,Low
82969.0,2013-2014,54,1,41.7,1,0.0,1.0,0.0,1.0,2.0,Low
82970.0,2013-2014,60,1,32.0,1,0.0,0.0,0.0,0.0,2.0,Moderate
82971.0,2013-2014,34,2,37.1,3,1.0,0.0,1.0,0.0,2.0,Low
82974.0,2013-2014,54,1,25.5,1,0.0,0.0,1.0,2.0,2.0,Low
82975.0,2013-2014,44,2,27.9,3,1.0,1.0,0.0,2.0,2.0,Moderate
82976.0,2013-2014,22,1,21.9,3,0.0,0.0,1.0,0.0,2.0,Low
82978.0,2013-2014,41,2,21.7,6,0.0,0.0,1.0,0.0,2.0,Low
82982.0,2013-2014,74,2,30.4,1,1.0,1.0,0.0,0.0,2.0,Moderate
82987.0,2013-2014,60,1,36.4,3,1.0,1.0,1.0,0.0,2.0,Moderate
82989.0,2013-2014,80,1,36.9,4,1.0,1.0,0.0,0.0,1.0,High
82990.0,2013-2014,66,1,26.6,1,1.0,0.0,1.0,1.0,1.0,High
82995.0,2013-2014,72,1,23.9,3,0.0,0.0,0.0,2.0,2.0,Moderate
82996.0,2013-2014,37,2,25.6,1,1.0,1.0,1.0,0.0,2.0,Low
82997.0,2013-2014,53,2,36.4,1,1.0,1.0,0.0,0.0,3.0,High
82998.0,2013-2014,61,1,30.7,4,0.0,1.0,0.0,1.0,3.0,Moderate
82999.0,2013-2014,35,1,28.6,1,0.0,0.0,1.0,0.0,2.0,Low
83001.0,2013-2014,43,2,26.0,6,0.0,0.0,0.0,0.0,2.0,Moderate
83002.0,2013-2014,50,1,28.5,1,1.0,1.0,1.0,0.0,2.0,Low
83003.0,2013-2014,32,2,21.5,3,0.0,0.0,1.0,0.0,2.0,Low
83004.0,2013-2014,34,1,23.4,3,0.0,0.0,0.0,1.0,2.0,Low
83005.0,2013-2014,72,1,31.3,3,1.0,1.0,1.0,1.0,2.0,Moderate
83006.0,2013-2014,71,2,31.7,2,1.0,1.0,1.0,0.0,1.0,High
83007.0,2013-2014,66,1,29.3,1,0.0,0.0,1.0,0.0,2.0,Moderate
83009.0,2013-2014,24,1,24.0,2,0.0,0.0,0.0,0.0,2.0,Low
83010.0,2013-2014,80,2,18.1,3,1.0,1.0,1.0,2.0,3.0,Moderate
83011.0,2013-2014,21,2,24.5,2,0.0,0.0,1.0,0.0,2.0,Low
83014.0,2013-2014,29,1,36.7,1,1.0,0.0,1.0,0.0,2.0,Low
83016.0,2013-2014,80,2,24.3,4,0.0,0.0,0.0,0.0,2.0,Moderate
83018.0,2013-2014,20,2,19.2,2,0.0,0.0,0.0,0.0,2.0,Low
83019.0,2013-2014,57,2,27.2,4,1.0,1.0,0.0,0.0,2.0,Low
83020.0,2013-2014,62,1,29.8,4,1.0,1.0,1.0,0.0,1.0,High
83026.0,2013-2014,76,1,24.2,6,0.0,0.0,1.0,0.0,1.0,High
83027.0,2013-2014,50,2,27.2,4,1.0,0.0,1.0,1.0,2.0,Low
83031.0,2013-2014,49,1,30.2,2,0.0,0.0,0.0,0.0,2.0,Moderate
83033.0,2013-2014,60,2,24.2,4,1.0,1.0,0.0,1.0,2.0,Moderate
83037.0,2013-2014,66,2,31.0,4,0.0,1.0,1.0,1.0,2.0,Moderate
83041.0,2013-2014,32,2,26.9,3,0.0,0.0,0.0,0.0,2.0,Low
83042.0,2013-2014,26,2,41.5,4,1.0,0.0,0.0,2.0,2.0,Low
83045.0,2013-2014,51,1,22.9,1,1.0,0.0,0.0,0.0,2.0,Moderate
83046.0,2013-2014,79,2,28.1,4,0.0,1.0,0.0,0.0,2.0,Moderate
83047.0,2013-2014,31,1,20.9,6,0.0,0.0,0.0,0.0,2.0,Moderate
83048.0,2013-2014,48,1,32.1,3,1.0,1.0,1.0,0.0,2.0,Low
83050.0,2013-2014,46,2,22.2,2,0.0,0.0,1.0,0.0,2.0,Low
83052.0,2013-2014,76,1,28.1,4,0.0,1.0,0.0,1.0,2.0,Moderate
83058.0,2013-2014,27,1,22.4,7,0.0,0.0,1.0,2.0,2.0,Moderate
83061.0,2013-2014,55,2,39.2,1,0.0,1.0,0.0,0.0,1.0,High
83063.0,2013-2014,53,2,30.1,4,1.0,0.0,1.0,0.0,2.0,Moderate
83064.0,2013-2014,41,1,35.2,4,1.0,1.0,1.0,0.0,1.0,High
83065.0,2013-2014,44,2,26.2,4,0.0,0.0,0.0,2.0,2.0,Moderate
83067.0,2013-2014,34,2,34.0,3,0.0,1.0,1.0,0.0,1.0,High
83068.0,2013-2014,59,2,47.2,1,1.0,1.0,0.0,0.0,1.0,High
83069.0,2013-2014,25,2,23.7,6,1.0,0.0,0.0,0.0,2.0,Moderate
83070.0,2013-2014,71,2,29.6,6,1.0,1.0,0.0,0.0,1.0,High
83073.0,2013-2014,53,2,25.9,3,1.0,0.0,1.0,0.0,2.0,Low
83074.0,2013-2014,27,2,24.6,3,0.0,0.0,1.0,0.0,2.0,Low
83075.0,2013-2014,77,2,21.9,6,0.0,1.0,0.0,0.0,2.0,Moderate
83078.0,2013-2014,32,1,30.3,3,0.0,0.0,1.0,0.0,2.0,Moderate
83081.0,2013-2014,41,1,42.1,3,1.0,1.0,0.0,1.0,1.0,High
83082.0,2013-2014,27,1,29.9,4,1.0,0.0,0.0,0.0,2.0,Low
83083.0,2013-2014,23,2,31.7,2,1.0,0.0,0.0,0.0,2.0,Moderate
83084.0,2013-2014,50,1,27.1,1,1.0,0.0,1.0,0.0,2.0,Low
83087.0,2013-2014,39,1,35.0,3,0.0,0.0,0.0,2.0,2.0,Low
83088.0,2013-2014,78,2,20.0,4,0.0,0.0,0.0,0.0,2.0,Moderate
83092.0,2013-2014,57,1,26.8,1,1.0,0.0,0.0,0.0,2.0,Low
83094.0,2013-2014,43,1,24.6,6,1.0,0.0,0.0,1.0,1.0,High
83096.0,2013-2014,23,2,34.3,1,0.0,0.0,1.0,0.0,2.0,Low
83097.0,2013-2014,51,1,22.1,3,0.0,0.0,1.0,0.0,2.0,Low
83098.0,2013-2014,80,2,25.4,3,0.0,0.0,0.0,0.0,2.0,Low
83099.0,2013-2014,32,1,20.6,6,0.0,0.0,0.0,2.0,2.0,Low
83100.0,2013-2014,57,2,42.9,4,0.0,1.0,0.0,2.0,2.0,Low
83101.0,2013-2014,21,2,27.4,7,0.0,0.0,0.0,0.0,2.0,Low
83103.0,2013-2014,32,2,38.3,4,1.0,1.0,1.0,2.0,3.0,Moderate
83104.0,2013-2014,59,1,22.7,6,1.0,0.0,0.0,1.0,2.0,Low
83106.0,2013-2014,44,1,26.4,4,0.0,0.0,0.0,2.0,2.0,Moderate
83108.0,2013-2014,49,2,33.6,4,1.0,1.0,0.0,1.0,2.0,Low
83109.0,2013-2014,80,1,19.6,3,,1.0,0.0,0.0,2.0,Low
83110.0,2013-2014,34,1,32.2,1,0.0,0.0,1.0,1.0,2.0,Low
83111.0,2013-2014,64,2,22.5,6,0.0,0.0,0.0,0.0,2.0,High
83114.0,2013-2014,69,1,28.8,3,0.0,0.0,1.0,1.0,2.0,Moderate
83116.0,2013-2014,65,2,17.2,4,1.0,1.0,0.0,0.0,2.0,Moderate
83118.0,2013-2014,71,2,20.7,6,0.0,0.0,1.0,0.0,1.0,High
83122.0,2013-2014,48,2,30.4,3,0.0,0.0,1.0,2.0,2.0,Low
83123.0,2013-2014,50,1,33.5,4,1.0,1.0,0.0,0.0,1.0,High
83124.0,2013-2014,64,1,36.4,3,0.0,0.0,1.0,1.0,2.0,Moderate
83125.0,2013-2014,45,1,26.6,6,0.0,0.0,1.0,0.0,2.0,High
83127.0,2013-2014,38,1,32.1,1,0.0,0.0,0.0,0.0,2.0,Low
83128.0,2013-2014,35,1,30.4,4,1.0,0.0,0.0,1.0,2.0,Low
83129.0,2013-2014,74,2,27.6,6,0.0,0.0,0.0,0.0,2.0,Moderate
83130.0,2013-2014,38,1,31.0,6,1.0,1.0,0.0,0.0,1.0,High
83131.0,2013-2014,30,2,21.4,6,,0.0,1.0,1.0,2.0,Low
83136.0,2013-2014,31,1,25.4,3,0.0,0.0,1.0,1.0,2.0,Low
83138.0,2013-2014,54,1,30.7,4,1.0,1.0,0.0,2.0,1.0,High
83140.0,2013-2014,44,2,32.3,6,0.0,0.0,0.0,0.0,2.0,Low
83142.0,2013-2014,79,2,28.5,3,1.0,1.0,0.0,2.0,2.0,Low
83143.0,2013-2014,71,1,26.3,4,0.0,1.0,0.0,0.0,2.0,High
83144.0,2013-2014,34,2,40.5,3,1.0,0.0,0.0,0.0,2.0,Moderate
83146.0,2013-2014,67,1,28.8,2,1.0,1.0,1.0,1.0,2.0,Low
83147.0,2013-2014,73,1,39.4,3,0.0,0.0,0.0,0.0,2.0,High
83148.0,2013-2014,54,1,22.9,4,0.0,1.0,1.0,2.0,2.0,Low
83150.0,2013-2014,43,2,32.3,2,0.0,1.0,0.0,0.0,2.0,Moderate
83151.0,2013-2014,23,2,32.1,1,1.0,0.0,0.0,1.0,2.0,Moderate
83152.0,2013-2014,27,1,26.4,4,,0.0,1.0,2.0,2.0,Moderate
83153.0,2013-2014,20,1,18.6,6,0.0,0.0,0.0,2.0,2.0,Low
83154.0,2013-2014,26,1,24.4,3,0.0,0.0,1.0,0.0,2.0,Low
83157.0,2013-2014,31,1,29.6,6,1.0,0.0,1.0,0.0,2.0,Low
83158.0,2013-2014,38,1,23.3,3,0.0,0.0,1.0,1.0,2.0,Low
83159.0,2013-2014,47,1,27.1,4,1.0,1.0,0.0,2.0,2.0,Low
83160.0,2013-2014,80,2,30.4,3,1.0,1.0,0.0,1.0,2.0,Moderate
83163.0,2013-2014,57,1,24.5,1,0.0,1.0,0.0,2.0,2.0,Low
83165.0,2013-2014,47,2,21.5,6,0.0,0.0,0.0,0.0,2.0,Low
83170.0,2013-2014,68,2,32.4,1,1.0,1.0,1.0,2.0,1.0,High
83171.0,2013-2014,52,2,32.9,3,1.0,0.0,0.0,0.0,2.0,Low
83172.0,2013-2014,23,1,28.7,1,1.0,0.0,1.0,1.0,2.0,Moderate
83174.0,2013-2014,44,2,25.0,6,1.0,0.0,0.0,0.0,2.0,Low
83177.0,2013-2014,36,2,23.2,3,1.0,0.0,1.0,0.0,2.0,Low
83179.0,2013-2014,64,1,32.3,4,1.0,1.0,0.0,1.0,1.0,High
83180.0,2013-2014,30,1,27.7,6,0.0,0.0,1.0,0.0,2.0,Low
83182.0,2013-2014,45,2,22.7,4,1.0,0.0,0.0,0.0,2.0,Low
83183.0,2013-2014,76,1,32.3,1,0.0,0.0,0.0,1.0,1.0,High
83184.0,2013-2014,59,2,22.7,3,0.0,0.0,1.0,2.0,2.0,Low
83186.0,2013-2014,64,2,,3,0.0,1.0,0.0,2.0,2.0,Low
83187.0,2013-2014,65,1,20.7,3,1.0,0.0,1.0,2.0,1.0,High
83190.0,2013-2014,66,1,,2,0.0,1.0,0.0,0.0,2.0,Low
83191.0,2013-2014,62,2,27.5,6,1.0,0.0,0.0,0.0,1.0,High
83192.0,2013-2014,57,1,32.5,1,1.0,0.0,0.0,1.0,2.0,Moderate
83193.0,2013-2014,80,2,24.6,7,0.0,1.0,0.0,0.0,2.0,Low
83196.0,2013-2014,61,2,34.7,4,0.0,1.0,0.0,0.0,2.0,Moderate
83197.0,2013-2014,25,2,19.2,1,1.0,0.0,0.0,0.0,2.0,Low
83201.0,2013-2014,53,2,24.6,3,1.0,0.0,1.0,2.0,2.0,Moderate
83202.0,2013-2014,73,1,33.1,3,1.0,1.0,0.0,1.0,2.0,Moderate
83203.0,2013-2014,61,2,27.9,3,1.0,1.0,1.0,2.0,1.0,High
83206.0,2013-2014,36,1,28.6,3,0.0,0.0,1.0,0.0,2.0,Low
83207.0,2013-2014,60,1,38.8,1,0.0,1.0,0.0,0.0,1.0,High
83208.0,2013-2014,30,2,23.3,6,0.0,0.0,1.0,0.0,2.0,Low
83210.0,2013-2014,63,2,22.8,3,0.0,1.0,1.0,0.0,2.0,Low
83212.0,2013-2014,45,1,29.6,1,1.0,0.0,0.0,0.0,2.0,Moderate
83214.0,2013-2014,42,2,30.5,1,0.0,0.0,0.0,0.0,2.0,Low
83215.0,2013-2014,42,2,34.2,3,1.0,0.0,0.0,2.0,1.0,High
83218.0,2013-2014,52,1,25.4,3,1.0,0.0,0.0,2.0,2.0,Low
83220.0,2013-2014,23,1,31.8,2,1.0,0.0,1.0,0.0,2.0,Low
83222.0,2013-2014,51,2,27.8,2,1.0,0.0,0.0,1.0,2.0,Moderate
83233.0,2013-2014,51,1,19.5,7,0.0,1.0,1.0,2.0,2.0,Low
83236.0,2013-2014,52,2,24.8,3,1.0,1.0,1.0,2.0,2.0,Moderate
83237.0,2013-2014,52,2,31.9,3,0.0,1.0,1.0,2.0,2.0,Low
83238.0,2013-2014,79,2,24.3,6,0.0,0.0,0.0,1.0,2.0,Moderate
83239.0,2013-2014,80,1,26.9,2,1.0,1.0,0.0,1.0,3.0,High
83241.0,2013-2014,51,1,32.7,2,1.0,0.0,0.0,1.0,2.0,High
83244.0,2013-2014,80,1,20.9,3,1.0,0.0,0.0,1.0,1.0,High
83248.0,2013-2014,35,2,29.4,1,0.0,0.0,0.0,0.0,9.0,Low
83249.0,2013-2014,28,2,34.7,3,0.0,1.0,1.0,0.0,2.0,Low
83250.0,2013-2014,66,1,28.0,7,0.0,0.0,1.0,0.0,2.0,Moderate
83251.0,2013-2014,23,2,16.9,3,1.0,0.0,0.0,2.0,2.0,Low
83252.0,2013-2014,41,2,28.8,4,1.0,0.0,0.0,2.0,2.0,Low
83253.0,2013-2014,55,2,23.9,4,0.0,0.0,0.0,1.0,2.0,Moderate
83255.0,2013-2014,80,2,21.3,3,0.0,1.0,1.0,1.0,2.0,Low
83258.0,2013-2014,33,2,25.4,4,1.0,0.0,1.0,0.0,2.0,Low
83260.0,2013-2014,24,2,21.4,7,1.0,0.0,1.0,0.0,2.0,Low
83261.0,2013-2014,63,2,22.5,1,0.0,0.0,0.0,0.0,2.0,Low
83262.0,2013-2014,80,1,25.2,3,0.0,1.0,1.0,0.0,2.0,Low
83263.0,2013-2014,41,1,22.1,6,1.0,0.0,0.0,0.0,2.0,High
83268.0,2013-2014,25,1,27.3,3,0.0,0.0,1.0,1.0,2.0,Low
83271.0,2013-2014,21,1,24.9,3,0.0,0.0,0.0,1.0,2.0,Low
83272.0,2013-2014,65,2,27.0,1,1.0,0.0,1.0,0.0,2.0,Low
83276.0,2013-2014,35,1,24.2,3,0.0,0.0,1.0,1.0,2.0,Low
83277.0,2013-2014,51,1,22.7,4,0.0,1.0,1.0,2.0,2.0,Moderate
83278.0,2013-2014,38,2,23.7,3,0.0,0.0,1.0,1.0,2.0,Low
83279.0,2013-2014,75,2,27.1,3,0.0,0.0,0.0,0.0,2.0,Low
83280.0,2013-2014,39,1,37.1,3,1.0,1.0,1.0,1.0,2.0,Low
83282.0,2013-2014,71,2,27.8,3,0.0,1.0,0.0,0.0,2.0,Moderate
83284.0,2013-2014,52,2,18.3,3,0.0,0.0,1.0,0.0,2.0,Low
83285.0,2013-2014,29,1,24.5,3,0.0,0.0,0.0,0.0,2.0,Low
83286.0,2013-2014,24,2,21.5,1,1.0,0.0,1.0,0.0,2.0,Low
83287.0,2013-2014,63,2,24.9,4,1.0,0.0,0.0,0.0,2.0,Moderate
83289.0,2013-2014,23,1,51.9,4,1.0,0.0,1.0,0.0,2.0,Low
83291.0,2013-2014,38,1,30.1,7,1.0,0.0,0.0,2.0,2.0,Low
83292.0,2013-2014,64,2,31.7,1,0.0,0.0,0.0,0.0,2.0,Moderate
83294.0,2013-2014,80,1,24.2,2,0.0,1.0,0.0,0.0,1.0,High
83296.0,2013-2014,25,2,21.4,3,0.0,0.0,1.0,0.0,2.0,Low
83297.0,2013-2014,75,2,27.3,3,0.0,1.0,0.0,0.0,2.0,Low
83299.0,2013-2014,66,1,27.2,3,0.0,1.0,0.0,0.0,2.0,Moderate
83300.0,2013-2014,80,2,38.3,3,1.0,1.0,0.0,1.0,2.0,High
83301.0,2013-2014,30,2,42.0,3,0.0,1.0,1.0,0.0,2.0,Low
83305.0,2013-2014,53,2,53.6,1,1.0,1.0,1.0,0.0,2.0,Low
83309.0,2013-2014,42,2,23.0,6,1.0,0.0,0.0,0.0,2.0,Low
83311.0,2013-2014,63,1,28.0,3,0.0,0.0,0.0,0.0,2.0,Moderate
83313.0,2013-2014,24,2,29.0,4,0.0,0.0,0.0,0.0,2.0,Low
83314.0,2013-2014,54,1,39.7,4,1.0,1.0,0.0,0.0,2.0,Moderate
83316.0,2013-2014,31,2,34.9,4,0.0,0.0,0.0,0.0,2.0,Moderate
83320.0,2013-2014,63,1,31.2,1,1.0,0.0,0.0,1.0,2.0,Low
83321.0,2013-2014,80,2,27.9,4,1.0,1.0,0.0,1.0,1.0,High
83323.0,2013-2014,68,1,30.6,4,0.0,1.0,1.0,1.0,2.0,Moderate
83326.0,2013-2014,65,2,25.7,3,0.0,0.0,1.0,0.0,2.0,Low
83328.0,2013-2014,48,2,34.5,1,1.0,1.0,1.0,0.0,2.0,Low
83329.0,2013-2014,21,2,19.9,2,1.0,0.0,1.0,0.0,2.0,Low
83333.0,2013-2014,47,1,25.5,6,0.0,0.0,1.0,1.0,2.0,Moderate
83334.0,2013-2014,27,1,25.6,4,0.0,0.0,0.0,0.0,2.0,Low
83336.0,2013-2014,32,2,27.8,1,1.0,1.0,1.0,0.0,2.0,Low
83338.0,2013-2014,52,1,22.5,6,0.0,0.0,1.0,1.0,2.0,Low
83341.0,2013-2014,68,2,19.7,4,0.0,1.0,0.0,2.0,2.0,Moderate
83345.0,2013-2014,54,1,34.0,3,1.0,0.0,1.0,1.0,3.0,High
83347.0,2013-2014,80,2,24.9,3,0.0,0.0,0.0,1.0,2.0,Moderate
83351.0,2013-2014,63,1,35.6,3,1.0,0.0,0.0,1.0,1.0,High
83352.0,2013-2014,20,1,28.1,4,0.0,0.0,1.0,0.0,2.0,Low
83354.0,2013-2014,48,2,31.3,4,1.0,0.0,0.0,0.0,2.0,Low
83356.0,2013-2014,21,2,25.9,3,1.0,0.0,0.0,2.0,2.0,Low
83358.0,2013-2014,37,1,36.9,4,1.0,0.0,0.0,0.0,2.0,Moderate
83359.0,2013-2014,60,2,41.1,1,1.0,1.0,0.0,2.0,1.0,High
83360.0,2013-2014,25,1,21.9,3,1.0,0.0,1.0,1.0,2.0,Low
83362.0,2013-2014,31,2,20.6,6,0.0,0.0,0.0,0.0,2.0,Moderate
83363.0,2013-2014,28,1,27.5,3,0.0,0.0,0.0,1.0,2.0,Low
83364.0,2013-2014,46,1,33.7,1,1.0,0.0,1.0,1.0,2.0,Low
83365.0,2013-2014,48,2,32.5,2,0.0,0.0,0.0,0.0,2.0,Moderate
83368.0,2013-2014,43,2,20.3,6,1.0,0.0,1.0,0.0,2.0,Low
83369.0,2013-2014,63,2,24.4,4,0.0,1.0,1.0,1.0,2.0,Moderate
83372.0,2013-2014,25,2,25.5,2,0.0,0.0,0.0,0.0,2.0,Low
83374.0,2013-2014,61,1,34.6,3,,0.0,1.0,1.0,1.0,High
83375.0,2013-2014,70,1,30.4,2,0.0,1.0,0.0,1.0,2.0,Moderate
83376.0,2013-2014,43,2,50.0,4,1.0,0.0,0.0,0.0,2.0,High
83379.0,2013-2014,48,2,23.7,3,0.0,0.0,1.0,2.0,2.0,Low
83380.0,2013-2014,46,2,24.1,3,0.0,0.0,1.0,0.0,2.0,Low
83381.0,2013-2014,59,1,36.6,7,1.0,1.0,0.0,2.0,1.0,High
83382.0,2013-2014,44,1,27.1,3,0.0,0.0,1.0,0.0,2.0,Moderate
83385.0,2013-2014,50,2,20.1,3,0.0,0.0,0.0,2.0,2.0,Low
83388.0,2013-2014,50,1,28.2,3,1.0,0.0,1.0,0.0,2.0,Low
83389.0,2013-2014,30,1,35.7,3,0.0,0.0,1.0,0.0,2.0,Low
83390.0,2013-2014,71,1,31.9,1,0.0,1.0,0.0,1.0,2.0,High
83391.0,2013-2014,56,2,37.7,1,1.0,1.0,1.0,0.0,1.0,High
83392.0,2013-2014,35,1,30.9,3,0.0,0.0,0.0,1.0,2.0,Low
83393.0,2013-2014,23,2,25.7,3,0.0,0.0,0.0,0.0,2.0,Low
83394.0,2013-2014,80,1,30.4,3,0.0,1.0,1.0,1.0,2.0,Low
83395.0,2013-2014,75,2,34.5,2,0.0,0.0,1.0,0.0,2.0,Low
83396.0,2013-2014,21,1,16.7,6,0.0,0.0,0.0,2.0,2.0,Low
83398.0,2013-2014,56,2,24.8,1,0.0,0.0,1.0,0.0,2.0,Moderate
83399.0,2013-2014,23,1,19.4,7,0.0,0.0,1.0,0.0,2.0,Low
83403.0,2013-2014,80,2,30.0,3,1.0,1.0,0.0,1.0,2.0,Moderate
83406.0,2013-2014,80,2,23.4,3,0.0,1.0,1.0,1.0,2.0,Low
83408.0,2013-2014,36,1,22.5,3,,0.0,0.0,2.0,2.0,Low
83409.0,2013-2014,43,2,30.1,2,1.0,0.0,0.0,0.0,2.0,Moderate
83411.0,2013-2014,41,2,22.2,1,1.0,1.0,0.0,0.0,3.0,Moderate
83412.0,2013-2014,33,2,22.5,4,1.0,0.0,0.0,0.0,2.0,Low
83414.0,2013-2014,47,1,36.8,1,1.0,0.0,0.0,1.0,2.0,Moderate
83415.0,2013-2014,26,2,19.9,6,0.0,0.0,1.0,0.0,2.0,Low
83417.0,2013-2014,33,1,27.4,2,0.0,0.0,0.0,2.0,2.0,High
83420.0,2013-2014,80,2,25.8,3,1.0,1.0,0.0,0.0,2.0,Moderate
83423.0,2013-2014,66,1,25.9,2,1.0,0.0,1.0,1.0,2.0,Moderate
83424.0,2013-2014,57,2,27.6,4,0.0,1.0,0.0,0.0,1.0,High
83425.0,2013-2014,34,2,21.8,6,0.0,0.0,1.0,0.0,2.0,Low
83426.0,2013-2014,56,2,36.5,3,,1.0,0.0,0.0,1.0,High
83427.0,2013-2014,27,2,28.8,1,0.0,0.0,1.0,0.0,2.0,Low
83428.0,2013-2014,63,2,25.1,3,0.0,1.0,1.0,1.0,2.0,Low
83429.0,2013-2014,61,2,35.2,2,1.0,1.0,0.0,0.0,2.0,Moderate
83430.0,2013-2014,23,2,24.6,4,1.0,0.0,1.0,0.0,2.0,Low
83431.0,2013-2014,64,2,23.7,3,1.0,0.0,0.0,0.0,3.0,Moderate
83432.0,2013-2014,62,1,32.6,3,1.0,1.0,1.0,0.0,1.0,High
83433.0,2013-2014,29,2,22.8,3,1.0,0.0,1.0,0.0,2.0,Low
83436.0,2013-2014,76,1,24.1,1,1.0,1.0,0.0,0.0,1.0,High
83437.0,2013-2014,49,2,38.9,4,1.0,1.0,1.0,0.0,1.0,High
83438.0,2013-2014,57,1,28.3,4,0.0,1.0,1.0,0.0,2.0,Moderate
83439.0,2013-2014,30,1,24.6,6,,0.0,1.0,0.0,2.0,Low
83441.0,2013-2014,62,1,22.3,1,1.0,0.0,1.0,0.0,2.0,Low
83445.0,2013-2014,80,2,25.9,3,0.0,1.0,1.0,1.0,2.0,Moderate
83446.0,2013-2014,68,1,31.2,4,0.0,1.0,0.0,1.0,1.0,High
83447.0,2013-2014,32,1,38.2,2,0.0,0.0,1.0,1.0,2.0,Moderate
83448.0,2013-2014,43,2,32.8,6,1.0,0.0,1.0,0.0,2.0,High
83450.0,2013-2014,68,1,29.4,2,1.0,0.0,1.0,0.0,2.0,Moderate
83452.0,2013-2014,48,1,31.3,3,0.0,0.0,0.0,2.0,2.0,Moderate
83455.0,2013-2014,44,2,21.6,3,0.0,0.0,1.0,0.0,2.0,Low
83456.0,2013-2014,65,2,21.9,1,1.0,0.0,0.0,1.0,2.0,Low
83459.0,2013-2014,31,2,45.1,3,0.0,0.0,1.0,0.0,2.0,Low
83460.0,2013-2014,79,1,26.0,4,0.0,0.0,0.0,1.0,2.0,Moderate
83461.0,2013-2014,42,2,23.4,2,0.0,0.0,0.0,2.0,2.0,Low
83464.0,2013-2014,75,2,28.6,4,0.0,1.0,0.0,0.0,2.0,Moderate
83465.0,2013-2014,24,1,25.1,3,0.0,0.0,1.0,1.0,2.0,Low
83466.0,2013-2014,32,2,32.2,2,1.0,0.0,0.0,1.0,2.0,Low
83467.0,2013-2014,20,1,25.0,4,1.0,0.0,1.0,0.0,2.0,Low
83472.0,2013-2014,63,2,25.1,3,0.0,0.0,1.0,1.0,2.0,Low
83476.0,2013-2014,22,1,23.0,1,1.0,0.0,1.0,2.0,2.0,Low
83477.0,2013-2014,20,1,25.3,4,0.0,1.0,1.0,0.0,2.0,Low
83478.0,2013-2014,33,1,26.7,3,0.0,0.0,1.0,0.0,2.0,Low
83480.0,2013-2014,24,2,22.0,3,0.0,0.0,1.0,0.0,2.0,Low
83481.0,2013-2014,80,1,32.9,4,1.0,1.0,0.0,0.0,3.0,High
83483.0,2013-2014,54,2,36.1,4,0.0,1.0,1.0,2.0,2.0,Moderate
83484.0,2013-2014,67,2,32.9,3,0.0,0.0,0.0,0.0,2.0,Low
83486.0,2013-2014,25,2,21.2,3,0.0,0.0,1.0,2.0,2.0,Low
83487.0,2013-2014,33,1,27.0,3,1.0,0.0,0.0,0.0,2.0,Low
83491.0,2013-2014,39,2,40.0,4,1.0,1.0,0.0,0.0,2.0,Moderate
83492.0,2013-2014,22,1,24.3,7,0.0,0.0,0.0,0.0,2.0,Low
83497.0,2013-2014,29,2,23.2,3,0.0,0.0,0.0,2.0,2.0,Low
83499.0,2013-2014,30,1,32.0,4,1.0,1.0,1.0,1.0,2.0,Low
83503.0,2013-2014,24,1,33.2,4,1.0,0.0,1.0,0.0,2.0,Low
83505.0,2013-2014,70,2,23.0,6,0.0,1.0,1.0,0.0,3.0,Moderate
83506.0,2013-2014,46,1,34.6,3,1.0,1.0,0.0,1.0,2.0,Low
83507.0,2013-2014,50,1,27.5,2,1.0,0.0,0.0,2.0,1.0,High
83510.0,2013-2014,54,1,32.8,4,0.0,0.0,0.0,1.0,2.0,Low
83511.0,2013-2014,68,2,,7,0.0,1.0,1.0,0.0,2.0,Low
83514.0,2013-2014,53,2,26.3,1,1.0,1.0,1.0,0.0,2.0,Low
83516.0,2013-2014,66,2,23.9,6,0.0,1.0,1.0,0.0,2.0,Low
83518.0,2013-2014,33,2,30.2,4,1.0,0.0,0.0,0.0,2.0,Low
83520.0,2013-2014,49,2,22.4,2,0.0,0.0,1.0,2.0,2.0,Low
83522.0,2013-2014,35,2,24.1,6,1.0,0.0,0.0,0.0,2.0,Moderate
83524.0,2013-2014,55,2,19.9,6,1.0,1.0,1.0,0.0,2.0,Moderate
83525.0,2013-2014,33,1,35.7,3,0.0,0.0,0.0,0.0,2.0,Low
83526.0,2013-2014,58,1,37.8,1,0.0,0.0,1.0,0.0,2.0,Low
83528.0,2013-2014,69,1,24.7,4,1.0,1.0,1.0,1.0,2.0,Moderate
83529.0,2013-2014,59,2,21.1,6,0.0,0.0,1.0,0.0,2.0,Low
83530.0,2013-2014,80,2,,3,0.0,1.0,0.0,1.0,2.0,Moderate
83533.0,2013-2014,63,1,28.4,4,1.0,1.0,0.0,1.0,1.0,High
83535.0,2013-2014,69,1,31.7,4,1.0,1.0,1.0,2.0,2.0,Low
83536.0,2013-2014,20,2,38.9,1,0.0,0.0,1.0,0.0,3.0,Moderate
83539.0,2013-2014,73,2,20.9,6,0.0,1.0,0.0,0.0,1.0,High
83540.0,2013-2014,30,1,26.9,3,0.0,0.0,0.0,2.0,2.0,Low
83541.0,2013-2014,44,1,27.1,1,0.0,0.0,1.0,0.0,2.0,Low
83542.0,2013-2014,71,2,35.1,4,1.0,1.0,0.0,0.0,1.0,High
83543.0,2013-2014,71,1,22.7,4,0.0,1.0,0.0,1.0,2.0,Moderate
83544.0,2013-2014,68,1,29.6,1,,1.0,1.0,1.0,1.0,High
83546.0,2013-2014,59,1,26.4,3,0.0,0.0,1.0,0.0,2.0,Low
83552.0,2013-2014,60,1,27.9,2,1.0,1.0,0.0,0.0,3.0,High
83553.0,2013-2014,71,1,36.1,7,1.0,1.0,0.0,1.0,2.0,Moderate
83554.0,2013-2014,49,1,31.3,7,1.0,0.0,0.0,0.0,2.0,Low
83556.0,2013-2014,55,2,26.8,6,1.0,0.0,0.0,0.0,1.0,High
83557.0,2013-2014,61,1,26.5,4,1.0,1.0,1.0,1.0,1.0,High
83558.0,2013-2014,43,2,28.0,4,0.0,0.0,1.0,0.0,2.0,Low
83562.0,2013-2014,21,2,21.1,3,1.0,0.0,1.0,0.0,2.0,Low
83563.0,2013-2014,59,2,30.1,3,1.0,1.0,1.0,1.0,2.0,Moderate
83565.0,2013-2014,34,1,34.9,7,0.0,1.0,1.0,2.0,2.0,Low
83567.0,2013-2014,68,1,23.6,4,1.0,1.0,0.0,2.0,2.0,Moderate
83568.0,2013-2014,32,2,26.9,4,1.0,0.0,1.0,0.0,2.0,Moderate
83569.0,2013-2014,53,1,27.6,3,0.0,0.0,0.0,1.0,2.0,Low
83575.0,2013-2014,20,1,22.6,4,0.0,1.0,1.0,2.0,2.0,Low
83576.0,2013-2014,65,2,44.0,3,0.0,1.0,1.0,0.0,2.0,Moderate
83578.0,2013-2014,63,2,27.1,3,0.0,0.0,1.0,1.0,2.0,Low
83580.0,2013-2014,28,1,29.8,3,0.0,0.0,1.0,2.0,2.0,Low
83581.0,2013-2014,41,2,24.6,4,0.0,0.0,1.0,0.0,2.0,Moderate
83583.0,2013-2014,20,1,37.4,3,0.0,0.0,1.0,2.0,2.0,Low
83584.0,2013-2014,56,2,32.9,3,0.0,1.0,0.0,2.0,2.0,Low
83585.0,2013-2014,43,1,37.3,3,0.0,1.0,0.0,1.0,2.0,High
83586.0,2013-2014,50,1,21.9,3,1.0,0.0,1.0,0.0,2.0,Low
83589.0,2013-2014,59,1,26.6,3,0.0,1.0,1.0,1.0,2.0,Low
83590.0,2013-2014,77,1,36.0,4,0.0,1.0,1.0,0.0,2.0,Moderate
83592.0,2013-2014,58,1,29.0,3,1.0,1.0,0.0,0.0,2.0,Low
83595.0,2013-2014,63,1,33.9,4,1.0,1.0,1.0,0.0,2.0,Moderate
83597.0,2013-2014,42,2,29.4,3,,0.0,1.0,0.0,2.0,Low
83600.0,2013-2014,80,2,28.0,3,0.0,1.0,0.0,1.0,3.0,Moderate
83604.0,2013-2014,60,1,24.5,6,0.0,0.0,0.0,1.0,2.0,Moderate
83605.0,2013-2014,68,1,,3,0.0,1.0,0.0,0.0,2.0,Moderate
83612.0,2013-2014,72,1,30.5,3,0.0,1.0,0.0,1.0,2.0,Moderate
83613.0,2013-2014,23,1,23.8,3,0.0,0.0,1.0,2.0,2.0,Low
83614.0,2013-2014,62,1,23.1,4,1.0,0.0,0.0,2.0,1.0,High
83615.0,2013-2014,80,1,24.9,3,0.0,1.0,1.0,0.0,2.0,Moderate
83616.0,2013-2014,60,2,34.7,1,0.0,1.0,0.0,0.0,1.0,High
83618.0,2013-2014,40,1,29.4,2,0.0,0.0,0.0,2.0,2.0,Low
83619.0,2013-2014,31,1,26.7,3,0.0,0.0,1.0,0.0,2.0,Low
83620.0,2013-2014,29,2,20.0,6,,0.0,1.0,0.0,2.0,Low
83623.0,2013-2014,80,1,28.4,3,0.0,1.0,1.0,1.0,2.0,Low
83624.0,2013-2014,50,2,34.3,4,1.0,0.0,0.0,0.0,2.0,High
83625.0,2013-2014,58,2,24.6,1,0.0,0.0,1.0,0.0,2.0,Moderate
83627.0,2013-2014,49,1,28.5,3,1.0,0.0,0.0,2.0,2.0,Moderate
83630.0,2013-2014,80,2,26.0,3,0.0,1.0,0.0,0.0,2.0,Moderate
83632.0,2013-2014,47,1,29.1,3,1.0,0.0,0.0,2.0,2.0,Low
83633.0,2013-2014,45,1,29.7,3,1.0,1.0,0.0,2.0,2.0,Low
83634.0,2013-2014,51,1,27.5,3,1.0,0.0,0.0,2.0,2.0,Moderate
83636.0,2013-2014,25,1,26.7,3,1.0,0.0,1.0,0.0,2.0,Low
83637.0,2013-2014,40,1,48.0,1,0.0,1.0,0.0,0.0,2.0,Low
83638.0,2013-2014,80,1,24.2,3,0.0,1.0,0.0,1.0,2.0,Moderate
83639.0,2013-2014,80,2,14.2,3,0.0,1.0,0.0,1.0,2.0,Moderate
83640.0,2013-2014,79,2,28.0,2,0.0,1.0,0.0,1.0,2.0,Low
83642.0,2013-2014,33,1,27.4,7,0.0,0.0,0.0,1.0,2.0,Moderate
83643.0,2013-2014,29,2,22.3,3,0.0,0.0,1.0,2.0,2.0,Low
83646.0,2013-2014,56,1,21.7,4,1.0,0.0,0.0,2.0,2.0,Moderate
83647.0,2013-2014,20,2,29.3,3,0.0,0.0,0.0,2.0,2.0,Low
83650.0,2013-2014,67,2,23.9,2,1.0,1.0,0.0,0.0,1.0,High
83655.0,2013-2014,41,1,48.1,3,0.0,0.0,0.0,1.0,1.0,High
83658.0,2013-2014,50,2,32.7,2,1.0,0.0,1.0,2.0,2.0,Moderate
83660.0,2013-2014,69,1,29.5,1,0.0,1.0,1.0,0.0,1.0,High
83662.0,2013-2014,80,1,,3,0.0,1.0,1.0,1.0,2.0,Low
83663.0,2013-2014,72,2,27.9,3,0.0,1.0,1.0,0.0,3.0,High
83664.0,2013-2014,37,1,19.7,4,1.0,0.0,1.0,2.0,2.0,Low
83665.0,2013-2014,31,2,26.2,6,0.0,0.0,0.0,0.0,2.0,Low
83667.0,2013-2014,30,2,31.4,6,1.0,0.0,0.0,0.0,2.0,Low
83668.0,2013-2014,21,2,20.7,6,1.0,0.0,1.0,0.0,2.0,Low
83669.0,2013-2014,41,1,22.4,3,0.0,0.0,1.0,0.0,2.0,Low
83672.0,2013-2014,36,1,35.7,4,0.0,0.0,1.0,0.0,2.0,Low
83674.0,2013-2014,40,1,32.8,3,1.0,0.0,1.0,0.0,2.0,Low
83676.0,2013-2014,51,2,25.9,1,1.0,0.0,1.0,0.0,1.0,High
83678.0,2013-2014,42,2,18.3,3,0.0,0.0,1.0,2.0,2.0,Low
83683.0,2013-2014,33,2,30.0,1,0.0,0.0,1.0,0.0,2.0,Moderate
83684.0,2013-2014,80,1,28.8,3,0.0,1.0,1.0,0.0,2.0,Moderate
83687.0,2013-2014,70,2,31.4,3,0.0,1.0,0.0,0.0,2.0,Moderate
83688.0,2013-2014,29,2,22.5,3,0.0,0.0,1.0,1.0,2.0,Low
83689.0,2013-2014,30,2,23.6,4,0.0,0.0,1.0,0.0,2.0,Low
83690.0,2013-2014,49,2,28.6,3,0.0,0.0,0.0,2.0,2.0,Moderate
83692.0,2013-2014,68,1,19.1,4,1.0,0.0,0.0,2.0,2.0,Moderate
83694.0,2013-2014,36,2,25.3,7,1.0,0.0,1.0,1.0,2.0,Low
83699.0,2013-2014,37,2,20.8,3,1.0,0.0,1.0,2.0,2.0,Low
83700.0,2013-2014,29,2,26.3,3,0.0,0.0,0.0,0.0,2.0,Low
83701.0,2013-2014,45,2,25.6,4,1.0,1.0,0.0,0.0,2.0,Low
83702.0,2013-2014,80,2,27.9,3,0.0,1.0,1.0,0.0,2.0,Moderate
83703.0,2013-2014,22,1,35.2,1,0.0,0.0,0.0,2.0,2.0,Low
83705.0,2013-2014,35,2,25.6,2,1.0,0.0,1.0,1.0,2.0,Low
83708.0,2013-2014,64,1,49.4,3,1.0,1.0,0.0,0.0,1.0,High
83709.0,2013-2014,24,1,24.3,3,0.0,0.0,1.0,0.0,2.0,Low
83711.0,2013-2014,38,2,33.5,3,0.0,0.0,0.0,0.0,2.0,Moderate
83712.0,2013-2014,61,1,30.0,3,0.0,1.0,0.0,0.0,2.0,Moderate
83713.0,2013-2014,34,1,23.7,6,0.0,0.0,0.0,0.0,2.0,Moderate
83715.0,2013-2014,58,1,26.3,3,0.0,0.0,0.0,2.0,2.0,Moderate
83717.0,2013-2014,80,2,21.3,1,0.0,1.0,0.0,0.0,2.0,Moderate
83718.0,2013-2014,60,2,27.4,4,1.0,1.0,1.0,2.0,2.0,Low
83720.0,2013-2014,36,1,23.9,4,0.0,0.0,1.0,0.0,2.0,Moderate
83721.0,2013-2014,52,1,25.6,3,0.0,0.0,1.0,0.0,2.0,Low
83723.0,2013-2014,61,1,33.1,1,0.0,0.0,1.0,0.0,1.0,High
83724.0,2013-2014,80,1,24.9,3,0.0,1.0,1.0,1.0,2.0,Low
83726.0,2013-2014,40,1,26.8,1,0.0,0.0,1.0,0.0,2.0,Low
83727.0,2013-2014,26,1,24.5,2,0.0,0.0,0.0,0.0,2.0,Moderate
83729.0,2013-2014,42,2,34.0,4,0.0,0.0,1.0,0.0,2.0,Low
83732.0,2015-2016,62,1,27.8,3,1.0,0.0,1.0,1.0,1.0,High
83733.0,2015-2016,53,1,30.8,3,1.0,0.0,0.0,2.0,2.0,Moderate
83734.0,2015-2016,78,1,28.8,3,0.0,1.0,0.0,1.0,1.0,High
83735.0,2015-2016,56,2,42.4,3,,0.0,0.0,0.0,2.0,Low
83736.0,2015-2016,42,2,20.3,4,,0.0,0.0,0.0,2.0,Low
83737.0,2015-2016,72,2,28.6,1,1.0,0.0,0.0,0.0,2.0,Moderate
83741.0,2015-2016,22,1,28.0,4,1.0,0.0,1.0,2.0,2.0,Low
83742.0,2015-2016,32,2,28.2,1,1.0,0.0,1.0,0.0,2.0,Low
83744.0,2015-2016,56,1,33.6,4,1.0,1.0,0.0,0.0,1.0,High
83747.0,2015-2016,46,1,27.6,3,,1.0,1.0,2.0,2.0,Moderate
83750.0,2015-2016,45,1,24.1,7,0.0,0.0,1.0,1.0,2.0,Low
83752.0,2015-2016,30,2,26.6,2,0.0,0.0,1.0,1.0,2.0,Low
83754.0,2015-2016,67,2,43.7,2,1.0,1.0,1.0,0.0,2.0,High
83755.0,2015-2016,67,1,28.8,4,1.0,1.0,1.0,0.0,1.0,High
83757.0,2015-2016,57,2,35.4,2,1.0,1.0,1.0,0.0,1.0,High
83761.0,2015-2016,24,2,25.3,6,0.0,0.0,0.0,0.0,2.0,Moderate
83762.0,2015-2016,27,2,38.0,4,1.0,0.0,0.0,2.0,2.0,Low
83767.0,2015-2016,54,2,26.3,6,1.0,1.0,0.0,0.0,2.0,Moderate
83769.0,2015-2016,49,1,25.0,6,0.0,0.0,0.0,0.0,2.0,Moderate
83773.0,2015-2016,80,2,30.2,3,1.0,1.0,0.0,0.0,2.0,Moderate
83775.0,2015-2016,69,2,30.3,2,0.0,1.0,1.0,1.0,2.0,Low
83776.0,2015-2016,58,2,22.8,1,1.0,0.0,0.0,0.0,2.0,Low
83777.0,2015-2016,56,1,25.0,6,1.0,1.0,0.0,0.0,1.0,High
83781.0,2015-2016,27,2,34.0,4,1.0,0.0,0.0,0.0,2.0,Low
83784.0,2015-2016,22,1,25.3,2,0.0,0.0,0.0,1.0,2.0,Low
83785.0,2015-2016,60,2,35.9,2,1.0,1.0,1.0,1.0,1.0,High
83786.0,2015-2016,51,1,30.8,4,0.0,1.0,1.0,0.0,2.0,Low
83787.0,2015-2016,68,2,33.5,1,0.0,1.0,0.0,0.0,2.0,Moderate
83788.0,2015-2016,69,2,31.0,3,1.0,0.0,0.0,1.0,2.0,Moderate
83789.0,2015-2016,66,1,34.0,3,0.0,1.0,1.0,0.0,2.0,Moderate
83790.0,2015-2016,56,1,24.4,3,1.0,0.0,0.0,2.0,2.0,High
83791.0,2015-2016,80,2,28.0,3,0.0,0.0,0.0,0.0,2.0,Low
83799.0,2015-2016,37,2,25.5,2,0.0,0.0,1.0,0.0,2.0,Moderate
83801.0,2015-2016,80,2,23.7,3,0.0,1.0,0.0,1.0,2.0,Moderate
83802.0,2015-2016,29,2,23.7,1,1.0,0.0,1.0,0.0,2.0,Low
83803.0,2015-2016,27,1,28.6,4,0.0,0.0,0.0,0.0,2.0,Low
83809.0,2015-2016,20,2,26.2,4,1.0,0.0,1.0,0.0,2.0,Moderate
83812.0,2015-2016,68,2,29.1,1,1.0,1.0,0.0,0.0,1.0,High
83813.0,2015-2016,24,1,26.9,3,0.0,0.0,1.0,1.0,2.0,Moderate
83816.0,2015-2016,27,1,18.6,3,0.0,0.0,1.0,0.0,2.0,Low
83817.0,2015-2016,42,1,25.5,3,0.0,0.0,1.0,0.0,2.0,Low
83818.0,2015-2016,80,2,28.5,2,1.0,1.0,0.0,0.0,2.0,Moderate
83820.0,2015-2016,70,1,27.0,3,0.0,0.0,1.0,1.0,2.0,Low
83821.0,2015-2016,80,1,29.1,3,0.0,1.0,0.0,1.0,2.0,Moderate
83822.0,2015-2016,20,2,22.2,4,0.0,0.0,0.0,0.0,2.0,Low
83823.0,2015-2016,29,2,29.7,1,0.0,0.0,0.0,0.0,2.0,Moderate
83824.0,2015-2016,23,1,22.3,6,0.0,0.0,1.0,0.0,2.0,Low
83827.0,2015-2016,61,1,29.5,4,0.0,1.0,1.0,1.0,2.0,Moderate
83828.0,2015-2016,39,2,27.2,1,1.0,0.0,0.0,0.0,2.0,Moderate
83829.0,2015-2016,50,1,22.6,6,1.0,0.0,1.0,0.0,2.0,Low
83832.0,2015-2016,50,2,42.6,1,1.0,0.0,0.0,0.0,2.0,Moderate
83834.0,2015-2016,69,1,28.2,4,0.0,0.0,1.0,1.0,2.0,Moderate
83837.0,2015-2016,45,2,35.2,1,1.0,0.0,0.0,0.0,1.0,High
83843.0,2015-2016,80,1,24.2,3,0.0,1.0,0.0,1.0,2.0,Low
83844.0,2015-2016,27,1,23.1,1,0.0,0.0,1.0,0.0,2.0,Moderate
83845.0,2015-2016,44,2,45.3,4,1.0,1.0,0.0,2.0,3.0,High
83849.0,2015-2016,71,1,27.6,2,0.0,1.0,1.0,2.0,1.0,High
83851.0,2015-2016,37,2,35.3,3,0.0,0.0,0.0,2.0,2.0,Low
83853.0,2015-2016,49,2,27.4,3,0.0,1.0,1.0,0.0,2.0,High
83854.0,2015-2016,46,2,41.6,1,0.0,0.0,0.0,0.0,2.0,Moderate
83856.0,2015-2016,30,1,27.0,3,1.0,0.0,0.0,1.0,2.0,Low
83857.0,2015-2016,31,2,27.8,3,0.0,1.0,1.0,0.0,2.0,Low
83860.0,2015-2016,41,1,40.7,4,0.0,0.0,0.0,2.0,2.0,Moderate
83863.0,2015-2016,35,1,31.1,1,1.0,0.0,0.0,0.0,2.0,Low
83865.0,2015-2016,21,2,16.3,3,0.0,0.0,1.0,2.0,2.0,Low
83866.0,2015-2016,40,1,30.7,4,0.0,0.0,1.0,2.0,2.0,Low
83869.0,2015-2016,67,2,23.9,3,0.0,0.0,0.0,2.0,2.0,Moderate
83870.0,2015-2016,48,1,28.6,1,1.0,0.0,1.0,1.0,2.0,Low
83871.0,2015-2016,30,2,27.4,1,0.0,0.0,1.0,0.0,2.0,Low
83872.0,2015-2016,63,1,23.3,1,0.0,1.0,0.0,0.0,1.0,High
83874.0,2015-2016,54,1,30.2,1,0.0,0.0,1.0,1.0,2.0,Low
83875.0,2015-2016,42,2,34.4,4,1.0,0.0,1.0,0.0,2.0,Moderate
83876.0,2015-2016,71,2,26.4,3,0.0,1.0,0.0,1.0,2.0,Low
83880.0,2015-2016,79,2,24.0,3,0.0,0.0,0.0,0.0,2.0,Moderate
83881.0,2015-2016,32,2,23.9,3,1.0,0.0,1.0,0.0,2.0,Low
83883.0,2015-2016,80,2,20.1,1,,1.0,1.0,0.0,2.0,Low
83884.0,2015-2016,61,1,22.3,1,1.0,0.0,0.0,2.0,2.0,Low
83885.0,2015-2016,38,2,21.8,6,0.0,0.0,1.0,0.0,2.0,Low
83886.0,2015-2016,74,1,27.2,3,0.0,1.0,1.0,1.0,1.0,High
83887.0,2015-2016,51,2,23.1,4,0.0,0.0,0.0,0.0,2.0,Moderate
83889.0,2015-2016,26,1,24.3,3,0.0,0.0,1.0,1.0,2.0,Low
83891.0,2015-2016,54,2,38.8,3,0.0,1.0,0.0,0.0,2.0,Moderate
83894.0,2015-2016,60,1,19.7,4,1.0,0.0,0.0,2.0,2.0,Low
83895.0,2015-2016,80,2,23.5,3,0.0,1.0,0.0,0.0,2.0,High
83897.0,2015-2016,29,2,30.7,3,1.0,0.0,1.0,1.0,2.0,Low
83898.0,2015-2016,55,1,25.0,3,1.0,0.0,1.0,1.0,2.0,Moderate
83899.0,2015-2016,27,1,24.0,3,0.0,0.0,1.0,0.0,2.0,Low
83900.0,2015-2016,52,2,26.5,3,0.0,1.0,0.0,2.0,2.0,Low
83902.0,2015-2016,49,1,25.5,3,0.0,0.0,1.0,0.0,2.0,Low
83903.0,2015-2016,47,2,42.5,4,0.0,1.0,0.0,1.0,2.0,Low
83907.0,2015-2016,22,1,24.1,6,0.0,0.0,1.0,0.0,2.0,Low
83908.0,2015-2016,51,1,24.7,4,1.0,0.0,0.0,0.0,2.0,Moderate
83909.0,2015-2016,49,2,37.8,3,0.0,0.0,0.0,2.0,2.0,Moderate
83910.0,2015-2016,37,1,22.9,3,0.0,0.0,0.0,2.0,2.0,Low
83911.0,2015-2016,43,2,30.7,4,1.0,0.0,0.0,0.0,1.0,High
83913.0,2015-2016,43,1,24.6,6,1.0,1.0,1.0,0.0,1.0,High
83914.0,2015-2016,23,2,33.8,2,0.0,0.0,1.0,1.0,2.0,Low
83915.0,2015-2016,71,1,29.9,1,1.0,0.0,0.0,1.0,1.0,High
83920.0,2015-2016,68,2,35.2,1,0.0,1.0,0.0,0.0,3.0,High
83924.0,2015-2016,48,2,35.6,3,1.0,1.0,0.0,1.0,2.0,High
83925.0,2015-2016,74,2,24.4,2,1.0,0.0,0.0,0.0,2.0,Moderate
83926.0,2015-2016,66,1,26.8,3,1.0,1.0,0.0,2.0,1.0,High
83928.0,2015-2016,62,2,23.4,1,1.0,0.0,0.0,0.0,2.0,Moderate
83931.0,2015-2016,37,1,26.0,2,1.0,0.0,1.0,2.0,2.0,Low
83932.0,2015-2016,80,2,26.9,3,1.0,1.0,1.0,0.0,2.0,Moderate
83933.0,2015-2016,31,2,33.5,3,0.0,0.0,0.0,1.0,2.0,Low
83934.0,2015-2016,27,2,17.2,4,0.0,0.0,0.0,0.0,2.0,Low
83935.0,2015-2016,44,2,23.4,6,1.0,0.0,1.0,0.0,2.0,Low
83937.0,2015-2016,75,2,24.3,6,0.0,0.0,0.0,1.0,2.0,Moderate
83938.0,2015-2016,45,1,27.5,6,0.0,0.0,1.0,2.0,2.0,Low
83941.0,2015-2016,71,1,24.8,2,1.0,1.0,1.0,1.0,1.0,High
83944.0,2015-2016,75,1,30.8,4,0.0,1.0,0.0,1.0,1.0,High
83946.0,2015-2016,43,1,35.3,3,0.0,1.0,1.0,1.0,2.0,Low
83947.0,2015-2016,33,2,25.9,3,0.0,0.0,1.0,0.0,2.0,Low
83949.0,2015-2016,78,2,30.8,3,0.0,1.0,0.0,0.0,1.0,High
83950.0,2015-2016,55,1,23.9,3,0.0,0.0,1.0,2.0,2.0,Low
83951.0,2015-2016,24,1,21.0,4,0.0,0.0,1.0,2.0,2.0,Low
83953.0,2015-2016,46,2,28.7,1,1.0,0.0,0.0,0.0,2.0,Low
83954.0,2015-2016,53,1,25.9,3,1.0,1.0,1.0,2.0,2.0,Moderate
83955.0,2015-2016,47,1,30.1,4,1.0,0.0,0.0,0.0,2.0,Low
83958.0,2015-2016,47,2,22.7,4,0.0,1.0,0.0,2.0,2.0,Moderate
83959.0,2015-2016,22,2,47.6,3,1.0,0.0,1.0,0.0,1.0,High
83961.0,2015-2016,44,2,30.6,3,1.0,0.0,1.0,0.0,2.0,Low
83962.0,2015-2016,28,2,24.7,4,1.0,0.0,1.0,0.0,2.0,Low
83963.0,2015-2016,44,2,52.1,4,0.0,1.0,0.0,0.0,2.0,Moderate
83964.0,2015-2016,72,2,30.0,6,0.0,0.0,1.0,0.0,2.0,Moderate
83965.0,2015-2016,49,1,40.2,1,1.0,1.0,0.0,1.0,1.0,High
83966.0,2015-2016,27,1,37.1,1,0.0,0.0,0.0,0.0,2.0,Low
83967.0,2015-2016,40,1,21.3,7,1.0,0.0,1.0,1.0,2.0,Low
83969.0,2015-2016,21,2,35.2,3,1.0,0.0,1.0,0.0,2.0,Low
83971.0,2015-2016,26,2,38.9,3,1.0,0.0,0.0,2.0,3.0,Moderate
83973.0,2015-2016,63,1,29.4,3,0.0,0.0,1.0,1.0,2.0,Moderate
83975.0,2015-2016,65,2,32.2,2,1.0,1.0,0.0,0.0,2.0,Moderate
83976.0,2015-2016,80,1,26.0,3,0.0,0.0,0.0,1.0,2.0,Low
83977.0,2015-2016,80,2,20.8,3,0.0,1.0,0.0,0.0,2.0,Moderate
83982.0,2015-2016,25,1,23.0,3,0.0,0.0,1.0,0.0,2.0,Low
83985.0,2015-2016,55,1,18.5,3,1.0,0.0,1.0,0.0,2.0,Low
83986.0,2015-2016,40,1,30.0,3,,0.0,1.0,1.0,2.0,Low
83987.0,2015-2016,68,1,30.5,1,0.0,1.0,0.0,2.0,1.0,High
83988.0,2015-2016,21,1,33.0,1,0.0,0.0,1.0,2.0,2.0,Moderate
83989.0,2015-2016,37,2,28.5,4,0.0,1.0,0.0,2.0,2.0,Low
83990.0,2015-2016,79,2,29.1,1,0.0,1.0,0.0,0.0,2.0,High
83992.0,2015-2016,68,1,22.6,6,1.0,1.0,1.0,1.0,1.0,High
83993.0,2015-2016,41,2,49.8,4,0.0,0.0,0.0,0.0,2.0,Moderate
83994.0,2015-2016,60,2,31.2,3,1.0,0.0,0.0,0.0,2.0,Low
83995.0,2015-2016,43,1,43.2,4,1.0,0.0,1.0,0.0,2.0,Moderate
83996.0,2015-2016,60,2,33.1,4,1.0,0.0,1.0,1.0,1.0,High
83998.0,2015-2016,31,2,19.6,3,0.0,0.0,1.0,1.0,2.0,Low
83999.0,2015-2016,71,1,25.0,6,0.0,0.0,0.0,1.0,2.0,Low
84001.0,2015-2016,54,2,27.5,2,0.0,0.0,0.0,2.0,2.0,Moderate
84002.0,2015-2016,48,1,32.0,3,0.0,1.0,1.0,2.0,1.0,High
84005.0,2015-2016,26,1,45.7,4,1.0,1.0,1.0,0.0,2.0,Low
84006.0,2015-2016,45,2,33.3,4,0.0,1.0,0.0,2.0,1.0,High
84008.0,2015-2016,62,2,25.4,6,0.0,1.0,0.0,0.0,2.0,Moderate
84010.0,2015-2016,68,2,21.4,3,0.0,1.0,0.0,0.0,2.0,Low
84011.0,2015-2016,32,1,37.7,3,0.0,0.0,0.0,1.0,2.0,Low
84012.0,2015-2016,24,1,21.9,1,0.0,1.0,0.0,0.0,2.0,Low
84014.0,2015-2016,53,1,25.1,6,0.0,0.0,0.0,0.0,2.0,Moderate
84015.0,2015-2016,73,1,27.5,1,1.0,0.0,0.0,0.0,1.0,High
84016.0,2015-2016,41,2,24.1,1,0.0,0.0,1.0,0.0,2.0,Moderate
84018.0,2015-2016,27,1,29.6,3,1.0,0.0,1.0,2.0,2.0,Moderate
84019.0,2015-2016,54,1,28.5,4,0.0,1.0,0.0,0.0,2.0,Moderate
84021.0,2015-2016,29,2,30.9,7,0.0,1.0,1.0,0.0,2.0,Low
84022.0,2015-2016,60,2,58.7,1,1.0,1.0,0.0,0.0,1.0,High
84026.0,2015-2016,44,1,44.7,7,1.0,0.0,0.0,0.0,1.0,High
84028.0,2015-2016,61,2,23.2,3,0.0,0.0,1.0,0.0,2.0,Low
84029.0,2015-2016,28,2,20.3,1,1.0,0.0,1.0,0.0,2.0,Low
84030.0,2015-2016,46,1,25.1,1,0.0,0.0,0.0,0.0,2.0,Moderate
84032.0,2015-2016,51,1,26.8,1,0.0,0.0,0.0,2.0,2.0,Low
84033.0,2015-2016,41,2,33.6,7,0.0,0.0,1.0,1.0,2.0,Low
84034.0,2015-2016,25,2,19.6,4,0.0,0.0,0.0,2.0,2.0,Low
84036.0,2015-2016,36,1,28.8,3,0.0,1.0,0.0,0.0,2.0,Low
84037.0,2015-2016,66,1,24.8,3,1.0,1.0,1.0,0.0,2.0,Moderate
84038.0,2015-2016,23,2,31.9,3,0.0,0.0,1.0,0.0,2.0,Low
84039.0,2015-2016,36,1,28.2,3,0.0,0.0,0.0,0.0,2.0,Moderate
84041.0,2015-2016,71,2,23.4,3,0.0,0.0,1.0,0.0,2.0,Low
84042.0,2015-2016,75,1,19.3,3,1.0,0.0,0.0,1.0,2.0,Moderate
84046.0,2015-2016,45,2,33.2,3,1.0,1.0,1.0,0.0,2.0,Moderate
84047.0,2015-2016,72,2,22.1,6,0.0,0.0,1.0,0.0,2.0,Moderate
84050.0,2015-2016,79,2,28.6,3,0.0,0.0,0.0,0.0,2.0,Moderate
84051.0,2015-2016,55,2,32.5,1,,0.0,0.0,2.0,2.0,Low
84055.0,2015-2016,64,2,20.8,6,0.0,1.0,0.0,0.0,1.0,High
84058.0,2015-2016,21,2,23.1,3,0.0,0.0,1.0,0.0,2.0,Low
84061.0,2015-2016,50,2,27.2,3,0.0,0.0,0.0,1.0,2.0,Low
84062.0,2015-2016,45,2,33.9,1,0.0,0.0,1.0,0.0,2.0,High
84065.0,2015-2016,48,2,25.9,3,0.0,0.0,1.0,0.0,2.0,Low
84068.0,2015-2016,59,1,27.1,4,0.0,0.0,0.0,1.0,2.0,Moderate
84069.0,2015-2016,61,2,29.6,4,1.0,1.0,0.0,2.0,2.0,Low
84070.0,2015-2016,40,1,29.4,3,0.0,0.0,1.0,2.0,2.0,Low
84072.0,2015-2016,27,2,32.3,2,1.0,0.0,1.0,1.0,2.0,Low
84073.0,2015-2016,39,2,31.9,2,1.0,0.0,0.0,1.0,2.0,Moderate
84074.0,2015-2016,26,2,28.0,2,0.0,1.0,0.0,0.0,2.0,Low
84075.0,2015-2016,62,1,,3,0.0,1.0,1.0,1.0,1.0,High
84077.0,2015-2016,46,2,30.8,2,0.0,0.0,1.0,0.0,2.0,Moderate
84082.0,2015-2016,24,2,20.6,6,1.0,0.0,1.0,0.0,2.0,Low
84086.0,2015-2016,45,1,27.9,3,0.0,0.0,1.0,0.0,2.0,Low
84087.0,2015-2016,36,1,22.6,6,0.0,0.0,1.0,1.0,2.0,Low
84088.0,2015-2016,45,2,23.1,3,0.0,0.0,0.0,2.0,2.0,Low
84089.0,2015-2016,53,1,23.3,3,1.0,1.0,1.0,2.0,2.0,High
84090.0,2015-2016,26,2,31.7,3,0.0,0.0,1.0,0.0,2.0,Low
84091.0,2015-2016,60,2,22.9,4,1.0,0.0,0.0,1.0,2.0,Low
84092.0,2015-2016,58,2,23.2,6,1.0,0.0,0.0,0.0,2.0,Moderate
84094.0,2015-2016,73,2,22.6,3,0.0,1.0,1.0,0.0,2.0,Moderate
84095.0,2015-2016,61,2,27.3,4,0.0,1.0,1.0,0.0,2.0,Moderate
84098.0,2015-2016,26,1,21.4,4,0.0,0.0,1.0,2.0,2.0,Low
84099.0,2015-2016,74,1,32.0,1,1.0,1.0,0.0,1.0,1.0,High
84101.0,2015-2016,80,1,34.6,3,1.0,1.0,1.0,1.0,2.0,Moderate
84103.0,2015-2016,33,1,,3,1.0,1.0,1.0,2.0,2.0,Moderate
84105.0,2015-2016,28,1,24.8,3,0.0,0.0,1.0,1.0,2.0,Low
84106.0,2015-2016,57,1,24.6,6,0.0,0.0,1.0,2.0,2.0,Moderate
84107.0,2015-2016,60,2,23.8,1,0.0,1.0,0.0,0.0,1.0,High
84108.0,2015-2016,63,1,,3,1.0,0.0,0.0,1.0,1.0,High
84109.0,2015-2016,66,1,27.3,3,0.0,1.0,1.0,1.0,2.0,Moderate
84110.0,2015-2016,28,1,27.0,1,0.0,0.0,0.0,2.0,2.0,Low
84111.0,2015-2016,58,1,36.1,2,0.0,1.0,0.0,2.0,2.0,Low
84112.0,2015-2016,46,1,23.5,6,1.0,0.0,0.0,0.0,2.0,Low
84114.0,2015-2016,59,1,23.2,3,1.0,1.0,0.0,2.0,2.0,Low
84115.0,2015-2016,80,1,25.5,6,0.0,1.0,0.0,1.0,1.0,High
84118.0,2015-2016,72,2,23.6,2,0.0,1.0,1.0,0.0,2.0,Low
84119.0,2015-2016,52,1,27.2,6,1.0,1.0,0.0,0.0,1.0,High
84120.0,2015-2016,67,1,26.7,2,1.0,0.0,1.0,1.0,2.0,High
84122.0,2015-2016,54,1,39.4,2,0.0,1.0,0.0,1.0,1.0,High
84125.0,2015-2016,72,2,30.4,3,1.0,1.0,0.0,1.0,1.0,High
84126.0,2015-2016,38,1,41.1,3,1.0,0.0,0.0,2.0,2.0,Low
84128.0,2015-2016,46,2,29.4,1,0.0,1.0,1.0,1.0,2.0,Moderate
84129.0,2015-2016,80,1,20.3,6,0.0,1.0,0.0,2.0,3.0,Moderate
84130.0,2015-2016,26,2,20.5,3,1.0,0.0,0.0,2.0,2.0,Low
84137.0,2015-2016,28,2,19.5,6,0.0,0.0,1.0,0.0,2.0,Low
84139.0,2015-2016,78,2,19.4,2,0.0,0.0,0.0,2.0,2.0,Low
84140.0,2015-2016,21,2,23.5,4,1.0,0.0,1.0,0.0,2.0,Low
84142.0,2015-2016,24,1,32.8,3,0.0,0.0,0.0,0.0,2.0,Low
84143.0,2015-2016,35,2,28.9,7,1.0,0.0,1.0,2.0,2.0,Moderate
84147.0,2015-2016,78,1,,1,1.0,0.0,1.0,0.0,1.0,High
84151.0,2015-2016,53,2,25.3,3,0.0,0.0,1.0,0.0,2.0,Low
84152.0,2015-2016,46,2,39.4,2,0.0,1.0,1.0,0.0,2.0,Low
84156.0,2015-2016,29,2,33.4,4,0.0,1.0,0.0,0.0,2.0,Moderate
84157.0,2015-2016,45,1,38.0,3,1.0,1.0,1.0,0.0,2.0,Low
84165.0,2015-2016,57,1,31.1,1,1.0,1.0,0.0,1.0,2.0,Low
84166.0,2015-2016,67,2,26.1,3,1.0,1.0,0.0,1.0,2.0,High
84167.0,2015-2016,46,1,26.9,6,1.0,1.0,1.0,0.0,2.0,Moderate
84168.0,2015-2016,61,1,16.4,6,0.0,0.0,0.0,2.0,2.0,High
84169.0,2015-2016,43,1,42.4,7,0.0,1.0,0.0,0.0,2.0,Moderate
84170.0,2015-2016,46,1,26.8,1,1.0,1.0,1.0,2.0,1.0,High
84171.0,2015-2016,30,2,33.1,3,0.0,0.0,1.0,0.0,2.0,Low
84172.0,2015-2016,20,1,25.6,4,,0.0,1.0,0.0,2.0,Low
84173.0,2015-2016,52,1,49.0,1,0.0,1.0,1.0,1.0,1.0,High
84174.0,2015-2016,54,2,22.2,2,0.0,0.0,1.0,0.0,2.0,Low
84177.0,2015-2016,77,1,25.2,1,1.0,1.0,0.0,2.0,2.0,Moderate
84178.0,2015-2016,80,1,29.4,3,1.0,1.0,0.0,1.0,1.0,High
84180.0,2015-2016,33,1,34.1,2,1.0,0.0,0.0,0.0,2.0,Low
84181.0,2015-2016,35,1,30.4,4,1.0,0.0,0.0,2.0,2.0,Moderate
84183.0,2015-2016,80,2,27.2,2,0.0,1.0,0.0,0.0,2.0,High
84184.0,2015-2016,58,1,24.7,7,0.0,1.0,1.0,0.0,1.0,High
84185.0,2015-2016,37,1,26.5,4,1.0,0.0,1.0,0.0,2.0,Low
84187.0,2015-2016,25,2,21.6,3,1.0,0.0,0.0,0.0,2.0,Low
84188.0,2015-2016,61,2,23.7,2,0.0,1.0,0.0,0.0,1.0,High
84189.0,2015-2016,62,2,27.2,4,1.0,1.0,0.0,1.0,2.0,Moderate
84192.0,2015-2016,27,2,38.1,2,1.0,0.0,1.0,0.0,2.0,Low
84194.0,2015-2016,58,2,31.7,3,1.0,0.0,1.0,2.0,2.0,Low
84195.0,2015-2016,45,1,31.6,4,1.0,0.0,0.0,0.0,2.0,Moderate
84196.0,2015-2016,32,1,23.5,6,1.0,0.0,0.0,2.0,2.0,Moderate
84197.0,2015-2016,59,1,35.4,3,0.0,0.0,0.0,0.0,2.0,Moderate
84200.0,2015-2016,24,2,28.3,3,0.0,0.0,1.0,0.0,2.0,Low
84201.0,2015-2016,78,1,23.7,3,0.0,0.0,0.0,2.0,2.0,Moderate
84203.0,2015-2016,21,1,,4,0.0,1.0,1.0,0.0,2.0,Low
84205.0,2015-2016,51,1,26.2,4,0.0,0.0,0.0,2.0,2.0,Moderate
84208.0,2015-2016,67,2,32.4,1,1.0,0.0,0.0,0.0,1.0,High
84212.0,2015-2016,67,2,37.7,2,0.0,1.0,0.0,0.0,2.0,Moderate
84217.0,2015-2016,59,2,37.5,4,1.0,1.0,0.0,1.0,2.0,Low
84218.0,2015-2016,56,1,23.6,3,1.0,1.0,1.0,2.0,2.0,Moderate
84219.0,2015-2016,31,1,48.9,3,1.0,1.0,1.0,0.0,2.0,Moderate
84220.0,2015-2016,36,1,27.8,4,1.0,0.0,1.0,2.0,2.0,Moderate
84222.0,2015-2016,44,1,43.0,2,0.0,1.0,0.0,0.0,2.0,Moderate
84224.0,2015-2016,56,2,31.1,2,0.0,0.0,0.0,1.0,9.0,High
84225.0,2015-2016,60,1,24.0,3,1.0,1.0,0.0,1.0,2.0,Low
84226.0,2015-2016,64,1,25.0,4,1.0,1.0,1.0,2.0,1.0,High
84227.0,2015-2016,36,1,20.5,3,0.0,0.0,0.0,,2.0,Low
84228.0,2015-2016,38,1,33.0,2,0.0,0.0,1.0,0.0,2.0,Low
84229.0,2015-2016,43,2,32.5,4,1.0,0.0,0.0,0.0,2.0,Moderate
84230.0,2015-2016,28,2,57.8,2,1.0,0.0,1.0,0.0,2.0,Low
84231.0,2015-2016,75,2,19.6,7,0.0,0.0,1.0,0.0,2.0,Moderate
84232.0,2015-2016,61,1,28.4,4,0.0,0.0,0.0,0.0,2.0,Low
84234.0,2015-2016,40,2,28.2,4,1.0,1.0,0.0,0.0,2.0,Low
84235.0,2015-2016,47,2,35.9,4,1.0,0.0,1.0,0.0,2.0,Low
84236.0,2015-2016,75,1,24.7,7,0.0,1.0,0.0,1.0,2.0,Low
84238.0,2015-2016,25,2,29.7,4,1.0,0.0,0.0,0.0,2.0,Low
84239.0,2015-2016,74,1,26.9,3,0.0,0.0,1.0,0.0,1.0,High
84241.0,2015-2016,50,1,47.1,3,,1.0,0.0,2.0,1.0,High
84242.0,2015-2016,42,2,22.0,6,1.0,0.0,1.0,0.0,2.0,Low
84245.0,2015-2016,43,2,28.9,3,0.0,0.0,0.0,0.0,2.0,Moderate
84246.0,2015-2016,57,2,23.5,4,0.0,1.0,1.0,0.0,2.0,Low
84248.0,2015-2016,29,2,26.7,4,1.0,0.0,0.0,2.0,2.0,Low
84251.0,2015-2016,20,1,22.2,4,0.0,0.0,1.0,0.0,2.0,Moderate
84256.0,2015-2016,63,1,19.9,3,1.0,1.0,0.0,1.0,2.0,Low
84260.0,2015-2016,60,1,24.6,6,0.0,0.0,0.0,1.0,2.0,Low
84264.0,2015-2016,61,1,22.3,4,0.0,0.0,0.0,1.0,2.0,Low
84265.0,2015-2016,76,1,27.7,1,1.0,1.0,1.0,2.0,2.0,Moderate
84269.0,2015-2016,26,1,22.1,7,0.0,0.0,1.0,2.0,2.0,Moderate
84271.0,2015-2016,67,1,36.9,3,1.0,1.0,0.0,1.0,1.0,High
84273.0,2015-2016,63,1,22.1,6,0.0,0.0,0.0,1.0,2.0,Moderate
84276.0,2015-2016,26,2,21.4,4,0.0,0.0,1.0,0.0,2.0,Low
84277.0,2015-2016,28,2,51.5,1,1.0,0.0,1.0,0.0,2.0,Low
84279.0,2015-2016,56,2,38.5,4,1.0,0.0,0.0,1.0,2.0,Moderate
84280.0,2015-2016,77,1,34.7,3,1.0,0.0,0.0,1.0,2.0,Low
84284.0,2015-2016,70,2,27.2,7,1.0,0.0,1.0,1.0,2.0,Low
84285.0,2015-2016,44,2,32.6,7,1.0,1.0,0.0,2.0,1.0,High
84287.0,2015-2016,34,1,25.6,3,1.0,0.0,1.0,2.0,2.0,Low
84290.0,2015-2016,30,1,31.7,1,1.0,0.0,1.0,1.0,2.0,Low
84291.0,2015-2016,36,2,33.4,4,0.0,0.0,1.0,0.0,2.0,Low
84292.0,2015-2016,54,2,27.0,6,1.0,0.0,0.0,0.0,2.0,Low
84293.0,2015-2016,41,1,22.6,3,0.0,0.0,1.0,2.0,2.0,Low
84294.0,2015-2016,23,1,22.4,3,0.0,0.0,1.0,2.0,2.0,Low
84295.0,2015-2016,58,2,29.5,7,1.0,1.0,0.0,1.0,3.0,Moderate
84298.0,2015-2016,36,2,24.0,6,0.0,1.0,1.0,0.0,1.0,High
84299.0,2015-2016,51,1,35.0,3,0.0,0.0,0.0,1.0,2.0,Moderate
84300.0,2015-2016,25,2,32.7,1,0.0,0.0,0.0,0.0,2.0,Low
84301.0,2015-2016,72,1,29.1,7,0.0,1.0,0.0,1.0,1.0,High
84302.0,2015-2016,74,1,25.5,3,0.0,0.0,0.0,2.0,2.0,Moderate
84305.0,2015-2016,36,2,32.2,1,1.0,0.0,0.0,1.0,2.0,Low
84308.0,2015-2016,41,2,20.6,3,1.0,0.0,1.0,0.0,2.0,Moderate
84309.0,2015-2016,66,1,26.8,4,1.0,1.0,1.0,1.0,1.0,High
84315.0,2015-2016,60,1,33.4,2,1.0,0.0,1.0,1.0,2.0,Moderate
84316.0,2015-2016,45,2,35.6,3,0.0,0.0,1.0,0.0,2.0,Low
84318.0,2015-2016,39,1,27.5,4,1.0,0.0,0.0,2.0,2.0,Low
84319.0,2015-2016,57,2,31.9,3,1.0,0.0,1.0,1.0,1.0,High
84321.0,2015-2016,62,2,28.7,1,1.0,0.0,0.0,0.0,2.0,Moderate
84322.0,2015-2016,40,1,28.8,4,1.0,0.0,0.0,2.0,2.0,Low
84323.0,2015-2016,21,2,26.5,4,0.0,0.0,0.0,0.0,2.0,Low
84324.0,2015-2016,59,1,27.3,3,0.0,0.0,0.0,2.0,2.0,Moderate
84327.0,2015-2016,63,1,27.8,4,0.0,1.0,0.0,0.0,2.0,High
84329.0,2015-2016,38,1,29.8,2,0.0,0.0,0.0,1.0,2.0,Moderate
84332.0,2015-2016,62,2,33.7,4,0.0,1.0,0.0,1.0,2.0,High
84336.0,2015-2016,80,2,24.1,3,1.0,1.0,1.0,0.0,2.0,Moderate
84338.0,2015-2016,50,2,32.9,7,,1.0,0.0,1.0,2.0,Moderate
84347.0,2015-2016,28,2,27.8,3,0.0,0.0,1.0,0.0,2.0,Moderate
84349.0,2015-2016,39,2,34.1,3,1.0,0.0,1.0,2.0,2.0,Low
84353.0,2015-2016,54,1,28.7,6,0.0,1.0,1.0,2.0,1.0,High
84354.0,2015-2016,80,1,21.8,3,0.0,0.0,1.0,0.0,2.0,Moderate
84357.0,2015-2016,25,1,19.3,1,0.0,0.0,1.0,0.0,2.0,Moderate
84359.0,2015-2016,72,2,33.7,3,0.0,0.0,0.0,0.0,2.0,Low
84360.0,2015-2016,55,1,32.9,4,1.0,1.0,1.0,1.0,1.0,High
84361.0,2015-2016,31,2,35.2,3,0.0,0.0,1.0,0.0,2.0,Low
84363.0,2015-2016,36,2,29.9,1,0.0,0.0,0.0,0.0,2.0,Moderate
84364.0,2015-2016,27,1,34.6,1,0.0,1.0,1.0,2.0,2.0,Low
84366.0,2015-2016,48,2,28.8,1,1.0,1.0,0.0,0.0,2.0,Moderate
84368.0,2015-2016,42,1,29.1,4,0.0,0.0,0.0,0.0,2.0,Moderate
84369.0,2015-2016,31,2,24.9,6,1.0,0.0,1.0,0.0,2.0,Low
84372.0,2015-2016,70,2,26.8,3,1.0,1.0,0.0,0.0,2.0,Moderate
84374.0,2015-2016,74,2,33.7,4,1.0,1.0,0.0,0.0,1.0,High
84375.0,2015-2016,60,1,26.7,1,1.0,1.0,1.0,0.0,1.0,High
84376.0,2015-2016,55,1,33.0,1,1.0,0.0,1.0,0.0,2.0,Moderate
84377.0,2015-2016,70,1,24.4,4,1.0,0.0,1.0,1.0,2.0,Moderate
84378.0,2015-2016,45,2,48.8,4,1.0,1.0,0.0,0.0,2.0,Low
84379.0,2015-2016,35,1,39.6,1,1.0,0.0,1.0,2.0,2.0,Low
84380.0,2015-2016,35,1,41.6,3,,1.0,1.0,2.0,2.0,Moderate
84381.0,2015-2016,80,1,18.0,4,0.0,1.0,1.0,0.0,2.0,High
84383.0,2015-2016,32,2,28.8,7,1.0,1.0,1.0,2.0,2.0,Low
84384.0,2015-2016,34,1,27.3,6,0.0,0.0,0.0,0.0,2.0,Moderate
84388.0,2015-2016,65,1,24.6,2,0.0,0.0,0.0,1.0,3.0,Moderate
84389.0,2015-2016,66,2,42.5,3,1.0,1.0,0.0,1.0,2.0,High
84390.0,2015-2016,33,1,21.8,2,0.0,0.0,1.0,0.0,2.0,Moderate
84392.0,2015-2016,53,2,24.9,6,0.0,0.0,0.0,0.0,2.0,Low
84393.0,2015-2016,35,1,25.2,2,0.0,0.0,1.0,0.0,2.0,Low
84394.0,2015-2016,45,2,32.4,2,1.0,0.0,1.0,0.0,2.0,Moderate
84395.0,2015-2016,25,2,38.7,3,0.0,0.0,0.0,0.0,2.0,Moderate
84396.0,2015-2016,38,2,59.4,1,1.0,0.0,0.0,2.0,1.0,High
84398.0,2015-2016,38,1,27.2,3,1.0,0.0,1.0,2.0,2.0,Moderate
84400.0,2015-2016,60,2,37.3,1,1.0,1.0,0.0,0.0,2.0,Moderate
84402.0,2015-2016,27,2,19.6,2,0.0,0.0,1.0,0.0,2.0,Low
84403.0,2015-2016,61,1,25.6,3,0.0,0.0,1.0,0.0,2.0,Low
84404.0,2015-2016,31,1,39.5,3,0.0,0.0,1.0,0.0,2.0,Low
84405.0,2015-2016,33,1,23.3,6,0.0,0.0,0.0,0.0,2.0,Low
84409.0,2015-2016,47,2,19.1,3,1.0,0.0,0.0,2.0,2.0,Moderate
84410.0,2015-2016,28,2,28.4,2,1.0,0.0,0.0,0.0,2.0,Moderate
84411.0,2015-2016,23,1,22.3,3,1.0,0.0,1.0,2.0,2.0,Low
84412.0,2015-2016,25,2,24.3,1,1.0,0.0,1.0,2.0,2.0,Low
84413.0,2015-2016,41,1,25.2,6,0.0,0.0,0.0,0.0,2.0,Low
84418.0,2015-2016,75,1,27.5,1,1.0,0.0,1.0,0.0,2.0,Moderate
84419.0,2015-2016,35,2,45.8,1,0.0,0.0,0.0,0.0,2.0,Low
84420.0,2015-2016,27,1,33.7,4,1.0,1.0,1.0,2.0,2.0,Low
84423.0,2015-2016,59,1,26.9,3,0.0,1.0,0.0,2.0,2.0,Low
84424.0,2015-2016,69,1,33.5,3,0.0,1.0,0.0,0.0,1.0,High
84425.0,2015-2016,51,2,27.1,7,1.0,1.0,1.0,2.0,2.0,Low
84426.0,2015-2016,51,1,28.8,6,0.0,0.0,0.0,0.0,2.0,Moderate
84427.0,2015-2016,64,1,22.7,4,1.0,0.0,1.0,1.0,2.0,Moderate
84429.0,2015-2016,45,2,45.3,4,1.0,1.0,0.0,2.0,2.0,Low
84431.0,2015-2016,46,1,25.2,1,0.0,0.0,1.0,1.0,1.0,High
84434.0,2015-2016,31,1,25.4,3,0.0,0.0,1.0,1.0,2.0,Moderate
84435.0,2015-2016,80,2,27.6,3,0.0,1.0,0.0,0.0,2.0,Moderate
84437.0,2015-2016,48,2,30.4,4,0.0,0.0,1.0,0.0,2.0,Moderate
84440.0,2015-2016,30,2,23.4,7,0.0,0.0,1.0,0.0,2.0,Low
84443.0,2015-2016,64,1,33.8,7,1.0,1.0,0.0,2.0,1.0,High
84444.0,2015-2016,36,2,23.5,2,0.0,0.0,1.0,0.0,2.0,Low
84447.0,2015-2016,77,1,29.6,3,1.0,1.0,1.0,1.0,2.0,Low
84448.0,2015-2016,26,2,20.5,6,0.0,0.0,1.0,0.0,2.0,Low
84451.0,2015-2016,51,1,22.7,1,0.0,0.0,0.0,0.0,2.0,Low
84452.0,2015-2016,56,2,37.0,3,0.0,0.0,1.0,2.0,2.0,Moderate
84453.0,2015-2016,26,1,24.5,1,0.0,0.0,1.0,0.0,2.0,Low
84454.0,2015-2016,60,2,33.6,4,0.0,1.0,0.0,2.0,2.0,High
84455.0,2015-2016,66,2,26.7,2,1.0,1.0,0.0,1.0,2.0,Low
84456.0,2015-2016,42,2,20.2,6,1.0,0.0,0.0,0.0,2.0,Low
84459.0,2015-2016,31,2,24.6,6,1.0,0.0,1.0,0.0,2.0,Low
84462.0,2015-2016,35,2,25.3,1,0.0,0.0,0.0,0.0,2.0,Moderate
84463.0,2015-2016,59,1,28.8,6,0.0,1.0,1.0,1.0,2.0,Moderate
84464.0,2015-2016,69,1,29.4,4,0.0,1.0,0.0,0.0,2.0,Low
84467.0,2015-2016,28,1,27.6,6,1.0,0.0,1.0,0.0,2.0,Low
84469.0,2015-2016,62,2,28.4,4,0.0,0.0,1.0,0.0,2.0,Low
84470.0,2015-2016,23,1,25.3,6,0.0,0.0,1.0,0.0,2.0,Low
84471.0,2015-2016,74,2,25.0,2,0.0,0.0,0.0,0.0,2.0,Low
84473.0,2015-2016,22,2,27.9,3,0.0,0.0,1.0,1.0,2.0,Low
84475.0,2015-2016,25,1,27.4,3,0.0,0.0,1.0,2.0,2.0,Low
84479.0,2015-2016,55,2,24.3,6,0.0,1.0,0.0,0.0,2.0,Moderate
84480.0,2015-2016,79,2,27.5,7,1.0,1.0,1.0,1.0,2.0,Low
84481.0,2015-2016,72,1,29.6,1,0.0,0.0,0.0,1.0,2.0,Moderate
84482.0,2015-2016,58,2,26.4,4,0.0,0.0,1.0,1.0,2.0,Low
84485.0,2015-2016,24,2,36.6,4,1.0,0.0,1.0,0.0,2.0,Moderate
84487.0,2015-2016,24,2,19.2,3,1.0,0.0,1.0,0.0,2.0,Moderate
84488.0,2015-2016,54,1,25.4,3,0.0,0.0,1.0,0.0,2.0,Low
84490.0,2015-2016,28,2,32.9,1,1.0,0.0,1.0,2.0,2.0,Low
84492.0,2015-2016,37,1,30.1,4,1.0,0.0,0.0,0.0,2.0,Moderate
84493.0,2015-2016,44,2,56.7,4,1.0,1.0,1.0,0.0,1.0,High
84494.0,2015-2016,22,2,21.8,2,0.0,0.0,1.0,0.0,2.0,Low
84495.0,2015-2016,53,2,29.5,3,1.0,0.0,1.0,1.0,1.0,High
84496.0,2015-2016,51,1,32.7,1,1.0,0.0,1.0,0.0,2.0,Moderate
84498.0,2015-2016,57,2,30.5,3,1.0,0.0,1.0,0.0,2.0,Low
84499.0,2015-2016,56,1,19.9,6,0.0,0.0,0.0,0.0,2.0,Moderate
84500.0,2015-2016,54,2,22.2,3,0.0,0.0,1.0,0.0,2.0,Low
84502.0,2015-2016,56,1,24.7,6,0.0,0.0,1.0,0.0,2.0,Low
84503.0,2015-2016,55,1,34.1,7,1.0,0.0,0.0,2.0,2.0,Moderate
84505.0,2015-2016,23,2,19.1,3,0.0,0.0,0.0,2.0,2.0,Low
84511.0,2015-2016,78,2,23.1,3,0.0,1.0,1.0,0.0,2.0,Moderate
84513.0,2015-2016,65,2,26.5,2,0.0,1.0,1.0,1.0,2.0,Moderate
84514.0,2015-2016,41,1,34.1,1,0.0,0.0,0.0,0.0,2.0,High
84517.0,2015-2016,80,2,26.6,3,0.0,1.0,0.0,1.0,2.0,Low
84529.0,2015-2016,60,2,32.4,1,1.0,0.0,0.0,2.0,2.0,Low
84530.0,2015-2016,80,1,23.7,3,0.0,1.0,1.0,1.0,2.0,Moderate
84532.0,2015-2016,23,2,26.0,1,1.0,0.0,0.0,0.0,2.0,Low
84534.0,2015-2016,62,2,24.8,1,1.0,1.0,0.0,0.0,1.0,High
84535.0,2015-2016,21,2,30.4,3,0.0,0.0,0.0,0.0,2.0,Low
84536.0,2015-2016,31,1,25.7,1,1.0,0.0,1.0,2.0,2.0,Moderate
84537.0,2015-2016,34,1,24.5,6,0.0,0.0,0.0,0.0,2.0,Low
84539.0,2015-2016,25,2,30.8,3,1.0,0.0,0.0,0.0,2.0,Low
84542.0,2015-2016,31,2,38.4,1,,1.0,1.0,0.0,2.0,Low
84543.0,2015-2016,56,1,33.1,1,0.0,0.0,0.0,0.0,2.0,Moderate
84545.0,2015-2016,47,1,30.0,3,0.0,0.0,0.0,0.0,2.0,High
84546.0,2015-2016,61,2,29.0,1,1.0,1.0,0.0,0.0,1.0,High
84547.0,2015-2016,37,2,46.1,2,0.0,0.0,0.0,0.0,2.0,Low
84548.0,2015-2016,54,2,49.2,4,1.0,1.0,1.0,0.0,1.0,High
84550.0,2015-2016,29,1,30.8,3,0.0,1.0,0.0,2.0,2.0,Moderate
84551.0,2015-2016,73,1,26.3,1,0.0,0.0,1.0,1.0,2.0,Moderate
84552.0,2015-2016,37,2,21.5,4,1.0,0.0,0.0,2.0,2.0,Low
84555.0,2015-2016,56,2,35.3,1,1.0,0.0,1.0,2.0,2.0,Moderate
84556.0,2015-2016,68,1,32.1,1,1.0,0.0,0.0,1.0,1.0,High
84558.0,2015-2016,27,1,22.6,6,0.0,0.0,1.0,0.0,2.0,Low
84561.0,2015-2016,55,2,29.3,3,1.0,1.0,1.0,0.0,2.0,Moderate
84562.0,2015-2016,60,2,46.3,2,0.0,1.0,1.0,0.0,2.0,Moderate
84564.0,2015-2016,74,1,32.5,2,0.0,1.0,0.0,0.0,1.0,High
84565.0,2015-2016,25,2,17.9,6,0.0,0.0,1.0,0.0,2.0,Low
84567.0,2015-2016,65,1,34.1,3,0.0,1.0,1.0,2.0,2.0,Moderate
84568.0,2015-2016,72,1,27.9,3,0.0,0.0,1.0,1.0,2.0,Moderate
84569.0,2015-2016,55,2,42.1,1,1.0,0.0,1.0,0.0,3.0,Moderate
84575.0,2015-2016,61,1,38.8,4,1.0,1.0,1.0,2.0,1.0,High
84576.0,2015-2016,46,2,34.7,4,0.0,1.0,0.0,0.0,2.0,Low
84579.0,2015-2016,27,2,30.3,6,0.0,0.0,1.0,1.0,1.0,High
84581.0,2015-2016,32,2,40.9,2,1.0,0.0,1.0,2.0,2.0,Low
84582.0,2015-2016,66,1,37.6,4,1.0,1.0,1.0,1.0,1.0,High
84583.0,2015-2016,56,2,36.7,4,0.0,1.0,1.0,0.0,1.0,High
84584.0,2015-2016,62,2,39.7,2,0.0,1.0,0.0,0.0,1.0,High
84585.0,2015-2016,23,1,,3,0.0,0.0,1.0,2.0,2.0,Moderate
84586.0,2015-2016,23,1,24.8,1,0.0,0.0,1.0,0.0,2.0,Low
84587.0,2015-2016,22,2,39.7,1,1.0,0.0,0.0,0.0,2.0,Low
84588.0,2015-2016,35,1,31.4,4,0.0,0.0,0.0,0.0,2.0,Moderate
84592.0,2015-2016,58,1,21.5,7,0.0,0.0,0.0,0.0,2.0,Low
84593.0,2015-2016,40,1,24.1,3,0.0,0.0,1.0,1.0,2.0,Moderate
84594.0,2015-2016,67,2,32.0,3,0.0,0.0,0.0,1.0,2.0,Moderate
84595.0,2015-2016,80,1,24.0,3,0.0,0.0,1.0,1.0,2.0,Low
84596.0,2015-2016,26,1,28.4,2,0.0,0.0,0.0,0.0,2.0,Low
84597.0,2015-2016,63,2,27.8,6,0.0,1.0,0.0,0.0,2.0,Moderate
84600.0,2015-2016,30,1,27.2,3,0.0,0.0,0.0,0.0,2.0,Low
84602.0,2015-2016,63,2,31.1,3,1.0,1.0,0.0,0.0,1.0,High
84606.0,2015-2016,63,1,34.0,3,1.0,1.0,0.0,1.0,1.0,High
84607.0,2015-2016,40,2,28.9,1,1.0,0.0,0.0,0.0,2.0,Moderate
84608.0,2015-2016,70,1,44.4,2,0.0,0.0,1.0,1.0,2.0,Moderate
84609.0,2015-2016,62,1,26.7,3,1.0,0.0,1.0,0.0,2.0,Moderate
84610.0,2015-2016,54,1,30.0,3,0.0,0.0,1.0,1.0,2.0,Moderate
84611.0,2015-2016,59,2,41.3,1,1.0,0.0,1.0,0.0,2.0,High
84612.0,2015-2016,48,1,31.2,6,0.0,1.0,0.0,2.0,2.0,High
84614.0,2015-2016,80,1,32.1,3,0.0,1.0,0.0,1.0,2.0,Low
84615.0,2015-2016,54,1,27.3,4,0.0,1.0,0.0,2.0,2.0,Low
84617.0,2015-2016,42,2,30.3,3,0.0,0.0,1.0,0.0,2.0,Low
84618.0,2015-2016,23,2,33.3,1,0.0,0.0,0.0,0.0,2.0,Moderate
84619.0,2015-2016,41,2,26.8,6,0.0,0.0,1.0,0.0,2.0,Moderate
84620.0,2015-2016,21,2,25.0,6,1.0,0.0,1.0,2.0,2.0,Low
84622.0,2015-2016,80,1,29.9,4,1.0,0.0,0.0,1.0,1.0,High
84623.0,2015-2016,53,1,26.1,4,0.0,1.0,1.0,1.0,2.0,Low
84625.0,2015-2016,40,2,20.2,6,0.0,0.0,0.0,0.0,2.0,Low
84626.0,2015-2016,43,1,37.2,2,0.0,1.0,1.0,0.0,2.0,Moderate
84627.0,2015-2016,80,1,29.1,1,0.0,1.0,0.0,1.0,1.0,High
84628.0,2015-2016,32,2,29.0,1,0.0,0.0,1.0,0.0,2.0,Low
84629.0,2015-2016,80,2,26.2,3,0.0,1.0,0.0,1.0,2.0,Low
84631.0,2015-2016,57,1,35.9,4,1.0,0.0,0.0,0.0,1.0,High
84637.0,2015-2016,71,2,28.5,4,0.0,0.0,1.0,1.0,2.0,Low
84639.0,2015-2016,30,2,43.2,2,0.0,1.0,1.0,1.0,2.0,Low
84640.0,2015-2016,80,2,22.9,3,0.0,1.0,1.0,0.0,2.0,Low
84641.0,2015-2016,28,2,33.9,4,0.0,1.0,0.0,0.0,1.0,High
84642.0,2015-2016,54,2,27.5,3,0.0,1.0,0.0,2.0,2.0,Moderate
84644.0,2015-2016,80,2,19.9,3,0.0,1.0,1.0,0.0,2.0,Low
84646.0,2015-2016,50,2,22.0,3,0.0,0.0,1.0,0.0,2.0,Low
84649.0,2015-2016,80,1,40.3,3,0.0,1.0,0.0,1.0,1.0,High
84650.0,2015-2016,30,2,26.0,4,0.0,0.0,1.0,2.0,2.0,Low
84652.0,2015-2016,59,1,28.0,4,0.0,1.0,0.0,2.0,2.0,Moderate
84657.0,2015-2016,35,1,23.0,1,0.0,0.0,0.0,0.0,2.0,Moderate
84658.0,2015-2016,22,2,16.7,4,0.0,0.0,0.0,0.0,2.0,Low
84659.0,2015-2016,47,2,48.2,4,1.0,1.0,0.0,0.0,3.0,Moderate
84660.0,2015-2016,40,1,29.0,4,1.0,0.0,1.0,0.0,2.0,Low
84661.0,2015-2016,41,1,27.6,2,0.0,0.0,0.0,2.0,2.0,Low
84662.0,2015-2016,63,2,48.1,4,1.0,1.0,0.0,0.0,3.0,Moderate
84665.0,2015-2016,73,2,21.5,3,0.0,1.0,1.0,1.0,2.0,Moderate
84668.0,2015-2016,56,2,22.7,4,0.0,0.0,1.0,2.0,2.0,Low
84671.0,2015-2016,25,2,25.7,3,0.0,0.0,1.0,0.0,2.0,Low
84672.0,2015-2016,39,2,35.0,4,1.0,1.0,0.0,0.0,2.0,Low
84673.0,2015-2016,29,1,21.4,2,0.0,0.0,1.0,2.0,2.0,Low
84675.0,2015-2016,33,1,23.4,6,1.0,0.0,1.0,0.0,2.0,High
84676.0,2015-2016,70,1,,3,1.0,1.0,0.0,2.0,2.0,Low
84677.0,2015-2016,43,2,30.7,4,1.0,1.0,0.0,1.0,2.0,Low
84679.0,2015-2016,68,2,38.4,4,0.0,1.0,1.0,1.0,1.0,High
84680.0,2015-2016,60,1,32.8,1,1.0,1.0,1.0,1.0,2.0,Moderate
84683.0,2015-2016,73,2,38.8,2,1.0,0.0,0.0,0.0,2.0,Low
84685.0,2015-2016,27,2,25.4,3,1.0,0.0,0.0,0.0,1.0,High
84686.0,2015-2016,23,1,20.8,1,1.0,0.0,1.0,0.0,2.0,Low
84689.0,2015-2016,47,2,28.2,6,1.0,0.0,1.0,0.0,2.0,Moderate
84691.0,2015-2016,80,2,25.1,2,0.0,0.0,0.0,1.0,2.0,Moderate
84694.0,2015-2016,58,1,28.4,3,0.0,0.0,0.0,0.0,2.0,Moderate
84695.0,2015-2016,80,1,38.8,1,0.0,1.0,0.0,0.0,2.0,Moderate
84696.0,2015-2016,61,1,25.1,2,0.0,0.0,1.0,1.0,2.0,Low
84698.0,2015-2016,22,2,30.9,7,0.0,0.0,0.0,2.0,2.0,Low
84700.0,2015-2016,48,2,34.8,4,1.0,1.0,0.0,0.0,2.0,High
84702.0,2015-2016,47,1,22.5,2,0.0,0.0,1.0,1.0,2.0,Moderate
84703.0,2015-2016,75,1,34.3,6,1.0,1.0,0.0,1.0,2.0,Moderate
84704.0,2015-2016,55,2,33.8,3,0.0,1.0,0.0,2.0,2.0,Low
84706.0,2015-2016,51,2,39.0,4,,0.0,1.0,1.0,2.0,Low
84707.0,2015-2016,22,2,,3,0.0,0.0,1.0,0.0,2.0,Low
84710.0,2015-2016,71,2,30.9,2,0.0,1.0,0.0,0.0,2.0,Moderate
84711.0,2015-2016,41,1,28.6,6,1.0,0.0,0.0,2.0,2.0,Low
84712.0,2015-2016,34,1,25.9,4,0.0,0.0,0.0,2.0,2.0,Low
84715.0,2015-2016,60,1,23.5,3,0.0,0.0,0.0,2.0,2.0,Low
84716.0,2015-2016,44,2,42.1,3,1.0,0.0,0.0,1.0,2.0,Low
84717.0,2015-2016,50,1,22.9,4,0.0,0.0,0.0,2.0,2.0,Moderate
84720.0,2015-2016,57,2,22.6,1,1.0,0.0,0.0,0.0,1.0,High
84723.0,2015-2016,47,1,35.0,6,1.0,0.0,1.0,0.0,2.0,Low
84726.0,2015-2016,33,1,17.7,6,0.0,0.0,0.0,0.0,2.0,Moderate
84727.0,2015-2016,80,1,30.9,3,0.0,1.0,0.0,1.0,2.0,Low
84732.0,2015-2016,80,1,25.2,3,1.0,1.0,0.0,0.0,1.0,High
84734.0,2015-2016,36,2,44.2,3,0.0,1.0,0.0,2.0,2.0,High
84735.0,2015-2016,59,1,24.2,3,0.0,1.0,0.0,2.0,2.0,Moderate
84736.0,2015-2016,54,2,37.2,4,0.0,1.0,0.0,2.0,2.0,High
84738.0,2015-2016,45,1,26.0,3,0.0,0.0,1.0,0.0,2.0,Low
84741.0,2015-2016,63,2,34.7,4,1.0,1.0,0.0,0.0,2.0,Moderate
84742.0,2015-2016,80,2,25.8,3,1.0,1.0,0.0,0.0,2.0,Low
84745.0,2015-2016,42,2,23.4,1,0.0,0.0,1.0,0.0,2.0,Low
84747.0,2015-2016,66,2,24.5,3,0.0,1.0,0.0,1.0,2.0,Moderate
84748.0,2015-2016,22,1,32.5,2,0.0,0.0,0.0,0.0,2.0,Low
84751.0,2015-2016,54,1,32.3,3,,0.0,0.0,0.0,2.0,Moderate
84752.0,2015-2016,62,1,31.9,3,0.0,0.0,0.0,2.0,2.0,Moderate
84753.0,2015-2016,33,1,31.1,3,0.0,0.0,1.0,2.0,2.0,Low
84754.0,2015-2016,70,1,28.0,3,1.0,1.0,0.0,1.0,1.0,High
84755.0,2015-2016,65,2,22.3,6,0.0,1.0,0.0,0.0,2.0,High
84756.0,2015-2016,36,1,29.1,6,0.0,1.0,0.0,0.0,2.0,Low
84757.0,2015-2016,56,1,38.0,3,0.0,0.0,0.0,0.0,2.0,Moderate
84759.0,2015-2016,34,2,28.5,1,1.0,0.0,1.0,0.0,2.0,Moderate
84760.0,2015-2016,23,2,23.3,3,1.0,1.0,1.0,0.0,2.0,Low
84763.0,2015-2016,56,2,25.0,1,1.0,1.0,1.0,0.0,2.0,High
84764.0,2015-2016,41,1,27.2,6,0.0,0.0,1.0,1.0,2.0,Moderate
84765.0,2015-2016,44,2,43.3,2,1.0,1.0,0.0,2.0,1.0,High
84766.0,2015-2016,40,2,36.7,4,1.0,0.0,1.0,0.0,2.0,Low
84767.0,2015-2016,20,1,50.4,4,0.0,0.0,0.0,0.0,2.0,Low
84768.0,2015-2016,33,2,37.2,1,1.0,0.0,0.0,0.0,2.0,Low
84770.0,2015-2016,52,1,29.3,4,0.0,0.0,1.0,1.0,2.0,Moderate
84771.0,2015-2016,31,1,25.5,6,0.0,0.0,0.0,0.0,2.0,Low
84774.0,2015-2016,48,2,34.6,4,1.0,1.0,0.0,2.0,3.0,Moderate
84775.0,2015-2016,28,1,24.6,4,0.0,0.0,1.0,0.0,2.0,Moderate
84776.0,2015-2016,47,1,23.4,4,1.0,0.0,0.0,2.0,1.0,High
84777.0,2015-2016,43,1,37.7,4,0.0,0.0,1.0,0.0,2.0,Moderate
84778.0,2015-2016,20,2,21.7,4,1.0,0.0,0.0,2.0,2.0,Low
84780.0,2015-2016,29,2,34.9,2,1.0,0.0,1.0,2.0,2.0,Low
84783.0,2015-2016,47,2,29.6,2,0.0,0.0,1.0,0.0,2.0,Moderate
84784.0,2015-2016,42,1,23.9,1,1.0,0.0,1.0,0.0,2.0,Moderate
84785.0,2015-2016,66,1,28.2,3,,0.0,0.0,2.0,2.0,High
84786.0,2015-2016,50,2,28.9,3,0.0,0.0,0.0,1.0,2.0,Low
84787.0,2015-2016,78,2,29.4,4,1.0,1.0,0.0,2.0,2.0,High
84788.0,2015-2016,71,1,31.7,3,0.0,1.0,0.0,2.0,1.0,High
84790.0,2015-2016,41,1,22.9,1,0.0,0.0,0.0,2.0,2.0,Low
84791.0,2015-2016,20,1,22.0,4,0.0,0.0,1.0,0.0,2.0,Low
84793.0,2015-2016,28,1,25.6,3,0.0,0.0,1.0,0.0,2.0,Moderate
84795.0,2015-2016,38,2,30.3,3,1.0,0.0,1.0,0.0,2.0,Moderate
84796.0,2015-2016,51,2,39.2,3,1.0,0.0,0.0,1.0,2.0,Moderate
84797.0,2015-2016,25,2,22.0,3,0.0,0.0,1.0,1.0,2.0,Low
84802.0,2015-2016,76,2,25.3,3,1.0,1.0,1.0,1.0,2.0,Moderate
84803.0,2015-2016,44,1,21.7,3,0.0,1.0,0.0,2.0,2.0,Low
84804.0,2015-2016,71,1,23.2,4,0.0,0.0,0.0,0.0,2.0,High
84805.0,2015-2016,53,2,33.0,4,1.0,1.0,1.0,2.0,1.0,High
84808.0,2015-2016,45,1,22.2,6,0.0,0.0,1.0,1.0,2.0,Low
84813.0,2015-2016,31,1,28.7,3,1.0,0.0,0.0,2.0,2.0,Moderate
84816.0,2015-2016,28,2,18.4,3,0.0,0.0,1.0,1.0,2.0,Low
84817.0,2015-2016,75,1,26.5,1,1.0,0.0,1.0,2.0,2.0,Low
84818.0,2015-2016,33,2,22.6,3,1.0,0.0,1.0,2.0,2.0,Low
84820.0,2015-2016,44,1,34.3,4,1.0,0.0,1.0,0.0,2.0,Moderate
84825.0,2015-2016,41,2,56.4,4,1.0,1.0,1.0,0.0,2.0,Moderate
84826.0,2015-2016,45,2,20.9,6,0.0,0.0,0.0,0.0,2.0,Moderate
84828.0,2015-2016,61,2,33.9,2,0.0,1.0,0.0,0.0,1.0,High
84829.0,2015-2016,24,1,30.7,3,1.0,0.0,1.0,0.0,2.0,Low
84830.0,2015-2016,25,1,22.7,3,0.0,0.0,1.0,0.0,2.0,Low
84831.0,2015-2016,54,1,30.1,1,1.0,0.0,0.0,2.0,2.0,High
84832.0,2015-2016,58,1,23.0,3,0.0,0.0,1.0,0.0,1.0,High
84833.0,2015-2016,32,2,21.1,4,1.0,0.0,1.0,0.0,2.0,Low
84835.0,2015-2016,39,1,27.4,4,0.0,0.0,0.0,2.0,2.0,Low
84837.0,2015-2016,45,2,29.8,1,1.0,0.0,1.0,0.0,2.0,Moderate
84838.0,2015-2016,23,1,19.4,6,1.0,0.0,0.0,0.0,2.0,Low
84841.0,2015-2016,27,2,23.2,4,0.0,1.0,0.0,1.0,2.0,Low
84842.0,2015-2016,50,1,31.0,1,0.0,0.0,0.0,1.0,2.0,Moderate
84843.0,2015-2016,24,1,25.9,6,0.0,0.0,1.0,0.0,2.0,Low
84846.0,2015-2016,24,1,25.1,6,0.0,0.0,1.0,2.0,2.0,Low
84847.0,2015-2016,28,2,24.2,1,1.0,0.0,0.0,0.0,2.0,Moderate
84849.0,2015-2016,36,1,20.3,4,1.0,0.0,1.0,0.0,2.0,Moderate
84850.0,2015-2016,53,2,27.8,1,0.0,0.0,1.0,0.0,2.0,Low
84852.0,2015-2016,28,2,26.1,3,0.0,0.0,1.0,0.0,2.0,Low
84854.0,2015-2016,51,2,23.3,2,0.0,0.0,1.0,0.0,2.0,Moderate
84859.0,2015-2016,42,2,37.2,4,1.0,1.0,1.0,0.0,2.0,Low
84862.0,2015-2016,56,2,26.6,3,0.0,1.0,1.0,2.0,3.0,Moderate
84865.0,2015-2016,26,1,40.4,3,0.0,0.0,1.0,0.0,2.0,Low
84866.0,2015-2016,33,1,27.0,1,0.0,0.0,0.0,0.0,2.0,Low
84867.0,2015-2016,62,2,32.5,2,1.0,1.0,0.0,2.0,1.0,High
84868.0,2015-2016,40,1,21.3,4,1.0,0.0,0.0,1.0,2.0,Low
84869.0,2015-2016,54,2,48.6,3,1.0,1.0,0.0,0.0,1.0,High
84870.0,2015-2016,33,1,31.2,6,0.0,1.0,1.0,0.0,2.0,Low
84872.0,2015-2016,32,1,27.9,1,0.0,0.0,0.0,1.0,2.0,Moderate
84874.0,2015-2016,22,1,34.7,2,0.0,0.0,0.0,0.0,2.0,Low
84878.0,2015-2016,46,1,29.3,2,0.0,0.0,0.0,0.0,2.0,Low
84879.0,2015-2016,35,2,40.1,1,0.0,0.0,0.0,2.0,2.0,Moderate
84880.0,2015-2016,44,2,33.4,4,0.0,0.0,1.0,0.0,2.0,Moderate
84885.0,2015-2016,61,2,36.7,4,1.0,1.0,0.0,0.0,1.0,High
84887.0,2015-2016,42,2,32.8,1,0.0,0.0,0.0,2.0,2.0,Moderate
84891.0,2015-2016,52,2,23.6,6,0.0,0.0,0.0,0.0,2.0,Moderate
84893.0,2015-2016,46,2,29.4,4,1.0,0.0,0.0,2.0,2.0,Moderate
84894.0,2015-2016,73,2,24.9,3,0.0,1.0,1.0,0.0,2.0,Low
84895.0,2015-2016,80,2,33.4,7,1.0,1.0,0.0,1.0,2.0,Moderate
84896.0,2015-2016,22,1,23.2,6,0.0,0.0,1.0,0.0,2.0,Moderate
84899.0,2015-2016,32,2,23.1,3,0.0,0.0,1.0,2.0,2.0,Low
84900.0,2015-2016,45,1,20.4,3,0.0,0.0,1.0,0.0,2.0,Low
84901.0,2015-2016,61,2,31.4,2,0.0,0.0,0.0,2.0,2.0,Low
84902.0,2015-2016,67,2,32.2,2,0.0,0.0,0.0,1.0,2.0,Low
84904.0,2015-2016,48,2,33.1,6,1.0,1.0,1.0,0.0,1.0,High
84906.0,2015-2016,53,1,26.0,3,0.0,0.0,1.0,2.0,2.0,Moderate
84910.0,2015-2016,51,2,25.9,2,0.0,1.0,0.0,1.0,2.0,Moderate
84912.0,2015-2016,57,1,29.8,1,0.0,1.0,0.0,1.0,2.0,Low
84913.0,2015-2016,47,2,37.3,1,1.0,0.0,0.0,0.0,3.0,High
84914.0,2015-2016,52,2,56.2,3,1.0,1.0,0.0,2.0,1.0,High
84915.0,2015-2016,45,2,35.4,1,1.0,1.0,0.0,0.0,1.0,High
84916.0,2015-2016,38,1,20.7,4,0.0,0.0,0.0,0.0,2.0,High
84917.0,2015-2016,32,1,32.4,1,0.0,0.0,0.0,2.0,2.0,Low
84919.0,2015-2016,61,1,21.6,1,1.0,0.0,0.0,0.0,2.0,Moderate
84920.0,2015-2016,35,1,26.4,4,0.0,0.0,1.0,0.0,2.0,Low
84921.0,2015-2016,54,1,21.2,4,0.0,0.0,0.0,0.0,2.0,Low
84923.0,2015-2016,66,2,36.7,4,1.0,1.0,0.0,0.0,2.0,High
84924.0,2015-2016,28,2,29.1,3,1.0,0.0,1.0,0.0,2.0,Low
84926.0,2015-2016,40,1,37.7,3,0.0,0.0,0.0,2.0,2.0,Low
84927.0,2015-2016,43,2,43.0,3,0.0,1.0,0.0,0.0,2.0,Moderate
84929.0,2015-2016,67,2,23.8,2,0.0,0.0,1.0,0.0,1.0,High
84930.0,2015-2016,49,1,22.2,4,1.0,0.0,1.0,2.0,2.0,Low
84931.0,2015-2016,30,1,35.7,4,0.0,0.0,1.0,0.0,2.0,Low
84932.0,2015-2016,60,1,34.0,4,1.0,0.0,1.0,0.0,2.0,Moderate
84933.0,2015-2016,30,1,22.7,3,0.0,0.0,0.0,0.0,2.0,Low
84934.0,2015-2016,57,1,43.7,1,1.0,0.0,0.0,1.0,1.0,High
84935.0,2015-2016,26,1,29.4,3,1.0,0.0,1.0,1.0,2.0,Low
84937.0,2015-2016,26,2,24.5,4,0.0,0.0,0.0,2.0,2.0,Low
84938.0,2015-2016,77,1,22.8,7,0.0,0.0,0.0,1.0,2.0,Low
84940.0,2015-2016,52,1,24.5,6,0.0,0.0,1.0,0.0,2.0,Low
84944.0,2015-2016,60,2,29.1,3,1.0,1.0,0.0,2.0,1.0,High
84945.0,2015-2016,30,2,,4,0.0,0.0,0.0,2.0,2.0,Low
84946.0,2015-2016,38,2,25.3,2,0.0,0.0,1.0,0.0,2.0,Moderate
84947.0,2015-2016,24,1,27.9,3,1.0,0.0,0.0,2.0,2.0,Low
84948.0,2015-2016,41,2,39.0,4,0.0,1.0,1.0,0.0,2.0,Moderate
84949.0,2015-2016,78,2,42.1,4,1.0,1.0,0.0,0.0,1.0,High
84950.0,2015-2016,48,1,29.1,6,0.0,0.0,0.0,0.0,2.0,Moderate
84952.0,2015-2016,68,2,23.3,6,0.0,1.0,1.0,0.0,2.0,Moderate
84954.0,2015-2016,64,2,24.0,4,1.0,1.0,1.0,0.0,1.0,High
84956.0,2015-2016,43,2,21.9,3,1.0,0.0,1.0,2.0,2.0,Low
84960.0,2015-2016,35,2,22.1,1,0.0,0.0,0.0,0.0,2.0,Low
84962.0,2015-2016,57,2,31.7,4,1.0,1.0,1.0,0.0,2.0,Low
84964.0,2015-2016,22,2,22.7,1,1.0,0.0,1.0,0.0,2.0,Moderate
84966.0,2015-2016,48,1,38.4,4,1.0,0.0,1.0,1.0,2.0,Moderate
84967.0,2015-2016,76,1,33.3,3,0.0,1.0,0.0,1.0,2.0,Moderate
84969.0,2015-2016,60,1,40.4,4,1.0,1.0,1.0,1.0,1.0,High
84970.0,2015-2016,51,1,34.3,2,1.0,1.0,1.0,2.0,1.0,High
84974.0,2015-2016,28,2,26.1,3,1.0,0.0,1.0,0.0,2.0,Low
84976.0,2015-2016,31,1,30.5,3,0.0,0.0,0.0,2.0,2.0,Moderate
84978.0,2015-2016,60,2,21.8,2,0.0,0.0,0.0,0.0,2.0,Moderate
84979.0,2015-2016,63,2,38.9,4,1.0,1.0,0.0,0.0,1.0,High
84980.0,2015-2016,54,1,33.6,1,0.0,1.0,1.0,2.0,2.0,Low
84982.0,2015-2016,26,1,45.0,1,1.0,0.0,0.0,0.0,2.0,Moderate
84985.0,2015-2016,26,2,31.4,2,0.0,0.0,1.0,0.0,2.0,Low
84988.0,2015-2016,52,1,31.8,1,1.0,0.0,0.0,0.0,2.0,Moderate
84989.0,2015-2016,37,2,34.1,7,0.0,0.0,0.0,2.0,2.0,Moderate
84992.0,2015-2016,68,1,30.3,4,,0.0,0.0,1.0,2.0,Low
84995.0,2015-2016,68,2,31.8,3,0.0,0.0,1.0,1.0,2.0,High
84997.0,2015-2016,29,2,23.2,6,0.0,0.0,1.0,0.0,2.0,Low
84998.0,2015-2016,58,2,31.4,4,1.0,1.0,0.0,2.0,2.0,Moderate
85000.0,2015-2016,80,1,24.4,3,1.0,1.0,0.0,1.0,1.0,High
85002.0,2015-2016,80,2,22.4,1,0.0,1.0,0.0,0.0,2.0,Moderate
85003.0,2015-2016,57,2,54.5,1,1.0,0.0,0.0,0.0,1.0,High
85006.0,2015-2016,43,2,32.0,4,1.0,0.0,1.0,0.0,2.0,Low
85007.0,2015-2016,47,1,26.8,3,1.0,0.0,0.0,2.0,2.0,Moderate
85009.0,2015-2016,25,2,22.5,1,1.0,0.0,0.0,0.0,2.0,Low
85010.0,2015-2016,20,2,30.6,7,1.0,0.0,1.0,2.0,2.0,Low
85014.0,2015-2016,42,1,43.4,4,0.0,1.0,0.0,0.0,2.0,Low
85016.0,2015-2016,50,2,21.7,6,1.0,0.0,1.0,1.0,2.0,Moderate
85017.0,2015-2016,76,1,31.0,4,1.0,1.0,1.0,1.0,2.0,Low
85019.0,2015-2016,36,2,41.3,4,1.0,0.0,0.0,2.0,2.0,Low
85022.0,2015-2016,61,1,27.6,3,0.0,0.0,0.0,0.0,2.0,Low
85024.0,2015-2016,49,1,21.4,3,0.0,1.0,1.0,0.0,2.0,Low
85028.0,2015-2016,51,2,22.4,3,1.0,1.0,0.0,2.0,2.0,Low
85033.0,2015-2016,70,2,28.5,2,0.0,1.0,0.0,0.0,1.0,High
85034.0,2015-2016,67,2,27.2,1,0.0,1.0,1.0,0.0,2.0,Low
85035.0,2015-2016,80,2,22.6,2,1.0,0.0,1.0,0.0,2.0,Moderate
85037.0,2015-2016,60,1,36.8,1,1.0,1.0,0.0,1.0,2.0,Moderate
85039.0,2015-2016,69,2,31.1,2,1.0,1.0,0.0,0.0,2.0,Moderate
85040.0,2015-2016,25,2,20.6,1,0.0,0.0,0.0,0.0,2.0,Low
85041.0,2015-2016,78,2,25.9,2,0.0,0.0,0.0,0.0,2.0,Moderate
85042.0,2015-2016,23,1,25.1,1,0.0,1.0,1.0,1.0,2.0,Moderate
85043.0,2015-2016,26,1,29.8,4,0.0,1.0,1.0,2.0,1.0,High
85048.0,2015-2016,34,1,31.0,6,0.0,0.0,0.0,0.0,2.0,Low
85049.0,2015-2016,52,1,38.5,4,0.0,0.0,1.0,1.0,2.0,Low
85051.0,2015-2016,67,1,,3,0.0,0.0,0.0,2.0,2.0,Low
85052.0,2015-2016,34,1,34.4,4,1.0,1.0,1.0,2.0,2.0,Moderate
85053.0,2015-2016,58,1,24.8,6,1.0,0.0,0.0,1.0,2.0,Low
85054.0,2015-2016,62,1,26.5,3,0.0,0.0,1.0,2.0,2.0,Moderate
85055.0,2015-2016,39,2,20.4,3,0.0,0.0,0.0,1.0,2.0,Low
85057.0,2015-2016,67,1,27.0,3,0.0,0.0,1.0,0.0,2.0,Moderate
85060.0,2015-2016,55,1,39.0,1,1.0,1.0,1.0,1.0,2.0,Moderate
85061.0,2015-2016,70,1,24.3,6,0.0,1.0,1.0,0.0,1.0,High
85062.0,2015-2016,57,1,23.5,6,0.0,1.0,0.0,1.0,2.0,Low
85063.0,2015-2016,26,2,21.8,4,0.0,0.0,0.0,0.0,2.0,Low
85064.0,2015-2016,70,1,35.1,3,0.0,1.0,0.0,1.0,2.0,Low
85066.0,2015-2016,49,1,33.5,2,1.0,1.0,0.0,0.0,1.0,High
85067.0,2015-2016,80,1,29.8,3,0.0,0.0,1.0,1.0,2.0,Moderate
85069.0,2015-2016,74,2,32.2,6,1.0,1.0,1.0,0.0,2.0,Moderate
85073.0,2015-2016,41,2,32.6,1,1.0,0.0,0.0,0.0,2.0,Low
85074.0,2015-2016,23,2,20.8,6,,0.0,0.0,2.0,2.0,Low
85075.0,2015-2016,41,2,39.0,2,0.0,0.0,1.0,0.0,2.0,Moderate
85076.0,2015-2016,36,2,22.1,1,0.0,0.0,1.0,0.0,2.0,Moderate
85077.0,2015-2016,70,1,32.3,1,1.0,0.0,1.0,2.0,2.0,Low
85079.0,2015-2016,74,2,25.6,4,0.0,1.0,1.0,0.0,2.0,Moderate
85087.0,2015-2016,21,1,19.8,2,0.0,0.0,0.0,0.0,1.0,High
85088.0,2015-2016,68,2,24.4,3,0.0,1.0,0.0,1.0,2.0,Low
85092.0,2015-2016,26,1,19.9,3,0.0,0.0,1.0,2.0,2.0,Low
85093.0,2015-2016,61,2,36.2,3,0.0,1.0,0.0,1.0,2.0,Low
85095.0,2015-2016,22,2,23.5,2,0.0,0.0,1.0,0.0,2.0,Low
85098.0,2015-2016,68,2,45.0,1,1.0,1.0,0.0,1.0,1.0,High
85101.0,2015-2016,63,1,24.2,1,1.0,1.0,0.0,1.0,2.0,Low
85103.0,2015-2016,51,1,45.6,1,1.0,1.0,0.0,1.0,2.0,Low
85104.0,2015-2016,29,2,25.3,1,0.0,0.0,1.0,0.0,2.0,Low
85106.0,2015-2016,64,1,26.5,1,0.0,0.0,0.0,1.0,2.0,Moderate
85107.0,2015-2016,24,1,25.1,2,1.0,0.0,0.0,2.0,2.0,Low
85109.0,2015-2016,65,1,27.8,3,0.0,0.0,0.0,0.0,2.0,Low
85110.0,2015-2016,41,1,24.7,3,1.0,0.0,1.0,0.0,2.0,Low
85111.0,2015-2016,49,2,31.2,2,1.0,1.0,0.0,0.0,2.0,High
85113.0,2015-2016,21,1,27.3,4,0.0,0.0,1.0,2.0,2.0,Low
85114.0,2015-2016,22,2,23.8,2,1.0,0.0,1.0,2.0,2.0,Low
85117.0,2015-2016,37,1,33.8,3,0.0,1.0,1.0,2.0,2.0,Low
85118.0,2015-2016,45,2,48.4,3,0.0,0.0,0.0,1.0,2.0,Low
85119.0,2015-2016,78,1,21.1,6,1.0,1.0,0.0,0.0,1.0,High
85120.0,2015-2016,65,1,28.5,3,0.0,0.0,1.0,1.0,2.0,Moderate
85126.0,2015-2016,39,2,35.1,3,1.0,1.0,1.0,0.0,2.0,Low
85127.0,2015-2016,35,1,23.0,4,1.0,0.0,1.0,2.0,2.0,Low
85128.0,2015-2016,65,1,22.2,3,0.0,0.0,1.0,0.0,2.0,Low
85131.0,2015-2016,24,2,21.9,3,0.0,0.0,1.0,1.0,2.0,Low
85132.0,2015-2016,31,2,25.4,2,0.0,0.0,1.0,0.0,2.0,Low
85137.0,2015-2016,61,1,37.8,1,1.0,1.0,1.0,0.0,1.0,High
85138.0,2015-2016,31,2,33.2,3,0.0,0.0,0.0,0.0,2.0,Moderate
85142.0,2015-2016,71,1,21.9,1,1.0,1.0,0.0,2.0,2.0,Moderate
85145.0,2015-2016,35,1,34.3,3,1.0,1.0,0.0,2.0,2.0,High
85147.0,2015-2016,25,2,27.5,1,1.0,0.0,1.0,0.0,2.0,Low
85148.0,2015-2016,45,1,41.5,1,0.0,0.0,0.0,2.0,2.0,Low
85149.0,2015-2016,66,1,41.3,4,1.0,1.0,0.0,1.0,1.0,High
85152.0,2015-2016,72,2,25.8,3,0.0,1.0,0.0,1.0,2.0,Moderate
85154.0,2015-2016,47,2,39.3,4,1.0,1.0,0.0,2.0,2.0,Low
85155.0,2015-2016,50,2,38.4,2,0.0,0.0,0.0,0.0,2.0,Moderate
85156.0,2015-2016,73,2,31.0,4,1.0,1.0,1.0,0.0,2.0,Moderate
85157.0,2015-2016,53,1,29.1,3,0.0,0.0,0.0,2.0,2.0,Low
85158.0,2015-2016,44,2,27.5,6,1.0,1.0,1.0,0.0,2.0,Moderate
85159.0,2015-2016,31,2,23.3,4,0.0,0.0,0.0,0.0,2.0,High
85160.0,2015-2016,26,2,22.7,3,0.0,0.0,0.0,2.0,2.0,Low
85161.0,2015-2016,66,2,32.0,3,0.0,1.0,1.0,0.0,2.0,Moderate
85163.0,2015-2016,29,1,30.2,1,0.0,0.0,0.0,2.0,2.0,Low
85164.0,2015-2016,39,1,46.0,4,1.0,1.0,1.0,0.0,1.0,High
85166.0,2015-2016,53,2,33.8,1,0.0,0.0,1.0,1.0,2.0,Moderate
85169.0,2015-2016,54,1,27.7,6,1.0,0.0,0.0,1.0,2.0,Moderate
85170.0,2015-2016,80,2,26.3,4,1.0,1.0,1.0,0.0,1.0,High
85171.0,2015-2016,29,2,30.1,2,1.0,0.0,1.0,0.0,2.0,Low
85173.0,2015-2016,45,2,29.4,2,0.0,0.0,1.0,0.0,2.0,Low
85177.0,2015-2016,66,2,30.5,2,0.0,0.0,0.0,1.0,2.0,Moderate
85179.0,2015-2016,20,2,22.1,3,0.0,0.0,0.0,0.0,2.0,Low
85181.0,2015-2016,48,1,27.3,1,0.0,0.0,1.0,0.0,2.0,Low
85183.0,2015-2016,33,1,35.8,1,1.0,0.0,1.0,2.0,2.0,Moderate
85187.0,2015-2016,67,2,33.3,3,0.0,0.0,1.0,1.0,2.0,Low
85190.0,2015-2016,29,2,30.3,1,1.0,0.0,1.0,0.0,2.0,Moderate
85192.0,2015-2016,53,2,22.5,3,1.0,1.0,0.0,2.0,1.0,High
85193.0,2015-2016,36,2,21.5,6,1.0,0.0,0.0,0.0,2.0,Low
85194.0,2015-2016,38,2,23.5,2,0.0,0.0,0.0,0.0,2.0,Low
85197.0,2015-2016,60,1,22.4,4,1.0,0.0,0.0,0.0,2.0,Moderate
85198.0,2015-2016,55,1,42.6,1,0.0,0.0,1.0,0.0,2.0,Moderate
85200.0,2015-2016,46,2,51.5,1,1.0,0.0,0.0,0.0,2.0,Low
85202.0,2015-2016,34,1,28.8,2,0.0,0.0,1.0,1.0,2.0,Low
85203.0,2015-2016,71,2,42.3,1,1.0,1.0,1.0,0.0,1.0,High
85204.0,2015-2016,20,2,23.3,2,1.0,0.0,1.0,0.0,2.0,Low
85205.0,2015-2016,25,1,21.2,1,0.0,0.0,1.0,0.0,2.0,Low
85209.0,2015-2016,43,2,25.6,3,0.0,0.0,0.0,0.0,2.0,Low
85211.0,2015-2016,42,1,21.5,6,0.0,1.0,1.0,0.0,2.0,Low
85212.0,2015-2016,80,1,22.2,6,1.0,0.0,1.0,0.0,1.0,High
85213.0,2015-2016,52,1,36.8,1,1.0,1.0,0.0,1.0,1.0,High
85214.0,2015-2016,26,1,22.8,4,1.0,0.0,1.0,1.0,2.0,Low
85215.0,2015-2016,65,1,21.9,4,1.0,1.0,1.0,1.0,1.0,High
85216.0,2015-2016,65,2,29.0,4,1.0,1.0,0.0,1.0,3.0,Moderate
85217.0,2015-2016,31,1,30.6,6,0.0,0.0,0.0,2.0,2.0,Moderate
85219.0,2015-2016,75,1,31.8,3,0.0,0.0,0.0,1.0,1.0,High
85220.0,2015-2016,47,1,26.0,4,0.0,0.0,1.0,2.0,2.0,Low
85222.0,2015-2016,35,2,24.7,3,1.0,0.0,0.0,0.0,2.0,Low
85224.0,2015-2016,48,2,38.8,1,1.0,0.0,0.0,0.0,1.0,High
85229.0,2015-2016,29,2,41.8,3,1.0,0.0,1.0,0.0,2.0,Low
85230.0,2015-2016,55,2,25.9,3,0.0,0.0,0.0,2.0,2.0,Moderate
85231.0,2015-2016,40,2,23.7,2,1.0,0.0,1.0,0.0,2.0,Moderate
85232.0,2015-2016,66,2,20.9,6,1.0,0.0,1.0,0.0,2.0,Moderate
85233.0,2015-2016,52,2,21.4,3,1.0,0.0,1.0,1.0,3.0,Moderate
85234.0,2015-2016,32,1,32.2,2,0.0,1.0,0.0,2.0,2.0,Moderate
85236.0,2015-2016,78,2,28.9,1,1.0,1.0,0.0,0.0,2.0,Moderate
85238.0,2015-2016,80,1,26.6,3,1.0,0.0,0.0,0.0,2.0,Moderate
85239.0,2015-2016,55,2,20.8,3,1.0,0.0,1.0,2.0,2.0,Moderate
85241.0,2015-2016,52,2,28.3,3,0.0,0.0,1.0,0.0,2.0,Moderate
85243.0,2015-2016,43,2,40.0,2,1.0,0.0,0.0,0.0,2.0,Moderate
85244.0,2015-2016,43,2,31.2,2,1.0,0.0,0.0,2.0,2.0,Low
85245.0,2015-2016,71,2,36.8,3,1.0,1.0,0.0,2.0,2.0,Moderate
85246.0,2015-2016,23,1,29.3,1,0.0,0.0,1.0,0.0,2.0,Low
85249.0,2015-2016,53,2,26.1,4,1.0,1.0,1.0,1.0,2.0,Low
85250.0,2015-2016,70,2,39.4,1,1.0,1.0,0.0,1.0,1.0,High
85252.0,2015-2016,22,2,33.9,4,1.0,0.0,1.0,1.0,2.0,Low
85253.0,2015-2016,57,1,24.2,2,0.0,0.0,0.0,0.0,2.0,Moderate
85256.0,2015-2016,27,2,21.1,3,0.0,0.0,1.0,0.0,2.0,Low
85257.0,2015-2016,59,1,36.8,3,0.0,1.0,0.0,2.0,2.0,High
85259.0,2015-2016,38,1,25.0,3,0.0,1.0,0.0,2.0,2.0,Low
85261.0,2015-2016,62,1,31.7,4,0.0,1.0,1.0,0.0,2.0,Low
85262.0,2015-2016,80,2,25.9,3,0.0,1.0,0.0,1.0,2.0,Low
85263.0,2015-2016,46,1,31.0,3,0.0,0.0,0.0,1.0,2.0,Low
85264.0,2015-2016,26,2,21.1,3,0.0,0.0,0.0,0.0,2.0,Low
85266.0,2015-2016,70,1,48.0,2,1.0,1.0,0.0,0.0,1.0,High
85269.0,2015-2016,69,2,27.0,2,0.0,1.0,1.0,2.0,2.0,Moderate
85270.0,2015-2016,52,1,22.2,3,0.0,0.0,1.0,0.0,2.0,Low
85274.0,2015-2016,72,2,26.6,2,0.0,1.0,0.0,0.0,2.0,High
85275.0,2015-2016,80,2,30.0,4,1.0,1.0,0.0,0.0,2.0,Moderate
85278.0,2015-2016,78,1,35.6,3,,0.0,1.0,1.0,1.0,High
85279.0,2015-2016,50,1,30.9,7,1.0,1.0,0.0,2.0,2.0,Moderate
85281.0,2015-2016,35,1,32.7,3,0.0,0.0,1.0,2.0,2.0,Low
85283.0,2015-2016,80,2,31.2,2,0.0,1.0,0.0,0.0,2.0,Moderate
85284.0,2015-2016,20,2,25.1,3,0.0,0.0,1.0,0.0,2.0,Low
85285.0,2015-2016,80,1,20.8,4,,1.0,0.0,1.0,1.0,High
85287.0,2015-2016,69,1,31.0,4,0.0,1.0,1.0,2.0,2.0,Low
85288.0,2015-2016,55,2,31.4,3,1.0,0.0,1.0,2.0,2.0,Low
85290.0,2015-2016,22,2,23.6,4,1.0,0.0,1.0,0.0,2.0,Moderate
85291.0,2015-2016,48,1,33.2,4,1.0,1.0,1.0,2.0,2.0,Moderate
85292.0,2015-2016,68,1,33.8,3,1.0,1.0,1.0,0.0,2.0,Low
85293.0,2015-2016,29,2,35.2,6,1.0,0.0,1.0,2.0,2.0,Low
85294.0,2015-2016,65,2,27.4,1,1.0,0.0,0.0,0.0,2.0,Moderate
85295.0,2015-2016,51,2,32.8,2,0.0,1.0,0.0,0.0,2.0,Low
85296.0,2015-2016,78,1,27.5,3,1.0,0.0,0.0,2.0,2.0,Moderate
85298.0,2015-2016,79,1,21.5,3,1.0,0.0,1.0,0.0,2.0,Low
85299.0,2015-2016,65,2,39.6,3,1.0,1.0,1.0,0.0,2.0,Moderate
85302.0,2015-2016,46,2,29.0,3,0.0,0.0,1.0,1.0,2.0,Low
85303.0,2015-2016,45,2,35.9,4,0.0,0.0,1.0,0.0,2.0,Moderate
85304.0,2015-2016,68,1,27.0,4,0.0,1.0,0.0,1.0,2.0,Moderate
85305.0,2015-2016,30,1,24.0,6,0.0,0.0,0.0,0.0,2.0,Low
85308.0,2015-2016,74,2,32.1,4,1.0,0.0,0.0,0.0,2.0,High
85309.0,2015-2016,23,2,26.2,1,0.0,0.0,1.0,0.0,2.0,Low
85310.0,2015-2016,72,2,21.5,6,0.0,0.0,0.0,0.0,2.0,Low
85312.0,2015-2016,20,1,33.0,4,1.0,0.0,1.0,0.0,2.0,Low
85314.0,2015-2016,69,1,32.8,4,,1.0,0.0,0.0,2.0,Moderate
85315.0,2015-2016,32,1,28.1,2,0.0,0.0,1.0,0.0,2.0,Low
85316.0,2015-2016,45,1,31.3,3,1.0,0.0,1.0,0.0,1.0,High
85318.0,2015-2016,60,2,27.1,1,1.0,0.0,1.0,2.0,3.0,High
85319.0,2015-2016,42,2,32.9,2,0.0,0.0,1.0,0.0,2.0,Moderate
85320.0,2015-2016,71,1,34.7,3,0.0,1.0,0.0,1.0,1.0,High
85322.0,2015-2016,63,2,29.9,1,1.0,1.0,0.0,0.0,2.0,Moderate
85324.0,2015-2016,48,1,23.5,3,0.0,1.0,1.0,1.0,2.0,Low
85325.0,2015-2016,59,2,24.9,3,1.0,0.0,1.0,0.0,2.0,Low
85332.0,2015-2016,62,1,24.6,2,1.0,1.0,0.0,1.0,2.0,Moderate
85334.0,2015-2016,49,1,22.4,3,0.0,0.0,0.0,0.0,2.0,Low
85335.0,2015-2016,79,1,29.4,3,1.0,0.0,0.0,2.0,1.0,High
85337.0,2015-2016,43,2,39.2,4,0.0,0.0,1.0,0.0,2.0,Low
85338.0,2015-2016,43,1,29.2,6,0.0,0.0,1.0,1.0,2.0,Moderate
85339.0,2015-2016,45,1,26.8,6,1.0,0.0,1.0,0.0,2.0,Low
85341.0,2015-2016,37,2,35.6,4,1.0,1.0,0.0,1.0,1.0,High
85343.0,2015-2016,21,2,31.8,1,0.0,0.0,0.0,0.0,2.0,Moderate
85345.0,2015-2016,75,2,18.5,3,0.0,0.0,1.0,0.0,2.0,Low
85346.0,2015-2016,76,2,33.0,2,1.0,1.0,0.0,1.0,3.0,Moderate
85348.0,2015-2016,59,1,29.0,1,0.0,1.0,0.0,1.0,2.0,Low
85351.0,2015-2016,51,2,23.7,2,0.0,0.0,0.0,0.0,2.0,Low
85352.0,2015-2016,38,2,44.6,1,0.0,1.0,0.0,0.0,2.0,Low
85354.0,2015-2016,45,2,40.2,4,0.0,0.0,1.0,1.0,2.0,Moderate
85355.0,2015-2016,22,1,25.5,3,0.0,0.0,1.0,0.0,2.0,Low
85356.0,2015-2016,43,1,29.5,4,0.0,1.0,1.0,0.0,2.0,Moderate
85358.0,2015-2016,78,1,26.9,1,0.0,1.0,0.0,0.0,2.0,Moderate
85360.0,2015-2016,58,1,25.7,2,0.0,0.0,1.0,0.0,2.0,Moderate
85361.0,2015-2016,43,2,24.5,1,1.0,0.0,0.0,2.0,2.0,Low
85362.0,2015-2016,20,2,20.8,3,1.0,0.0,1.0,1.0,2.0,Low
85363.0,2015-2016,66,2,23.2,6,1.0,0.0,0.0,0.0,1.0,High
85366.0,2015-2016,32,1,36.6,2,1.0,0.0,0.0,2.0,2.0,Low
85367.0,2015-2016,49,2,27.8,4,,0.0,1.0,0.0,2.0,Low
85368.0,2015-2016,52,2,28.9,4,1.0,0.0,0.0,1.0,3.0,Moderate
85369.0,2015-2016,31,1,33.7,3,0.0,0.0,1.0,0.0,2.0,Moderate
85370.0,2015-2016,62,2,25.3,4,1.0,1.0,0.0,2.0,2.0,Low
85374.0,2015-2016,43,1,45.6,1,1.0,1.0,1.0,0.0,1.0,High
85375.0,2015-2016,80,2,40.4,3,0.0,1.0,0.0,0.0,2.0,Moderate
85376.0,2015-2016,21,2,28.9,4,,0.0,1.0,2.0,2.0,Low
85377.0,2015-2016,60,2,35.7,4,0.0,0.0,1.0,1.0,1.0,High
85379.0,2015-2016,80,2,28.2,1,,1.0,1.0,0.0,1.0,High
85380.0,2015-2016,55,2,33.6,3,0.0,1.0,0.0,2.0,2.0,Moderate
85381.0,2015-2016,22,1,22.0,6,0.0,0.0,0.0,0.0,2.0,Low
85384.0,2015-2016,32,2,26.2,7,0.0,1.0,1.0,1.0,2.0,Low
85386.0,2015-2016,25,1,28.8,4,1.0,0.0,0.0,0.0,2.0,Moderate
85390.0,2015-2016,23,2,29.7,1,1.0,0.0,0.0,1.0,2.0,Low
85393.0,2015-2016,80,2,28.5,4,0.0,0.0,0.0,0.0,2.0,Moderate
85394.0,2015-2016,34,1,35.2,7,1.0,0.0,0.0,2.0,1.0,High
85395.0,2015-2016,24,2,30.4,3,0.0,0.0,0.0,0.0,2.0,Low
85396.0,2015-2016,33,2,27.5,6,1.0,0.0,0.0,0.0,2.0,Low
85398.0,2015-2016,65,2,23.4,6,0.0,1.0,1.0,0.0,2.0,Moderate
85399.0,2015-2016,35,2,38.2,3,0.0,0.0,0.0,2.0,2.0,Low
85400.0,2015-2016,27,1,24.1,3,0.0,0.0,1.0,1.0,2.0,Low
85401.0,2015-2016,46,2,52.8,1,0.0,1.0,0.0,2.0,2.0,Moderate
85402.0,2015-2016,80,1,23.8,7,0.0,0.0,0.0,0.0,3.0,Moderate
85406.0,2015-2016,71,1,27.2,1,0.0,0.0,1.0,2.0,1.0,High
85407.0,2015-2016,31,2,19.4,6,1.0,0.0,0.0,0.0,2.0,Low
85408.0,2015-2016,30,2,32.9,7,0.0,0.0,1.0,1.0,2.0,Low
85409.0,2015-2016,31,1,39.6,2,1.0,0.0,1.0,0.0,2.0,Moderate
85412.0,2015-2016,26,2,19.6,6,0.0,0.0,1.0,0.0,2.0,Low
85415.0,2015-2016,41,2,26.1,4,,0.0,0.0,0.0,2.0,Moderate
85419.0,2015-2016,32,1,28.0,7,0.0,0.0,1.0,0.0,2.0,Moderate
85420.0,2015-2016,21,2,32.8,6,1.0,1.0,1.0,0.0,3.0,Moderate
85422.0,2015-2016,75,2,33.6,4,0.0,1.0,0.0,1.0,2.0,High
85423.0,2015-2016,65,2,35.3,3,0.0,1.0,1.0,0.0,1.0,High
85424.0,2015-2016,75,1,26.3,3,0.0,1.0,0.0,2.0,2.0,Moderate
85425.0,2015-2016,80,1,26.0,3,0.0,1.0,0.0,1.0,3.0,High
85426.0,2015-2016,36,2,23.0,4,0.0,0.0,0.0,0.0,2.0,Low
85427.0,2015-2016,28,1,23.5,6,0.0,0.0,1.0,0.0,2.0,Low
85429.0,2015-2016,68,2,22.3,3,0.0,0.0,0.0,2.0,2.0,Low
85431.0,2015-2016,47,2,41.2,1,1.0,0.0,0.0,0.0,2.0,High
85435.0,2015-2016,26,1,22.4,3,0.0,0.0,1.0,0.0,2.0,Low
85436.0,2015-2016,31,2,20.5,6,,0.0,0.0,0.0,2.0,Moderate
85437.0,2015-2016,34,2,27.0,4,1.0,0.0,0.0,0.0,2.0,Low
85438.0,2015-2016,45,2,28.6,3,0.0,0.0,1.0,0.0,2.0,Low
85441.0,2015-2016,66,2,25.4,6,1.0,0.0,1.0,0.0,2.0,Moderate
85442.0,2015-2016,64,1,24.0,6,0.0,1.0,1.0,1.0,3.0,Moderate
85443.0,2015-2016,48,2,27.1,3,0.0,0.0,0.0,2.0,2.0,Low
85444.0,2015-2016,56,2,36.3,2,1.0,1.0,0.0,0.0,1.0,High
85445.0,2015-2016,75,2,45.1,1,1.0,0.0,0.0,0.0,1.0,High
85448.0,2015-2016,80,2,35.5,3,1.0,,0.0,1.0,2.0,Low
85450.0,2015-2016,74,1,22.6,3,0.0,0.0,1.0,1.0,2.0,Moderate
85451.0,2015-2016,53,2,22.5,3,0.0,0.0,1.0,0.0,2.0,Low
85453.0,2015-2016,42,2,24.6,2,0.0,1.0,0.0,2.0,3.0,Moderate
85454.0,2015-2016,55,2,34.5,7,0.0,0.0,1.0,0.0,2.0,High
85456.0,2015-2016,68,1,25.5,3,0.0,1.0,0.0,2.0,2.0,Moderate
85457.0,2015-2016,70,2,24.8,3,0.0,0.0,0.0,1.0,2.0,Low
85463.0,2015-2016,48,2,24.6,6,0.0,0.0,0.0,0.0,2.0,High
85464.0,2015-2016,67,1,23.8,1,1.0,0.0,0.0,0.0,2.0,Low
85465.0,2015-2016,66,2,27.1,1,1.0,0.0,0.0,0.0,2.0,Moderate
85467.0,2015-2016,67,1,31.0,3,0.0,1.0,1.0,1.0,2.0,Moderate
85468.0,2015-2016,46,2,25.1,6,0.0,0.0,1.0,2.0,2.0,Low
85469.0,2015-2016,71,1,33.3,3,0.0,0.0,0.0,1.0,2.0,Low
85470.0,2015-2016,63,2,31.1,1,1.0,1.0,0.0,0.0,1.0,High
85471.0,2015-2016,63,1,21.7,6,1.0,1.0,0.0,2.0,1.0,High
85472.0,2015-2016,68,1,23.0,6,0.0,1.0,0.0,1.0,1.0,High
85476.0,2015-2016,30,2,31.1,2,0.0,0.0,1.0,0.0,2.0,Low
85477.0,2015-2016,44,2,30.8,1,1.0,1.0,0.0,0.0,2.0,Moderate
85479.0,2015-2016,77,1,,7,0.0,1.0,0.0,0.0,1.0,High
85481.0,2015-2016,51,1,28.0,4,1.0,1.0,1.0,1.0,2.0,Moderate
85483.0,2015-2016,32,2,30.7,3,1.0,0.0,0.0,0.0,2.0,Low
85484.0,2015-2016,29,1,27.7,1,1.0,0.0,0.0,1.0,2.0,Moderate
85485.0,2015-2016,56,1,31.3,1,0.0,0.0,1.0,0.0,2.0,Low
85487.0,2015-2016,34,1,34.8,4,0.0,0.0,0.0,2.0,2.0,Moderate
85488.0,2015-2016,23,1,24.8,4,0.0,0.0,0.0,0.0,2.0,Low
85489.0,2015-2016,22,1,26.8,3,1.0,0.0,1.0,0.0,2.0,Low
85490.0,2015-2016,78,1,19.3,3,0.0,0.0,0.0,1.0,2.0,Low
85491.0,2015-2016,62,1,35.9,3,0.0,1.0,0.0,1.0,1.0,High
85492.0,2015-2016,22,2,26.6,3,0.0,0.0,1.0,0.0,2.0,Low
85493.0,2015-2016,80,2,33.9,4,0.0,1.0,0.0,0.0,1.0,High
85496.0,2015-2016,43,1,30.8,3,1.0,0.0,1.0,0.0,2.0,Low
85497.0,2015-2016,34,2,25.4,1,0.0,0.0,1.0,0.0,2.0,Low
85499.0,2015-2016,61,2,37.7,3,1.0,1.0,0.0,2.0,1.0,High
85501.0,2015-2016,66,2,29.2,1,1.0,0.0,1.0,0.0,2.0,High
85503.0,2015-2016,75,2,21.0,3,0.0,1.0,0.0,0.0,2.0,Low
85508.0,2015-2016,50,2,43.3,2,0.0,1.0,0.0,0.0,2.0,Low
85510.0,2015-2016,60,2,31.8,1,0.0,1.0,0.0,0.0,2.0,Low
85511.0,2015-2016,25,1,45.6,3,1.0,0.0,1.0,2.0,2.0,Moderate
85515.0,2015-2016,21,2,43.5,4,1.0,0.0,1.0,0.0,2.0,Low
85516.0,2015-2016,59,2,41.9,1,1.0,0.0,1.0,0.0,2.0,Moderate
85517.0,2015-2016,80,2,37.5,3,1.0,1.0,0.0,0.0,1.0,High
85518.0,2015-2016,32,2,27.7,6,0.0,0.0,0.0,0.0,2.0,Low
85521.0,2015-2016,71,2,31.7,3,0.0,1.0,1.0,0.0,1.0,High
85522.0,2015-2016,50,2,38.8,2,0.0,1.0,1.0,0.0,2.0,Moderate
85523.0,2015-2016,45,1,30.1,3,0.0,0.0,1.0,1.0,2.0,Moderate
85525.0,2015-2016,40,2,25.2,1,1.0,0.0,0.0,2.0,2.0,Low
85527.0,2015-2016,40,2,22.7,1,1.0,0.0,0.0,0.0,2.0,Moderate
85529.0,2015-2016,65,2,46.9,2,1.0,1.0,0.0,0.0,2.0,Moderate
85530.0,2015-2016,77,2,34.9,4,1.0,1.0,1.0,0.0,1.0,High
85531.0,2015-2016,37,1,45.5,7,1.0,0.0,0.0,0.0,2.0,Low
85535.0,2015-2016,35,1,23.9,4,0.0,0.0,0.0,0.0,2.0,Moderate
85536.0,2015-2016,70,1,30.5,1,1.0,1.0,0.0,1.0,1.0,High
85537.0,2015-2016,25,2,26.9,2,0.0,0.0,1.0,0.0,2.0,Low
85538.0,2015-2016,80,2,36.8,1,1.0,0.0,0.0,1.0,1.0,High
85541.0,2015-2016,63,2,31.1,2,0.0,0.0,1.0,1.0,2.0,Moderate
85542.0,2015-2016,20,1,30.3,1,0.0,1.0,0.0,0.0,2.0,Moderate
85543.0,2015-2016,74,2,27.3,6,1.0,1.0,0.0,0.0,1.0,High
85545.0,2015-2016,74,1,24.1,7,0.0,0.0,0.0,2.0,2.0,Moderate
85548.0,2015-2016,38,1,37.7,1,1.0,1.0,0.0,0.0,2.0,High
85549.0,2015-2016,64,2,22.6,4,0.0,0.0,0.0,2.0,2.0,Moderate
85551.0,2015-2016,27,1,22.9,6,0.0,0.0,1.0,0.0,2.0,Low
85552.0,2015-2016,61,2,57.4,3,1.0,1.0,0.0,0.0,3.0,Moderate
85553.0,2015-2016,75,2,35.0,3,0.0,1.0,0.0,0.0,2.0,Moderate
85555.0,2015-2016,70,1,25.3,4,0.0,1.0,1.0,0.0,2.0,Low
85556.0,2015-2016,24,2,24.5,6,0.0,0.0,0.0,0.0,2.0,Low
85557.0,2015-2016,38,1,29.7,1,,0.0,1.0,2.0,2.0,Moderate
85562.0,2015-2016,73,1,29.7,2,0.0,0.0,1.0,1.0,2.0,High
85563.0,2015-2016,21,1,24.0,4,0.0,0.0,1.0,0.0,2.0,Low
85564.0,2015-2016,72,2,34.9,2,0.0,1.0,0.0,0.0,1.0,High
85566.0,2015-2016,42,2,41.1,3,1.0,0.0,1.0,2.0,2.0,Low
85571.0,2015-2016,61,1,37.6,2,1.0,1.0,0.0,1.0,1.0,High
85573.0,2015-2016,33,1,35.5,3,1.0,0.0,1.0,1.0,2.0,Low
85576.0,2015-2016,73,1,29.7,3,0.0,0.0,1.0,1.0,2.0,Low
85577.0,2015-2016,50,1,28.0,1,1.0,0.0,1.0,1.0,2.0,Low
85578.0,2015-2016,62,2,20.9,6,1.0,1.0,1.0,0.0,1.0,High
85580.0,2015-2016,48,2,23.7,4,0.0,0.0,1.0,0.0,2.0,Low
85584.0,2015-2016,47,1,35.6,3,0.0,0.0,1.0,0.0,2.0,Moderate
85585.0,2015-2016,80,2,30.1,4,0.0,0.0,1.0,1.0,1.0,High
85586.0,2015-2016,52,1,36.2,3,1.0,1.0,1.0,1.0,1.0,High
85587.0,2015-2016,49,2,31.0,3,1.0,0.0,1.0,1.0,2.0,Low
85588.0,2015-2016,25,1,19.4,6,0.0,0.0,1.0,0.0,2.0,Low
85589.0,2015-2016,29,1,34.6,2,0.0,0.0,1.0,0.0,2.0,Moderate
85594.0,2015-2016,74,1,31.0,3,0.0,1.0,1.0,1.0,2.0,Low
85597.0,2015-2016,71,1,24.9,1,0.0,1.0,1.0,1.0,2.0,Moderate
85598.0,2015-2016,63,1,23.5,4,1.0,1.0,0.0,2.0,1.0,High
85599.0,2015-2016,21,2,21.9,7,0.0,0.0,0.0,0.0,2.0,Moderate
85603.0,2015-2016,33,1,24.1,4,0.0,0.0,1.0,0.0,2.0,Low
85604.0,2015-2016,30,1,31.1,3,0.0,0.0,0.0,2.0,2.0,Low
85611.0,2015-2016,20,2,16.4,6,0.0,0.0,0.0,0.0,2.0,Low
85613.0,2015-2016,37,2,28.7,2,0.0,0.0,0.0,0.0,2.0,Low
85614.0,2015-2016,55,2,44.4,3,,1.0,0.0,0.0,2.0,Moderate
85618.0,2015-2016,53,2,25.7,3,1.0,0.0,1.0,1.0,2.0,High
85624.0,2015-2016,72,2,33.3,4,1.0,1.0,1.0,0.0,2.0,Moderate
85625.0,2015-2016,80,1,26.5,3,1.0,1.0,1.0,0.0,2.0,Moderate
85626.0,2015-2016,72,1,24.3,2,0.0,1.0,1.0,1.0,2.0,Moderate
85627.0,2015-2016,35,2,23.9,3,0.0,0.0,1.0,0.0,2.0,Low
85628.0,2015-2016,62,2,30.6,1,1.0,1.0,0.0,1.0,2.0,Moderate
85630.0,2015-2016,42,1,34.9,3,1.0,1.0,0.0,0.0,2.0,Low
85631.0,2015-2016,20,2,18.7,2,0.0,0.0,1.0,0.0,2.0,Low
85632.0,2015-2016,80,1,26.7,3,0.0,1.0,0.0,1.0,2.0,Moderate
85634.0,2015-2016,46,1,32.1,7,0.0,0.0,1.0,0.0,2.0,Low
85635.0,2015-2016,57,1,27.3,2,0.0,0.0,0.0,2.0,2.0,High
85636.0,2015-2016,52,1,23.3,6,1.0,0.0,1.0,0.0,3.0,Moderate
85641.0,2015-2016,69,2,38.1,4,0.0,1.0,0.0,1.0,2.0,Low
85642.0,2015-2016,31,1,24.2,4,0.0,0.0,1.0,2.0,2.0,Low
85647.0,2015-2016,75,2,19.6,3,0.0,0.0,1.0,1.0,2.0,Moderate
85648.0,2015-2016,67,1,29.0,4,0.0,1.0,1.0,0.0,2.0,Moderate
85649.0,2015-2016,43,2,19.9,3,0.0,0.0,0.0,2.0,2.0,Low
85651.0,2015-2016,33,1,28.8,4,1.0,0.0,1.0,0.0,2.0,Low
85655.0,2015-2016,27,2,22.5,2,0.0,0.0,0.0,0.0,2.0,Low
85656.0,2015-2016,34,2,19.7,3,1.0,0.0,0.0,1.0,2.0,Low
85659.0,2015-2016,24,2,22.5,4,0.0,0.0,0.0,0.0,2.0,Low
85660.0,2015-2016,54,1,21.1,6,0.0,0.0,1.0,0.0,2.0,Low
85661.0,2015-2016,36,2,22.8,3,1.0,0.0,0.0,2.0,2.0,Low
85662.0,2015-2016,69,2,28.4,1,1.0,1.0,0.0,0.0,2.0,Moderate
85663.0,2015-2016,62,1,18.9,2,1.0,0.0,0.0,2.0,2.0,Low
85664.0,2015-2016,58,2,23.3,3,1.0,0.0,1.0,0.0,2.0,Moderate
85667.0,2015-2016,38,1,33.4,1,1.0,1.0,0.0,0.0,1.0,High
85668.0,2015-2016,78,1,,4,0.0,1.0,1.0,2.0,2.0,Low
85669.0,2015-2016,78,1,36.9,3,0.0,1.0,0.0,1.0,2.0,Moderate
85670.0,2015-2016,45,1,38.0,4,1.0,1.0,1.0,1.0,1.0,High
85672.0,2015-2016,63,2,26.9,4,0.0,0.0,0.0,0.0,2.0,Moderate
85674.0,2015-2016,61,1,54.2,4,1.0,1.0,0.0,1.0,1.0,High
85675.0,2015-2016,22,1,26.1,3,1.0,0.0,1.0,0.0,2.0,Low
85676.0,2015-2016,32,2,40.8,4,1.0,1.0,1.0,1.0,2.0,Moderate
85678.0,2015-2016,30,1,50.7,3,1.0,1.0,1.0,1.0,1.0,High
85679.0,2015-2016,80,1,28.4,3,0.0,1.0,0.0,0.0,2.0,Low
85681.0,2015-2016,65,1,29.1,2,1.0,1.0,0.0,0.0,2.0,Moderate
85682.0,2015-2016,32,1,36.6,7,1.0,0.0,0.0,2.0,2.0,Low
85683.0,2015-2016,69,2,28.2,3,0.0,0.0,1.0,1.0,2.0,Moderate
85684.0,2015-2016,61,1,33.0,2,0.0,0.0,1.0,2.0,2.0,Moderate
85685.0,2015-2016,67,1,24.6,1,0.0,0.0,0.0,1.0,1.0,High
85691.0,2015-2016,66,1,24.5,6,0.0,1.0,0.0,0.0,2.0,Moderate
85692.0,2015-2016,25,2,17.4,1,0.0,0.0,1.0,0.0,2.0,Moderate
85696.0,2015-2016,32,2,20.4,2,0.0,0.0,0.0,2.0,2.0,Moderate
85697.0,2015-2016,80,1,32.0,4,0.0,1.0,1.0,0.0,9.0,High
85700.0,2015-2016,77,2,28.7,3,0.0,1.0,0.0,0.0,2.0,Moderate
85701.0,2015-2016,67,2,28.1,6,1.0,1.0,0.0,1.0,1.0,High
85702.0,2015-2016,40,2,36.7,1,1.0,1.0,1.0,0.0,2.0,Moderate
85704.0,2015-2016,46,1,32.5,3,0.0,0.0,1.0,0.0,2.0,Low
85706.0,2015-2016,28,2,18.1,1,1.0,0.0,0.0,0.0,2.0,Low
85707.0,2015-2016,41,2,24.6,3,0.0,0.0,1.0,0.0,2.0,Low
85710.0,2015-2016,33,1,32.9,3,1.0,1.0,1.0,2.0,2.0,Moderate
85711.0,2015-2016,52,2,34.1,3,0.0,0.0,0.0,0.0,2.0,Low
85714.0,2015-2016,52,2,19.5,4,1.0,1.0,0.0,2.0,2.0,Moderate
85715.0,2015-2016,66,1,38.1,3,1.0,0.0,1.0,0.0,2.0,Moderate
85716.0,2015-2016,33,2,59.1,1,1.0,0.0,0.0,2.0,1.0,High
85718.0,2015-2016,64,1,23.5,1,0.0,0.0,0.0,2.0,2.0,Low
85722.0,2015-2016,41,2,32.4,1,0.0,0.0,0.0,0.0,2.0,Moderate
85724.0,2015-2016,80,1,25.2,3,0.0,0.0,1.0,0.0,2.0,Moderate
85725.0,2015-2016,60,2,28.4,3,1.0,1.0,1.0,0.0,2.0,Moderate
85726.0,2015-2016,60,1,45.7,3,1.0,1.0,0.0,1.0,1.0,High
85727.0,2015-2016,30,1,31.4,1,0.0,0.0,1.0,0.0,2.0,Low
85728.0,2015-2016,66,2,30.1,3,0.0,1.0,0.0,2.0,1.0,High
85730.0,2015-2016,78,1,26.4,3,0.0,1.0,0.0,1.0,2.0,Moderate
85731.0,2015-2016,44,1,37.9,2,0.0,1.0,1.0,2.0,2.0,Moderate
85732.0,2015-2016,34,2,20.2,6,0.0,0.0,1.0,0.0,2.0,Low
85733.0,2015-2016,60,2,27.7,1,1.0,0.0,0.0,2.0,1.0,High
85735.0,2015-2016,60,1,29.5,4,1.0,0.0,0.0,0.0,2.0,Moderate
85736.0,2015-2016,51,2,44.1,2,1.0,0.0,0.0,2.0,2.0,Low
85738.0,2015-2016,60,2,21.1,3,0.0,1.0,0.0,2.0,2.0,Moderate
85739.0,2015-2016,70,2,30.8,3,0.0,1.0,1.0,1.0,2.0,Moderate
85740.0,2015-2016,76,1,25.8,3,0.0,1.0,0.0,1.0,2.0,Low
85741.0,2015-2016,60,2,28.8,4,0.0,1.0,1.0,0.0,2.0,Moderate
85743.0,2015-2016,69,1,28.7,4,1.0,1.0,1.0,0.0,2.0,Moderate
85745.0,2015-2016,78,1,,3,0.0,1.0,0.0,1.0,1.0,High
85746.0,2015-2016,50,2,28.4,1,0.0,0.0,1.0,0.0,2.0,Moderate
85748.0,2015-2016,51,2,29.9,4,1.0,1.0,1.0,0.0,3.0,Moderate
85750.0,2015-2016,64,2,30.6,6,1.0,1.0,0.0,0.0,2.0,Moderate
85753.0,2015-2016,42,1,26.7,6,1.0,0.0,1.0,1.0,2.0,Moderate
85756.0,2015-2016,58,2,24.3,2,1.0,0.0,0.0,0.0,2.0,Moderate
85757.0,2015-2016,27,1,23.0,2,0.0,0.0,1.0,0.0,2.0,Low
85759.0,2015-2016,43,2,32.3,2,1.0,0.0,1.0,0.0,2.0,Low
85760.0,2015-2016,58,1,29.9,3,0.0,0.0,0.0,1.0,1.0,High
85761.0,2015-2016,54,2,34.9,4,1.0,0.0,1.0,0.0,2.0,Moderate
85766.0,2015-2016,80,2,20.2,4,0.0,1.0,0.0,0.0,2.0,Low
85770.0,2015-2016,55,2,29.8,1,0.0,0.0,0.0,0.0,2.0,Moderate
85772.0,2015-2016,53,1,28.9,4,1.0,0.0,0.0,2.0,2.0,Moderate
85774.0,2015-2016,61,2,26.1,2,1.0,1.0,0.0,0.0,1.0,High
85775.0,2015-2016,43,1,29.0,2,0.0,0.0,0.0,0.0,2.0,Low
85777.0,2015-2016,68,2,33.8,2,1.0,1.0,0.0,0.0,1.0,High
85779.0,2015-2016,35,2,35.4,1,1.0,1.0,0.0,1.0,2.0,Moderate
85781.0,2015-2016,37,2,31.6,1,1.0,0.0,1.0,0.0,2.0,Low
85782.0,2015-2016,77,1,30.5,7,1.0,0.0,0.0,1.0,1.0,High
85783.0,2015-2016,32,2,22.5,2,0.0,0.0,1.0,1.0,2.0,Low
85785.0,2015-2016,32,2,28.3,1,0.0,0.0,0.0,0.0,2.0,Moderate
85786.0,2015-2016,61,1,24.0,3,0.0,0.0,1.0,1.0,2.0,Low
85787.0,2015-2016,26,2,19.6,3,1.0,0.0,0.0,1.0,2.0,Low
85789.0,2015-2016,33,2,24.6,4,0.0,0.0,0.0,0.0,2.0,Low
85790.0,2015-2016,60,1,18.5,4,0.0,0.0,1.0,2.0,2.0,Moderate
85791.0,2015-2016,28,1,30.2,1,0.0,0.0,1.0,1.0,2.0,Moderate
85792.0,2015-2016,77,1,23.3,3,0.0,1.0,0.0,1.0,2.0,High
85796.0,2015-2016,38,1,34.3,3,1.0,1.0,0.0,0.0,1.0,High
85797.0,2015-2016,29,1,24.4,3,0.0,1.0,1.0,0.0,2.0,Low
85799.0,2015-2016,36,1,27.8,1,1.0,1.0,0.0,2.0,1.0,High
85801.0,2015-2016,59,1,31.7,3,1.0,1.0,0.0,1.0,2.0,Moderate
85803.0,2015-2016,66,1,29.2,4,1.0,1.0,1.0,1.0,1.0,High
85804.0,2015-2016,52,1,23.8,6,0.0,0.0,1.0,0.0,2.0,Moderate
85807.0,2015-2016,60,1,26.3,2,1.0,1.0,0.0,2.0,2.0,Low
85808.0,2015-2016,80,1,25.4,3,0.0,1.0,1.0,0.0,2.0,Low
85810.0,2015-2016,36,1,26.1,6,0.0,0.0,1.0,1.0,2.0,Low
85811.0,2015-2016,57,1,36.7,4,1.0,0.0,0.0,0.0,1.0,High
85813.0,2015-2016,80,1,26.1,3,0.0,1.0,1.0,1.0,2.0,Moderate
85814.0,2015-2016,41,1,26.3,4,0.0,0.0,1.0,0.0,2.0,Low
85815.0,2015-2016,52,1,24.6,6,0.0,0.0,1.0,0.0,2.0,Moderate
85816.0,2015-2016,50,2,23.9,2,1.0,0.0,1.0,1.0,2.0,Low
85817.0,2015-2016,36,2,27.1,3,1.0,0.0,1.0,0.0,3.0,Moderate
85819.0,2015-2016,40,2,49.8,2,1.0,0.0,1.0,0.0,2.0,Low
85820.0,2015-2016,24,2,19.5,6,0.0,0.0,1.0,0.0,2.0,Low
85822.0,2015-2016,43,2,42.2,3,1.0,1.0,0.0,1.0,3.0,Moderate
85823.0,2015-2016,28,2,26.0,1,1.0,0.0,0.0,0.0,2.0,Moderate
85825.0,2015-2016,42,1,34.8,4,0.0,1.0,0.0,0.0,2.0,Moderate
85827.0,2015-2016,44,1,30.0,4,1.0,0.0,0.0,0.0,2.0,Low
85828.0,2015-2016,64,2,26.6,2,0.0,0.0,0.0,0.0,2.0,Low
85830.0,2015-2016,66,2,42.8,3,1.0,0.0,0.0,0.0,2.0,Moderate
85831.0,2015-2016,46,2,31.2,4,0.0,0.0,0.0,0.0,2.0,Moderate
85833.0,2015-2016,59,1,24.8,6,0.0,0.0,0.0,0.0,2.0,High
85834.0,2015-2016,59,2,29.5,2,1.0,1.0,0.0,0.0,1.0,High
85836.0,2015-2016,56,1,22.1,3,0.0,0.0,0.0,1.0,2.0,Low
85837.0,2015-2016,66,2,26.8,1,1.0,1.0,0.0,0.0,1.0,High
85844.0,2015-2016,55,2,43.0,2,1.0,1.0,1.0,0.0,2.0,Moderate
85845.0,2015-2016,80,1,,3,0.0,0.0,0.0,1.0,2.0,Low
85846.0,2015-2016,25,2,16.5,6,0.0,0.0,1.0,0.0,2.0,Low
85849.0,2015-2016,29,2,24.1,3,0.0,0.0,1.0,0.0,2.0,Low
85851.0,2015-2016,80,2,25.7,3,1.0,0.0,0.0,0.0,2.0,Low
85852.0,2015-2016,61,2,27.8,1,0.0,0.0,1.0,0.0,2.0,Low
85855.0,2015-2016,62,1,33.8,4,1.0,1.0,0.0,2.0,1.0,High
85856.0,2015-2016,47,1,32.3,6,1.0,0.0,0.0,0.0,2.0,Moderate
85858.0,2015-2016,48,2,35.3,4,1.0,1.0,0.0,0.0,2.0,Low
85859.0,2015-2016,35,2,48.2,3,1.0,0.0,1.0,2.0,2.0,Low
85861.0,2015-2016,76,2,27.5,3,0.0,0.0,1.0,0.0,2.0,Moderate
85862.0,2015-2016,70,1,28.9,3,0.0,0.0,1.0,0.0,2.0,Moderate
85863.0,2015-2016,75,2,28.5,6,0.0,1.0,0.0,0.0,1.0,High
85864.0,2015-2016,23,1,24.4,3,0.0,0.0,1.0,0.0,2.0,Low
85866.0,2015-2016,48,1,36.3,2,0.0,1.0,0.0,1.0,1.0,High
85867.0,2015-2016,55,2,27.5,2,1.0,0.0,1.0,1.0,2.0,Moderate
85869.0,2015-2016,23,2,19.6,2,0.0,0.0,1.0,0.0,2.0,Low
85870.0,2015-2016,66,1,28.7,1,1.0,0.0,0.0,1.0,2.0,Moderate
85872.0,2015-2016,60,1,47.7,1,1.0,1.0,0.0,0.0,1.0,High
85875.0,2015-2016,71,1,34.6,3,0.0,1.0,1.0,1.0,1.0,High
85876.0,2015-2016,48,1,24.1,3,0.0,0.0,1.0,0.0,2.0,Low
85878.0,2015-2016,27,2,32.1,3,0.0,0.0,1.0,0.0,2.0,Low
85879.0,2015-2016,66,2,,2,1.0,1.0,1.0,0.0,1.0,High
85880.0,2015-2016,52,2,32.1,4,1.0,0.0,1.0,0.0,2.0,Moderate
85884.0,2015-2016,76,2,27.2,6,0.0,0.0,0.0,0.0,2.0,Low
85885.0,2015-2016,53,2,33.1,3,0.0,0.0,0.0,0.0,2.0,Moderate
85886.0,2015-2016,22,2,20.9,2,0.0,0.0,1.0,1.0,2.0,Low
85887.0,2015-2016,80,2,32.2,7,1.0,1.0,0.0,0.0,2.0,Low
85893.0,2015-2016,61,2,21.3,2,0.0,0.0,1.0,0.0,2.0,Low
85896.0,2015-2016,60,1,22.3,3,0.0,0.0,1.0,2.0,2.0,Low
85898.0,2015-2016,47,1,36.2,4,0.0,1.0,0.0,2.0,2.0,Moderate
85899.0,2015-2016,70,1,34.1,3,0.0,0.0,0.0,1.0,2.0,Low
85900.0,2015-2016,65,1,25.1,2,0.0,0.0,1.0,1.0,2.0,Low
85902.0,2015-2016,56,1,33.2,3,1.0,1.0,0.0,1.0,1.0,High
85903.0,2015-2016,49,1,27.2,6,0.0,0.0,0.0,0.0,2.0,Low
85904.0,2015-2016,66,1,30.1,4,1.0,1.0,1.0,1.0,1.0,High
85905.0,2015-2016,35,1,24.1,1,1.0,1.0,1.0,2.0,2.0,Low
85908.0,2015-2016,51,2,24.9,4,0.0,1.0,0.0,0.0,2.0,Moderate
85911.0,2015-2016,49,2,41.7,4,1.0,1.0,0.0,0.0,2.0,Moderate
85912.0,2015-2016,49,2,44.1,4,1.0,1.0,0.0,0.0,1.0,High
85914.0,2015-2016,62,2,39.9,1,0.0,0.0,1.0,0.0,2.0,Moderate
85915.0,2015-2016,34,2,22.9,4,1.0,0.0,0.0,2.0,2.0,Low
85917.0,2015-2016,31,2,26.6,6,0.0,0.0,1.0,0.0,2.0,Low
85918.0,2015-2016,66,1,20.3,6,0.0,0.0,0.0,2.0,2.0,High
85920.0,2015-2016,61,2,42.7,3,0.0,1.0,1.0,0.0,2.0,Moderate
85922.0,2015-2016,47,1,23.0,1,1.0,0.0,1.0,1.0,1.0,High
85925.0,2015-2016,65,2,21.6,4,0.0,0.0,1.0,1.0,2.0,Low
85928.0,2015-2016,66,1,29.3,3,1.0,0.0,1.0,1.0,1.0,High
85930.0,2015-2016,75,1,26.1,2,0.0,0.0,0.0,0.0,2.0,Low
85931.0,2015-2016,80,2,26.1,3,1.0,1.0,0.0,0.0,1.0,High
85935.0,2015-2016,68,2,39.4,4,0.0,1.0,1.0,0.0,2.0,Moderate
85936.0,2015-2016,27,2,22.1,2,0.0,0.0,1.0,0.0,2.0,Low
85939.0,2015-2016,20,1,19.9,1,0.0,0.0,1.0,0.0,2.0,Low
85941.0,2015-2016,75,2,27.1,7,0.0,0.0,0.0,2.0,2.0,Moderate
85942.0,2015-2016,46,2,25.4,3,,0.0,1.0,0.0,2.0,Low
85943.0,2015-2016,33,1,19.3,3,0.0,0.0,1.0,0.0,2.0,Low
85944.0,2015-2016,25,1,21.5,4,0.0,0.0,1.0,2.0,2.0,Low
85946.0,2015-2016,49,1,32.9,1,0.0,0.0,1.0,2.0,2.0,High
85947.0,2015-2016,22,1,17.9,2,0.0,0.0,1.0,2.0,2.0,Low
85948.0,2015-2016,38,2,37.5,4,1.0,1.0,1.0,1.0,1.0,High
85949.0,2015-2016,64,2,25.0,2,1.0,1.0,0.0,0.0,2.0,Low
85951.0,2015-2016,25,1,20.3,1,0.0,0.0,0.0,0.0,2.0,Moderate
85952.0,2015-2016,50,2,20.3,6,1.0,1.0,0.0,0.0,1.0,High
85955.0,2015-2016,23,1,20.9,3,,0.0,1.0,1.0,2.0,Low
85957.0,2015-2016,62,2,42.4,1,1.0,0.0,0.0,0.0,2.0,High
85958.0,2015-2016,32,2,26.6,3,1.0,0.0,1.0,0.0,2.0,Low
85960.0,2015-2016,59,2,37.5,3,0.0,1.0,1.0,0.0,2.0,Moderate
85961.0,2015-2016,52,2,32.8,1,1.0,1.0,0.0,0.0,2.0,Moderate
85962.0,2015-2016,65,1,22.8,3,0.0,0.0,1.0,0.0,2.0,Low
85963.0,2015-2016,46,1,30.8,1,0.0,0.0,1.0,0.0,2.0,Moderate
85964.0,2015-2016,50,2,21.4,3,0.0,0.0,1.0,0.0,2.0,Low
85966.0,2015-2016,39,2,17.1,6,0.0,0.0,1.0,0.0,2.0,Low
85967.0,2015-2016,32,1,22.9,3,0.0,0.0,1.0,0.0,2.0,Moderate
85968.0,2015-2016,61,2,26.9,4,1.0,0.0,1.0,0.0,1.0,High
85970.0,2015-2016,64,1,28.8,4,0.0,0.0,1.0,0.0,2.0,Moderate
85973.0,2015-2016,54,2,34.7,4,0.0,1.0,0.0,1.0,1.0,High
85974.0,2015-2016,59,1,30.4,2,0.0,0.0,0.0,1.0,2.0,High
85975.0,2015-2016,80,2,26.4,2,1.0,1.0,0.0,0.0,2.0,High
85976.0,2015-2016,37,1,22.4,6,1.0,1.0,1.0,1.0,2.0,Moderate
85977.0,2015-2016,35,1,39.1,2,0.0,1.0,1.0,0.0,2.0,Low
85978.0,2015-2016,68,2,19.2,3,0.0,0.0,1.0,0.0,2.0,Low
85980.0,2015-2016,30,1,28.9,2,0.0,1.0,1.0,2.0,2.0,Low
85981.0,2015-2016,29,1,27.6,2,0.0,0.0,1.0,2.0,2.0,Moderate
85983.0,2015-2016,29,1,34.8,4,1.0,1.0,1.0,0.0,2.0,Low
85986.0,2015-2016,77,1,36.6,3,0.0,1.0,0.0,2.0,2.0,Moderate
85990.0,2015-2016,50,2,33.6,3,0.0,0.0,1.0,2.0,2.0,Low
85992.0,2015-2016,31,1,40.5,7,0.0,0.0,1.0,0.0,2.0,Low
85994.0,2015-2016,43,2,29.6,1,0.0,1.0,1.0,0.0,2.0,Moderate
85995.0,2015-2016,42,1,25.3,6,0.0,0.0,1.0,2.0,2.0,Moderate
85996.0,2015-2016,54,2,46.5,4,0.0,1.0,0.0,0.0,2.0,Low
85997.0,2015-2016,80,2,33.5,3,0.0,0.0,0.0,1.0,2.0,Moderate
85998.0,2015-2016,80,1,29.1,1,0.0,1.0,0.0,,3.0,Moderate
86000.0,2015-2016,37,1,30.3,7,0.0,0.0,1.0,1.0,2.0,Low
86002.0,2015-2016,61,2,25.1,4,0.0,0.0,0.0,1.0,2.0,High
86003.0,2015-2016,62,2,,3,0.0,1.0,0.0,2.0,2.0,Moderate
86005.0,2015-2016,55,2,38.3,2,0.0,1.0,0.0,0.0,1.0,High
86007.0,2015-2016,46,2,25.1,6,0.0,0.0,0.0,0.0,2.0,Low
86009.0,2015-2016,33,2,26.5,3,0.0,0.0,1.0,2.0,2.0,Low
86010.0,2015-2016,55,1,28.5,4,0.0,0.0,0.0,1.0,2.0,Moderate
86011.0,2015-2016,45,2,23.5,6,1.0,0.0,0.0,0.0,3.0,Moderate
86013.0,2015-2016,64,2,26.9,2,0.0,0.0,0.0,1.0,2.0,Low
86014.0,2015-2016,39,1,28.7,1,1.0,0.0,1.0,1.0,2.0,Moderate
86017.0,2015-2016,70,1,40.2,3,0.0,0.0,0.0,1.0,1.0,High
86018.0,2015-2016,72,2,22.3,6,1.0,1.0,1.0,0.0,2.0,High
86019.0,2015-2016,26,1,26.8,3,0.0,0.0,1.0,0.0,2.0,Low
86021.0,2015-2016,42,1,28.6,1,0.0,0.0,0.0,2.0,2.0,Moderate
86022.0,2015-2016,23,2,31.1,3,1.0,0.0,1.0,0.0,2.0,Low
86026.0,2015-2016,61,1,34.4,1,1.0,1.0,1.0,1.0,1.0,High
86027.0,2015-2016,25,2,20.4,3,0.0,0.0,1.0,0.0,2.0,Low
86028.0,2015-2016,56,2,29.1,1,0.0,1.0,1.0,1.0,2.0,Low
86029.0,2015-2016,26,2,39.7,3,1.0,0.0,1.0,0.0,2.0,Moderate
86031.0,2015-2016,22,2,26.7,1,0.0,0.0,0.0,0.0,2.0,Low
86032.0,2015-2016,50,2,30.3,2,1.0,1.0,0.0,0.0,2.0,Moderate
86033.0,2015-2016,35,2,35.8,1,0.0,0.0,0.0,0.0,2.0,Low
86034.0,2015-2016,48,1,32.2,3,1.0,1.0,1.0,0.0,2.0,Low
86035.0,2015-2016,37,1,37.1,3,0.0,0.0,1.0,1.0,2.0,Low
86036.0,2015-2016,61,1,38.0,1,0.0,1.0,0.0,2.0,1.0,High
86037.0,2015-2016,65,2,40.6,3,0.0,1.0,1.0,0.0,2.0,Moderate
86039.0,2015-2016,71,2,27.0,3,1.0,0.0,1.0,0.0,2.0,Low
86040.0,2015-2016,35,1,29.5,1,1.0,1.0,0.0,0.0,2.0,Moderate
86041.0,2015-2016,35,1,29.8,2,1.0,0.0,0.0,0.0,2.0,Moderate
86044.0,2015-2016,67,2,38.1,3,1.0,1.0,1.0,1.0,2.0,Moderate
86047.0,2015-2016,80,2,29.0,3,0.0,1.0,0.0,1.0,2.0,Moderate
86050.0,2015-2016,39,2,34.9,4,1.0,1.0,1.0,0.0,2.0,Low
86051.0,2015-2016,36,2,31.4,4,1.0,0.0,1.0,0.0,2.0,Low
86052.0,2015-2016,59,1,25.3,3,1.0,1.0,0.0,1.0,2.0,Moderate
86053.0,2015-2016,57,2,23.6,1,1.0,0.0,0.0,1.0,1.0,High
86054.0,2015-2016,40,1,33.5,4,1.0,0.0,0.0,2.0,2.0,Moderate
86055.0,2015-2016,80,1,40.7,3,0.0,0.0,1.0,0.0,2.0,Low
86056.0,2015-2016,33,2,28.6,3,0.0,0.0,1.0,0.0,2.0,Low
86057.0,2015-2016,46,1,25.6,3,0.0,0.0,1.0,0.0,2.0,Low
86058.0,2015-2016,51,2,35.7,3,0.0,1.0,1.0,0.0,2.0,Low
86059.0,2015-2016,25,2,21.1,6,0.0,0.0,0.0,0.0,2.0,Low
86060.0,2015-2016,68,2,25.0,3,0.0,0.0,0.0,0.0,2.0,Low
86061.0,2015-2016,37,1,37.3,3,1.0,1.0,0.0,2.0,2.0,Low
86062.0,2015-2016,80,1,22.3,3,0.0,1.0,1.0,1.0,2.0,Moderate
86063.0,2015-2016,64,1,29.4,3,0.0,0.0,0.0,0.0,2.0,Moderate
86065.0,2015-2016,69,1,41.0,3,1.0,1.0,0.0,1.0,1.0,High
86067.0,2015-2016,51,1,27.9,2,1.0,1.0,1.0,2.0,2.0,Low
86068.0,2015-2016,20,1,35.5,7,0.0,0.0,0.0,0.0,2.0,Low
86069.0,2015-2016,63,2,29.4,3,1.0,0.0,1.0,2.0,2.0,Moderate
86070.0,2015-2016,52,1,22.6,4,1.0,0.0,0.0,2.0,1.0,High
86071.0,2015-2016,38,2,56.6,1,1.0,1.0,1.0,0.0,2.0,Low
86072.0,2015-2016,71,2,30.1,3,1.0,0.0,0.0,1.0,1.0,High
86077.0,2015-2016,80,2,31.1,3,0.0,0.0,0.0,0.0,2.0,Moderate
86082.0,2015-2016,49,2,34.3,2,1.0,0.0,1.0,1.0,1.0,High
86083.0,2015-2016,73,2,26.0,3,0.0,1.0,1.0,0.0,2.0,Moderate
86087.0,2015-2016,31,2,42.4,1,1.0,1.0,1.0,0.0,1.0,High
86088.0,2015-2016,80,2,23.9,3,1.0,0.0,0.0,0.0,2.0,Low
86090.0,2015-2016,26,2,22.0,3,1.0,0.0,1.0,0.0,2.0,Low
86091.0,2015-2016,64,2,39.3,1,1.0,1.0,0.0,0.0,2.0,Moderate
86092.0,2015-2016,36,1,26.9,1,1.0,0.0,0.0,0.0,2.0,High
86093.0,2015-2016,66,2,34.2,3,0.0,1.0,1.0,0.0,2.0,Low
86094.0,2015-2016,28,1,28.8,6,0.0,0.0,1.0,1.0,2.0,Low
86096.0,2015-2016,49,1,26.3,6,1.0,0.0,1.0,0.0,2.0,Low
86097.0,2015-2016,80,2,16.9,3,0.0,1.0,0.0,0.0,2.0,Moderate
86098.0,2015-2016,56,1,24.0,3,0.0,0.0,0.0,1.0,2.0,Moderate
86100.0,2015-2016,33,1,29.1,1,0.0,0.0,0.0,0.0,2.0,Low
86102.0,2015-2016,52,2,36.5,3,1.0,1.0,0.0,2.0,2.0,Moderate
86103.0,2015-2016,46,1,,4,0.0,0.0,1.0,0.0,2.0,High
86104.0,2015-2016,53,1,33.0,4,1.0,0.0,0.0,2.0,1.0,High
86105.0,2015-2016,23,2,26.0,4,0.0,0.0,0.0,0.0,2.0,Low
86109.0,2015-2016,64,1,27.0,3,1.0,1.0,1.0,2.0,1.0,High
86110.0,2015-2016,20,2,22.4,1,0.0,0.0,0.0,0.0,2.0,Low
86112.0,2015-2016,80,1,23.3,3,1.0,0.0,0.0,1.0,1.0,High
86113.0,2015-2016,47,2,33.1,3,0.0,0.0,0.0,0.0,2.0,Low
86118.0,2015-2016,70,2,29.1,1,1.0,1.0,0.0,0.0,2.0,Moderate
86120.0,2015-2016,67,2,31.9,2,1.0,1.0,0.0,1.0,1.0,High
86121.0,2015-2016,23,1,24.9,4,1.0,0.0,1.0,1.0,2.0,Low
86123.0,2015-2016,36,2,26.6,3,0.0,0.0,1.0,0.0,2.0,Low
86125.0,2015-2016,36,1,36.0,1,1.0,0.0,1.0,1.0,2.0,Low
86126.0,2015-2016,26,1,23.8,3,0.0,0.0,1.0,0.0,2.0,Low
86127.0,2015-2016,46,2,31.7,4,1.0,0.0,0.0,2.0,1.0,High
86129.0,2015-2016,70,2,30.2,1,0.0,0.0,1.0,2.0,3.0,Moderate
86132.0,2015-2016,59,2,30.9,3,0.0,0.0,1.0,0.0,2.0,Moderate
86136.0,2015-2016,37,2,26.6,6,0.0,0.0,0.0,0.0,2.0,Low
86137.0,2015-2016,47,1,30.4,3,0.0,1.0,1.0,2.0,2.0,Moderate
86139.0,2015-2016,69,1,20.9,7,1.0,1.0,0.0,2.0,2.0,Low
86143.0,2015-2016,57,2,38.9,1,1.0,0.0,0.0,0.0,1.0,High
86144.0,2015-2016,25,1,29.8,4,0.0,0.0,1.0,0.0,2.0,Low
86146.0,2015-2016,40,1,26.5,6,0.0,0.0,1.0,1.0,2.0,Moderate
86149.0,2015-2016,54,2,31.8,4,0.0,0.0,1.0,0.0,2.0,Moderate
86150.0,2015-2016,47,2,25.4,2,0.0,0.0,1.0,0.0,2.0,Low
86151.0,2015-2016,80,1,30.4,7,0.0,0.0,0.0,1.0,2.0,Low
86152.0,2015-2016,25,1,20.9,6,1.0,0.0,1.0,2.0,2.0,Low
86156.0,2015-2016,61,2,30.0,2,1.0,0.0,0.0,0.0,2.0,Moderate
86157.0,2015-2016,80,1,29.1,3,0.0,1.0,0.0,0.0,1.0,High
86158.0,2015-2016,45,2,36.1,3,1.0,1.0,0.0,2.0,2.0,Low
86159.0,2015-2016,20,2,25.6,2,1.0,0.0,1.0,0.0,2.0,Low
86160.0,2015-2016,29,2,20.3,6,0.0,0.0,1.0,0.0,2.0,Low
86163.0,2015-2016,73,2,35.8,3,0.0,1.0,1.0,,2.0,Moderate
86165.0,2015-2016,65,1,27.4,1,1.0,1.0,0.0,0.0,1.0,High
86167.0,2015-2016,36,2,32.7,1,1.0,1.0,0.0,0.0,1.0,High
86168.0,2015-2016,80,1,29.8,3,1.0,1.0,0.0,1.0,2.0,Moderate
86169.0,2015-2016,46,2,23.3,6,1.0,0.0,1.0,0.0,2.0,Moderate
86172.0,2015-2016,33,2,37.7,3,0.0,0.0,0.0,0.0,2.0,Moderate
86173.0,2015-2016,31,1,19.7,3,0.0,0.0,1.0,2.0,2.0,Moderate
86175.0,2015-2016,33,1,30.7,6,1.0,0.0,1.0,0.0,2.0,Low
86176.0,2015-2016,33,1,36.5,1,0.0,0.0,0.0,0.0,2.0,Moderate
86177.0,2015-2016,38,2,23.0,3,1.0,0.0,1.0,0.0,2.0,Low
86178.0,2015-2016,69,1,30.2,4,1.0,0.0,0.0,2.0,2.0,Moderate
86181.0,2015-2016,42,2,21.4,3,0.0,0.0,1.0,0.0,2.0,Low
86182.0,2015-2016,54,1,26.1,1,1.0,0.0,1.0,0.0,2.0,High
86183.0,2015-2016,46,1,31.1,3,1.0,1.0,1.0,1.0,2.0,Moderate
86185.0,2015-2016,53,1,26.6,3,1.0,1.0,0.0,1.0,2.0,Moderate
86188.0,2015-2016,30,2,24.5,4,1.0,0.0,0.0,0.0,2.0,Low
86189.0,2015-2016,28,2,25.6,3,1.0,0.0,0.0,0.0,2.0,Low
86190.0,2015-2016,54,2,34.6,4,1.0,1.0,1.0,0.0,2.0,Moderate
86191.0,2015-2016,29,2,27.9,4,0.0,0.0,0.0,0.0,2.0,Moderate
86192.0,2015-2016,59,2,38.3,4,1.0,1.0,1.0,0.0,2.0,Moderate
86194.0,2015-2016,80,1,26.8,3,0.0,1.0,1.0,1.0,2.0,Low
86195.0,2015-2016,61,2,25.4,2,0.0,1.0,0.0,0.0,2.0,High
86196.0,2015-2016,55,2,24.9,3,0.0,0.0,0.0,1.0,2.0,Low
86197.0,2015-2016,62,1,19.0,2,1.0,0.0,0.0,2.0,2.0,Low
86200.0,2015-2016,48,2,33.9,7,0.0,0.0,0.0,0.0,2.0,Low
86201.0,2015-2016,80,2,20.8,3,0.0,0.0,0.0,0.0,2.0,Moderate
86203.0,2015-2016,48,1,25.9,3,0.0,0.0,1.0,2.0,2.0,Low
86205.0,2015-2016,25,1,30.3,3,1.0,0.0,1.0,0.0,1.0,High
86208.0,2015-2016,53,1,26.2,3,0.0,0.0,1.0,1.0,2.0,Moderate
86209.0,2015-2016,31,1,35.2,2,0.0,1.0,1.0,2.0,2.0,Low
86210.0,2015-2016,47,2,37.3,4,0.0,1.0,0.0,0.0,2.0,Low
86212.0,2015-2016,32,2,60.7,1,1.0,1.0,1.0,2.0,2.0,Moderate
86213.0,2015-2016,39,1,28.4,6,0.0,1.0,0.0,0.0,2.0,Moderate
86214.0,2015-2016,80,2,,2,0.0,1.0,0.0,0.0,1.0,High
86215.0,2015-2016,63,1,28.5,3,1.0,0.0,0.0,0.0,1.0,High
86218.0,2015-2016,25,2,22.5,3,0.0,0.0,0.0,1.0,2.0,Low
86219.0,2015-2016,60,2,19.7,6,0.0,0.0,1.0,2.0,2.0,Low
86220.0,2015-2016,38,1,28.9,4,0.0,0.0,0.0,2.0,2.0,Low
86221.0,2015-2016,57,2,40.6,2,1.0,1.0,0.0,0.0,1.0,High
86223.0,2015-2016,77,2,34.5,2,0.0,0.0,0.0,0.0,1.0,High
86225.0,2015-2016,80,1,27.6,3,0.0,1.0,0.0,0.0,2.0,Moderate
86226.0,2015-2016,23,2,20.3,3,0.0,0.0,1.0,0.0,2.0,Low
86227.0,2015-2016,70,2,30.2,4,0.0,1.0,1.0,1.0,1.0,High
86231.0,2015-2016,50,1,21.2,4,0.0,0.0,1.0,0.0,2.0,Low
86236.0,2015-2016,34,1,41.7,4,1.0,0.0,1.0,1.0,2.0,Moderate
86237.0,2015-2016,80,1,34.0,2,1.0,0.0,1.0,2.0,2.0,Low
86238.0,2015-2016,45,2,23.6,4,0.0,1.0,0.0,0.0,2.0,Low
86239.0,2015-2016,57,2,30.8,3,0.0,1.0,0.0,2.0,2.0,Moderate
86241.0,2015-2016,73,2,31.1,4,1.0,0.0,0.0,1.0,1.0,High
86242.0,2015-2016,62,2,26.6,2,1.0,1.0,0.0,0.0,1.0,High
86243.0,2015-2016,62,1,23.8,4,0.0,0.0,1.0,0.0,2.0,Moderate
86244.0,2015-2016,80,2,30.6,2,1.0,0.0,0.0,1.0,2.0,Low
86245.0,2015-2016,47,2,33.6,3,1.0,0.0,0.0,0.0,2.0,Low
86246.0,2015-2016,33,1,18.9,6,0.0,0.0,1.0,0.0,2.0,Low
86247.0,2015-2016,78,2,28.8,3,0.0,1.0,0.0,0.0,2.0,Low
86249.0,2015-2016,24,2,31.9,7,0.0,0.0,0.0,2.0,2.0,Low
86255.0,2015-2016,74,2,25.1,1,1.0,1.0,0.0,2.0,2.0,Low
86258.0,2015-2016,80,2,33.6,3,0.0,0.0,0.0,0.0,2.0,Low
86259.0,2015-2016,43,2,23.5,3,0.0,0.0,1.0,0.0,2.0,Low
86260.0,2015-2016,26,2,37.7,3,0.0,0.0,1.0,2.0,2.0,Low
86261.0,2015-2016,24,1,37.2,3,0.0,0.0,0.0,1.0,2.0,Low
86262.0,2015-2016,31,2,39.5,4,1.0,0.0,1.0,2.0,1.0,High
86268.0,2015-2016,57,2,31.1,2,1.0,1.0,0.0,1.0,2.0,Low
86271.0,2015-2016,55,2,30.5,6,1.0,1.0,0.0,0.0,2.0,Moderate
86272.0,2015-2016,22,2,16.9,4,1.0,0.0,1.0,0.0,2.0,Low
86273.0,2015-2016,73,2,30.5,4,1.0,1.0,0.0,0.0,1.0,High
86275.0,2015-2016,20,1,20.5,4,1.0,0.0,1.0,0.0,2.0,Low
86276.0,2015-2016,68,1,30.9,1,1.0,0.0,0.0,1.0,1.0,High
86277.0,2015-2016,65,2,45.6,1,1.0,1.0,0.0,0.0,2.0,Moderate
86278.0,2015-2016,22,1,24.7,2,0.0,0.0,0.0,1.0,2.0,Low
86279.0,2015-2016,35,2,26.8,3,1.0,0.0,1.0,0.0,2.0,Low
86280.0,2015-2016,80,1,33.4,3,0.0,1.0,0.0,0.0,2.0,Moderate
86281.0,2015-2016,26,1,27.6,6,0.0,0.0,1.0,0.0,2.0,Moderate
86282.0,2015-2016,51,2,25.9,6,1.0,0.0,0.0,0.0,2.0,Moderate
86284.0,2015-2016,46,1,29.2,1,1.0,0.0,1.0,2.0,2.0,Moderate
86286.0,2015-2016,60,2,22.5,4,0.0,0.0,0.0,2.0,2.0,Moderate
86290.0,2015-2016,29,2,29.3,3,1.0,0.0,1.0,0.0,2.0,Low
86291.0,2015-2016,60,2,28.9,3,1.0,0.0,0.0,2.0,2.0,Moderate
86293.0,2015-2016,40,2,21.9,1,0.0,0.0,0.0,0.0,2.0,Low
86296.0,2015-2016,40,1,25.8,3,0.0,0.0,0.0,0.0,2.0,Moderate
86297.0,2015-2016,35,2,32.6,3,1.0,1.0,1.0,0.0,2.0,Low
86298.0,2015-2016,50,2,43.1,3,1.0,0.0,0.0,0.0,2.0,Low
86299.0,2015-2016,41,1,20.5,1,0.0,0.0,0.0,0.0,2.0,Low
86300.0,2015-2016,59,2,28.6,4,0.0,1.0,1.0,0.0,2.0,Moderate
86301.0,2015-2016,26,1,24.1,4,0.0,0.0,1.0,2.0,2.0,Low
86308.0,2015-2016,22,2,31.1,2,0.0,0.0,0.0,0.0,2.0,Moderate
86312.0,2015-2016,58,1,34.1,4,1.0,1.0,1.0,0.0,2.0,Moderate
86315.0,2015-2016,80,2,27.4,1,0.0,1.0,0.0,0.0,1.0,High
86318.0,2015-2016,63,1,25.6,3,0.0,0.0,1.0,1.0,2.0,Moderate
86319.0,2015-2016,55,2,32.4,3,0.0,0.0,0.0,0.0,2.0,Moderate
86320.0,2015-2016,80,1,37.3,2,0.0,1.0,0.0,1.0,2.0,Moderate
86321.0,2015-2016,25,2,21.9,6,1.0,0.0,1.0,0.0,2.0,Low
86322.0,2015-2016,39,2,35.4,2,1.0,0.0,1.0,0.0,2.0,Moderate
86323.0,2015-2016,24,2,27.7,1,0.0,0.0,1.0,0.0,1.0,High
86324.0,2015-2016,29,2,23.2,3,0.0,0.0,0.0,0.0,2.0,Moderate
86325.0,2015-2016,60,1,26.9,2,1.0,1.0,1.0,2.0,2.0,Low
86326.0,2015-2016,69,2,45.1,3,0.0,0.0,0.0,0.0,2.0,Low
86328.0,2015-2016,75,1,31.9,4,0.0,1.0,0.0,0.0,1.0,High
86332.0,2015-2016,34,2,21.4,4,1.0,0.0,1.0,2.0,2.0,Low
86333.0,2015-2016,23,1,25.9,7,0.0,0.0,1.0,0.0,2.0,Low
86334.0,2015-2016,72,1,42.1,7,1.0,1.0,0.0,0.0,1.0,High
86335.0,2015-2016,60,1,26.6,2,0.0,0.0,1.0,1.0,2.0,Low
86336.0,2015-2016,62,2,58.9,3,0.0,1.0,1.0,0.0,2.0,Moderate
86338.0,2015-2016,55,1,31.2,1,1.0,0.0,1.0,0.0,1.0,High
86339.0,2015-2016,80,2,19.9,6,0.0,1.0,1.0,0.0,2.0,Low
86342.0,2015-2016,31,1,27.8,3,0.0,0.0,1.0,2.0,2.0,Low
86343.0,2015-2016,54,1,21.9,6,0.0,0.0,1.0,0.0,2.0,Moderate
86347.0,2015-2016,54,1,27.9,3,1.0,0.0,1.0,1.0,2.0,Low
86348.0,2015-2016,35,1,26.9,6,0.0,0.0,0.0,0.0,2.0,Low
86349.0,2015-2016,71,1,23.1,6,0.0,0.0,1.0,1.0,2.0,Low
86350.0,2015-2016,49,2,33.7,1,1.0,0.0,1.0,0.0,1.0,High
86351.0,2015-2016,53,1,29.2,3,1.0,0.0,0.0,1.0,2.0,Moderate
86352.0,2015-2016,31,2,37.4,4,0.0,0.0,1.0,0.0,2.0,Moderate
86354.0,2015-2016,37,1,54.7,1,0.0,1.0,1.0,1.0,2.0,Moderate
86356.0,2015-2016,49,2,36.1,1,0.0,0.0,0.0,0.0,2.0,Moderate
86357.0,2015-2016,75,2,26.6,2,0.0,1.0,1.0,1.0,2.0,Moderate
86358.0,2015-2016,62,2,30.1,3,1.0,1.0,0.0,2.0,2.0,Moderate
86359.0,2015-2016,37,1,23.8,3,0.0,0.0,1.0,0.0,2.0,Low
86360.0,2015-2016,50,1,41.2,2,1.0,0.0,0.0,0.0,2.0,Moderate
86361.0,2015-2016,76,2,36.0,3,0.0,1.0,0.0,0.0,2.0,Moderate
86362.0,2015-2016,58,1,36.2,1,1.0,1.0,0.0,2.0,3.0,Moderate
86364.0,2015-2016,42,2,29.5,3,1.0,0.0,1.0,1.0,2.0,Low
86365.0,2015-2016,68,1,28.5,1,0.0,0.0,0.0,1.0,1.0,High
86366.0,2015-2016,53,2,27.4,3,0.0,0.0,1.0,1.0,2.0,Low
86367.0,2015-2016,48,1,32.6,1,1.0,0.0,0.0,0.0,1.0,High
86368.0,2015-2016,52,1,36.3,4,1.0,1.0,0.0,0.0,2.0,Moderate
86372.0,2015-2016,39,2,26.5,4,0.0,0.0,1.0,0.0,2.0,Low
86377.0,2015-2016,76,2,26.2,3,0.0,1.0,1.0,0.0,2.0,Moderate
86379.0,2015-2016,42,1,25.6,3,0.0,0.0,0.0,0.0,2.0,Low
86383.0,2015-2016,78,2,25.6,2,0.0,1.0,1.0,0.0,2.0,Moderate
86384.0,2015-2016,37,2,34.3,3,1.0,1.0,1.0,2.0,1.0,High
86386.0,2015-2016,72,1,25.4,2,0.0,1.0,0.0,1.0,1.0,High
86393.0,2015-2016,45,1,20.4,6,1.0,1.0,0.0,0.0,2.0,Low
86394.0,2015-2016,38,1,30.0,2,1.0,0.0,1.0,1.0,2.0,Moderate
86395.0,2015-2016,36,2,29.1,3,0.0,0.0,0.0,2.0,2.0,Low
86396.0,2015-2016,27,1,35.1,1,1.0,0.0,0.0,0.0,2.0,Moderate
86397.0,2015-2016,28,2,33.9,2,1.0,0.0,1.0,0.0,2.0,Low
86399.0,2015-2016,35,2,23.8,6,1.0,0.0,0.0,0.0,2.0,Low
86400.0,2015-2016,62,2,23.7,1,0.0,1.0,0.0,0.0,1.0,High
86401.0,2015-2016,53,1,20.0,1,0.0,0.0,1.0,1.0,2.0,Moderate
86404.0,2015-2016,80,1,26.8,3,0.0,1.0,1.0,0.0,1.0,High
86405.0,2015-2016,80,1,33.5,4,0.0,1.0,1.0,0.0,2.0,Moderate
86406.0,2015-2016,80,1,22.5,3,0.0,1.0,1.0,0.0,2.0,Moderate
86409.0,2015-2016,21,2,43.1,4,1.0,1.0,1.0,0.0,2.0,Low
86413.0,2015-2016,44,2,23.1,3,0.0,1.0,0.0,1.0,2.0,Low
86415.0,2015-2016,21,2,28.3,7,0.0,0.0,1.0,0.0,2.0,Low
86416.0,2015-2016,51,2,36.8,7,1.0,1.0,0.0,2.0,2.0,Low
86417.0,2015-2016,40,1,23.9,4,1.0,0.0,0.0,2.0,2.0,Moderate
86418.0,2015-2016,57,1,36.1,4,0.0,1.0,1.0,1.0,2.0,Moderate
86420.0,2015-2016,80,1,25.6,3,,1.0,1.0,0.0,2.0,Low
86424.0,2015-2016,23,1,33.5,1,1.0,0.0,1.0,0.0,2.0,Low
86425.0,2015-2016,25,2,49.1,1,0.0,0.0,0.0,0.0,2.0,Moderate
86426.0,2015-2016,75,2,30.6,6,1.0,0.0,0.0,0.0,2.0,Low
86428.0,2015-2016,39,1,34.5,3,1.0,0.0,1.0,2.0,2.0,Low
86430.0,2015-2016,66,1,23.9,1,1.0,0.0,1.0,0.0,2.0,Low
86432.0,2015-2016,80,1,16.6,6,0.0,1.0,0.0,1.0,2.0,High
86433.0,2015-2016,78,1,27.2,3,1.0,1.0,1.0,1.0,2.0,Moderate
86435.0,2015-2016,72,1,21.2,1,1.0,1.0,0.0,0.0,1.0,High
86436.0,2015-2016,30,2,29.9,3,0.0,0.0,1.0,0.0,2.0,Low
86439.0,2015-2016,67,1,23.4,1,0.0,1.0,0.0,2.0,1.0,High
86441.0,2015-2016,50,2,32.7,6,1.0,0.0,1.0,0.0,3.0,Moderate
86443.0,2015-2016,59,1,28.3,3,1.0,1.0,1.0,1.0,2.0,Low
86444.0,2015-2016,44,1,44.1,4,1.0,1.0,1.0,0.0,2.0,Moderate
86445.0,2015-2016,51,1,27.7,6,1.0,1.0,1.0,1.0,2.0,Moderate
86446.0,2015-2016,51,2,42.7,3,1.0,0.0,1.0,0.0,2.0,Low
86447.0,2015-2016,22,2,25.9,3,0.0,0.0,1.0,2.0,2.0,Low
86450.0,2015-2016,77,1,21.7,2,0.0,1.0,1.0,0.0,2.0,Moderate
86451.0,2015-2016,63,1,28.2,2,1.0,0.0,0.0,1.0,1.0,High
86452.0,2015-2016,45,1,31.3,4,1.0,0.0,1.0,0.0,2.0,Low
86453.0,2015-2016,36,2,33.5,7,1.0,1.0,1.0,0.0,2.0,Low
86454.0,2015-2016,64,1,32.4,1,1.0,1.0,1.0,1.0,3.0,High
86456.0,2015-2016,36,2,20.3,2,1.0,0.0,0.0,0.0,2.0,Low
86458.0,2015-2016,44,2,24.9,4,1.0,0.0,0.0,0.0,2.0,Moderate
86459.0,2015-2016,50,2,19.9,2,1.0,0.0,1.0,2.0,2.0,Low
86460.0,2015-2016,37,2,39.6,3,0.0,0.0,0.0,0.0,2.0,Low
86461.0,2015-2016,31,2,37.4,2,0.0,0.0,1.0,0.0,2.0,Moderate
86467.0,2015-2016,23,2,23.2,1,1.0,0.0,1.0,0.0,2.0,Low
86468.0,2015-2016,79,2,42.0,4,0.0,1.0,0.0,1.0,1.0,High
86472.0,2015-2016,30,2,27.8,3,0.0,0.0,1.0,1.0,2.0,Low
86473.0,2015-2016,62,2,40.2,1,1.0,1.0,0.0,0.0,2.0,Moderate
86474.0,2015-2016,76,1,27.3,1,0.0,1.0,0.0,0.0,2.0,Low
86477.0,2015-2016,80,2,23.7,3,0.0,1.0,0.0,1.0,1.0,High
86479.0,2015-2016,21,2,19.7,3,0.0,0.0,1.0,0.0,2.0,Low
86480.0,2015-2016,65,1,25.3,2,1.0,1.0,1.0,1.0,1.0,High
86482.0,2015-2016,46,2,31.8,3,1.0,1.0,0.0,2.0,2.0,Moderate
86483.0,2015-2016,22,1,24.3,6,0.0,0.0,1.0,0.0,2.0,Moderate
86485.0,2015-2016,69,2,35.4,4,1.0,0.0,0.0,2.0,2.0,Low
86487.0,2015-2016,43,1,29.9,2,0.0,0.0,1.0,2.0,2.0,Moderate
86490.0,2015-2016,31,2,34.9,3,1.0,1.0,0.0,2.0,2.0,Low
86493.0,2015-2016,44,2,28.0,3,0.0,0.0,1.0,1.0,2.0,Low
86494.0,2015-2016,80,2,29.7,3,0.0,1.0,0.0,0.0,2.0,Moderate
86495.0,2015-2016,68,2,27.5,6,1.0,1.0,1.0,0.0,1.0,High
86496.0,2015-2016,52,2,22.4,6,1.0,0.0,0.0,0.0,2.0,Low
86498.0,2015-2016,73,2,39.4,1,1.0,1.0,0.0,0.0,1.0,High
86500.0,2015-2016,60,1,,4,1.0,1.0,0.0,1.0,2.0,High
86505.0,2015-2016,64,1,39.6,4,0.0,0.0,0.0,,2.0,Moderate
86506.0,2015-2016,24,1,,3,1.0,0.0,0.0,0.0,2.0,Low
86507.0,2015-2016,30,1,24.6,1,0.0,0.0,1.0,0.0,2.0,Low
86510.0,2015-2016,36,2,42.5,2,0.0,0.0,0.0,0.0,2.0,Low
86512.0,2015-2016,59,1,18.2,3,0.0,0.0,0.0,0.0,2.0,Moderate
86514.0,2015-2016,44,1,32.6,3,0.0,0.0,1.0,0.0,2.0,Low
86515.0,2015-2016,61,1,30.2,1,0.0,0.0,0.0,1.0,2.0,Low
86516.0,2015-2016,71,1,29.3,3,0.0,1.0,1.0,0.0,1.0,High
86517.0,2015-2016,25,1,38.3,1,0.0,0.0,1.0,2.0,2.0,Moderate
86518.0,2015-2016,26,1,25.8,4,,0.0,1.0,0.0,2.0,Low
86519.0,2015-2016,71,2,25.9,6,0.0,0.0,1.0,1.0,2.0,Moderate
86520.0,2015-2016,39,2,36.5,3,1.0,0.0,1.0,0.0,2.0,Low
86521.0,2015-2016,50,1,23.4,1,1.0,0.0,0.0,2.0,2.0,Moderate
86522.0,2015-2016,57,2,28.8,3,1.0,0.0,0.0,2.0,3.0,Moderate
86524.0,2015-2016,21,2,31.6,1,0.0,0.0,1.0,0.0,2.0,Moderate
86525.0,2015-2016,68,1,24.7,4,0.0,1.0,0.0,2.0,2.0,Low
86526.0,2015-2016,32,1,21.5,4,0.0,0.0,0.0,0.0,2.0,Low
86528.0,2015-2016,37,2,23.9,4,0.0,0.0,0.0,0.0,2.0,Low
86530.0,2015-2016,58,2,28.1,3,1.0,1.0,0.0,2.0,2.0,Moderate
86534.0,2015-2016,43,2,35.6,4,0.0,1.0,1.0,0.0,2.0,Low
86537.0,2015-2016,80,2,27.8,3,,0.0,,1.0,1.0,High
86540.0,2015-2016,43,1,32.0,2,0.0,0.0,1.0,0.0,2.0,Moderate
86542.0,2015-2016,64,1,34.4,3,1.0,0.0,1.0,2.0,2.0,Moderate
86544.0,2015-2016,46,2,28.6,2,0.0,1.0,0.0,1.0,2.0,Low
86546.0,2015-2016,69,1,23.4,3,0.0,0.0,0.0,1.0,2.0,Moderate
86548.0,2015-2016,69,1,23.2,7,1.0,0.0,1.0,2.0,2.0,Low
86551.0,2015-2016,25,1,19.8,4,1.0,0.0,0.0,2.0,2.0,Moderate
86552.0,2015-2016,37,2,23.1,3,0.0,0.0,0.0,1.0,2.0,Low
86553.0,2015-2016,35,1,58.8,1,0.0,1.0,1.0,0.0,2.0,Low
86555.0,2015-2016,33,1,28.8,4,1.0,0.0,0.0,2.0,2.0,High
86556.0,2015-2016,31,2,31.7,4,1.0,0.0,1.0,0.0,2.0,Moderate
86557.0,2015-2016,52,2,37.9,1,0.0,1.0,0.0,1.0,2.0,Moderate
86558.0,2015-2016,60,1,32.3,4,1.0,0.0,1.0,1.0,2.0,Moderate
86560.0,2015-2016,24,1,30.0,1,1.0,0.0,1.0,2.0,2.0,Low
86563.0,2015-2016,58,1,27.9,4,0.0,1.0,0.0,1.0,2.0,Moderate
86564.0,2015-2016,64,1,19.9,4,1.0,1.0,0.0,2.0,2.0,Low
86565.0,2015-2016,66,1,45.9,3,0.0,1.0,1.0,1.0,2.0,Moderate
86566.0,2015-2016,40,2,22.0,4,1.0,0.0,0.0,1.0,2.0,Low
86567.0,2015-2016,80,2,20.6,3,0.0,0.0,0.0,0.0,2.0,Low
86568.0,2015-2016,46,2,23.2,3,1.0,0.0,1.0,1.0,2.0,Low
86569.0,2015-2016,23,1,35.9,1,1.0,0.0,1.0,0.0,2.0,Low
86572.0,2015-2016,40,2,21.6,6,,1.0,0.0,0.0,2.0,Low
86573.0,2015-2016,65,1,26.1,6,1.0,0.0,1.0,0.0,3.0,High
86574.0,2015-2016,30,1,42.2,3,0.0,0.0,1.0,1.0,2.0,Moderate
86575.0,2015-2016,27,1,29.9,3,1.0,0.0,0.0,0.0,2.0,Low
86579.0,2015-2016,47,1,27.1,3,0.0,1.0,1.0,0.0,2.0,Low
86580.0,2015-2016,59,1,31.3,3,0.0,1.0,0.0,1.0,2.0,High
86581.0,2015-2016,65,1,37.0,3,0.0,0.0,1.0,0.0,2.0,Moderate
86583.0,2015-2016,70,1,29.3,4,1.0,1.0,1.0,0.0,2.0,High
86584.0,2015-2016,52,2,35.8,4,0.0,0.0,1.0,0.0,2.0,Low
86586.0,2015-2016,28,2,37.9,1,1.0,1.0,1.0,1.0,2.0,Low
86588.0,2015-2016,65,1,30.6,1,0.0,1.0,0.0,1.0,2.0,Low
86590.0,2015-2016,42,2,36.9,7,1.0,0.0,1.0,0.0,2.0,Moderate
86591.0,2015-2016,53,1,23.7,2,0.0,0.0,0.0,2.0,2.0,Low
86592.0,2015-2016,28,1,34.9,4,1.0,0.0,1.0,2.0,2.0,Low
86597.0,2015-2016,69,1,26.6,3,0.0,1.0,1.0,0.0,2.0,Low
86598.0,2015-2016,25,1,23.6,3,1.0,0.0,1.0,1.0,2.0,Low
86599.0,2015-2016,27,1,21.3,3,0.0,0.0,1.0,0.0,2.0,Low
86600.0,2015-2016,25,2,23.6,3,0.0,0.0,0.0,0.0,2.0,Low
86601.0,2015-2016,23,1,28.4,2,0.0,0.0,1.0,0.0,2.0,Low
86604.0,2015-2016,80,1,27.9,3,0.0,0.0,0.0,2.0,1.0,High
86606.0,2015-2016,50,2,28.5,3,0.0,0.0,1.0,0.0,2.0,Moderate
86607.0,2015-2016,30,2,35.9,4,0.0,0.0,1.0,2.0,2.0,Low
86609.0,2015-2016,33,1,28.0,4,1.0,1.0,0.0,2.0,2.0,Low
86610.0,2015-2016,52,2,31.5,1,0.0,0.0,0.0,0.0,1.0,High
86611.0,2015-2016,28,2,34.5,2,1.0,0.0,1.0,2.0,2.0,Low
86613.0,2015-2016,38,2,21.9,3,0.0,0.0,1.0,0.0,2.0,Low
86614.0,2015-2016,55,1,39.1,7,1.0,0.0,1.0,0.0,2.0,Moderate
86617.0,2015-2016,39,1,25.9,1,0.0,0.0,0.0,0.0,2.0,Moderate
86618.0,2015-2016,34,2,29.5,6,0.0,1.0,0.0,0.0,2.0,Moderate
86620.0,2015-2016,58,1,36.0,3,0.0,1.0,0.0,0.0,2.0,Low
86621.0,2015-2016,48,1,48.5,3,1.0,1.0,0.0,0.0,2.0,Low
86624.0,2015-2016,51,1,28.0,3,0.0,0.0,1.0,0.0,2.0,Moderate
86626.0,2015-2016,41,2,31.3,6,0.0,1.0,0.0,0.0,2.0,Moderate
86627.0,2015-2016,68,2,30.5,4,1.0,1.0,1.0,2.0,1.0,High
86628.0,2015-2016,80,2,28.7,4,0.0,1.0,0.0,0.0,2.0,Moderate
86629.0,2015-2016,23,2,25.1,3,0.0,0.0,1.0,0.0,2.0,Low
86632.0,2015-2016,24,2,33.6,4,0.0,0.0,0.0,0.0,2.0,Low
86633.0,2015-2016,62,2,43.1,3,0.0,0.0,1.0,0.0,2.0,Moderate
86637.0,2015-2016,40,2,21.6,4,1.0,0.0,1.0,0.0,2.0,Low
86638.0,2015-2016,39,1,29.9,1,1.0,0.0,0.0,2.0,2.0,Moderate
86639.0,2015-2016,46,2,28.0,4,0.0,0.0,0.0,0.0,2.0,Low
86640.0,2015-2016,59,1,24.5,3,,1.0,1.0,2.0,2.0,Moderate
86641.0,2015-2016,59,2,35.7,3,1.0,0.0,0.0,1.0,1.0,High
86644.0,2015-2016,80,1,32.0,3,1.0,1.0,0.0,1.0,2.0,Moderate
86645.0,2015-2016,45,2,,3,0.0,0.0,1.0,1.0,2.0,Low
86646.0,2015-2016,80,1,23.1,6,0.0,1.0,0.0,1.0,2.0,Low
86649.0,2015-2016,32,2,54.0,1,1.0,0.0,1.0,0.0,2.0,Low
86650.0,2015-2016,78,2,31.1,4,1.0,1.0,1.0,0.0,2.0,Moderate
86652.0,2015-2016,59,1,28.9,1,0.0,0.0,1.0,1.0,2.0,Low
86655.0,2015-2016,54,1,22.0,3,1.0,1.0,0.0,2.0,2.0,Moderate
86656.0,2015-2016,71,1,,1,0.0,0.0,0.0,0.0,2.0,Low
86657.0,2015-2016,67,1,29.2,4,0.0,1.0,1.0,2.0,2.0,Low
86658.0,2015-2016,26,1,47.4,1,1.0,0.0,1.0,0.0,2.0,Low
86661.0,2015-2016,62,1,27.3,2,1.0,1.0,0.0,0.0,2.0,Moderate
86662.0,2015-2016,70,1,28.9,4,0.0,0.0,1.0,0.0,3.0,Moderate
86663.0,2015-2016,40,1,30.2,1,0.0,0.0,0.0,2.0,2.0,High
86664.0,2015-2016,69,1,31.6,4,1.0,1.0,1.0,1.0,1.0,High
86665.0,2015-2016,68,2,27.7,6,0.0,0.0,0.0,0.0,2.0,Moderate
86667.0,2015-2016,63,2,25.0,6,1.0,0.0,0.0,0.0,1.0,High
86668.0,2015-2016,37,1,23.8,2,0.0,0.0,1.0,2.0,2.0,Moderate
86669.0,2015-2016,76,1,27.6,6,,1.0,0.0,1.0,3.0,High
86670.0,2015-2016,25,2,25.4,1,1.0,0.0,1.0,0.0,2.0,Low
86671.0,2015-2016,25,1,38.1,3,1.0,0.0,1.0,0.0,2.0,Low
86674.0,2015-2016,62,1,45.0,3,1.0,1.0,0.0,1.0,1.0,High
86675.0,2015-2016,62,2,38.3,2,0.0,0.0,0.0,0.0,2.0,Moderate
86676.0,2015-2016,43,1,25.8,1,0.0,0.0,1.0,0.0,2.0,Moderate
86677.0,2015-2016,24,1,57.6,3,1.0,0.0,1.0,1.0,2.0,High
86679.0,2015-2016,23,1,30.3,3,0.0,0.0,1.0,0.0,2.0,Low
86681.0,2015-2016,44,2,19.9,2,0.0,0.0,1.0,0.0,2.0,Low
86685.0,2015-2016,63,1,23.9,6,,0.0,0.0,0.0,1.0,High
86686.0,2015-2016,37,2,33.9,4,0.0,0.0,1.0,1.0,2.0,Low
86687.0,2015-2016,53,2,20.7,6,0.0,1.0,1.0,0.0,2.0,Low
86689.0,2015-2016,30,2,38.6,4,0.0,0.0,0.0,0.0,2.0,Low
86691.0,2015-2016,55,1,27.8,3,0.0,1.0,1.0,2.0,2.0,Low
86692.0,2015-2016,80,1,32.2,4,0.0,0.0,0.0,,2.0,Low
86695.0,2015-2016,75,2,27.6,6,1.0,1.0,1.0,0.0,1.0,High
86696.0,2015-2016,67,2,27.9,2,1.0,1.0,0.0,0.0,2.0,Moderate
86697.0,2015-2016,42,2,38.2,4,0.0,1.0,1.0,0.0,2.0,Moderate
86698.0,2015-2016,40,2,24.4,6,0.0,0.0,0.0,0.0,2.0,Low
86699.0,2015-2016,71,1,31.2,3,1.0,0.0,1.0,0.0,2.0,High
86701.0,2015-2016,49,1,23.0,6,0.0,0.0,0.0,0.0,2.0,Low
86703.0,2015-2016,59,2,33.7,3,1.0,1.0,0.0,1.0,1.0,High
86705.0,2015-2016,59,2,41.4,1,0.0,1.0,0.0,0.0,2.0,Moderate
86706.0,2015-2016,79,2,31.7,3,1.0,1.0,0.0,0.0,1.0,High
86707.0,2015-2016,30,2,38.4,4,0.0,0.0,0.0,1.0,2.0,Moderate
86710.0,2015-2016,33,1,19.1,6,0.0,0.0,0.0,0.0,2.0,Low
86712.0,2015-2016,64,1,23.3,6,0.0,1.0,0.0,1.0,2.0,Moderate
86713.0,2015-2016,65,1,28.7,4,1.0,1.0,0.0,2.0,1.0,High
86715.0,2015-2016,50,1,29.1,3,1.0,1.0,0.0,2.0,2.0,Moderate
86717.0,2015-2016,62,2,43.3,3,1.0,1.0,0.0,0.0,1.0,High
86718.0,2015-2016,44,1,23.4,4,1.0,0.0,0.0,2.0,2.0,Moderate
86719.0,2015-2016,62,1,35.2,4,0.0,1.0,1.0,0.0,2.0,Moderate
86720.0,2015-2016,34,2,20.6,1,0.0,0.0,0.0,2.0,2.0,Moderate
86722.0,2015-2016,40,2,22.8,1,0.0,0.0,1.0,0.0,2.0,Low
86727.0,2015-2016,41,1,31.4,2,1.0,0.0,1.0,1.0,2.0,Low
86728.0,2015-2016,32,2,22.1,2,0.0,0.0,0.0,0.0,2.0,Low
86730.0,2015-2016,78,1,27.7,3,0.0,1.0,0.0,1.0,2.0,Moderate
86731.0,2015-2016,29,1,25.0,2,0.0,0.0,0.0,1.0,2.0,Low
86732.0,2015-2016,69,1,25.4,2,0.0,1.0,0.0,0.0,2.0,Moderate
86733.0,2015-2016,35,1,24.6,3,0.0,0.0,1.0,1.0,2.0,Low
86736.0,2015-2016,45,2,20.5,3,0.0,0.0,1.0,1.0,2.0,Low
86737.0,2015-2016,50,1,17.2,2,0.0,1.0,0.0,0.0,2.0,Low
86740.0,2015-2016,57,1,26.8,2,0.0,1.0,0.0,2.0,1.0,High
86741.0,2015-2016,77,2,31.6,4,0.0,0.0,0.0,1.0,2.0,Moderate
86742.0,2015-2016,54,1,26.5,1,1.0,0.0,0.0,1.0,2.0,Low
86744.0,2015-2016,25,1,22.1,4,0.0,0.0,1.0,2.0,2.0,Moderate
86745.0,2015-2016,65,1,37.2,2,1.0,1.0,0.0,0.0,1.0,High
86746.0,2015-2016,53,2,50.4,3,1.0,0.0,0.0,0.0,2.0,Moderate
86747.0,2015-2016,47,1,46.1,3,0.0,1.0,0.0,1.0,2.0,Moderate
86748.0,2015-2016,63,1,34.9,4,1.0,1.0,1.0,2.0,1.0,High
86752.0,2015-2016,35,2,24.7,3,0.0,0.0,1.0,1.0,2.0,Low
86753.0,2015-2016,80,2,33.2,3,1.0,0.0,0.0,0.0,1.0,High
86755.0,2015-2016,28,1,22.7,3,0.0,0.0,1.0,1.0,2.0,Low
86756.0,2015-2016,61,2,27.6,3,0.0,0.0,1.0,2.0,2.0,Low
86757.0,2015-2016,78,1,24.9,1,0.0,0.0,0.0,1.0,2.0,Low
86759.0,2015-2016,60,2,20.5,6,0.0,0.0,1.0,0.0,2.0,Moderate
86761.0,2015-2016,40,2,20.1,6,0.0,0.0,1.0,0.0,2.0,Low
86772.0,2015-2016,80,1,25.0,4,0.0,1.0,0.0,1.0,2.0,Low
86773.0,2015-2016,77,2,46.2,3,0.0,1.0,0.0,1.0,1.0,High
86774.0,2015-2016,43,1,35.3,1,0.0,0.0,1.0,2.0,2.0,Moderate
86776.0,2015-2016,28,2,28.5,1,0.0,0.0,1.0,0.0,2.0,Low
86777.0,2015-2016,52,1,28.1,2,0.0,0.0,0.0,2.0,2.0,Moderate
86778.0,2015-2016,40,2,,3,0.0,0.0,0.0,0.0,2.0,Low
86782.0,2015-2016,23,2,16.6,4,0.0,0.0,1.0,0.0,2.0,Low
86784.0,2015-2016,64,1,20.4,6,0.0,0.0,1.0,1.0,2.0,Low
86785.0,2015-2016,49,2,33.5,2,0.0,1.0,1.0,2.0,2.0,Low
86787.0,2015-2016,60,2,22.0,6,0.0,1.0,1.0,0.0,2.0,Low
86790.0,2015-2016,29,1,33.8,7,1.0,0.0,0.0,2.0,2.0,Low
86791.0,2015-2016,80,2,,3,1.0,1.0,0.0,0.0,1.0,High
86792.0,2015-2016,45,1,29.2,2,0.0,0.0,1.0,0.0,2.0,Low
86794.0,2015-2016,71,1,30.7,3,0.0,1.0,0.0,2.0,2.0,Moderate
86795.0,2015-2016,35,2,36.0,7,1.0,0.0,1.0,0.0,2.0,Low
86800.0,2015-2016,36,2,24.0,6,0.0,0.0,0.0,0.0,2.0,Low
86801.0,2015-2016,30,1,30.8,4,1.0,1.0,1.0,2.0,2.0,Moderate
86802.0,2015-2016,30,2,48.1,4,1.0,1.0,0.0,0.0,2.0,Low
86805.0,2015-2016,31,2,32.8,2,0.0,0.0,0.0,2.0,2.0,Low
86806.0,2015-2016,64,1,24.9,4,1.0,0.0,1.0,2.0,2.0,Low
86809.0,2015-2016,59,1,23.5,3,0.0,0.0,1.0,2.0,3.0,High
86810.0,2015-2016,36,2,37.4,7,0.0,1.0,1.0,0.0,2.0,Low
86812.0,2015-2016,64,2,31.5,1,1.0,0.0,0.0,0.0,2.0,Low
86814.0,2015-2016,72,1,28.5,1,1.0,1.0,0.0,1.0,1.0,High
86815.0,2015-2016,33,1,25.6,1,0.0,0.0,0.0,1.0,2.0,Moderate
86817.0,2015-2016,60,1,30.4,1,0.0,1.0,1.0,0.0,2.0,Moderate
86820.0,2015-2016,52,1,23.5,6,0.0,0.0,0.0,1.0,2.0,Moderate
86824.0,2015-2016,70,1,26.5,4,1.0,1.0,1.0,1.0,1.0,High
86826.0,2015-2016,80,2,22.6,4,0.0,1.0,0.0,1.0,1.0,High
86827.0,2015-2016,42,2,28.7,6,0.0,0.0,1.0,0.0,2.0,Low
86829.0,2015-2016,37,1,22.5,3,1.0,1.0,0.0,1.0,2.0,Moderate
86830.0,2015-2016,71,2,35.1,1,1.0,0.0,0.0,0.0,2.0,Moderate
86831.0,2015-2016,70,1,22.4,1,0.0,0.0,1.0,2.0,2.0,Low
86833.0,2015-2016,26,2,27.0,3,0.0,0.0,1.0,0.0,2.0,Low
86837.0,2015-2016,57,1,28.7,3,0.0,0.0,1.0,2.0,2.0,Low
86838.0,2015-2016,44,2,34.4,3,0.0,0.0,1.0,2.0,2.0,Moderate
86841.0,2015-2016,23,2,40.4,2,1.0,0.0,0.0,0.0,2.0,Moderate
86842.0,2015-2016,32,1,31.0,1,0.0,0.0,1.0,1.0,1.0,High
86844.0,2015-2016,39,1,28.8,2,0.0,0.0,1.0,0.0,2.0,Moderate
86848.0,2015-2016,58,1,49.0,4,1.0,1.0,0.0,2.0,2.0,Moderate
86855.0,2015-2016,39,2,57.2,2,1.0,1.0,1.0,0.0,2.0,Low
86856.0,2015-2016,54,1,24.3,3,1.0,0.0,1.0,0.0,2.0,Low
86858.0,2015-2016,20,2,26.0,4,0.0,0.0,0.0,0.0,2.0,Low
86859.0,2015-2016,79,1,28.5,1,0.0,1.0,0.0,0.0,2.0,Low
86863.0,2015-2016,24,2,28.7,1,1.0,0.0,1.0,0.0,2.0,Low
86864.0,2015-2016,48,1,21.3,6,0.0,0.0,0.0,0.0,2.0,Low
86868.0,2015-2016,22,2,18.1,2,0.0,0.0,1.0,0.0,2.0,Low
86870.0,2015-2016,25,1,26.7,4,1.0,0.0,1.0,0.0,2.0,Moderate
86871.0,2015-2016,73,1,24.0,3,1.0,0.0,0.0,2.0,2.0,Moderate
86872.0,2015-2016,66,2,30.7,2,0.0,1.0,0.0,0.0,2.0,Low
86875.0,2015-2016,66,1,28.7,1,1.0,1.0,0.0,1.0,2.0,Moderate
86876.0,2015-2016,38,2,25.3,6,0.0,0.0,0.0,0.0,2.0,Low
86877.0,2015-2016,40,1,29.1,3,0.0,0.0,1.0,0.0,2.0,Low
86878.0,2015-2016,79,1,26.0,3,0.0,0.0,0.0,0.0,2.0,Moderate
86879.0,2015-2016,63,2,29.9,2,0.0,1.0,0.0,0.0,2.0,Moderate
86881.0,2015-2016,51,1,27.9,2,0.0,0.0,1.0,0.0,2.0,Moderate
86882.0,2015-2016,41,2,37.1,1,1.0,0.0,0.0,0.0,1.0,High
86883.0,2015-2016,51,1,31.1,4,0.0,0.0,0.0,0.0,2.0,Moderate
86885.0,2015-2016,26,1,24.6,4,1.0,1.0,1.0,1.0,2.0,Moderate
86886.0,2015-2016,52,1,27.6,1,0.0,0.0,1.0,0.0,2.0,Low
86887.0,2015-2016,58,1,30.2,2,1.0,1.0,1.0,1.0,2.0,Moderate
86888.0,2015-2016,24,1,36.3,4,1.0,0.0,1.0,2.0,2.0,Low
86889.0,2015-2016,47,2,25.4,3,1.0,0.0,1.0,2.0,2.0,Moderate
86894.0,2015-2016,45,1,31.4,1,0.0,0.0,0.0,0.0,2.0,Low
86897.0,2015-2016,40,1,22.8,4,0.0,0.0,1.0,0.0,2.0,Moderate
86898.0,2015-2016,80,2,29.4,3,0.0,1.0,0.0,1.0,2.0,High
86899.0,2015-2016,22,1,20.5,4,0.0,0.0,1.0,0.0,2.0,Moderate
86901.0,2015-2016,54,2,25.4,6,1.0,0.0,0.0,0.0,2.0,Moderate
86905.0,2015-2016,26,2,36.0,3,0.0,0.0,1.0,1.0,2.0,Low
86906.0,2015-2016,33,1,33.5,2,0.0,0.0,0.0,1.0,2.0,Low
86908.0,2015-2016,41,2,26.5,1,0.0,0.0,1.0,0.0,2.0,Moderate
86909.0,2015-2016,48,1,31.6,6,1.0,0.0,0.0,2.0,2.0,High
86910.0,2015-2016,38,1,39.4,2,1.0,0.0,1.0,0.0,2.0,Low
86911.0,2015-2016,25,1,25.6,3,0.0,0.0,0.0,0.0,2.0,Low
86913.0,2015-2016,77,1,25.7,1,1.0,1.0,0.0,1.0,1.0,High
86916.0,2015-2016,74,2,24.8,1,1.0,1.0,0.0,0.0,1.0,High
86918.0,2015-2016,51,2,37.0,4,0.0,1.0,1.0,0.0,2.0,Moderate
86920.0,2015-2016,27,1,29.9,7,1.0,0.0,1.0,2.0,2.0,Moderate
86922.0,2015-2016,33,2,19.6,6,0.0,0.0,1.0,0.0,2.0,Moderate
86923.0,2015-2016,31,2,27.6,6,0.0,0.0,1.0,0.0,2.0,Low
86925.0,2015-2016,80,1,24.0,4,1.0,1.0,0.0,1.0,2.0,Moderate
86927.0,2015-2016,69,2,22.0,3,0.0,1.0,0.0,0.0,2.0,Low
86928.0,2015-2016,52,1,30.3,3,0.0,1.0,0.0,1.0,2.0,Moderate
86929.0,2015-2016,52,1,32.3,3,0.0,1.0,1.0,2.0,2.0,Low
86931.0,2015-2016,80,2,22.9,3,1.0,1.0,0.0,0.0,2.0,Moderate
86932.0,2015-2016,59,1,35.8,2,0.0,1.0,0.0,0.0,1.0,High
86933.0,2015-2016,30,2,28.2,1,0.0,0.0,0.0,1.0,2.0,Moderate
86934.0,2015-2016,29,1,27.6,1,1.0,0.0,1.0,0.0,2.0,Low
86939.0,2015-2016,35,1,24.4,2,1.0,0.0,0.0,1.0,2.0,Moderate
86940.0,2015-2016,64,1,26.3,6,0.0,1.0,1.0,0.0,3.0,Moderate
86941.0,2015-2016,45,2,24.0,2,0.0,0.0,1.0,0.0,2.0,Low
86942.0,2015-2016,50,1,27.5,4,1.0,0.0,0.0,2.0,2.0,Low
86947.0,2015-2016,30,1,21.2,6,0.0,0.0,0.0,0.0,2.0,Low
86949.0,2015-2016,77,1,26.4,3,0.0,0.0,1.0,1.0,2.0,Low
86950.0,2015-2016,80,2,29.2,3,0.0,1.0,0.0,0.0,2.0,Low
86952.0,2015-2016,80,2,22.8,3,1.0,1.0,0.0,2.0,2.0,Low
86955.0,2015-2016,74,2,30.3,4,1.0,1.0,0.0,0.0,2.0,Low
86959.0,2015-2016,36,2,21.3,6,0.0,0.0,1.0,0.0,2.0,Low
86960.0,2015-2016,22,2,24.2,3,0.0,0.0,0.0,0.0,2.0,Low
86961.0,2015-2016,25,2,23.9,3,0.0,0.0,1.0,0.0,2.0,Low
86965.0,2015-2016,80,1,32.5,1,0.0,0.0,0.0,1.0,2.0,Moderate
86966.0,2015-2016,80,2,31.2,3,1.0,1.0,1.0,1.0,1.0,High
86967.0,2015-2016,51,2,26.9,6,1.0,1.0,1.0,0.0,2.0,Low
86968.0,2015-2016,25,2,45.2,2,1.0,1.0,0.0,2.0,2.0,Low
86969.0,2015-2016,41,1,28.6,3,0.0,0.0,1.0,0.0,2.0,Low
86970.0,2015-2016,20,1,37.3,2,0.0,0.0,0.0,0.0,2.0,Moderate
86971.0,2015-2016,24,1,31.8,3,0.0,0.0,0.0,0.0,2.0,Moderate
86972.0,2015-2016,42,2,24.3,4,0.0,0.0,1.0,0.0,2.0,Low
86974.0,2015-2016,47,1,28.6,2,0.0,0.0,0.0,0.0,2.0,Moderate
86977.0,2015-2016,29,2,19.7,4,0.0,0.0,0.0,0.0,2.0,Low
86980.0,2015-2016,54,1,23.1,6,0.0,0.0,0.0,0.0,2.0,Moderate
86981.0,2015-2016,27,2,20.9,3,0.0,0.0,0.0,2.0,2.0,Low
86982.0,2015-2016,66,1,33.3,1,1.0,0.0,0.0,0.0,2.0,Moderate
86983.0,2015-2016,34,1,43.6,3,0.0,0.0,0.0,1.0,2.0,Moderate
86985.0,2015-2016,34,1,22.0,7,0.0,0.0,1.0,0.0,2.0,Low
86986.0,2015-2016,26,1,32.3,1,0.0,0.0,0.0,0.0,2.0,Moderate
86987.0,2015-2016,76,1,23.5,3,,0.0,1.0,2.0,2.0,Low
86989.0,2015-2016,44,1,26.4,6,0.0,0.0,0.0,2.0,2.0,Low
86990.0,2015-2016,35,2,28.9,3,1.0,0.0,1.0,0.0,2.0,Moderate
86991.0,2015-2016,76,2,38.1,3,,1.0,1.0,0.0,2.0,Low
86992.0,2015-2016,23,1,18.5,3,0.0,0.0,1.0,0.0,2.0,Low
86994.0,2015-2016,70,1,23.2,2,1.0,1.0,1.0,1.0,1.0,High
86996.0,2015-2016,41,2,21.9,6,0.0,0.0,1.0,0.0,2.0,Moderate
86998.0,2015-2016,64,1,31.2,4,1.0,0.0,0.0,0.0,2.0,Low
86999.0,2015-2016,76,1,27.6,4,0.0,1.0,0.0,1.0,1.0,High
87000.0,2015-2016,64,2,32.1,3,1.0,0.0,0.0,1.0,2.0,Low
87003.0,2015-2016,53,1,31.4,3,1.0,0.0,1.0,0.0,2.0,Low
87004.0,2015-2016,37,1,29.0,3,0.0,0.0,0.0,1.0,2.0,Low
87005.0,2015-2016,31,2,30.0,1,1.0,0.0,0.0,1.0,2.0,Moderate
87007.0,2015-2016,45,2,39.4,3,1.0,0.0,0.0,2.0,2.0,High
87008.0,2015-2016,63,1,26.0,4,1.0,1.0,0.0,2.0,2.0,Moderate
87010.0,2015-2016,61,2,32.0,3,0.0,1.0,1.0,0.0,2.0,Low
87014.0,2015-2016,79,2,40.5,3,1.0,1.0,0.0,2.0,2.0,Moderate
87016.0,2015-2016,53,2,26.0,1,1.0,0.0,0.0,1.0,1.0,High
87018.0,2015-2016,49,2,29.2,2,1.0,1.0,1.0,0.0,2.0,Moderate
87021.0,2015-2016,58,1,41.1,3,1.0,1.0,0.0,0.0,1.0,High
87026.0,2015-2016,21,2,33.5,1,1.0,0.0,0.0,0.0,1.0,High
87028.0,2015-2016,27,2,34.8,4,1.0,0.0,1.0,0.0,2.0,Moderate
87030.0,2015-2016,36,2,29.1,3,0.0,0.0,1.0,2.0,2.0,Low
87031.0,2015-2016,48,2,36.8,3,1.0,0.0,1.0,0.0,2.0,Low
87032.0,2015-2016,75,1,32.5,3,0.0,1.0,1.0,1.0,2.0,Low
87035.0,2015-2016,29,1,39.9,2,,0.0,0.0,0.0,2.0,Low
87036.0,2015-2016,22,1,28.2,6,1.0,0.0,1.0,0.0,2.0,Low
87039.0,2015-2016,37,2,18.6,6,0.0,0.0,1.0,0.0,2.0,Low
87044.0,2015-2016,32,2,27.5,4,1.0,1.0,0.0,2.0,2.0,Low
87046.0,2015-2016,32,2,24.4,3,0.0,0.0,1.0,0.0,2.0,Low
87048.0,2015-2016,69,1,28.2,3,0.0,0.0,0.0,1.0,2.0,Moderate
87049.0,2015-2016,62,2,28.0,4,1.0,0.0,0.0,1.0,2.0,Moderate
87050.0,2015-2016,46,2,46.0,7,1.0,1.0,0.0,0.0,1.0,High
87051.0,2015-2016,36,1,,1,0.0,0.0,0.0,1.0,2.0,Moderate
87052.0,2015-2016,80,2,20.7,4,0.0,0.0,1.0,1.0,2.0,Moderate
87053.0,2015-2016,34,2,35.3,1,1.0,0.0,1.0,0.0,2.0,Low
87055.0,2015-2016,80,1,26.8,3,0.0,1.0,0.0,0.0,2.0,Moderate
87061.0,2015-2016,80,1,21.1,1,1.0,1.0,0.0,1.0,2.0,Low
87064.0,2015-2016,64,1,23.5,2,1.0,1.0,0.0,1.0,2.0,Moderate
87066.0,2015-2016,28,2,23.0,6,1.0,0.0,0.0,0.0,2.0,Moderate
87067.0,2015-2016,79,2,26.6,2,0.0,1.0,0.0,0.0,2.0,Moderate
87069.0,2015-2016,49,1,40.1,1,0.0,0.0,1.0,0.0,2.0,Low
87072.0,2015-2016,52,1,25.8,4,0.0,0.0,1.0,0.0,2.0,Low
87073.0,2015-2016,27,1,29.3,1,0.0,0.0,0.0,2.0,2.0,Low
87074.0,2015-2016,22,1,38.7,3,1.0,0.0,1.0,0.0,2.0,Low
87078.0,2015-2016,63,2,36.0,2,1.0,1.0,0.0,0.0,1.0,High
87079.0,2015-2016,65,1,32.5,4,1.0,1.0,0.0,0.0,1.0,High
87080.0,2015-2016,33,2,34.0,2,1.0,0.0,1.0,0.0,2.0,Moderate
87081.0,2015-2016,58,2,31.4,4,1.0,1.0,0.0,0.0,2.0,Moderate
87084.0,2015-2016,56,2,48.3,4,1.0,1.0,1.0,1.0,1.0,High
87086.0,2015-2016,60,2,25.7,1,0.0,1.0,0.0,0.0,2.0,Low
87088.0,2015-2016,27,2,23.4,4,0.0,0.0,0.0,0.0,2.0,Low
87090.0,2015-2016,34,2,32.1,2,0.0,0.0,0.0,0.0,2.0,Low
87094.0,2015-2016,33,1,19.5,6,0.0,0.0,0.0,0.0,2.0,Low
87099.0,2015-2016,66,2,31.1,2,0.0,1.0,1.0,0.0,1.0,High
87100.0,2015-2016,23,2,25.6,6,1.0,0.0,1.0,2.0,2.0,Low
87107.0,2015-2016,24,1,21.5,6,0.0,0.0,0.0,0.0,2.0,Low
87109.0,2015-2016,67,2,22.6,6,1.0,1.0,0.0,0.0,1.0,High
87111.0,2015-2016,67,1,34.5,4,1.0,1.0,0.0,0.0,1.0,High
87112.0,2015-2016,60,2,28.8,4,0.0,0.0,0.0,0.0,2.0,Moderate
87113.0,2015-2016,68,1,31.3,2,0.0,1.0,0.0,1.0,2.0,Moderate
87114.0,2015-2016,60,1,28.6,1,1.0,1.0,1.0,0.0,1.0,High
87115.0,2015-2016,66,2,36.0,2,1.0,1.0,0.0,0.0,2.0,High
87118.0,2015-2016,54,1,28.9,2,1.0,0.0,0.0,0.0,2.0,Moderate
87120.0,2015-2016,21,2,19.3,3,0.0,0.0,1.0,0.0,2.0,Low
87122.0,2015-2016,65,2,25.5,4,1.0,1.0,0.0,1.0,1.0,High
87123.0,2015-2016,68,1,24.0,3,0.0,0.0,1.0,1.0,2.0,Moderate
87124.0,2015-2016,21,1,21.5,1,0.0,0.0,0.0,0.0,2.0,Low
87125.0,2015-2016,77,1,21.8,4,0.0,1.0,0.0,2.0,2.0,Moderate
87127.0,2015-2016,51,2,35.1,3,1.0,0.0,0.0,1.0,2.0,Moderate
87129.0,2015-2016,28,2,22.1,6,0.0,0.0,1.0,0.0,2.0,Low
87130.0,2015-2016,42,2,30.9,3,1.0,1.0,0.0,1.0,2.0,Low
87131.0,2015-2016,27,2,31.0,2,1.0,0.0,0.0,0.0,2.0,Low
87132.0,2015-2016,39,1,28.1,1,0.0,1.0,1.0,2.0,1.0,High
87135.0,2015-2016,57,1,44.5,3,0.0,1.0,0.0,0.0,1.0,High
87137.0,2015-2016,26,1,24.8,3,1.0,0.0,1.0,1.0,2.0,Moderate
87138.0,2015-2016,45,1,29.3,3,0.0,1.0,0.0,0.0,2.0,Moderate
87140.0,2015-2016,36,1,31.3,6,0.0,0.0,1.0,0.0,2.0,Low
87141.0,2015-2016,37,1,30.3,3,0.0,0.0,1.0,0.0,2.0,Low
87142.0,2015-2016,31,2,40.3,4,1.0,1.0,0.0,0.0,2.0,Low
87145.0,2015-2016,78,1,26.1,3,0.0,0.0,0.0,0.0,2.0,Moderate
87147.0,2015-2016,20,2,33.1,7,0.0,1.0,0.0,0.0,2.0,Low
87148.0,2015-2016,55,2,25.2,3,0.0,0.0,0.0,0.0,2.0,Low
87150.0,2015-2016,60,2,,3,0.0,1.0,0.0,0.0,2.0,Moderate
87154.0,2015-2016,30,2,25.9,1,1.0,1.0,0.0,0.0,2.0,Moderate
87155.0,2015-2016,71,2,32.2,1,1.0,1.0,1.0,0.0,1.0,High
87156.0,2015-2016,57,2,36.0,4,0.0,1.0,0.0,2.0,2.0,Moderate
87158.0,2015-2016,65,2,18.9,4,0.0,0.0,1.0,1.0,2.0,Low
87159.0,2015-2016,22,2,32.9,1,1.0,0.0,1.0,0.0,1.0,High
87161.0,2015-2016,80,2,29.7,3,1.0,1.0,0.0,0.0,2.0,Moderate
87162.0,2015-2016,35,2,36.7,1,1.0,0.0,1.0,0.0,2.0,Moderate
87163.0,2015-2016,44,2,43.5,3,1.0,0.0,0.0,1.0,2.0,Moderate
87165.0,2015-2016,35,2,27.8,1,0.0,0.0,0.0,0.0,2.0,Low
87167.0,2015-2016,80,2,27.0,1,1.0,0.0,0.0,0.0,1.0,High
87168.0,2015-2016,49,1,26.9,2,0.0,0.0,0.0,0.0,2.0,Low
87169.0,2015-2016,39,2,21.4,3,0.0,0.0,1.0,1.0,2.0,Low
87170.0,2015-2016,50,1,23.5,1,0.0,0.0,1.0,0.0,1.0,High
87171.0,2015-2016,40,2,27.0,1,1.0,0.0,1.0,0.0,2.0,Low
87172.0,2015-2016,42,1,26.4,2,1.0,0.0,1.0,0.0,2.0,Moderate
87174.0,2015-2016,27,2,21.3,3,0.0,0.0,0.0,1.0,2.0,Moderate
87175.0,2015-2016,69,1,29.6,3,0.0,1.0,1.0,1.0,2.0,Moderate
87176.0,2015-2016,27,1,34.8,7,0.0,0.0,1.0,2.0,2.0,Low
87177.0,2015-2016,57,1,27.8,3,0.0,0.0,0.0,0.0,2.0,Moderate
87178.0,2015-2016,54,1,33.0,1,0.0,0.0,1.0,0.0,2.0,Low
87179.0,2015-2016,34,2,39.4,2,0.0,0.0,0.0,0.0,2.0,Moderate
87180.0,2015-2016,33,2,27.5,6,0.0,0.0,1.0,0.0,2.0,Low
87181.0,2015-2016,43,2,19.7,6,0.0,0.0,1.0,0.0,2.0,Low
87185.0,2015-2016,24,2,30.7,1,1.0,0.0,1.0,0.0,2.0,Low
87186.0,2015-2016,61,1,33.1,2,0.0,1.0,0.0,2.0,2.0,High
87187.0,2015-2016,45,1,26.9,6,0.0,0.0,0.0,0.0,2.0,Low
87190.0,2015-2016,38,1,37.6,4,0.0,0.0,1.0,0.0,2.0,Moderate
87193.0,2015-2016,80,2,28.9,4,0.0,1.0,0.0,1.0,2.0,Moderate
87194.0,2015-2016,31,2,28.1,4,1.0,0.0,0.0,0.0,2.0,Low
87197.0,2015-2016,33,1,35.1,1,1.0,1.0,0.0,0.0,2.0,Low
87198.0,2015-2016,69,1,27.9,7,1.0,0.0,1.0,0.0,2.0,Moderate
87199.0,2015-2016,55,1,32.9,1,0.0,1.0,0.0,0.0,2.0,Low
87200.0,2015-2016,28,2,20.3,3,0.0,0.0,1.0,0.0,2.0,Low
87201.0,2015-2016,32,1,24.6,6,0.0,0.0,1.0,0.0,2.0,Low
87202.0,2015-2016,39,1,44.4,4,1.0,1.0,1.0,0.0,2.0,Low
87204.0,2015-2016,70,2,31.7,1,0.0,0.0,1.0,0.0,2.0,High
87207.0,2015-2016,30,2,37.4,4,1.0,0.0,1.0,0.0,2.0,Moderate
87208.0,2015-2016,35,1,29.2,1,1.0,0.0,1.0,0.0,2.0,Moderate
87209.0,2015-2016,62,2,19.9,4,1.0,1.0,1.0,2.0,2.0,Moderate
87210.0,2015-2016,80,1,32.0,3,1.0,1.0,0.0,1.0,2.0,Moderate
87211.0,2015-2016,41,1,30.5,3,0.0,1.0,0.0,2.0,2.0,High
87214.0,2015-2016,38,1,26.9,6,0.0,0.0,0.0,0.0,2.0,Moderate
87215.0,2015-2016,70,1,25.9,3,0.0,0.0,1.0,1.0,2.0,Low
87217.0,2015-2016,73,1,26.7,3,0.0,0.0,1.0,0.0,2.0,Low
87219.0,2015-2016,42,2,25.3,4,0.0,0.0,1.0,0.0,2.0,Low
87221.0,2015-2016,63,1,44.7,4,1.0,1.0,0.0,0.0,1.0,High
87223.0,2015-2016,55,2,27.9,4,0.0,1.0,0.0,0.0,2.0,Moderate
87225.0,2015-2016,35,1,28.9,3,1.0,0.0,0.0,0.0,2.0,Low
87226.0,2015-2016,41,2,21.8,6,0.0,0.0,1.0,0.0,2.0,Low
87228.0,2015-2016,62,1,38.4,3,1.0,1.0,1.0,0.0,3.0,High
87229.0,2015-2016,43,2,24.5,3,1.0,0.0,1.0,0.0,2.0,Low
87230.0,2015-2016,27,1,22.6,3,0.0,0.0,0.0,2.0,2.0,Low
87231.0,2015-2016,57,1,29.2,1,1.0,0.0,1.0,2.0,1.0,High
87233.0,2015-2016,35,1,37.0,4,1.0,1.0,0.0,0.0,2.0,High
87235.0,2015-2016,43,1,22.2,4,1.0,1.0,1.0,2.0,1.0,High
87236.0,2015-2016,45,2,33.4,2,1.0,0.0,0.0,0.0,1.0,High
87237.0,2015-2016,65,2,24.3,3,0.0,0.0,1.0,0.0,2.0,Low
87241.0,2015-2016,23,2,23.3,1,0.0,0.0,1.0,0.0,2.0,Low
87242.0,2015-2016,26,1,24.0,1,0.0,0.0,1.0,0.0,2.0,Moderate
87243.0,2015-2016,33,2,34.5,2,0.0,0.0,0.0,0.0,2.0,Moderate
87244.0,2015-2016,29,2,26.8,6,1.0,0.0,1.0,0.0,2.0,Low
87245.0,2015-2016,29,1,38.1,1,1.0,0.0,1.0,2.0,2.0,Moderate
87246.0,2015-2016,58,1,25.3,6,1.0,0.0,0.0,0.0,1.0,High
87248.0,2015-2016,55,1,36.0,3,1.0,1.0,0.0,0.0,2.0,Moderate
87250.0,2015-2016,49,2,24.8,7,0.0,0.0,1.0,0.0,2.0,Low
87251.0,2015-2016,50,2,29.8,1,1.0,1.0,0.0,2.0,2.0,Moderate
87255.0,2015-2016,45,2,,4,0.0,1.0,0.0,0.0,2.0,Low
87256.0,2015-2016,65,1,28.4,4,0.0,1.0,0.0,0.0,2.0,Low
87257.0,2015-2016,59,2,22.9,6,1.0,1.0,0.0,0.0,1.0,High
87258.0,2015-2016,30,2,26.4,2,1.0,0.0,1.0,2.0,2.0,Low
87260.0,2015-2016,61,1,52.4,4,1.0,1.0,0.0,0.0,1.0,High
87261.0,2015-2016,73,2,37.8,6,0.0,0.0,1.0,0.0,2.0,High
87262.0,2015-2016,29,1,28.2,1,1.0,0.0,0.0,1.0,2.0,Low
87263.0,2015-2016,53,1,30.6,3,0.0,1.0,1.0,0.0,2.0,Low
87264.0,2015-2016,38,1,21.6,7,0.0,0.0,0.0,2.0,2.0,High
87265.0,2015-2016,42,1,25.0,6,1.0,0.0,0.0,0.0,2.0,Moderate
87268.0,2015-2016,56,2,26.0,2,0.0,1.0,1.0,0.0,2.0,Low
87270.0,2015-2016,63,1,19.8,3,0.0,0.0,1.0,0.0,2.0,Moderate
87274.0,2015-2016,55,2,35.7,2,0.0,0.0,0.0,0.0,2.0,Low
87275.0,2015-2016,75,1,24.2,3,1.0,0.0,0.0,1.0,1.0,High
87276.0,2015-2016,44,2,29.2,1,1.0,0.0,0.0,0.0,2.0,Low
87277.0,2015-2016,25,2,63.9,1,0.0,0.0,1.0,0.0,2.0,Moderate
87278.0,2015-2016,46,1,29.4,3,0.0,0.0,1.0,0.0,1.0,High
87281.0,2015-2016,48,2,22.4,3,0.0,1.0,0.0,2.0,2.0,Moderate
87283.0,2015-2016,42,2,30.3,4,0.0,0.0,1.0,0.0,2.0,Low
87284.0,2015-2016,80,1,23.6,6,1.0,1.0,1.0,0.0,1.0,High
87288.0,2015-2016,53,1,33.3,4,0.0,1.0,1.0,0.0,2.0,Moderate
87289.0,2015-2016,37,2,19.3,4,0.0,1.0,0.0,2.0,2.0,Low
87290.0,2015-2016,62,2,38.4,1,1.0,0.0,1.0,0.0,1.0,High
87291.0,2015-2016,39,1,26.5,2,0.0,0.0,0.0,1.0,2.0,Low
87292.0,2015-2016,41,1,25.0,6,1.0,0.0,1.0,1.0,2.0,Low
87294.0,2015-2016,64,2,23.5,1,1.0,0.0,1.0,0.0,2.0,Moderate
87297.0,2015-2016,46,2,30.9,7,1.0,0.0,1.0,0.0,2.0,Low
87298.0,2015-2016,28,1,40.6,3,1.0,0.0,0.0,1.0,2.0,Moderate
87301.0,2015-2016,69,1,26.7,3,0.0,0.0,0.0,2.0,2.0,Moderate
87303.0,2015-2016,40,2,23.1,1,1.0,1.0,0.0,0.0,2.0,Low
87306.0,2015-2016,56,2,33.5,6,1.0,0.0,1.0,0.0,2.0,Low
87308.0,2015-2016,80,2,26.1,3,0.0,0.0,0.0,1.0,2.0,Moderate
87310.0,2015-2016,29,1,32.5,6,0.0,1.0,1.0,1.0,2.0,Low
87311.0,2015-2016,47,2,23.1,3,1.0,0.0,1.0,0.0,2.0,Low
87312.0,2015-2016,29,1,28.1,6,0.0,1.0,1.0,1.0,2.0,Low
87314.0,2015-2016,67,2,27.4,6,0.0,1.0,0.0,0.0,1.0,High
87315.0,2015-2016,30,2,30.5,6,0.0,0.0,1.0,0.0,2.0,Low
87317.0,2015-2016,36,2,26.8,4,,0.0,1.0,2.0,2.0,Low
87318.0,2015-2016,30,2,29.4,4,1.0,0.0,1.0,1.0,2.0,Low
87319.0,2015-2016,52,2,34.9,4,1.0,1.0,1.0,0.0,2.0,Moderate
87320.0,2015-2016,43,1,33.2,3,0.0,0.0,1.0,0.0,2.0,Low
87321.0,2015-2016,68,2,37.1,1,1.0,1.0,0.0,0.0,1.0,High
87322.0,2015-2016,58,2,25.2,3,1.0,0.0,1.0,0.0,2.0,Low
87324.0,2015-2016,21,1,26.3,7,0.0,0.0,1.0,0.0,2.0,Low
87325.0,2015-2016,69,2,31.6,3,0.0,0.0,1.0,2.0,2.0,Moderate
87326.0,2015-2016,25,2,21.5,3,0.0,0.0,1.0,0.0,2.0,Low
87329.0,2015-2016,52,2,29.0,1,0.0,0.0,1.0,0.0,3.0,Moderate
87330.0,2015-2016,36,2,26.6,3,1.0,0.0,1.0,0.0,2.0,Low
87333.0,2015-2016,40,1,33.0,3,1.0,1.0,0.0,1.0,2.0,Moderate
87334.0,2015-2016,36,1,26.5,2,0.0,0.0,1.0,0.0,2.0,Low
87335.0,2015-2016,80,2,30.5,3,0.0,0.0,1.0,0.0,2.0,Moderate
87337.0,2015-2016,60,2,29.9,1,1.0,1.0,0.0,0.0,1.0,High
87341.0,2015-2016,24,1,20.4,3,0.0,0.0,1.0,0.0,2.0,Low
87342.0,2015-2016,73,2,24.0,2,0.0,0.0,0.0,1.0,2.0,Moderate
87343.0,2015-2016,62,2,46.0,7,1.0,1.0,0.0,1.0,1.0,High
87344.0,2015-2016,22,1,24.3,3,0.0,0.0,0.0,2.0,2.0,Low
87345.0,2015-2016,52,2,40.1,3,1.0,1.0,0.0,2.0,2.0,Moderate
87346.0,2015-2016,32,2,49.1,4,1.0,0.0,0.0,1.0,2.0,Low
87347.0,2015-2016,57,1,31.9,6,0.0,0.0,0.0,0.0,2.0,High
87349.0,2015-2016,25,1,23.5,3,0.0,1.0,1.0,0.0,2.0,Low
87350.0,2015-2016,43,1,33.6,4,1.0,0.0,1.0,1.0,2.0,Low
87351.0,2015-2016,38,1,31.5,3,1.0,0.0,1.0,1.0,1.0,High
87353.0,2015-2016,30,2,25.4,7,0.0,0.0,1.0,0.0,2.0,Low
87354.0,2015-2016,36,1,40.5,4,1.0,1.0,1.0,2.0,2.0,Low
87360.0,2015-2016,67,2,22.7,3,1.0,0.0,1.0,1.0,2.0,Low
87362.0,2015-2016,25,1,22.7,6,1.0,0.0,1.0,2.0,2.0,Low
87365.0,2015-2016,30,1,43.9,4,1.0,0.0,1.0,2.0,2.0,Low
87369.0,2015-2016,24,2,23.3,2,1.0,0.0,0.0,0.0,2.0,Low
87370.0,2015-2016,37,1,27.0,4,1.0,0.0,1.0,0.0,2.0,Low
87372.0,2015-2016,53,2,28.3,1,1.0,0.0,0.0,0.0,2.0,Low
87373.0,2015-2016,29,1,29.4,3,0.0,0.0,1.0,0.0,2.0,Low
87375.0,2015-2016,40,1,28.4,3,0.0,0.0,0.0,2.0,2.0,Moderate
87376.0,2015-2016,40,2,23.5,3,1.0,0.0,0.0,0.0,2.0,Moderate
87377.0,2015-2016,54,1,25.0,3,0.0,0.0,1.0,0.0,2.0,Low
87379.0,2015-2016,29,1,37.4,1,0.0,1.0,0.0,0.0,2.0,Moderate
87383.0,2015-2016,36,1,22.9,4,0.0,0.0,0.0,1.0,2.0,Moderate
87384.0,2015-2016,79,2,33.0,3,0.0,0.0,0.0,0.0,2.0,Low
87387.0,2015-2016,63,1,23.3,6,0.0,0.0,0.0,1.0,1.0,High
87388.0,2015-2016,70,2,32.4,4,0.0,1.0,0.0,0.0,2.0,Moderate
87389.0,2015-2016,63,2,25.3,4,0.0,1.0,1.0,0.0,2.0,High
87391.0,2015-2016,21,1,,3,0.0,0.0,0.0,0.0,2.0,Low
87393.0,2015-2016,26,1,21.1,1,0.0,0.0,1.0,0.0,2.0,Moderate
87398.0,2015-2016,40,1,28.8,1,1.0,0.0,1.0,0.0,2.0,Low
87400.0,2015-2016,56,2,39.6,1,1.0,1.0,0.0,1.0,2.0,Moderate
87406.0,2015-2016,22,1,23.9,6,0.0,0.0,1.0,0.0,2.0,Low
87409.0,2015-2016,44,2,22.2,6,0.0,1.0,0.0,0.0,2.0,Moderate
87412.0,2015-2016,33,1,26.3,4,0.0,0.0,0.0,0.0,2.0,Low
87413.0,2015-2016,41,1,34.0,4,1.0,1.0,1.0,0.0,2.0,Moderate
87415.0,2015-2016,59,1,38.8,3,1.0,1.0,0.0,1.0,9.0,Moderate
87416.0,2015-2016,69,2,26.1,1,0.0,1.0,0.0,0.0,2.0,Moderate
87417.0,2015-2016,60,1,36.4,4,0.0,0.0,0.0,0.0,1.0,High
87418.0,2015-2016,31,2,,4,1.0,0.0,0.0,0.0,2.0,Low
87422.0,2015-2016,20,1,27.2,3,1.0,0.0,1.0,2.0,2.0,Low
87423.0,2015-2016,31,2,24.8,3,1.0,0.0,1.0,0.0,2.0,Low
87425.0,2015-2016,79,2,29.5,3,0.0,1.0,0.0,1.0,2.0,Low
87426.0,2015-2016,48,1,27.4,6,1.0,0.0,0.0,2.0,2.0,Low
87427.0,2015-2016,22,2,33.6,2,1.0,1.0,0.0,0.0,2.0,Low
87428.0,2015-2016,58,1,26.4,4,1.0,0.0,0.0,0.0,2.0,Moderate
87429.0,2015-2016,65,2,34.9,3,0.0,1.0,0.0,2.0,2.0,Moderate
87430.0,2015-2016,38,1,28.9,3,1.0,0.0,0.0,0.0,2.0,Moderate
87433.0,2015-2016,74,1,25.2,1,0.0,0.0,0.0,1.0,2.0,Low
87435.0,2015-2016,80,1,32.2,1,0.0,0.0,1.0,0.0,1.0,High
87436.0,2015-2016,36,2,28.7,1,1.0,0.0,0.0,0.0,2.0,Low
87437.0,2015-2016,43,1,27.0,6,0.0,0.0,1.0,0.0,2.0,Moderate
87440.0,2015-2016,39,2,24.4,2,0.0,0.0,0.0,0.0,2.0,Low
87445.0,2015-2016,67,2,35.0,4,0.0,1.0,1.0,1.0,1.0,High
87447.0,2015-2016,37,2,18.1,2,0.0,0.0,1.0,0.0,2.0,Moderate
87448.0,2015-2016,49,1,28.4,4,1.0,1.0,0.0,2.0,1.0,High
87451.0,2015-2016,71,2,34.4,1,1.0,0.0,1.0,1.0,1.0,High
87454.0,2015-2016,56,2,21.4,4,0.0,0.0,1.0,0.0,2.0,Moderate
87459.0,2015-2016,31,2,24.9,1,1.0,0.0,0.0,0.0,2.0,Low
87461.0,2015-2016,76,1,31.6,3,0.0,1.0,0.0,0.0,2.0,Moderate
87462.0,2015-2016,80,2,24.1,3,1.0,1.0,0.0,0.0,2.0,High
87463.0,2015-2016,22,1,21.1,6,0.0,0.0,0.0,0.0,2.0,Low
87464.0,2015-2016,70,1,32.0,1,0.0,1.0,0.0,1.0,2.0,Moderate
87466.0,2015-2016,75,2,27.6,2,0.0,0.0,0.0,0.0,2.0,Moderate
87470.0,2015-2016,40,2,23.1,7,1.0,0.0,1.0,0.0,2.0,Moderate
87472.0,2015-2016,22,1,33.2,3,1.0,1.0,0.0,2.0,2.0,Low
87473.0,2015-2016,44,2,32.2,2,0.0,1.0,1.0,2.0,2.0,High
87474.0,2015-2016,27,2,25.7,6,0.0,0.0,1.0,0.0,2.0,Moderate
87475.0,2015-2016,63,2,35.1,4,0.0,0.0,0.0,0.0,2.0,Moderate
87476.0,2015-2016,58,2,14.5,4,1.0,0.0,0.0,2.0,2.0,Low
87477.0,2015-2016,59,1,28.2,2,0.0,1.0,0.0,1.0,2.0,Low
87480.0,2015-2016,31,2,30.9,3,0.0,1.0,0.0,2.0,2.0,Moderate
87481.0,2015-2016,42,1,29.8,7,1.0,0.0,1.0,0.0,1.0,High
87482.0,2015-2016,29,2,33.7,1,0.0,0.0,1.0,0.0,2.0,Low
87486.0,2015-2016,46,1,26.5,1,0.0,0.0,1.0,1.0,2.0,Moderate
87487.0,2015-2016,43,2,30.8,1,1.0,1.0,1.0,0.0,1.0,High
87488.0,2015-2016,44,1,28.7,4,1.0,0.0,1.0,0.0,2.0,High
87489.0,2015-2016,61,1,32.8,3,0.0,1.0,1.0,1.0,2.0,Low
87490.0,2015-2016,58,1,24.9,4,0.0,0.0,0.0,0.0,2.0,Moderate
87492.0,2015-2016,56,2,28.1,1,0.0,1.0,0.0,0.0,1.0,High
87494.0,2015-2016,59,1,26.5,2,0.0,1.0,0.0,1.0,3.0,Moderate
87496.0,2015-2016,58,1,32.6,4,1.0,1.0,1.0,2.0,2.0,Moderate
87497.0,2015-2016,70,2,27.1,6,0.0,1.0,1.0,0.0,2.0,Moderate
87498.0,2015-2016,77,2,24.7,3,0.0,1.0,1.0,0.0,2.0,Low
87501.0,2015-2016,36,2,19.3,4,,0.0,1.0,2.0,2.0,Low
87503.0,2015-2016,53,2,24.0,3,0.0,0.0,1.0,2.0,2.0,Moderate
87505.0,2015-2016,52,1,26.7,4,0.0,1.0,1.0,0.0,2.0,Moderate
87506.0,2015-2016,48,1,27.7,3,0.0,1.0,1.0,0.0,2.0,Low
87507.0,2015-2016,62,1,31.9,3,0.0,1.0,0.0,1.0,2.0,Low
87508.0,2015-2016,20,2,36.2,1,0.0,0.0,0.0,0.0,2.0,Low
87510.0,2015-2016,29,2,22.6,3,0.0,0.0,1.0,0.0,2.0,Low
87511.0,2015-2016,71,2,27.7,3,0.0,1.0,0.0,1.0,2.0,Moderate
87512.0,2015-2016,44,2,20.0,6,0.0,0.0,0.0,0.0,2.0,Low
87513.0,2015-2016,56,2,24.7,2,0.0,0.0,0.0,1.0,2.0,Moderate
87514.0,2015-2016,23,2,23.5,4,0.0,1.0,0.0,0.0,2.0,Low
87515.0,2015-2016,70,2,24.3,1,0.0,1.0,0.0,0.0,2.0,Low
87516.0,2015-2016,43,2,23.8,4,1.0,0.0,0.0,0.0,2.0,Low
87519.0,2015-2016,67,1,23.6,4,0.0,0.0,1.0,0.0,3.0,Moderate
87520.0,2015-2016,39,2,21.3,2,0.0,0.0,1.0,0.0,2.0,Low
87521.0,2015-2016,20,1,22.7,6,0.0,0.0,1.0,0.0,2.0,Low
87522.0,2015-2016,26,2,20.8,4,1.0,0.0,1.0,0.0,2.0,Low
87524.0,2015-2016,33,1,36.2,3,1.0,0.0,0.0,0.0,2.0,Low
87529.0,2015-2016,21,1,23.7,6,0.0,0.0,1.0,0.0,2.0,Low
87530.0,2015-2016,27,1,25.6,3,0.0,0.0,1.0,1.0,2.0,Low
87531.0,2015-2016,78,1,26.8,3,1.0,1.0,1.0,1.0,3.0,High
87533.0,2015-2016,64,1,,4,1.0,1.0,1.0,1.0,1.0,High
87534.0,2015-2016,67,1,24.7,2,1.0,1.0,1.0,1.0,2.0,Moderate
87538.0,2015-2016,68,1,25.0,6,,1.0,0.0,1.0,1.0,High
87539.0,2015-2016,31,2,16.6,2,0.0,0.0,0.0,2.0,2.0,Low
87544.0,2015-2016,28,2,38.7,6,1.0,1.0,1.0,0.0,2.0,Moderate
87545.0,2015-2016,75,2,25.9,7,0.0,1.0,0.0,1.0,2.0,Moderate
87548.0,2015-2016,27,1,28.2,1,0.0,0.0,1.0,0.0,2.0,Moderate
87551.0,2015-2016,38,1,26.8,3,1.0,0.0,1.0,1.0,2.0,Moderate
87554.0,2015-2016,52,2,19.3,6,1.0,0.0,0.0,0.0,2.0,Low
87555.0,2015-2016,31,2,41.3,3,0.0,0.0,0.0,0.0,2.0,Low
87556.0,2015-2016,65,1,31.2,6,0.0,0.0,1.0,1.0,2.0,High
87559.0,2015-2016,80,1,34.1,3,0.0,0.0,0.0,1.0,2.0,Moderate
87560.0,2015-2016,58,2,22.8,4,0.0,0.0,0.0,0.0,2.0,Moderate
87564.0,2015-2016,34,1,23.4,2,1.0,0.0,1.0,1.0,2.0,Low
87565.0,2015-2016,36,2,24.7,3,1.0,0.0,1.0,0.0,2.0,Low
87568.0,2015-2016,73,1,36.4,3,1.0,1.0,1.0,1.0,2.0,Low
87573.0,2015-2016,55,1,24.5,7,0.0,1.0,0.0,0.0,2.0,Moderate
87577.0,2015-2016,57,2,17.9,4,1.0,1.0,0.0,2.0,2.0,Low
87580.0,2015-2016,51,2,23.6,6,1.0,0.0,1.0,0.0,2.0,Low
87581.0,2015-2016,80,1,21.9,6,0.0,1.0,0.0,0.0,1.0,High
87582.0,2015-2016,76,1,20.2,2,0.0,0.0,0.0,0.0,2.0,Moderate
87583.0,2015-2016,61,1,25.7,4,1.0,1.0,0.0,2.0,2.0,Moderate
87585.0,2015-2016,51,2,34.6,3,1.0,1.0,0.0,2.0,1.0,High
87586.0,2015-2016,43,1,30.6,1,0.0,1.0,1.0,1.0,2.0,Moderate
87587.0,2015-2016,54,1,23.7,6,0.0,0.0,1.0,1.0,2.0,Low
87591.0,2015-2016,47,1,29.1,6,0.0,0.0,1.0,0.0,2.0,Low
87592.0,2015-2016,38,1,21.1,3,1.0,0.0,1.0,2.0,2.0,Low
87593.0,2015-2016,80,1,32.7,3,0.0,0.0,0.0,1.0,2.0,High
87594.0,2015-2016,35,2,20.7,4,1.0,1.0,0.0,2.0,2.0,Low
87596.0,2015-2016,60,2,18.0,3,0.0,1.0,1.0,1.0,2.0,Moderate
87598.0,2015-2016,27,2,39.0,2,1.0,0.0,0.0,0.0,2.0,Moderate
87599.0,2015-2016,27,1,20.5,6,0.0,0.0,0.0,0.0,2.0,Low
87600.0,2015-2016,30,2,37.2,3,0.0,0.0,0.0,0.0,2.0,Low
87601.0,2015-2016,52,1,22.9,4,1.0,1.0,1.0,0.0,1.0,High
87603.0,2015-2016,33,1,36.7,3,0.0,0.0,1.0,2.0,2.0,Low
87605.0,2015-2016,54,2,24.2,4,1.0,1.0,1.0,2.0,2.0,Low
87606.0,2015-2016,52,2,29.4,2,1.0,0.0,1.0,0.0,1.0,High
87607.0,2015-2016,68,1,26.4,2,0.0,1.0,1.0,1.0,2.0,Moderate
87608.0,2015-2016,53,1,28.2,4,0.0,0.0,1.0,0.0,2.0,Low
87623.0,2015-2016,43,1,26.8,2,1.0,0.0,0.0,0.0,2.0,Moderate
87626.0,2015-2016,63,1,34.2,1,1.0,1.0,0.0,0.0,1.0,High
87627.0,2015-2016,80,1,23.9,4,1.0,0.0,0.0,1.0,2.0,Low
87628.0,2015-2016,80,1,23.6,3,0.0,1.0,1.0,0.0,2.0,Moderate
87630.0,2015-2016,54,1,36.3,3,1.0,1.0,0.0,0.0,1.0,High
87632.0,2015-2016,38,2,19.8,3,0.0,0.0,1.0,2.0,2.0,Low
87633.0,2015-2016,46,2,18.1,3,1.0,0.0,1.0,0.0,2.0,Low
87634.0,2015-2016,30,2,26.5,3,0.0,0.0,1.0,0.0,2.0,Low
87636.0,2015-2016,42,2,43.7,4,1.0,0.0,0.0,0.0,2.0,Moderate
87637.0,2015-2016,55,1,22.9,6,0.0,0.0,0.0,0.0,2.0,Moderate
87638.0,2015-2016,52,2,31.1,2,0.0,1.0,0.0,0.0,2.0,Moderate
87640.0,2015-2016,37,2,29.5,2,1.0,0.0,0.0,0.0,2.0,Low
87641.0,2015-2016,54,2,24.0,3,0.0,0.0,0.0,0.0,2.0,Moderate
87645.0,2015-2016,42,2,38.8,3,0.0,0.0,1.0,1.0,1.0,High
87646.0,2015-2016,80,2,23.0,6,,0.0,0.0,0.0,2.0,Moderate
87648.0,2015-2016,39,2,23.4,3,1.0,0.0,1.0,0.0,2.0,Low
87649.0,2015-2016,44,1,26.3,3,1.0,1.0,1.0,0.0,2.0,Low
87652.0,2015-2016,80,2,33.4,2,0.0,1.0,1.0,0.0,2.0,Moderate
87653.0,2015-2016,37,2,27.9,2,1.0,0.0,0.0,0.0,2.0,Moderate
87655.0,2015-2016,57,1,32.6,4,1.0,1.0,1.0,0.0,2.0,Moderate
87657.0,2015-2016,22,1,24.9,3,0.0,0.0,1.0,0.0,2.0,Low
87661.0,2015-2016,56,2,24.3,3,1.0,0.0,0.0,2.0,2.0,Low
87663.0,2015-2016,50,1,30.8,3,0.0,0.0,0.0,0.0,2.0,Low
87664.0,2015-2016,34,2,32.1,3,0.0,0.0,1.0,1.0,2.0,Moderate
87665.0,2015-2016,44,2,31.7,1,0.0,0.0,0.0,0.0,1.0,High
87669.0,2015-2016,49,2,43.6,4,1.0,1.0,1.0,0.0,3.0,High
87671.0,2015-2016,52,1,25.4,4,1.0,1.0,0.0,1.0,2.0,Low
87672.0,2015-2016,37,1,25.3,3,0.0,0.0,1.0,2.0,2.0,Low
87673.0,2015-2016,68,1,31.6,2,0.0,1.0,0.0,1.0,1.0,High
87677.0,2015-2016,80,2,44.3,3,0.0,1.0,0.0,0.0,2.0,Low
87684.0,2015-2016,44,1,40.6,3,1.0,0.0,1.0,1.0,2.0,Moderate
87688.0,2015-2016,75,1,28.5,3,1.0,1.0,1.0,1.0,1.0,High
87690.0,2015-2016,55,1,28.7,6,0.0,1.0,1.0,0.0,2.0,Moderate
87691.0,2015-2016,80,1,34.6,3,0.0,0.0,1.0,0.0,2.0,Moderate
87693.0,2015-2016,52,1,24.5,3,1.0,0.0,0.0,1.0,2.0,Moderate
87694.0,2015-2016,25,2,18.7,4,1.0,0.0,1.0,0.0,2.0,Low
87696.0,2015-2016,66,2,27.7,4,1.0,1.0,0.0,0.0,2.0,Low
87697.0,2015-2016,37,2,21.2,3,0.0,0.0,1.0,1.0,2.0,Low
87706.0,2015-2016,80,2,25.1,3,0.0,1.0,1.0,0.0,1.0,High
87707.0,2015-2016,27,2,22.0,3,1.0,0.0,1.0,0.0,2.0,Low
87710.0,2015-2016,62,1,26.9,2,0.0,1.0,1.0,0.0,2.0,Moderate
87711.0,2015-2016,46,2,37.0,1,1.0,1.0,0.0,0.0,2.0,Low
87712.0,2015-2016,33,2,22.5,4,0.0,1.0,1.0,2.0,2.0,Low
87717.0,2015-2016,59,1,22.2,7,0.0,1.0,0.0,2.0,2.0,Low
87719.0,2015-2016,36,2,28.8,3,1.0,0.0,1.0,0.0,2.0,Low
87720.0,2015-2016,27,2,28.8,4,0.0,0.0,0.0,0.0,2.0,Low
87721.0,2015-2016,45,2,38.0,4,0.0,1.0,1.0,0.0,2.0,Moderate
87727.0,2015-2016,80,2,33.3,2,1.0,1.0,0.0,1.0,1.0,High
87729.0,2015-2016,22,1,22.8,3,1.0,0.0,0.0,1.0,2.0,Low
87733.0,2015-2016,39,2,22.4,3,1.0,0.0,1.0,0.0,2.0,Low
87734.0,2015-2016,77,2,41.4,4,0.0,1.0,1.0,0.0,2.0,Low
87741.0,2015-2016,26,2,18.4,7,0.0,0.0,0.0,0.0,2.0,Low
87742.0,2015-2016,41,2,24.8,2,1.0,0.0,0.0,1.0,2.0,Low
87748.0,2015-2016,70,1,32.5,3,1.0,0.0,0.0,2.0,1.0,High
87749.0,2015-2016,78,2,28.4,1,1.0,1.0,0.0,0.0,2.0,Moderate
87750.0,2015-2016,66,1,26.7,2,0.0,1.0,1.0,2.0,2.0,Moderate
87756.0,2015-2016,57,2,32.0,2,1.0,0.0,1.0,0.0,2.0,Moderate
87757.0,2015-2016,49,1,29.0,3,1.0,0.0,0.0,1.0,2.0,Moderate
87758.0,2015-2016,53,1,27.0,7,1.0,1.0,0.0,2.0,2.0,Low
87761.0,2015-2016,80,2,24.5,7,0.0,1.0,0.0,0.0,2.0,Moderate
87762.0,2015-2016,51,1,29.8,3,1.0,1.0,0.0,2.0,2.0,High
87766.0,2015-2016,78,2,23.7,3,0.0,0.0,0.0,1.0,2.0,Low
87769.0,2015-2016,37,2,37.7,7,1.0,0.0,0.0,2.0,2.0,Moderate
87770.0,2015-2016,68,1,27.5,3,1.0,1.0,1.0,1.0,1.0,High
87772.0,2015-2016,36,2,25.1,1,0.0,0.0,0.0,0.0,2.0,Moderate
87773.0,2015-2016,53,1,28.2,2,1.0,1.0,0.0,0.0,2.0,Moderate
87774.0,2015-2016,24,1,29.6,3,0.0,0.0,1.0,2.0,2.0,Moderate
87776.0,2015-2016,48,2,32.3,2,1.0,0.0,1.0,0.0,2.0,Low
87777.0,2015-2016,67,2,26.4,6,0.0,1.0,0.0,0.0,2.0,Moderate
87778.0,2015-2016,56,2,18.8,3,0.0,0.0,1.0,1.0,2.0,Low
87780.0,2015-2016,27,2,33.5,6,1.0,0.0,1.0,0.0,2.0,Low
87781.0,2015-2016,80,1,25.8,3,0.0,1.0,0.0,1.0,1.0,High
87783.0,2015-2016,59,2,21.7,2,1.0,1.0,1.0,1.0,2.0,Moderate
87784.0,2015-2016,80,2,30.2,3,1.0,1.0,1.0,0.0,3.0,Moderate
87788.0,2015-2016,44,2,21.8,6,0.0,0.0,0.0,0.0,2.0,Low
87790.0,2015-2016,24,2,20.8,6,1.0,0.0,0.0,0.0,2.0,Low
87791.0,2015-2016,53,1,32.9,1,0.0,0.0,0.0,0.0,2.0,Low
87795.0,2015-2016,78,2,38.9,1,1.0,1.0,0.0,1.0,2.0,High
87797.0,2015-2016,30,2,21.2,4,0.0,0.0,0.0,0.0,2.0,Low
87798.0,2015-2016,36,1,31.0,1,1.0,1.0,1.0,0.0,2.0,Moderate
87799.0,2015-2016,48,2,38.5,2,1.0,0.0,0.0,1.0,2.0,Low
87800.0,2015-2016,36,2,29.8,1,0.0,0.0,1.0,0.0,2.0,Moderate
87801.0,2015-2016,42,1,26.4,3,0.0,0.0,1.0,1.0,2.0,Low
87802.0,2015-2016,27,2,52.6,4,0.0,0.0,1.0,0.0,2.0,Moderate
87803.0,2015-2016,62,1,28.1,4,,1.0,1.0,2.0,2.0,Moderate
87805.0,2015-2016,48,1,23.0,7,0.0,0.0,1.0,1.0,2.0,Low
87806.0,2015-2016,53,2,20.5,6,0.0,0.0,0.0,0.0,2.0,Moderate
87808.0,2015-2016,35,2,24.6,3,,0.0,1.0,0.0,2.0,Low
87809.0,2015-2016,74,1,27.6,3,1.0,0.0,1.0,0.0,1.0,High
87814.0,2015-2016,20,2,21.1,1,1.0,0.0,0.0,0.0,2.0,Low
87816.0,2015-2016,48,1,27.5,3,0.0,0.0,1.0,0.0,2.0,Low
87818.0,2015-2016,66,2,34.0,2,0.0,1.0,0.0,0.0,2.0,Moderate
87819.0,2015-2016,37,1,28.7,2,0.0,0.0,1.0,2.0,2.0,Moderate
87821.0,2015-2016,20,2,33.2,3,0.0,0.0,1.0,1.0,2.0,Low
87824.0,2015-2016,54,2,49.5,1,0.0,0.0,0.0,0.0,1.0,High
87827.0,2015-2016,27,1,31.0,2,1.0,0.0,0.0,1.0,2.0,Low
87829.0,2015-2016,23,1,28.2,6,0.0,0.0,1.0,0.0,2.0,Moderate
87830.0,2015-2016,44,1,26.7,3,0.0,0.0,1.0,0.0,2.0,Low
87832.0,2015-2016,61,1,19.9,3,1.0,1.0,0.0,0.0,2.0,Moderate
87833.0,2015-2016,47,1,27.4,3,,0.0,0.0,0.0,2.0,Moderate
87839.0,2015-2016,62,2,24.0,3,1.0,0.0,0.0,2.0,2.0,Moderate
87840.0,2015-2016,80,1,29.4,3,1.0,1.0,1.0,0.0,2.0,Low
87841.0,2015-2016,50,2,45.9,2,1.0,1.0,1.0,2.0,1.0,High
87842.0,2015-2016,66,2,47.3,1,1.0,1.0,0.0,1.0,2.0,Moderate
87843.0,2015-2016,66,1,32.6,1,1.0,1.0,1.0,0.0,2.0,Moderate
87844.0,2015-2016,49,1,27.8,1,0.0,0.0,0.0,1.0,2.0,High
87845.0,2015-2016,28,2,23.8,6,1.0,0.0,1.0,0.0,2.0,Low
87848.0,2015-2016,73,2,30.9,3,1.0,1.0,0.0,0.0,2.0,Low
87849.0,2015-2016,24,1,37.1,3,1.0,0.0,0.0,0.0,2.0,Moderate
87850.0,2015-2016,28,2,20.8,6,0.0,0.0,1.0,0.0,2.0,Low
87851.0,2015-2016,72,1,,4,0.0,0.0,0.0,1.0,2.0,Low
87852.0,2015-2016,48,2,24.6,3,0.0,0.0,1.0,0.0,2.0,Moderate
87853.0,2015-2016,36,1,35.7,1,0.0,,0.0,1.0,2.0,Moderate
87856.0,2015-2016,23,1,21.7,6,0.0,0.0,1.0,0.0,2.0,Moderate
87857.0,2015-2016,46,1,31.3,2,1.0,0.0,1.0,2.0,2.0,Low
87859.0,2015-2016,56,2,23.3,3,1.0,0.0,0.0,2.0,2.0,Moderate
87870.0,2015-2016,55,2,36.2,1,0.0,1.0,1.0,0.0,1.0,High
87871.0,2015-2016,52,1,27.9,2,0.0,1.0,0.0,0.0,2.0,Low
87872.0,2015-2016,47,1,,3,0.0,1.0,1.0,0.0,2.0,Moderate
87873.0,2015-2016,70,1,26.9,3,1.0,0.0,1.0,1.0,2.0,Low
87874.0,2015-2016,46,2,32.2,4,1.0,0.0,0.0,0.0,1.0,High
87875.0,2015-2016,27,1,39.0,3,0.0,0.0,1.0,0.0,2.0,Low
87880.0,2015-2016,77,2,,1,0.0,1.0,0.0,0.0,1.0,High
87882.0,2015-2016,32,2,21.7,3,0.0,0.0,0.0,0.0,2.0,Low
87884.0,2015-2016,80,2,14.5,6,,0.0,1.0,1.0,2.0,Moderate
87885.0,2015-2016,25,1,34.5,4,1.0,1.0,1.0,2.0,2.0,Low
87886.0,2015-2016,28,1,26.6,4,1.0,0.0,0.0,0.0,2.0,Low
87890.0,2015-2016,54,1,26.5,1,0.0,0.0,1.0,0.0,2.0,Moderate
87891.0,2015-2016,42,2,29.0,3,1.0,0.0,0.0,2.0,2.0,Low
87892.0,2015-2016,29,2,32.1,4,0.0,1.0,0.0,2.0,2.0,Moderate
87895.0,2015-2016,37,2,27.0,3,1.0,1.0,1.0,2.0,2.0,Low
87896.0,2015-2016,32,2,29.3,4,0.0,0.0,1.0,0.0,2.0,Low
87897.0,2015-2016,50,1,42.7,3,1.0,0.0,0.0,0.0,2.0,Moderate
87898.0,2015-2016,68,1,22.1,3,0.0,0.0,0.0,0.0,2.0,Moderate
87901.0,2015-2016,38,2,30.8,3,,1.0,1.0,2.0,2.0,Moderate
87903.0,2015-2016,54,1,57.4,7,0.0,1.0,0.0,0.0,1.0,High
87904.0,2015-2016,80,1,25.2,3,0.0,0.0,0.0,0.0,2.0,Moderate
87905.0,2015-2016,42,2,32.3,1,1.0,1.0,0.0,2.0,3.0,Moderate
87906.0,2015-2016,22,2,30.4,4,0.0,0.0,1.0,0.0,2.0,Low
87909.0,2015-2016,49,1,34.3,4,0.0,1.0,1.0,0.0,2.0,Moderate
87910.0,2015-2016,50,2,49.8,3,0.0,1.0,0.0,1.0,1.0,High
87913.0,2015-2016,26,2,26.6,3,0.0,1.0,0.0,0.0,2.0,Low
87916.0,2015-2016,35,1,27.4,3,0.0,0.0,0.0,1.0,2.0,Moderate
87918.0,2015-2016,33,2,28.0,2,0.0,0.0,0.0,0.0,2.0,Low
87919.0,2015-2016,71,1,28.2,6,1.0,1.0,0.0,0.0,1.0,High
87920.0,2015-2016,75,2,27.1,1,0.0,1.0,1.0,0.0,1.0,High
87921.0,2015-2016,59,1,27.8,3,1.0,1.0,1.0,0.0,2.0,Low
87922.0,2015-2016,61,1,40.9,1,0.0,0.0,0.0,2.0,2.0,Moderate
87923.0,2015-2016,50,1,25.3,3,1.0,0.0,0.0,0.0,2.0,Low
87925.0,2015-2016,33,2,42.2,3,0.0,0.0,0.0,2.0,2.0,Low
87930.0,2015-2016,27,1,22.9,6,0.0,0.0,0.0,0.0,2.0,Moderate
87934.0,2015-2016,25,1,40.4,4,1.0,0.0,1.0,0.0,1.0,High
87937.0,2015-2016,52,2,24.9,3,0.0,0.0,1.0,0.0,2.0,Moderate
87939.0,2015-2016,36,2,18.5,6,0.0,0.0,0.0,0.0,2.0,Low
87942.0,2015-2016,32,2,53.3,4,1.0,0.0,0.0,0.0,2.0,Moderate
87943.0,2015-2016,30,1,21.1,7,0.0,0.0,1.0,1.0,2.0,Low
87944.0,2015-2016,55,1,29.4,2,0.0,0.0,0.0,1.0,2.0,High
87945.0,2015-2016,36,1,49.0,2,0.0,0.0,1.0,0.0,2.0,High
87946.0,2015-2016,48,1,26.4,2,0.0,0.0,0.0,1.0,1.0,High
87947.0,2015-2016,34,1,29.0,6,0.0,0.0,0.0,0.0,2.0,Low
87948.0,2015-2016,21,1,25.7,3,0.0,0.0,0.0,0.0,2.0,Low
87951.0,2015-2016,70,1,34.2,3,0.0,1.0,1.0,1.0,2.0,Low
87953.0,2015-2016,80,2,21.4,3,1.0,1.0,1.0,0.0,3.0,High
87954.0,2015-2016,33,1,29.0,4,0.0,0.0,1.0,2.0,2.0,Moderate
87956.0,2015-2016,57,1,22.2,6,1.0,1.0,0.0,0.0,2.0,Low
87957.0,2015-2016,48,2,31.2,4,1.0,0.0,0.0,0.0,2.0,Low
87959.0,2015-2016,49,1,19.9,3,0.0,0.0,1.0,0.0,2.0,Low
87961.0,2015-2016,44,2,33.2,2,0.0,0.0,1.0,0.0,2.0,Low
87962.0,2015-2016,61,1,30.9,6,1.0,1.0,1.0,1.0,1.0,High
87964.0,2015-2016,21,1,28.0,1,0.0,0.0,1.0,0.0,2.0,Low
87965.0,2015-2016,34,2,22.9,3,0.0,0.0,1.0,0.0,2.0,Low
87966.0,2015-2016,27,1,28.0,3,1.0,0.0,0.0,0.0,2.0,Low
87969.0,2015-2016,38,2,35.0,1,1.0,0.0,1.0,0.0,2.0,Low
87971.0,2015-2016,34,1,48.8,1,1.0,0.0,0.0,0.0,2.0,Moderate
87974.0,2015-2016,32,1,35.7,4,1.0,0.0,1.0,2.0,2.0,Low
87975.0,2015-2016,70,1,22.1,3,1.0,0.0,0.0,1.0,2.0,High
87977.0,2015-2016,80,1,35.9,3,1.0,1.0,0.0,1.0,1.0,High
87982.0,2015-2016,23,2,21.4,4,1.0,0.0,0.0,0.0,2.0,Low
87983.0,2015-2016,53,2,31.8,2,1.0,0.0,0.0,1.0,2.0,Low
87984.0,2015-2016,61,2,30.1,1,0.0,1.0,1.0,0.0,2.0,Moderate
87985.0,2015-2016,66,1,31.7,4,0.0,0.0,1.0,0.0,2.0,Moderate
87986.0,2015-2016,72,1,28.0,3,,1.0,1.0,0.0,2.0,Moderate
87987.0,2015-2016,70,1,26.0,6,0.0,1.0,0.0,1.0,2.0,Moderate
87988.0,2015-2016,38,1,29.0,3,1.0,0.0,0.0,1.0,2.0,Low
87990.0,2015-2016,66,2,23.0,3,1.0,1.0,0.0,2.0,1.0,High
87994.0,2015-2016,37,2,27.9,4,1.0,0.0,1.0,0.0,2.0,Low
87995.0,2015-2016,54,2,31.5,3,1.0,1.0,0.0,2.0,2.0,Moderate
87997.0,2015-2016,25,1,20.4,4,0.0,1.0,1.0,1.0,2.0,Low
87998.0,2015-2016,80,2,27.1,4,0.0,1.0,0.0,1.0,2.0,Moderate
88000.0,2015-2016,43,2,48.7,1,1.0,1.0,0.0,0.0,1.0,High
88001.0,2015-2016,63,1,27.2,1,1.0,1.0,0.0,0.0,2.0,Low
88002.0,2015-2016,67,1,39.2,3,1.0,0.0,1.0,1.0,2.0,Low
88003.0,2015-2016,66,1,29.5,6,0.0,0.0,0.0,0.0,2.0,Moderate
88005.0,2015-2016,21,2,34.7,1,1.0,0.0,0.0,2.0,2.0,Low
88010.0,2015-2016,80,1,30.0,3,0.0,0.0,0.0,1.0,2.0,High
88011.0,2015-2016,64,2,39.3,3,0.0,0.0,1.0,0.0,1.0,High
88018.0,2015-2016,48,1,27.6,3,1.0,0.0,1.0,1.0,2.0,Moderate
88019.0,2015-2016,73,1,31.4,3,1.0,0.0,0.0,1.0,1.0,High
88020.0,2015-2016,70,1,37.1,3,0.0,1.0,1.0,0.0,2.0,High
88021.0,2015-2016,60,1,33.5,1,0.0,0.0,0.0,0.0,2.0,Moderate
88022.0,2015-2016,60,2,23.2,4,1.0,0.0,1.0,2.0,2.0,Moderate
88025.0,2015-2016,43,2,44.3,4,1.0,1.0,0.0,0.0,1.0,High
88027.0,2015-2016,20,2,32.3,1,1.0,0.0,1.0,0.0,2.0,Low
88029.0,2015-2016,70,1,34.6,2,1.0,1.0,0.0,1.0,2.0,Moderate
88030.0,2015-2016,27,1,29.1,1,0.0,0.0,1.0,2.0,2.0,Low
88031.0,2015-2016,32,1,36.9,2,1.0,1.0,0.0,0.0,2.0,Low
88034.0,2015-2016,63,2,22.7,3,1.0,0.0,0.0,1.0,2.0,Low
88040.0,2015-2016,41,1,29.8,3,1.0,0.0,1.0,0.0,2.0,Low
88042.0,2015-2016,67,2,29.4,6,1.0,1.0,0.0,0.0,2.0,Moderate
88045.0,2015-2016,32,1,30.1,3,1.0,0.0,0.0,0.0,2.0,Low
88046.0,2015-2016,51,2,27.1,4,1.0,0.0,1.0,2.0,2.0,Moderate
88047.0,2015-2016,29,2,27.6,1,1.0,0.0,0.0,2.0,2.0,Low
88048.0,2015-2016,31,2,17.1,3,0.0,0.0,1.0,0.0,3.0,Moderate
88049.0,2015-2016,20,2,38.2,3,0.0,0.0,1.0,0.0,2.0,Low
88050.0,2015-2016,58,2,18.5,6,1.0,1.0,0.0,0.0,2.0,Moderate
88051.0,2015-2016,35,1,30.3,6,0.0,1.0,1.0,0.0,2.0,Moderate
88054.0,2015-2016,62,1,27.8,2,0.0,1.0,1.0,1.0,2.0,Moderate
88055.0,2015-2016,26,2,20.0,6,1.0,0.0,1.0,0.0,2.0,Low
88056.0,2015-2016,33,2,20.9,6,0.0,0.0,1.0,0.0,2.0,Moderate
88058.0,2015-2016,41,2,27.0,1,1.0,0.0,0.0,0.0,2.0,Moderate
88060.0,2015-2016,23,2,19.6,3,0.0,0.0,1.0,1.0,2.0,Low
88064.0,2015-2016,35,1,38.1,4,0.0,1.0,0.0,2.0,2.0,Low
88065.0,2015-2016,26,2,20.3,2,1.0,0.0,0.0,0.0,2.0,Moderate
88069.0,2015-2016,79,1,20.3,4,0.0,0.0,0.0,0.0,2.0,Moderate
88071.0,2015-2016,20,2,25.6,4,0.0,0.0,1.0,0.0,2.0,Low
88072.0,2015-2016,31,2,21.9,3,1.0,0.0,0.0,0.0,2.0,Low
88075.0,2015-2016,41,1,26.5,2,0.0,0.0,0.0,0.0,2.0,Low
88077.0,2015-2016,24,2,32.0,4,1.0,1.0,0.0,0.0,2.0,Low
88081.0,2015-2016,36,2,32.5,4,,1.0,0.0,1.0,2.0,Moderate
88082.0,2015-2016,44,2,37.7,3,1.0,0.0,1.0,1.0,2.0,Moderate
88083.0,2015-2016,46,2,52.8,4,1.0,0.0,0.0,0.0,2.0,Moderate
88086.0,2015-2016,31,1,25.2,2,0.0,0.0,1.0,0.0,2.0,Low
88087.0,2015-2016,29,2,26.5,6,0.0,0.0,0.0,0.0,2.0,Low
88089.0,2015-2016,41,2,22.3,1,0.0,0.0,0.0,0.0,2.0,Low
88090.0,2015-2016,54,1,31.1,4,0.0,1.0,1.0,0.0,2.0,Low
88092.0,2015-2016,40,1,31.0,1,1.0,0.0,0.0,0.0,2.0,Low
88094.0,2015-2016,74,2,27.7,2,0.0,1.0,1.0,0.0,2.0,Moderate
88096.0,2015-2016,68,1,26.7,3,0.0,0.0,0.0,1.0,2.0,Moderate
88097.0,2015-2016,75,2,33.3,3,1.0,0.0,0.0,1.0,2.0,Low
88099.0,2015-2016,42,2,31.4,2,0.0,1.0,1.0,0.0,2.0,Low
88100.0,2015-2016,52,1,28.3,1,0.0,0.0,1.0,0.0,2.0,Low
88102.0,2015-2016,62,1,31.1,4,1.0,1.0,0.0,0.0,1.0,High
88103.0,2015-2016,68,1,24.5,1,0.0,0.0,0.0,2.0,2.0,Moderate
88104.0,2015-2016,61,2,28.2,4,0.0,1.0,0.0,2.0,2.0,Moderate
88106.0,2015-2016,20,1,35.1,1,1.0,0.0,1.0,0.0,2.0,Low
88108.0,2015-2016,80,2,19.4,6,0.0,0.0,0.0,0.0,2.0,Low
88110.0,2015-2016,32,2,31.2,1,1.0,0.0,1.0,0.0,2.0,Low
88111.0,2015-2016,65,2,20.2,6,0.0,0.0,0.0,0.0,2.0,Low
88112.0,2015-2016,35,1,24.1,3,0.0,0.0,1.0,0.0,2.0,Low
88113.0,2015-2016,64,1,35.8,1,0.0,1.0,1.0,1.0,1.0,High
88114.0,2015-2016,57,1,46.7,3,0.0,1.0,1.0,1.0,2.0,Low
88115.0,2015-2016,42,2,24.7,2,1.0,0.0,0.0,0.0,2.0,Low
88116.0,2015-2016,41,2,24.4,3,1.0,0.0,1.0,2.0,2.0,Low
88119.0,2015-2016,67,2,38.6,3,1.0,1.0,1.0,0.0,2.0,Moderate
88120.0,2015-2016,54,1,29.1,4,0.0,1.0,0.0,1.0,1.0,High
88123.0,2015-2016,26,2,22.1,3,0.0,0.0,1.0,0.0,2.0,Low
88125.0,2015-2016,61,1,31.4,4,0.0,1.0,0.0,0.0,2.0,Moderate
88126.0,2015-2016,45,1,27.6,2,1.0,0.0,1.0,0.0,2.0,Moderate
88128.0,2015-2016,57,2,28.8,4,0.0,1.0,0.0,2.0,2.0,Low
88131.0,2015-2016,39,1,30.0,3,1.0,1.0,1.0,0.0,2.0,Low
88132.0,2015-2016,42,1,44.3,3,1.0,0.0,1.0,0.0,1.0,High
88133.0,2015-2016,34,1,27.7,4,0.0,1.0,1.0,2.0,2.0,Moderate
88134.0,2015-2016,80,1,24.9,3,1.0,1.0,1.0,0.0,2.0,Low
88137.0,2015-2016,66,2,37.5,4,0.0,1.0,1.0,1.0,3.0,Moderate
88138.0,2015-2016,44,2,35.3,2,0.0,0.0,1.0,0.0,2.0,Low
88144.0,2015-2016,68,1,41.7,4,1.0,1.0,1.0,1.0,1.0,High
88145.0,2015-2016,75,2,40.0,4,0.0,1.0,1.0,1.0,2.0,Moderate
88146.0,2015-2016,45,1,26.8,3,0.0,1.0,1.0,1.0,2.0,Moderate
88147.0,2015-2016,27,2,38.8,3,0.0,0.0,1.0,0.0,2.0,Low
88148.0,2015-2016,68,2,28.6,4,1.0,1.0,0.0,0.0,1.0,High
88149.0,2015-2016,69,2,26.2,3,1.0,0.0,1.0,1.0,2.0,Moderate
88151.0,2015-2016,67,1,32.0,1,1.0,1.0,0.0,1.0,1.0,High
88153.0,2015-2016,80,2,22.0,2,1.0,1.0,0.0,0.0,3.0,Moderate
88154.0,2015-2016,25,1,21.8,3,0.0,0.0,1.0,2.0,2.0,Low
88156.0,2015-2016,28,1,17.1,3,1.0,0.0,1.0,0.0,2.0,Low
88157.0,2015-2016,29,1,26.2,2,0.0,0.0,1.0,0.0,2.0,Low
88158.0,2015-2016,51,1,30.5,3,1.0,0.0,1.0,0.0,2.0,Moderate
88161.0,2015-2016,63,2,27.4,2,0.0,1.0,1.0,2.0,2.0,Low
88164.0,2015-2016,45,2,39.3,2,1.0,1.0,0.0,2.0,1.0,High
88167.0,2015-2016,38,2,22.9,3,1.0,1.0,0.0,2.0,2.0,Moderate
88169.0,2015-2016,29,1,27.5,1,1.0,0.0,0.0,0.0,3.0,Moderate
88170.0,2015-2016,80,1,26.9,3,0.0,1.0,0.0,0.0,3.0,High
88172.0,2015-2016,80,1,27.8,3,1.0,1.0,0.0,0.0,2.0,Moderate
88173.0,2015-2016,64,1,24.3,3,1.0,1.0,1.0,2.0,2.0,Moderate
88174.0,2015-2016,55,2,22.0,6,0.0,0.0,0.0,0.0,2.0,Low
88175.0,2015-2016,68,1,27.2,6,0.0,1.0,0.0,1.0,1.0,High
88178.0,2015-2016,29,1,27.9,2,0.0,0.0,1.0,1.0,2.0,Low
88181.0,2015-2016,39,1,41.8,4,1.0,0.0,0.0,0.0,2.0,Moderate
88182.0,2015-2016,38,2,43.3,7,0.0,0.0,0.0,0.0,2.0,Low
88184.0,2015-2016,23,2,28.4,3,0.0,0.0,1.0,0.0,2.0,Moderate
88185.0,2015-2016,42,2,22.5,6,0.0,0.0,0.0,0.0,2.0,Low
88186.0,2015-2016,31,1,31.8,3,1.0,,0.0,1.0,2.0,Low
88188.0,2015-2016,51,1,28.8,2,1.0,0.0,0.0,0.0,2.0,Moderate
88191.0,2015-2016,68,1,31.4,2,1.0,1.0,0.0,0.0,1.0,High
88192.0,2015-2016,20,1,32.1,2,0.0,0.0,1.0,1.0,2.0,Low
88194.0,2015-2016,80,1,24.2,4,1.0,1.0,1.0,2.0,2.0,Low
88197.0,2015-2016,80,2,36.3,2,0.0,1.0,0.0,0.0,2.0,Moderate
88198.0,2015-2016,63,1,31.9,1,0.0,0.0,0.0,2.0,2.0,Moderate
88199.0,2015-2016,29,2,34.1,4,1.0,0.0,1.0,0.0,1.0,High
88200.0,2015-2016,28,1,42.6,4,1.0,0.0,0.0,2.0,2.0,Low
88203.0,2015-2016,64,1,36.3,1,0.0,1.0,0.0,0.0,2.0,Moderate
88205.0,2015-2016,23,2,42.9,1,1.0,0.0,0.0,2.0,2.0,Low
88206.0,2015-2016,65,2,26.5,3,0.0,1.0,0.0,0.0,2.0,Moderate
88208.0,2015-2016,71,1,29.4,2,0.0,1.0,1.0,1.0,3.0,Moderate
88210.0,2015-2016,36,1,34.0,1,1.0,0.0,1.0,2.0,2.0,Moderate
88211.0,2015-2016,44,2,48.5,4,1.0,1.0,0.0,2.0,2.0,High
88215.0,2015-2016,22,2,16.8,3,0.0,0.0,1.0,0.0,2.0,Low
88216.0,2015-2016,28,2,39.6,4,0.0,0.0,0.0,2.0,2.0,Low
88217.0,2015-2016,51,1,27.3,1,0.0,0.0,0.0,0.0,2.0,Moderate
88218.0,2015-2016,54,1,34.2,3,1.0,1.0,0.0,0.0,1.0,High
88222.0,2015-2016,44,1,24.3,3,0.0,1.0,0.0,2.0,2.0,Low
88224.0,2015-2016,48,1,33.5,3,0.0,0.0,1.0,1.0,2.0,Low
88227.0,2015-2016,20,1,21.9,3,0.0,0.0,1.0,0.0,2.0,Low
88228.0,2015-2016,25,1,17.7,3,0.0,0.0,1.0,0.0,2.0,Low
88229.0,2015-2016,80,1,28.7,3,0.0,0.0,0.0,1.0,2.0,Low
88230.0,2015-2016,42,2,24.9,3,1.0,1.0,0.0,0.0,2.0,Low
88231.0,2015-2016,62,2,19.7,4,,1.0,1.0,0.0,2.0,Low
88232.0,2015-2016,65,1,28.8,4,0.0,1.0,0.0,0.0,1.0,High
88233.0,2015-2016,51,1,18.3,6,0.0,0.0,0.0,2.0,2.0,Moderate
88238.0,2015-2016,48,1,37.1,3,0.0,0.0,1.0,0.0,2.0,Low
88240.0,2015-2016,80,2,28.0,3,0.0,0.0,0.0,1.0,2.0,Moderate
88241.0,2015-2016,54,2,26.0,1,0.0,1.0,1.0,0.0,2.0,Moderate
88243.0,2015-2016,60,2,30.4,1,1.0,0.0,0.0,0.0,1.0,High
88244.0,2015-2016,57,2,29.9,3,0.0,0.0,0.0,0.0,2.0,Moderate
88249.0,2015-2016,43,2,38.3,6,1.0,0.0,1.0,0.0,2.0,Low
88253.0,2015-2016,61,1,23.8,4,0.0,1.0,0.0,2.0,2.0,Low
88255.0,2015-2016,59,1,27.3,2,0.0,0.0,0.0,1.0,1.0,High
88256.0,2015-2016,62,2,21.5,2,0.0,0.0,0.0,0.0,2.0,Low
88257.0,2015-2016,31,2,27.6,2,0.0,0.0,0.0,0.0,2.0,Moderate
88258.0,2015-2016,64,2,29.8,2,0.0,0.0,1.0,1.0,2.0,Moderate
88260.0,2015-2016,51,2,30.3,1,0.0,0.0,1.0,0.0,1.0,High
88261.0,2015-2016,31,2,29.9,2,0.0,0.0,1.0,0.0,2.0,Moderate
88262.0,2015-2016,41,2,19.8,3,0.0,0.0,1.0,2.0,2.0,Low
88264.0,2015-2016,63,2,31.4,4,1.0,0.0,,0.0,1.0,High
88267.0,2015-2016,26,1,28.8,6,0.0,0.0,0.0,0.0,2.0,Moderate
88272.0,2015-2016,43,2,28.3,3,0.0,0.0,0.0,1.0,2.0,Low
88274.0,2015-2016,73,1,25.4,3,0.0,0.0,1.0,0.0,2.0,Low
88282.0,2015-2016,26,1,17.8,6,0.0,0.0,1.0,0.0,2.0,Low
88285.0,2015-2016,80,2,33.2,1,1.0,1.0,0.0,0.0,2.0,Moderate
88286.0,2015-2016,52,2,21.8,6,1.0,0.0,1.0,0.0,2.0,Low
88287.0,2015-2016,60,1,22.5,4,0.0,1.0,0.0,2.0,2.0,Low
88289.0,2015-2016,73,2,28.3,3,0.0,0.0,1.0,0.0,2.0,Moderate
88291.0,2015-2016,76,1,30.7,4,1.0,0.0,1.0,0.0,1.0,High
88293.0,2015-2016,41,2,25.4,4,1.0,0.0,0.0,0.0,2.0,Low
88294.0,2015-2016,36,1,,1,0.0,0.0,1.0,0.0,2.0,Low
88297.0,2015-2016,40,2,23.0,6,0.0,0.0,0.0,0.0,2.0,Low
88298.0,2015-2016,63,2,57.4,3,1.0,1.0,0.0,0.0,1.0,High
88301.0,2015-2016,38,1,25.4,7,1.0,0.0,0.0,1.0,2.0,Low
88302.0,2015-2016,44,2,30.5,4,1.0,1.0,1.0,0.0,1.0,High
88303.0,2015-2016,65,1,33.2,7,1.0,1.0,1.0,2.0,1.0,High
88304.0,2015-2016,65,2,19.9,2,1.0,1.0,0.0,0.0,1.0,High
88306.0,2015-2016,41,1,29.3,2,,0.0,1.0,0.0,2.0,Moderate
88307.0,2015-2016,57,2,48.6,3,0.0,1.0,0.0,0.0,2.0,Low
88309.0,2015-2016,36,1,36.7,1,0.0,0.0,1.0,0.0,2.0,Moderate
88310.0,2015-2016,23,1,35.9,2,1.0,0.0,1.0,0.0,2.0,Low
88314.0,2015-2016,80,2,28.2,4,1.0,1.0,0.0,2.0,3.0,Moderate
88315.0,2015-2016,28,2,22.2,4,1.0,0.0,1.0,0.0,2.0,Low
88317.0,2015-2016,29,1,25.9,6,,1.0,1.0,1.0,2.0,Moderate
88318.0,2015-2016,23,2,19.3,6,0.0,0.0,1.0,0.0,2.0,Low
88319.0,2015-2016,67,1,31.2,3,1.0,1.0,1.0,1.0,1.0,High
88320.0,2015-2016,61,1,30.4,2,1.0,1.0,1.0,1.0,2.0,Moderate
88321.0,2015-2016,80,2,21.8,3,0.0,0.0,1.0,0.0,2.0,Moderate
88322.0,2015-2016,60,1,22.3,4,,1.0,1.0,0.0,2.0,Moderate
88327.0,2015-2016,51,1,27.6,1,1.0,0.0,0.0,1.0,2.0,Low
88328.0,2015-2016,46,2,29.7,4,0.0,0.0,1.0,0.0,2.0,Moderate
88329.0,2015-2016,73,1,28.0,2,1.0,1.0,0.0,1.0,2.0,High
88330.0,2015-2016,62,1,20.6,2,0.0,0.0,0.0,1.0,2.0,Moderate
88332.0,2015-2016,23,2,33.4,6,0.0,0.0,1.0,0.0,2.0,Low
88333.0,2015-2016,43,2,31.7,4,1.0,0.0,0.0,0.0,2.0,Moderate
88334.0,2015-2016,39,2,42.4,4,1.0,1.0,1.0,1.0,1.0,High
88335.0,2015-2016,33,2,23.0,6,0.0,1.0,1.0,0.0,2.0,Moderate
88336.0,2015-2016,28,2,37.1,3,0.0,1.0,1.0,0.0,2.0,Low
88337.0,2015-2016,49,1,29.3,6,1.0,1.0,0.0,1.0,1.0,High
88338.0,2015-2016,70,1,29.0,3,0.0,0.0,0.0,1.0,2.0,Low
88339.0,2015-2016,43,2,34.7,3,1.0,0.0,1.0,0.0,2.0,Low
88342.0,2015-2016,45,1,27.8,2,0.0,0.0,0.0,2.0,2.0,Moderate
88343.0,2015-2016,35,1,29.2,1,1.0,0.0,0.0,0.0,2.0,Moderate
88344.0,2015-2016,80,2,43.2,3,0.0,1.0,1.0,0.0,2.0,High
88346.0,2015-2016,74,1,30.5,3,1.0,1.0,1.0,1.0,2.0,Moderate
88348.0,2015-2016,26,2,37.9,2,0.0,0.0,1.0,0.0,2.0,Low
88350.0,2015-2016,45,1,33.1,4,0.0,1.0,0.0,0.0,1.0,High
88351.0,2015-2016,41,2,39.3,3,1.0,1.0,0.0,2.0,2.0,Low
88352.0,2015-2016,27,2,35.2,1,1.0,0.0,0.0,2.0,1.0,High
88353.0,2015-2016,34,1,26.0,1,1.0,0.0,1.0,0.0,2.0,Low
88355.0,2015-2016,69,1,27.6,3,0.0,0.0,1.0,2.0,2.0,Moderate
88360.0,2015-2016,20,2,28.7,1,1.0,0.0,0.0,0.0,2.0,Low
88361.0,2015-2016,36,2,33.8,7,1.0,1.0,0.0,2.0,2.0,Moderate
88365.0,2015-2016,36,1,33.4,2,0.0,0.0,0.0,2.0,2.0,Low
88366.0,2015-2016,42,2,28.4,1,0.0,1.0,0.0,0.0,2.0,Low
88367.0,2015-2016,64,2,30.9,4,1.0,0.0,1.0,1.0,2.0,Moderate
88368.0,2015-2016,51,2,25.1,2,1.0,0.0,1.0,0.0,2.0,Low
88369.0,2015-2016,73,2,24.5,3,0.0,1.0,1.0,0.0,2.0,Low
88370.0,2015-2016,34,1,26.7,3,0.0,0.0,1.0,2.0,2.0,Low
88376.0,2015-2016,71,2,27.5,3,0.0,0.0,1.0,0.0,2.0,Moderate
88377.0,2015-2016,30,2,20.7,1,0.0,0.0,1.0,0.0,2.0,Low
88380.0,2015-2016,41,2,46.2,2,1.0,0.0,0.0,2.0,2.0,Low
88384.0,2015-2016,37,2,28.7,3,1.0,0.0,1.0,0.0,2.0,Low
88385.0,2015-2016,43,2,21.0,6,1.0,0.0,1.0,0.0,2.0,Low
88386.0,2015-2016,38,2,21.0,6,1.0,0.0,0.0,0.0,2.0,Moderate
88388.0,2015-2016,55,1,28.0,3,0.0,0.0,1.0,0.0,2.0,Low
88389.0,2015-2016,68,2,36.8,3,0.0,1.0,1.0,1.0,2.0,Moderate
88392.0,2015-2016,42,2,22.6,6,0.0,0.0,0.0,0.0,2.0,Low
88393.0,2015-2016,60,2,31.9,2,1.0,0.0,0.0,0.0,2.0,Moderate
88395.0,2015-2016,65,2,33.2,3,0.0,1.0,0.0,0.0,3.0,High
88398.0,2015-2016,76,1,24.1,1,0.0,0.0,0.0,0.0,2.0,Moderate
88400.0,2015-2016,58,2,21.3,3,1.0,0.0,0.0,0.0,2.0,Low
88401.0,2015-2016,73,2,30.3,2,0.0,1.0,0.0,0.0,2.0,Low
88402.0,2015-2016,47,2,27.7,4,1.0,1.0,0.0,0.0,1.0,High
88404.0,2015-2016,70,1,28.3,3,,1.0,0.0,0.0,2.0,Moderate
88406.0,2015-2016,80,1,26.8,3,0.0,1.0,1.0,0.0,2.0,High
88407.0,2015-2016,44,2,20.4,6,0.0,0.0,0.0,0.0,2.0,Low
88412.0,2015-2016,34,2,21.7,4,0.0,0.0,0.0,0.0,2.0,Low
88413.0,2015-2016,62,1,27.4,2,0.0,0.0,1.0,0.0,2.0,Low
88414.0,2015-2016,25,2,19.9,3,1.0,0.0,0.0,2.0,2.0,Low
88417.0,2015-2016,59,1,22.2,6,0.0,0.0,1.0,0.0,2.0,Moderate
88418.0,2015-2016,77,2,27.3,3,1.0,0.0,0.0,1.0,1.0,High
88421.0,2015-2016,80,2,30.0,2,0.0,0.0,0.0,1.0,2.0,Moderate
88422.0,2015-2016,62,1,38.5,2,1.0,0.0,1.0,0.0,1.0,High
88425.0,2015-2016,45,1,30.4,3,0.0,0.0,1.0,2.0,2.0,Low
88426.0,2015-2016,66,1,23.9,2,0.0,1.0,0.0,2.0,2.0,Moderate
88427.0,2015-2016,30,1,28.0,1,0.0,0.0,0.0,1.0,2.0,Low
88428.0,2015-2016,47,1,22.5,3,0.0,0.0,0.0,2.0,2.0,Low
88429.0,2015-2016,51,1,29.5,2,1.0,1.0,1.0,2.0,2.0,Moderate
88431.0,2015-2016,64,2,32.0,2,1.0,1.0,1.0,0.0,2.0,Low
88432.0,2015-2016,33,1,26.6,6,1.0,0.0,1.0,0.0,2.0,Low
88433.0,2015-2016,22,2,21.0,3,0.0,0.0,1.0,0.0,2.0,Low
88434.0,2015-2016,80,2,22.3,3,0.0,1.0,0.0,0.0,2.0,Moderate
88436.0,2015-2016,80,2,36.9,3,1.0,1.0,0.0,1.0,2.0,Moderate
88438.0,2015-2016,61,1,27.3,3,0.0,1.0,1.0,0.0,2.0,Moderate
88439.0,2015-2016,47,2,40.3,3,1.0,0.0,1.0,1.0,2.0,Low
88440.0,2015-2016,39,2,31.7,3,1.0,0.0,1.0,1.0,3.0,Moderate
88441.0,2015-2016,76,1,31.2,1,1.0,1.0,0.0,0.0,2.0,Moderate
88445.0,2015-2016,31,2,34.5,3,1.0,0.0,0.0,2.0,2.0,Low
88448.0,2015-2016,80,2,28.4,3,0.0,1.0,0.0,1.0,1.0,High
88450.0,2015-2016,49,1,25.6,6,1.0,1.0,0.0,1.0,1.0,High
88451.0,2015-2016,34,2,32.8,1,1.0,0.0,1.0,0.0,2.0,Moderate
88453.0,2015-2016,59,2,27.9,1,1.0,0.0,0.0,0.0,2.0,High
88455.0,2015-2016,58,1,25.1,4,1.0,0.0,1.0,0.0,1.0,High
88459.0,2015-2016,38,1,30.1,1,1.0,0.0,0.0,0.0,2.0,High
88460.0,2015-2016,46,2,37.8,3,1.0,0.0,1.0,0.0,2.0,Low
88461.0,2015-2016,27,1,29.3,6,0.0,0.0,1.0,0.0,2.0,Moderate
88462.0,2015-2016,51,2,27.0,1,0.0,0.0,0.0,0.0,2.0,Moderate
88464.0,2015-2016,38,1,36.8,4,1.0,0.0,1.0,0.0,2.0,Low
88468.0,2015-2016,77,1,28.2,3,1.0,0.0,0.0,1.0,1.0,High
88469.0,2015-2016,33,1,40.4,4,1.0,0.0,0.0,0.0,2.0,Moderate
88476.0,2015-2016,35,2,28.7,3,1.0,0.0,0.0,0.0,2.0,Low
88477.0,2015-2016,47,1,22.4,1,0.0,0.0,1.0,0.0,2.0,Low
88479.0,2015-2016,80,2,30.9,3,0.0,1.0,0.0,0.0,2.0,Low
88480.0,2015-2016,22,2,55.4,7,1.0,1.0,0.0,0.0,2.0,Moderate
88481.0,2015-2016,58,2,29.2,3,0.0,1.0,0.0,0.0,2.0,Moderate
88482.0,2015-2016,72,2,35.7,4,0.0,1.0,1.0,0.0,2.0,Low
88483.0,2015-2016,78,2,24.4,6,0.0,0.0,0.0,0.0,1.0,High
88485.0,2015-2016,40,2,34.4,1,1.0,0.0,1.0,0.0,2.0,High
88487.0,2015-2016,50,2,26.5,6,0.0,0.0,1.0,0.0,2.0,Low
88488.0,2015-2016,66,2,36.6,2,0.0,0.0,0.0,0.0,2.0,Moderate
88496.0,2015-2016,37,2,40.4,3,0.0,0.0,1.0,0.0,2.0,Low
88497.0,2015-2016,42,2,42.3,3,0.0,0.0,1.0,0.0,2.0,Low
88501.0,2015-2016,31,1,29.8,2,1.0,0.0,1.0,2.0,2.0,Low
88503.0,2015-2016,48,2,61.1,4,1.0,1.0,0.0,2.0,2.0,Moderate
88504.0,2015-2016,22,2,42.6,3,1.0,0.0,1.0,2.0,2.0,Low
88507.0,2015-2016,32,2,25.9,2,1.0,0.0,0.0,0.0,2.0,Moderate
88509.0,2015-2016,32,1,35.9,1,1.0,0.0,0.0,0.0,2.0,Moderate
88514.0,2015-2016,62,2,41.0,3,0.0,1.0,0.0,0.0,1.0,High
88515.0,2015-2016,54,1,29.0,3,0.0,1.0,0.0,2.0,2.0,Low
88516.0,2015-2016,71,1,20.9,6,0.0,0.0,0.0,1.0,1.0,High
88518.0,2015-2016,56,2,25.9,1,0.0,0.0,1.0,0.0,2.0,Moderate
88524.0,2015-2016,24,1,16.2,7,0.0,0.0,0.0,0.0,2.0,Moderate
88525.0,2015-2016,33,1,26.3,4,0.0,1.0,0.0,0.0,2.0,Low
88526.0,2015-2016,68,2,,7,0.0,1.0,1.0,0.0,2.0,Moderate
88527.0,2015-2016,80,2,25.2,3,1.0,1.0,0.0,0.0,2.0,Moderate
88529.0,2015-2016,35,2,43.3,2,1.0,0.0,1.0,0.0,2.0,Moderate
88530.0,2015-2016,49,2,27.5,3,0.0,0.0,0.0,0.0,2.0,Low
88531.0,2015-2016,40,2,44.0,4,0.0,1.0,0.0,0.0,2.0,Low
88533.0,2015-2016,34,2,20.3,6,0.0,0.0,1.0,0.0,2.0,Moderate
88536.0,2015-2016,35,2,49.8,4,1.0,1.0,1.0,0.0,1.0,High
88537.0,2015-2016,45,1,26.5,4,0.0,0.0,0.0,0.0,2.0,Low
88538.0,2015-2016,66,2,32.8,1,1.0,1.0,0.0,0.0,2.0,Moderate
88540.0,2015-2016,22,2,26.4,3,1.0,0.0,1.0,2.0,2.0,Low
88542.0,2015-2016,28,2,21.5,4,0.0,1.0,1.0,0.0,2.0,Moderate
88543.0,2015-2016,22,1,24.8,4,0.0,0.0,1.0,0.0,2.0,Low
88544.0,2015-2016,67,1,40.2,3,0.0,1.0,0.0,0.0,1.0,High
88545.0,2015-2016,46,1,24.3,4,0.0,0.0,1.0,2.0,2.0,Low
88547.0,2015-2016,26,1,19.0,7,0.0,0.0,0.0,0.0,2.0,Low
88549.0,2015-2016,46,1,31.6,3,0.0,0.0,1.0,0.0,2.0,Moderate
88551.0,2015-2016,52,1,24.5,2,1.0,1.0,0.0,0.0,2.0,Low
88552.0,2015-2016,42,2,18.8,6,1.0,0.0,0.0,0.0,2.0,Low
88553.0,2015-2016,29,2,30.8,4,1.0,0.0,0.0,0.0,2.0,Low
88556.0,2015-2016,80,1,22.5,3,0.0,0.0,0.0,0.0,2.0,Low
88559.0,2015-2016,43,1,32.5,4,1.0,0.0,1.0,0.0,2.0,Low
88561.0,2015-2016,45,1,53.1,3,1.0,0.0,0.0,2.0,2.0,Moderate
88562.0,2015-2016,44,2,,4,0.0,0.0,0.0,0.0,2.0,Moderate
88565.0,2015-2016,46,2,35.5,3,1.0,1.0,0.0,2.0,2.0,Low
88566.0,2015-2016,60,2,20.3,6,0.0,0.0,0.0,0.0,2.0,Low
88568.0,2015-2016,23,2,33.5,1,1.0,0.0,0.0,0.0,2.0,Moderate
88570.0,2015-2016,29,2,26.1,3,1.0,0.0,1.0,2.0,2.0,Low
88572.0,2015-2016,34,2,29.7,2,0.0,0.0,0.0,0.0,2.0,Moderate
88574.0,2015-2016,29,1,31.5,3,0.0,0.0,0.0,2.0,2.0,Low
88575.0,2015-2016,48,1,30.3,3,1.0,0.0,0.0,0.0,2.0,Low
88576.0,2015-2016,33,1,32.0,4,0.0,1.0,1.0,0.0,1.0,High
88580.0,2015-2016,27,2,35.7,2,1.0,0.0,1.0,0.0,2.0,Moderate
88583.0,2015-2016,31,2,39.9,4,0.0,0.0,1.0,0.0,2.0,Low
88584.0,2015-2016,57,1,25.7,4,0.0,1.0,0.0,0.0,2.0,Moderate
88585.0,2015-2016,48,1,27.8,2,0.0,1.0,0.0,2.0,1.0,High
88588.0,2015-2016,50,2,35.2,1,0.0,0.0,0.0,0.0,1.0,High
88589.0,2015-2016,37,2,41.7,4,1.0,0.0,1.0,0.0,1.0,High
88590.0,2015-2016,45,1,23.2,2,0.0,1.0,0.0,2.0,2.0,Low
88591.0,2015-2016,38,2,29.3,1,0.0,0.0,1.0,0.0,2.0,Low
88592.0,2015-2016,41,1,49.4,7,0.0,1.0,0.0,1.0,2.0,Moderate
88593.0,2015-2016,73,2,25.3,3,0.0,1.0,0.0,1.0,2.0,Low
88598.0,2015-2016,75,1,25.3,3,0.0,1.0,0.0,2.0,2.0,Low
88599.0,2015-2016,80,1,27.0,3,1.0,1.0,0.0,0.0,2.0,Low
88600.0,2015-2016,59,1,27.4,6,1.0,0.0,0.0,2.0,2.0,Moderate
88601.0,2015-2016,24,2,26.3,1,0.0,0.0,0.0,,2.0,Low
88602.0,2015-2016,23,1,31.8,6,0.0,0.0,1.0,2.0,2.0,Low
88604.0,2015-2016,38,1,33.4,2,0.0,0.0,1.0,0.0,2.0,Low
88605.0,2015-2016,37,2,24.2,3,0.0,0.0,1.0,0.0,2.0,Low
88606.0,2015-2016,66,1,37.1,3,1.0,1.0,1.0,1.0,1.0,High
88607.0,2015-2016,21,2,33.7,3,0.0,0.0,0.0,0.0,2.0,Low
88608.0,2015-2016,28,2,20.9,4,0.0,0.0,1.0,0.0,2.0,Low
88609.0,2015-2016,67,1,29.0,1,0.0,1.0,1.0,2.0,2.0,Low
88612.0,2015-2016,77,1,29.5,1,1.0,0.0,0.0,1.0,2.0,Moderate
88613.0,2015-2016,58,2,20.9,1,1.0,0.0,0.0,0.0,2.0,Low
88614.0,2015-2016,35,2,28.2,2,0.0,0.0,1.0,0.0,1.0,High
88615.0,2015-2016,79,2,30.2,4,1.0,1.0,1.0,1.0,2.0,Moderate
88618.0,2015-2016,27,1,28.3,4,1.0,0.0,1.0,0.0,2.0,Low
88619.0,2015-2016,64,2,48.9,1,0.0,1.0,0.0,0.0,2.0,High
88621.0,2015-2016,40,2,32.6,1,0.0,0.0,1.0,0.0,2.0,Low
88622.0,2015-2016,48,2,21.3,6,0.0,0.0,0.0,0.0,2.0,Low
88623.0,2015-2016,29,2,20.4,2,0.0,0.0,1.0,0.0,2.0,Low
88625.0,2015-2016,33,2,39.2,4,1.0,1.0,1.0,0.0,2.0,Moderate
88626.0,2015-2016,68,2,29.6,3,0.0,1.0,0.0,0.0,2.0,Moderate
88627.0,2015-2016,30,2,22.1,3,1.0,0.0,0.0,0.0,2.0,Low
88628.0,2015-2016,68,2,28.9,1,1.0,1.0,0.0,0.0,2.0,Moderate
88629.0,2015-2016,70,2,27.4,1,1.0,1.0,0.0,0.0,2.0,Low
88630.0,2015-2016,32,1,21.0,3,1.0,0.0,1.0,0.0,2.0,Low
88632.0,2015-2016,42,2,26.2,4,1.0,0.0,0.0,0.0,2.0,Low
88633.0,2015-2016,30,1,27.8,6,0.0,0.0,0.0,0.0,2.0,Low
88634.0,2015-2016,59,1,31.4,3,0.0,0.0,0.0,1.0,2.0,Moderate
88637.0,2015-2016,49,1,34.1,3,0.0,0.0,1.0,0.0,2.0,Moderate
88638.0,2015-2016,46,1,32.7,4,0.0,0.0,0.0,2.0,2.0,Moderate
88640.0,2015-2016,58,1,34.5,7,1.0,0.0,0.0,1.0,2.0,High
88641.0,2015-2016,55,2,23.7,6,1.0,1.0,1.0,0.0,2.0,Low
88642.0,2015-2016,63,2,22.8,4,,1.0,0.0,1.0,2.0,Low
88643.0,2015-2016,33,1,23.4,3,0.0,0.0,1.0,0.0,2.0,Low
88645.0,2015-2016,70,2,30.1,2,0.0,0.0,1.0,0.0,2.0,Low
88647.0,2015-2016,59,2,32.4,1,1.0,1.0,1.0,1.0,2.0,Moderate
88650.0,2015-2016,80,2,25.8,6,1.0,1.0,0.0,0.0,1.0,High
88651.0,2015-2016,52,2,26.3,4,0.0,0.0,0.0,0.0,2.0,Low
88653.0,2015-2016,31,2,49.9,1,1.0,0.0,1.0,0.0,2.0,Low
88654.0,2015-2016,61,2,40.3,1,1.0,0.0,0.0,0.0,2.0,Moderate
88655.0,2015-2016,41,1,40.2,4,0.0,1.0,1.0,0.0,2.0,High
88657.0,2015-2016,62,2,27.5,1,0.0,1.0,0.0,0.0,2.0,Moderate
88658.0,2015-2016,48,1,27.1,3,0.0,0.0,1.0,1.0,2.0,Moderate
88659.0,2015-2016,63,1,34.7,4,1.0,1.0,1.0,2.0,2.0,High
88660.0,2015-2016,54,1,27.0,3,1.0,1.0,0.0,2.0,1.0,High
88661.0,2015-2016,40,1,29.6,3,0.0,0.0,1.0,0.0,2.0,Low
88664.0,2015-2016,51,1,19.0,6,0.0,0.0,0.0,0.0,1.0,High
88665.0,2015-2016,79,2,33.0,1,1.0,1.0,0.0,0.0,2.0,High
88666.0,2015-2016,28,2,28.4,3,0.0,0.0,1.0,0.0,2.0,Low
88668.0,2015-2016,68,2,29.0,1,0.0,1.0,0.0,0.0,2.0,Moderate
88673.0,2015-2016,26,2,22.0,6,0.0,0.0,0.0,0.0,2.0,Low
88674.0,2015-2016,27,2,44.3,4,1.0,0.0,0.0,0.0,2.0,Moderate
88676.0,2015-2016,80,2,31.3,4,1.0,0.0,1.0,2.0,1.0,High
88677.0,2015-2016,31,2,35.9,1,0.0,0.0,1.0,0.0,2.0,Low
88678.0,2015-2016,75,1,26.3,4,1.0,0.0,0.0,0.0,2.0,Moderate
88680.0,2015-2016,38,2,20.2,4,0.0,0.0,0.0,2.0,2.0,Low
88684.0,2015-2016,28,2,39.1,1,1.0,0.0,0.0,0.0,2.0,Low
88686.0,2015-2016,54,2,22.3,3,1.0,1.0,1.0,2.0,2.0,Low
88689.0,2015-2016,41,2,33.0,1,1.0,0.0,0.0,0.0,1.0,High
88691.0,2015-2016,26,1,26.8,6,0.0,0.0,1.0,0.0,2.0,Low
88692.0,2015-2016,71,1,33.9,3,0.0,0.0,0.0,1.0,1.0,High
88695.0,2015-2016,35,1,32.0,2,1.0,0.0,0.0,1.0,2.0,Moderate
88696.0,2015-2016,47,2,31.7,2,1.0,1.0,0.0,0.0,2.0,Moderate
88699.0,2015-2016,42,2,36.2,1,0.0,0.0,0.0,0.0,2.0,Low
88700.0,2015-2016,21,2,36.3,1,1.0,0.0,0.0,0.0,2.0,Low
88702.0,2015-2016,20,2,32.9,3,1.0,0.0,1.0,0.0,2.0,Low
88703.0,2015-2016,47,2,27.7,4,1.0,0.0,1.0,1.0,2.0,Low
88704.0,2015-2016,29,2,20.3,3,0.0,0.0,0.0,1.0,2.0,Low
88706.0,2015-2016,61,1,30.3,1,1.0,1.0,0.0,1.0,2.0,Moderate
88707.0,2015-2016,23,2,26.8,4,0.0,0.0,0.0,0.0,2.0,Moderate
88708.0,2015-2016,49,2,23.6,6,1.0,0.0,0.0,0.0,2.0,Low
88709.0,2015-2016,25,2,19.1,3,0.0,0.0,1.0,0.0,2.0,Low
88713.0,2015-2016,51,2,26.3,3,0.0,1.0,1.0,0.0,2.0,Low
88714.0,2015-2016,60,1,32.1,2,1.0,0.0,1.0,0.0,1.0,High
88717.0,2015-2016,34,2,,3,0.0,0.0,0.0,1.0,2.0,Moderate
88719.0,2015-2016,61,1,33.0,1,1.0,1.0,0.0,0.0,1.0,High
88720.0,2015-2016,28,2,22.5,4,0.0,0.0,1.0,0.0,2.0,Low
88721.0,2015-2016,42,2,38.8,4,0.0,1.0,1.0,0.0,3.0,High
88722.0,2015-2016,80,2,22.7,3,0.0,1.0,0.0,0.0,2.0,Moderate
88723.0,2015-2016,80,2,30.5,3,0.0,0.0,0.0,0.0,2.0,Low
88724.0,2015-2016,60,2,37.2,4,0.0,1.0,0.0,1.0,1.0,High
88725.0,2015-2016,31,1,29.9,1,1.0,0.0,0.0,0.0,2.0,Low
88728.0,2015-2016,52,2,40.2,1,1.0,1.0,0.0,2.0,1.0,High
88729.0,2015-2016,69,2,34.8,3,0.0,1.0,1.0,1.0,1.0,High
88731.0,2015-2016,50,1,19.6,2,0.0,0.0,0.0,2.0,2.0,Moderate
88732.0,2015-2016,22,1,20.1,1,1.0,0.0,0.0,0.0,1.0,High
88733.0,2015-2016,50,2,21.8,4,1.0,0.0,1.0,0.0,2.0,Low
88738.0,2015-2016,58,2,36.9,4,1.0,1.0,1.0,1.0,1.0,High
88740.0,2015-2016,66,1,35.8,3,1.0,1.0,1.0,0.0,1.0,High
88741.0,2015-2016,55,1,24.3,6,0.0,1.0,1.0,0.0,2.0,Low
88742.0,2015-2016,24,1,16.9,3,1.0,0.0,0.0,0.0,2.0,Low
88743.0,2015-2016,65,1,23.9,6,0.0,1.0,1.0,0.0,1.0,High
88744.0,2015-2016,27,2,37.3,1,0.0,0.0,0.0,0.0,2.0,Low
88747.0,2015-2016,74,2,29.7,2,1.0,1.0,0.0,1.0,1.0,High
88748.0,2015-2016,38,2,43.3,4,1.0,0.0,0.0,0.0,2.0,Moderate
88755.0,2015-2016,37,1,34.5,1,0.0,0.0,1.0,1.0,2.0,Low
88757.0,2015-2016,54,2,22.3,6,1.0,0.0,1.0,0.0,3.0,Moderate
88758.0,2015-2016,63,2,37.2,4,1.0,1.0,0.0,0.0,1.0,High
88759.0,2015-2016,80,2,26.0,3,0.0,0.0,1.0,0.0,2.0,Moderate
88761.0,2015-2016,58,2,27.9,4,0.0,0.0,0.0,0.0,2.0,Low
88763.0,2015-2016,27,1,33.4,2,1.0,0.0,1.0,0.0,2.0,Low
88764.0,2015-2016,69,1,21.1,6,1.0,0.0,1.0,0.0,2.0,Moderate
88766.0,2015-2016,48,2,35.8,6,0.0,0.0,0.0,0.0,2.0,Moderate
88767.0,2015-2016,66,2,23.9,2,1.0,0.0,1.0,1.0,2.0,Moderate
88769.0,2015-2016,59,1,27.4,1,0.0,0.0,0.0,0.0,2.0,Moderate
88770.0,2015-2016,53,1,32.2,3,1.0,1.0,0.0,0.0,2.0,High
88775.0,2015-2016,45,1,22.1,7,1.0,0.0,0.0,2.0,2.0,Low
88776.0,2015-2016,42,2,25.5,1,1.0,0.0,1.0,0.0,2.0,Moderate
88780.0,2015-2016,69,1,28.5,4,1.0,1.0,0.0,1.0,1.0,High
88781.0,2015-2016,41,1,37.2,3,1.0,1.0,1.0,0.0,1.0,High
88786.0,2015-2016,43,2,42.7,4,1.0,0.0,0.0,2.0,2.0,High
88787.0,2015-2016,70,2,25.0,3,0.0,0.0,1.0,0.0,2.0,Low
88789.0,2015-2016,76,1,20.3,4,1.0,0.0,1.0,1.0,2.0,Low
88790.0,2015-2016,31,2,19.7,6,0.0,0.0,1.0,1.0,2.0,Low
88791.0,2015-2016,66,1,37.5,2,0.0,1.0,1.0,1.0,1.0,High
88793.0,2015-2016,21,1,18.5,4,0.0,0.0,0.0,2.0,2.0,Low
88795.0,2015-2016,30,2,29.2,1,0.0,0.0,0.0,0.0,2.0,Moderate
88796.0,2015-2016,64,2,40.6,3,1.0,1.0,1.0,0.0,2.0,Low
88797.0,2015-2016,69,2,23.0,6,0.0,0.0,1.0,0.0,2.0,Low
88798.0,2015-2016,43,2,32.9,4,0.0,0.0,0.0,0.0,2.0,Low
88799.0,2015-2016,21,2,17.6,3,0.0,0.0,0.0,1.0,2.0,Low
88803.0,2015-2016,32,2,29.0,4,1.0,0.0,0.0,0.0,2.0,Low
88804.0,2015-2016,55,1,26.7,3,0.0,0.0,0.0,2.0,2.0,Low
88805.0,2015-2016,30,1,26.8,3,0.0,0.0,1.0,0.0,2.0,Low
88806.0,2015-2016,66,1,29.4,2,1.0,0.0,0.0,2.0,2.0,High
88809.0,2015-2016,32,1,26.9,3,0.0,0.0,1.0,2.0,2.0,Low
88814.0,2015-2016,30,1,24.3,1,0.0,1.0,0.0,0.0,2.0,Low
88816.0,2015-2016,47,2,29.3,2,1.0,0.0,1.0,0.0,2.0,High
88818.0,2015-2016,28,2,39.0,1,1.0,0.0,0.0,1.0,2.0,Low
88823.0,2015-2016,68,2,32.6,3,1.0,1.0,1.0,0.0,1.0,High
88827.0,2015-2016,67,1,22.3,6,1.0,0.0,0.0,0.0,3.0,High
88829.0,2015-2016,41,2,20.1,6,0.0,0.0,1.0,0.0,2.0,Low
88830.0,2015-2016,45,2,24.2,1,1.0,0.0,1.0,0.0,2.0,Low
88833.0,2015-2016,28,2,40.7,3,1.0,0.0,0.0,0.0,2.0,Low
88834.0,2015-2016,62,2,42.5,2,0.0,1.0,0.0,1.0,2.0,Low
88835.0,2015-2016,28,2,23.5,2,0.0,0.0,1.0,0.0,2.0,Low
88836.0,2015-2016,70,2,31.4,3,1.0,1.0,1.0,1.0,1.0,High
88838.0,2015-2016,67,1,31.4,4,0.0,1.0,0.0,0.0,2.0,High
88840.0,2015-2016,20,2,33.8,4,0.0,0.0,1.0,0.0,2.0,Low
88841.0,2015-2016,38,1,30.3,1,1.0,1.0,0.0,0.0,2.0,Low
88842.0,2015-2016,26,2,34.2,6,0.0,0.0,0.0,0.0,2.0,Moderate
88843.0,2015-2016,28,2,25.3,1,0.0,1.0,0.0,0.0,2.0,Low
88845.0,2015-2016,62,2,29.4,3,0.0,1.0,1.0,0.0,3.0,Moderate
88846.0,2015-2016,32,1,30.0,3,1.0,0.0,0.0,2.0,2.0,Low
88847.0,2015-2016,60,2,25.7,1,1.0,1.0,0.0,1.0,1.0,High
88848.0,2015-2016,56,2,20.2,6,0.0,0.0,1.0,0.0,2.0,Low
88851.0,2015-2016,54,2,31.1,3,1.0,1.0,0.0,2.0,2.0,Moderate
88854.0,2015-2016,51,2,32.1,4,0.0,0.0,0.0,2.0,2.0,Low
88855.0,2015-2016,64,1,23.2,1,0.0,0.0,1.0,0.0,2.0,Low
88856.0,2015-2016,32,1,34.0,1,0.0,0.0,0.0,2.0,2.0,Low
88857.0,2015-2016,71,2,39.0,4,0.0,1.0,0.0,1.0,3.0,Moderate
88859.0,2015-2016,50,1,33.2,3,1.0,1.0,0.0,0.0,1.0,High
88862.0,2015-2016,51,2,33.8,2,0.0,1.0,0.0,0.0,2.0,Moderate
88864.0,2015-2016,53,1,36.1,4,1.0,0.0,0.0,1.0,2.0,Moderate
88867.0,2015-2016,28,2,27.9,3,0.0,0.0,1.0,0.0,2.0,Low
88868.0,2015-2016,38,2,34.8,4,1.0,1.0,0.0,0.0,2.0,High
88871.0,2015-2016,61,1,23.7,6,0.0,1.0,0.0,0.0,2.0,Moderate
88874.0,2015-2016,64,1,36.0,3,0.0,1.0,1.0,0.0,1.0,High
88875.0,2015-2016,60,2,50.0,3,1.0,0.0,1.0,0.0,2.0,Low
88877.0,2015-2016,53,1,28.7,2,0.0,1.0,0.0,1.0,2.0,High
88878.0,2015-2016,20,1,20.5,1,0.0,0.0,1.0,0.0,2.0,Low
88879.0,2015-2016,32,2,32.9,4,,0.0,0.0,2.0,2.0,Low
88881.0,2015-2016,54,2,33.8,4,1.0,1.0,1.0,0.0,1.0,High
88883.0,2015-2016,72,1,27.5,3,1.0,0.0,1.0,0.0,1.0,High
88884.0,2015-2016,24,1,29.4,6,0.0,0.0,0.0,2.0,2.0,Low
88885.0,2015-2016,54,1,36.6,2,0.0,1.0,0.0,1.0,2.0,Low
88887.0,2015-2016,40,1,25.6,3,0.0,0.0,1.0,1.0,2.0,Moderate
88888.0,2015-2016,69,2,27.8,1,0.0,0.0,1.0,0.0,2.0,Moderate
88890.0,2015-2016,21,2,45.6,3,0.0,0.0,0.0,2.0,2.0,Moderate
88891.0,2015-2016,36,2,60.9,7,1.0,0.0,0.0,0.0,2.0,Moderate
88892.0,2015-2016,27,2,29.8,4,1.0,1.0,1.0,0.0,2.0,Low
88894.0,2015-2016,21,1,23.3,4,0.0,0.0,1.0,2.0,2.0,Low
88895.0,2015-2016,73,2,36.0,2,0.0,1.0,0.0,0.0,1.0,High
88896.0,2015-2016,23,1,19.4,3,0.0,0.0,1.0,2.0,2.0,Low
88897.0,2015-2016,31,1,30.3,3,0.0,0.0,1.0,1.0,2.0,Low
88898.0,2015-2016,30,1,49.8,3,1.0,0.0,0.0,0.0,2.0,Moderate
88900.0,2015-2016,49,2,43.5,2,0.0,0.0,1.0,0.0,2.0,Low
88901.0,2015-2016,33,1,21.6,3,1.0,0.0,1.0,1.0,2.0,Low
88902.0,2015-2016,68,1,29.4,3,0.0,0.0,0.0,2.0,1.0,High
88903.0,2015-2016,22,2,16.7,3,0.0,0.0,0.0,0.0,2.0,Low
88906.0,2015-2016,29,1,28.0,1,1.0,0.0,1.0,0.0,2.0,Low
88907.0,2015-2016,44,2,22.3,1,1.0,0.0,1.0,0.0,2.0,High
88908.0,2015-2016,54,2,34.8,4,0.0,1.0,0.0,0.0,2.0,Moderate
88910.0,2015-2016,29,2,40.8,4,1.0,0.0,1.0,0.0,2.0,Low
88911.0,2015-2016,34,1,26.0,3,0.0,0.0,1.0,0.0,2.0,Low
88912.0,2015-2016,27,1,26.6,4,0.0,0.0,1.0,2.0,2.0,Low
88914.0,2015-2016,25,1,26.4,3,0.0,0.0,1.0,0.0,2.0,Low
88915.0,2015-2016,37,1,31.3,1,1.0,0.0,1.0,0.0,2.0,Moderate
88916.0,2015-2016,70,2,30.9,4,,1.0,0.0,1.0,2.0,Low
88919.0,2015-2016,68,2,32.2,7,1.0,1.0,0.0,0.0,2.0,Moderate
88920.0,2015-2016,33,2,27.4,6,1.0,0.0,1.0,0.0,2.0,Low
88924.0,2015-2016,34,1,23.6,6,0.0,0.0,1.0,2.0,2.0,Low
88925.0,2015-2016,69,1,29.3,1,1.0,1.0,0.0,1.0,2.0,Low
88926.0,2015-2016,70,1,28.7,3,1.0,0.0,1.0,1.0,2.0,Low
88927.0,2015-2016,50,1,24.7,7,,1.0,0.0,2.0,2.0,Low
88930.0,2015-2016,24,1,27.5,3,1.0,0.0,1.0,2.0,2.0,Moderate
88932.0,2015-2016,38,2,29.6,2,1.0,0.0,0.0,1.0,2.0,Low
88933.0,2015-2016,41,2,32.0,4,0.0,0.0,1.0,0.0,2.0,Low
88934.0,2015-2016,80,1,26.2,3,0.0,0.0,0.0,0.0,2.0,Low
88935.0,2015-2016,80,1,26.3,3,0.0,0.0,1.0,1.0,2.0,Low
88937.0,2015-2016,48,2,34.9,4,1.0,1.0,0.0,0.0,2.0,Low
88938.0,2015-2016,53,2,26.9,2,1.0,1.0,0.0,0.0,1.0,High
88940.0,2015-2016,31,1,35.1,2,0.0,0.0,1.0,0.0,2.0,Low
88942.0,2015-2016,57,1,34.4,3,1.0,1.0,0.0,1.0,1.0,High
88943.0,2015-2016,43,1,31.2,1,1.0,0.0,1.0,1.0,2.0,Moderate
88944.0,2015-2016,20,2,24.4,4,0.0,0.0,0.0,0.0,2.0,Low
88945.0,2015-2016,30,1,27.7,3,0.0,0.0,1.0,0.0,2.0,Low
88947.0,2015-2016,66,2,43.8,7,1.0,1.0,0.0,0.0,2.0,Moderate
88949.0,2015-2016,38,2,26.5,2,1.0,0.0,1.0,0.0,2.0,Low
88950.0,2015-2016,43,2,22.8,6,1.0,0.0,1.0,0.0,2.0,Low
88951.0,2015-2016,20,2,23.0,3,1.0,0.0,0.0,0.0,2.0,Low
88952.0,2015-2016,60,1,23.9,3,1.0,0.0,0.0,2.0,2.0,Low
88956.0,2015-2016,43,1,26.3,3,1.0,0.0,0.0,2.0,2.0,Low
88960.0,2015-2016,53,1,22.6,4,1.0,1.0,1.0,1.0,1.0,High
88961.0,2015-2016,54,1,26.5,4,0.0,1.0,0.0,2.0,2.0,High
88965.0,2015-2016,22,1,17.1,7,0.0,0.0,0.0,0.0,2.0,Low
88968.0,2015-2016,36,1,30.5,1,0.0,0.0,1.0,1.0,2.0,Low
88970.0,2015-2016,23,2,21.8,6,1.0,0.0,1.0,0.0,2.0,Low
88974.0,2015-2016,22,1,25.7,2,1.0,0.0,1.0,0.0,2.0,Low
88976.0,2015-2016,46,2,29.5,6,1.0,0.0,0.0,0.0,2.0,Moderate
88979.0,2015-2016,51,2,26.3,3,1.0,0.0,1.0,1.0,2.0,Low
88981.0,2015-2016,35,1,29.1,3,1.0,1.0,1.0,2.0,1.0,High
88982.0,2015-2016,59,2,24.3,3,0.0,0.0,1.0,0.0,2.0,Low
88983.0,2015-2016,29,1,23.8,1,1.0,0.0,1.0,1.0,2.0,Low
88984.0,2015-2016,58,2,27.5,1,0.0,1.0,1.0,0.0,2.0,Moderate
88985.0,2015-2016,44,1,26.7,6,1.0,0.0,1.0,2.0,2.0,Low
88986.0,2015-2016,22,2,33.5,2,1.0,0.0,0.0,0.0,2.0,Moderate
88990.0,2015-2016,52,2,33.8,3,0.0,0.0,0.0,2.0,2.0,Low
88991.0,2015-2016,65,2,34.4,3,1.0,0.0,1.0,1.0,2.0,Low
88992.0,2015-2016,27,2,43.0,3,1.0,0.0,0.0,0.0,2.0,Low
88994.0,2015-2016,32,1,23.5,1,1.0,1.0,0.0,2.0,1.0,High
88996.0,2015-2016,33,1,22.6,7,0.0,1.0,0.0,2.0,2.0,Low
89000.0,2015-2016,69,2,23.4,4,0.0,1.0,0.0,1.0,2.0,Low
89003.0,2015-2016,52,1,31.5,3,1.0,1.0,1.0,0.0,3.0,Moderate
89005.0,2015-2016,43,1,24.4,6,1.0,0.0,0.0,2.0,1.0,High
89006.0,2015-2016,50,1,22.1,6,1.0,1.0,1.0,1.0,2.0,Low
89009.0,2015-2016,71,2,34.0,3,1.0,1.0,1.0,0.0,2.0,Moderate
89012.0,2015-2016,24,2,27.4,3,0.0,0.0,0.0,2.0,2.0,Low
89013.0,2015-2016,54,2,32.6,2,1.0,0.0,1.0,0.0,2.0,Low
89014.0,2015-2016,51,2,28.6,4,1.0,0.0,1.0,0.0,2.0,Low
89015.0,2015-2016,80,1,28.4,2,0.0,1.0,0.0,1.0,2.0,High
89019.0,2015-2016,36,1,22.2,1,,1.0,0.0,2.0,2.0,Low
89020.0,2015-2016,57,2,31.6,3,1.0,0.0,0.0,2.0,1.0,High
89022.0,2015-2016,76,1,38.5,1,0.0,1.0,0.0,0.0,2.0,Moderate
89025.0,2015-2016,48,2,28.9,6,0.0,1.0,0.0,0.0,2.0,Moderate
89026.0,2015-2016,36,2,25.3,7,0.0,0.0,1.0,0.0,2.0,Low
89028.0,2015-2016,54,2,23.7,2,1.0,0.0,0.0,2.0,2.0,Low
89031.0,2015-2016,41,2,29.2,7,0.0,1.0,0.0,0.0,2.0,Low
89034.0,2015-2016,69,2,36.3,3,0.0,1.0,0.0,1.0,2.0,Moderate
89035.0,2015-2016,80,1,23.9,1,0.0,0.0,0.0,0.0,2.0,Moderate
89036.0,2015-2016,46,2,29.5,3,1.0,0.0,1.0,0.0,2.0,Low
89038.0,2015-2016,25,2,27.0,3,0.0,0.0,1.0,0.0,2.0,Low
89040.0,2015-2016,45,1,30.0,4,0.0,0.0,1.0,0.0,2.0,Low
89041.0,2015-2016,48,2,25.3,3,0.0,0.0,0.0,0.0,2.0,Moderate
89042.0,2015-2016,20,1,26.5,7,0.0,0.0,1.0,0.0,2.0,Low
89043.0,2015-2016,49,1,34.3,3,0.0,0.0,1.0,0.0,2.0,High
89044.0,2015-2016,30,1,33.0,3,1.0,0.0,1.0,0.0,2.0,Moderate
89047.0,2015-2016,37,1,36.2,4,1.0,0.0,1.0,0.0,2.0,Moderate
89051.0,2015-2016,80,2,26.1,6,0.0,1.0,1.0,0.0,1.0,High
89052.0,2015-2016,72,2,31.0,2,0.0,1.0,0.0,1.0,2.0,High
89054.0,2015-2016,49,1,53.8,4,1.0,1.0,0.0,2.0,1.0,High
89063.0,2015-2016,24,1,30.0,3,0.0,1.0,0.0,2.0,2.0,Low
89064.0,2015-2016,72,2,33.5,3,0.0,1.0,0.0,0.0,1.0,High
89067.0,2015-2016,34,1,29.4,3,0.0,0.0,0.0,1.0,2.0,Moderate
89068.0,2015-2016,59,2,33.1,1,0.0,0.0,1.0,0.0,2.0,Moderate
89069.0,2015-2016,63,2,35.4,7,1.0,1.0,1.0,0.0,1.0,High
89070.0,2015-2016,63,1,26.4,1,0.0,0.0,0.0,2.0,2.0,Moderate
89072.0,2015-2016,39,2,21.6,1,0.0,0.0,0.0,0.0,2.0,Moderate
89073.0,2015-2016,61,2,30.3,4,0.0,0.0,0.0,1.0,1.0,High
89076.0,2015-2016,37,2,19.4,3,1.0,0.0,1.0,1.0,2.0,Low
89077.0,2015-2016,53,1,26.2,4,0.0,0.0,0.0,2.0,2.0,Moderate
89079.0,2015-2016,75,1,26.2,3,0.0,0.0,0.0,1.0,2.0,Moderate
89080.0,2015-2016,34,2,25.1,3,0.0,0.0,0.0,2.0,2.0,Moderate
89081.0,2015-2016,43,1,25.0,4,0.0,0.0,0.0,0.0,2.0,Moderate
89083.0,2015-2016,46,2,18.3,3,0.0,0.0,1.0,2.0,2.0,Low
89084.0,2015-2016,67,2,27.6,2,0.0,1.0,1.0,0.0,2.0,Low
89087.0,2015-2016,41,1,29.0,4,0.0,1.0,0.0,0.0,2.0,High
89088.0,2015-2016,36,1,23.5,2,0.0,0.0,0.0,0.0,2.0,Low
89090.0,2015-2016,56,2,30.6,3,0.0,1.0,0.0,2.0,1.0,High
89091.0,2015-2016,70,1,30.7,4,0.0,1.0,0.0,2.0,3.0,Moderate
89093.0,2015-2016,57,2,29.5,3,0.0,1.0,0.0,2.0,2.0,Low
89095.0,2015-2016,54,1,29.4,2,1.0,1.0,1.0,2.0,2.0,Moderate
89096.0,2015-2016,80,2,21.7,4,0.0,0.0,0.0,0.0,1.0,High
89097.0,2015-2016,71,2,24.8,6,0.0,0.0,0.0,0.0,2.0,Moderate
89099.0,2015-2016,59,1,25.1,4,0.0,0.0,1.0,2.0,2.0,Moderate
89102.0,2015-2016,60,1,,2,1.0,1.0,0.0,1.0,2.0,Low
89103.0,2015-2016,64,1,31.8,1,1.0,0.0,1.0,2.0,1.0,High
89104.0,2015-2016,43,2,43.6,6,1.0,0.0,0.0,0.0,1.0,High
89106.0,2015-2016,44,2,42.4,4,1.0,1.0,1.0,0.0,2.0,Low
89107.0,2015-2016,69,2,36.9,7,1.0,1.0,1.0,1.0,1.0,High
89108.0,2015-2016,28,1,30.8,3,0.0,0.0,1.0,0.0,2.0,Low
89111.0,2015-2016,27,2,24.7,3,0.0,0.0,1.0,0.0,2.0,Low
89115.0,2015-2016,50,2,26.5,2,0.0,0.0,1.0,0.0,2.0,Low
89116.0,2015-2016,22,1,24.7,4,0.0,0.0,1.0,0.0,2.0,Low
89119.0,2015-2016,26,1,22.5,3,0.0,0.0,1.0,0.0,2.0,Low
89120.0,2015-2016,47,2,35.3,2,1.0,1.0,1.0,2.0,2.0,Low
89122.0,2015-2016,58,2,31.9,2,0.0,1.0,0.0,0.0,2.0,High
89123.0,2015-2016,29,1,27.0,3,1.0,0.0,1.0,1.0,2.0,Moderate
89124.0,2015-2016,39,1,21.8,3,1.0,1.0,1.0,1.0,2.0,Moderate
89126.0,2015-2016,28,1,18.1,3,0.0,0.0,1.0,0.0,2.0,Low
89127.0,2015-2016,35,1,45.9,3,1.0,1.0,1.0,2.0,2.0,Low
89128.0,2015-2016,28,2,29.4,6,0.0,0.0,0.0,0.0,2.0,Low
89129.0,2015-2016,78,2,31.6,3,1.0,1.0,0.0,0.0,2.0,High
89130.0,2015-2016,50,1,31.8,2,1.0,0.0,0.0,0.0,2.0,High
89131.0,2015-2016,51,1,35.2,1,1.0,1.0,1.0,0.0,1.0,High
89134.0,2015-2016,37,1,29.5,3,1.0,1.0,1.0,1.0,2.0,Moderate
89137.0,2015-2016,60,1,30.7,3,0.0,0.0,1.0,1.0,2.0,Low
89138.0,2015-2016,27,1,26.7,1,0.0,0.0,1.0,0.0,2.0,Low
89141.0,2015-2016,45,1,27.9,3,0.0,0.0,0.0,0.0,2.0,Low
89144.0,2015-2016,75,1,31.2,3,0.0,1.0,1.0,1.0,2.0,Moderate
89146.0,2015-2016,42,2,23.5,2,0.0,0.0,1.0,0.0,2.0,Low
89149.0,2015-2016,66,1,44.6,1,1.0,1.0,0.0,1.0,1.0,High
89152.0,2015-2016,20,2,29.0,1,1.0,0.0,0.0,0.0,2.0,Low
89156.0,2015-2016,62,2,41.2,1,1.0,1.0,0.0,0.0,2.0,Low
89157.0,2015-2016,61,1,25.8,4,0.0,1.0,0.0,0.0,2.0,Moderate
89158.0,2015-2016,55,1,22.2,3,0.0,1.0,1.0,1.0,1.0,High
89160.0,2015-2016,35,2,26.2,3,0.0,0.0,1.0,2.0,2.0,Moderate
89161.0,2015-2016,74,2,33.7,4,0.0,1.0,0.0,1.0,1.0,High
89162.0,2015-2016,51,1,35.2,1,0.0,0.0,0.0,0.0,2.0,Moderate
89165.0,2015-2016,72,2,30.0,4,0.0,1.0,0.0,0.0,1.0,High
89166.0,2015-2016,47,1,26.2,3,0.0,1.0,1.0,0.0,2.0,Low
89167.0,2015-2016,38,1,27.6,1,0.0,0.0,0.0,2.0,2.0,Low
89168.0,2015-2016,56,2,23.6,4,1.0,1.0,0.0,2.0,2.0,Moderate
89169.0,2015-2016,44,1,32.8,1,1.0,1.0,0.0,1.0,2.0,Low
89171.0,2015-2016,70,2,56.6,3,1.0,1.0,0.0,0.0,2.0,Moderate
89172.0,2015-2016,32,1,35.1,3,0.0,0.0,1.0,2.0,2.0,Low
89173.0,2015-2016,63,1,27.5,4,1.0,1.0,0.0,0.0,1.0,High
89174.0,2015-2016,30,2,22.3,6,1.0,0.0,1.0,0.0,2.0,Low
89175.0,2015-2016,44,2,31.2,1,1.0,0.0,0.0,0.0,2.0,Low
89177.0,2015-2016,62,1,22.8,3,0.0,0.0,1.0,0.0,2.0,Moderate
89178.0,2015-2016,21,1,23.1,4,1.0,0.0,1.0,0.0,2.0,Moderate
89180.0,2015-2016,32,1,21.8,2,0.0,0.0,1.0,2.0,2.0,Low
89181.0,2015-2016,58,1,21.8,6,0.0,1.0,1.0,0.0,2.0,Moderate
89182.0,2015-2016,55,2,29.0,6,1.0,0.0,0.0,0.0,2.0,Low
89183.0,2015-2016,24,2,48.2,1,1.0,0.0,0.0,1.0,2.0,Low
89184.0,2015-2016,66,1,34.1,2,1.0,0.0,1.0,0.0,2.0,Low
89185.0,2015-2016,24,1,28.8,3,1.0,0.0,0.0,0.0,2.0,Moderate
89186.0,2015-2016,80,1,28.3,3,1.0,0.0,1.0,0.0,1.0,High
89188.0,2015-2016,70,2,28.2,2,1.0,1.0,0.0,0.0,2.0,Low
89189.0,2015-2016,48,2,34.4,4,0.0,1.0,0.0,0.0,2.0,Low
89190.0,2015-2016,47,1,27.9,4,0.0,1.0,1.0,0.0,1.0,High
89192.0,2015-2016,44,1,36.0,2,1.0,0.0,0.0,1.0,2.0,Low
89194.0,2015-2016,49,1,36.7,3,1.0,1.0,1.0,0.0,2.0,Moderate
89197.0,2015-2016,47,2,30.3,6,0.0,1.0,1.0,0.0,2.0,Moderate
89200.0,2015-2016,31,2,35.6,4,0.0,0.0,1.0,0.0,2.0,Moderate
89201.0,2015-2016,50,1,24.9,3,0.0,1.0,1.0,2.0,2.0,High
89203.0,2015-2016,76,1,31.2,3,0.0,1.0,1.0,1.0,3.0,Moderate
89204.0,2015-2016,45,1,28.7,1,0.0,0.0,0.0,0.0,2.0,Moderate
89206.0,2015-2016,26,2,31.3,4,1.0,0.0,0.0,0.0,2.0,Low
89208.0,2015-2016,57,1,21.8,4,0.0,1.0,0.0,2.0,2.0,Moderate
89211.0,2015-2016,29,2,31.9,3,0.0,0.0,0.0,2.0,2.0,Low
89214.0,2015-2016,51,1,24.8,6,1.0,0.0,1.0,1.0,2.0,Low
89216.0,2015-2016,70,2,23.4,6,1.0,0.0,1.0,0.0,2.0,High
89218.0,2015-2016,29,2,26.9,4,1.0,0.0,0.0,0.0,2.0,Moderate
89222.0,2015-2016,53,2,28.0,1,0.0,0.0,0.0,0.0,2.0,Low
89223.0,2015-2016,43,2,36.6,3,1.0,0.0,0.0,0.0,1.0,High
89227.0,2015-2016,33,2,33.9,2,1.0,0.0,1.0,0.0,2.0,Low
89230.0,2015-2016,31,2,35.5,3,1.0,0.0,1.0,0.0,2.0,Low
89231.0,2015-2016,70,2,30.2,2,1.0,0.0,1.0,0.0,2.0,Moderate
89232.0,2015-2016,76,1,25.2,3,0.0,1.0,0.0,0.0,2.0,Moderate
89233.0,2015-2016,31,2,34.6,3,0.0,0.0,1.0,2.0,2.0,Low
89234.0,2015-2016,22,1,31.1,7,0.0,0.0,1.0,2.0,2.0,Low
89237.0,2015-2016,78,1,33.8,3,0.0,1.0,0.0,0.0,1.0,High
89239.0,2015-2016,24,1,32.8,4,0.0,0.0,1.0,0.0,2.0,Moderate
89241.0,2015-2016,44,2,50.8,4,1.0,1.0,1.0,1.0,2.0,Moderate
89243.0,2015-2016,49,2,34.1,4,1.0,1.0,1.0,0.0,2.0,Moderate
89244.0,2015-2016,49,1,29.7,3,0.0,0.0,0.0,0.0,2.0,Low
89248.0,2015-2016,80,2,30.8,3,0.0,1.0,0.0,1.0,2.0,Low
89249.0,2015-2016,57,2,31.9,3,0.0,0.0,1.0,0.0,2.0,Low
89250.0,2015-2016,56,2,24.4,4,1.0,1.0,1.0,1.0,2.0,Low
89253.0,2015-2016,54,2,35.3,4,0.0,0.0,0.0,0.0,2.0,Moderate
89255.0,2015-2016,55,2,41.7,1,1.0,0.0,0.0,0.0,2.0,Moderate
89256.0,2015-2016,35,1,44.4,7,0.0,1.0,1.0,0.0,2.0,Moderate
89259.0,2015-2016,38,1,35.4,7,1.0,0.0,0.0,2.0,2.0,Moderate
89261.0,2015-2016,52,2,30.7,4,1.0,1.0,1.0,0.0,2.0,High
89263.0,2015-2016,80,1,20.4,4,0.0,0.0,1.0,2.0,2.0,Moderate
89264.0,2015-2016,26,1,23.1,6,0.0,0.0,1.0,0.0,2.0,Low
89265.0,2015-2016,52,2,23.8,4,1.0,0.0,0.0,0.0,2.0,Low
89266.0,2015-2016,39,1,29.7,3,1.0,1.0,1.0,0.0,2.0,Low
89267.0,2015-2016,25,1,42.6,3,0.0,0.0,0.0,0.0,2.0,Low
89268.0,2015-2016,34,1,30.6,1,0.0,0.0,1.0,0.0,2.0,Low
89270.0,2015-2016,25,2,28.2,1,0.0,0.0,0.0,0.0,2.0,Low
89271.0,2015-2016,57,1,42.5,3,1.0,1.0,1.0,0.0,2.0,Moderate
89275.0,2015-2016,67,2,57.2,2,1.0,1.0,1.0,1.0,1.0,High
89276.0,2015-2016,45,2,26.5,1,0.0,0.0,1.0,0.0,2.0,Low
89278.0,2015-2016,25,2,32.4,3,0.0,0.0,1.0,0.0,2.0,Low
89280.0,2015-2016,57,1,24.1,4,0.0,0.0,1.0,2.0,2.0,Low
89284.0,2015-2016,42,2,34.5,1,,0.0,1.0,0.0,2.0,Moderate
89288.0,2015-2016,52,2,38.0,4,0.0,1.0,0.0,2.0,2.0,Low
89289.0,2015-2016,53,2,21.5,6,1.0,0.0,1.0,0.0,2.0,Low
89290.0,2015-2016,36,1,57.8,1,1.0,0.0,1.0,1.0,2.0,Moderate
89292.0,2015-2016,32,1,,1,1.0,1.0,0.0,1.0,1.0,High
89293.0,2015-2016,80,1,29.9,3,0.0,0.0,1.0,1.0,2.0,Moderate
89294.0,2015-2016,63,2,32.6,1,0.0,1.0,0.0,0.0,2.0,Moderate
89299.0,2015-2016,58,2,,4,0.0,1.0,0.0,2.0,2.0,Low
89302.0,2015-2016,30,2,,4,0.0,0.0,1.0,2.0,2.0,Low
89303.0,2015-2016,80,2,17.2,3,0.0,1.0,0.0,1.0,2.0,Low
89304.0,2015-2016,30,2,26.3,3,0.0,0.0,1.0,1.0,2.0,Low
89305.0,2015-2016,32,2,28.0,4,1.0,0.0,0.0,0.0,1.0,High
89308.0,2015-2016,60,1,27.9,1,0.0,1.0,1.0,1.0,2.0,Low
89310.0,2015-2016,80,2,29.6,1,0.0,0.0,0.0,2.0,2.0,Moderate
89313.0,2015-2016,51,1,35.8,7,1.0,0.0,0.0,1.0,2.0,Moderate
89314.0,2015-2016,39,2,36.2,4,1.0,1.0,1.0,0.0,1.0,High
89316.0,2015-2016,61,2,27.0,3,1.0,1.0,0.0,0.0,1.0,High
89317.0,2015-2016,24,1,17.5,4,1.0,0.0,1.0,2.0,2.0,Low
89319.0,2015-2016,60,1,22.5,3,0.0,0.0,1.0,1.0,2.0,Moderate
89320.0,2015-2016,65,1,20.9,6,0.0,0.0,1.0,0.0,2.0,Moderate
89321.0,2015-2016,67,2,28.2,4,1.0,1.0,0.0,1.0,1.0,High
89325.0,2015-2016,44,1,50.6,3,1.0,1.0,1.0,1.0,1.0,High
89326.0,2015-2016,54,1,22.9,4,1.0,0.0,0.0,0.0,1.0,High
89327.0,2015-2016,73,2,39.3,4,,1.0,0.0,1.0,3.0,Moderate
89329.0,2015-2016,43,2,22.2,4,0.0,0.0,0.0,2.0,2.0,Low
89331.0,2015-2016,35,1,26.9,3,0.0,1.0,1.0,1.0,2.0,Moderate
89332.0,2015-2016,77,2,31.4,4,1.0,1.0,0.0,1.0,1.0,High
89335.0,2015-2016,37,1,29.5,4,0.0,0.0,0.0,1.0,2.0,Moderate
89338.0,2015-2016,68,2,29.3,3,,0.0,0.0,0.0,1.0,High
89339.0,2015-2016,80,1,23.2,3,0.0,0.0,1.0,1.0,2.0,Moderate
89340.0,2015-2016,24,2,26.1,1,0.0,0.0,1.0,0.0,2.0,Low
89345.0,2015-2016,30,2,23.0,2,1.0,0.0,1.0,0.0,2.0,Low
89346.0,2015-2016,48,1,28.5,1,1.0,0.0,0.0,0.0,2.0,Moderate
89348.0,2015-2016,43,2,26.9,4,0.0,1.0,1.0,0.0,2.0,Low
89350.0,2015-2016,57,1,26.3,3,0.0,0.0,1.0,1.0,2.0,Low
89351.0,2015-2016,67,2,31.0,2,0.0,1.0,0.0,0.0,2.0,Moderate
89352.0,2015-2016,66,1,35.7,1,0.0,1.0,0.0,0.0,3.0,High
89353.0,2015-2016,36,1,23.5,1,1.0,0.0,1.0,1.0,2.0,Moderate
89354.0,2015-2016,39,1,26.9,4,1.0,0.0,0.0,1.0,2.0,Moderate
89355.0,2015-2016,71,1,43.3,1,0.0,0.0,0.0,0.0,1.0,High
89357.0,2015-2016,39,1,34.2,4,1.0,0.0,1.0,2.0,2.0,Moderate
89358.0,2015-2016,42,1,25.1,3,0.0,0.0,0.0,1.0,2.0,Low
89359.0,2015-2016,30,2,29.8,3,0.0,0.0,0.0,0.0,2.0,Moderate
89362.0,2015-2016,41,2,46.8,3,1.0,0.0,1.0,0.0,2.0,Moderate
89364.0,2015-2016,23,2,28.2,4,0.0,0.0,1.0,0.0,2.0,Low
89367.0,2015-2016,58,1,29.5,3,0.0,0.0,1.0,1.0,2.0,Low
89370.0,2015-2016,69,1,33.2,7,1.0,1.0,1.0,1.0,2.0,Moderate
89371.0,2015-2016,63,1,48.9,4,1.0,1.0,1.0,1.0,1.0,High
89373.0,2015-2016,63,2,32.1,4,1.0,1.0,1.0,1.0,2.0,Low
89376.0,2015-2016,65,2,21.1,3,1.0,0.0,1.0,1.0,2.0,Moderate
89381.0,2015-2016,68,1,24.5,2,1.0,0.0,0.0,1.0,1.0,High
89382.0,2015-2016,55,1,27.1,3,0.0,1.0,1.0,0.0,1.0,High
89383.0,2015-2016,50,1,31.0,1,1.0,1.0,0.0,2.0,2.0,Low
89384.0,2015-2016,22,1,33.6,4,1.0,0.0,0.0,2.0,2.0,Low
89389.0,2015-2016,68,2,37.7,2,1.0,1.0,1.0,1.0,2.0,Moderate
89390.0,2015-2016,52,2,32.4,2,1.0,0.0,1.0,0.0,2.0,Moderate
89391.0,2015-2016,68,1,33.4,3,0.0,0.0,0.0,1.0,2.0,Low
89392.0,2015-2016,20,1,23.4,6,0.0,0.0,0.0,0.0,2.0,Low
89395.0,2015-2016,51,2,33.4,3,0.0,1.0,0.0,0.0,2.0,Low
89397.0,2015-2016,52,1,27.5,1,0.0,0.0,0.0,2.0,2.0,Moderate
89399.0,2015-2016,30,2,24.0,6,0.0,0.0,1.0,0.0,2.0,Low
89400.0,2015-2016,52,2,37.7,4,1.0,1.0,0.0,1.0,2.0,Moderate
89402.0,2015-2016,55,2,30.2,2,1.0,0.0,0.0,0.0,1.0,High
89403.0,2015-2016,74,1,24.8,1,0.0,1.0,1.0,0.0,1.0,High
89404.0,2015-2016,71,1,40.9,3,0.0,0.0,0.0,1.0,2.0,Moderate
89407.0,2015-2016,32,2,18.7,6,0.0,0.0,0.0,0.0,2.0,Low
89408.0,2015-2016,50,1,32.1,1,1.0,0.0,0.0,1.0,1.0,High
89412.0,2015-2016,62,2,35.3,4,0.0,0.0,0.0,1.0,2.0,Moderate
89413.0,2015-2016,80,1,28.7,3,0.0,1.0,1.0,1.0,2.0,Low
89414.0,2015-2016,20,1,23.6,4,0.0,1.0,1.0,2.0,2.0,Low
89417.0,2015-2016,48,2,25.8,6,0.0,0.0,0.0,0.0,1.0,High
89419.0,2015-2016,58,1,34.7,3,1.0,1.0,0.0,0.0,1.0,High
89420.0,2015-2016,67,2,29.3,3,0.0,1.0,1.0,0.0,2.0,Low
89422.0,2015-2016,80,1,31.3,3,1.0,1.0,0.0,0.0,1.0,High
89425.0,2015-2016,36,1,32.6,3,0.0,0.0,1.0,0.0,2.0,Moderate
89426.0,2015-2016,29,1,39.3,3,,0.0,0.0,0.0,2.0,Low
89434.0,2015-2016,46,2,23.8,6,1.0,0.0,1.0,2.0,2.0,Low
89435.0,2015-2016,46,2,28.7,3,0.0,0.0,0.0,0.0,2.0,Low
89436.0,2015-2016,33,1,25.4,6,0.0,0.0,0.0,0.0,2.0,Moderate
89437.0,2015-2016,70,1,29.0,3,1.0,1.0,1.0,0.0,1.0,High
89439.0,2015-2016,72,1,50.5,3,0.0,1.0,0.0,0.0,1.0,High
89441.0,2015-2016,67,2,29.9,2,0.0,1.0,0.0,0.0,1.0,High
89442.0,2015-2016,51,1,22.5,6,0.0,0.0,0.0,2.0,2.0,Low
89443.0,2015-2016,80,1,32.7,3,0.0,0.0,0.0,1.0,2.0,Low
89444.0,2015-2016,48,2,31.1,1,1.0,0.0,0.0,0.0,2.0,Moderate
89445.0,2015-2016,32,1,24.4,3,0.0,0.0,1.0,0.0,2.0,Low
89446.0,2015-2016,61,2,38.7,7,1.0,0.0,0.0,0.0,2.0,Moderate
89453.0,2015-2016,25,2,35.5,3,1.0,0.0,0.0,1.0,2.0,Moderate
89455.0,2015-2016,65,1,25.2,1,0.0,0.0,0.0,1.0,1.0,High
89457.0,2015-2016,48,2,22.4,3,0.0,0.0,0.0,0.0,2.0,Low
89458.0,2015-2016,70,2,25.9,7,1.0,1.0,0.0,1.0,2.0,Low
89459.0,2015-2016,54,1,21.5,3,1.0,1.0,0.0,2.0,2.0,Low
89462.0,2015-2016,29,1,25.3,6,0.0,0.0,1.0,0.0,2.0,Low
89470.0,2015-2016,46,2,21.4,4,0.0,0.0,1.0,1.0,2.0,Low
89471.0,2015-2016,75,2,25.8,4,1.0,1.0,0.0,2.0,2.0,Moderate
89472.0,2015-2016,75,1,25.6,3,1.0,1.0,0.0,2.0,2.0,Low
89473.0,2015-2016,68,2,29.6,4,0.0,1.0,1.0,1.0,2.0,Moderate
89474.0,2015-2016,29,2,41.1,3,0.0,0.0,1.0,0.0,2.0,Low
89475.0,2015-2016,46,2,26.2,4,0.0,0.0,1.0,0.0,2.0,Low
89476.0,2015-2016,44,2,40.5,4,1.0,0.0,1.0,0.0,2.0,Moderate
89477.0,2015-2016,31,1,28.0,3,0.0,1.0,1.0,0.0,2.0,Low
89482.0,2015-2016,70,2,18.6,3,0.0,0.0,1.0,0.0,2.0,Low
89483.0,2015-2016,56,2,34.3,1,0.0,0.0,0.0,0.0,2.0,Moderate
89485.0,2015-2016,35,1,28.4,4,0.0,0.0,1.0,2.0,2.0,Moderate
89488.0,2015-2016,75,1,28.4,6,1.0,1.0,0.0,1.0,1.0,High
89490.0,2015-2016,74,1,26.7,3,0.0,1.0,0.0,0.0,2.0,High
89491.0,2015-2016,49,1,39.3,4,1.0,0.0,1.0,0.0,2.0,Moderate
89493.0,2015-2016,26,2,35.0,6,1.0,0.0,1.0,1.0,2.0,Low
89494.0,2015-2016,42,2,29.4,6,0.0,0.0,0.0,0.0,2.0,Moderate
89495.0,2015-2016,49,2,36.3,4,0.0,1.0,1.0,2.0,2.0,Moderate
89496.0,2015-2016,48,2,21.1,6,0.0,0.0,0.0,0.0,2.0,Low
89497.0,2015-2016,20,1,21.8,3,0.0,0.0,1.0,1.0,2.0,Low
89499.0,2015-2016,57,2,47.9,7,1.0,1.0,1.0,1.0,1.0,High
89500.0,2015-2016,63,2,25.8,2,0.0,0.0,0.0,0.0,3.0,Moderate
89501.0,2015-2016,80,1,31.3,3,0.0,1.0,1.0,1.0,1.0,High
89504.0,2015-2016,80,1,28.1,3,0.0,0.0,1.0,1.0,2.0,Moderate
89508.0,2015-2016,20,2,16.7,2,0.0,0.0,1.0,0.0,2.0,Low
89511.0,2015-2016,45,2,37.2,3,1.0,0.0,0.0,2.0,2.0,Moderate
89513.0,2015-2016,49,1,23.1,6,0.0,0.0,1.0,0.0,2.0,Low
89514.0,2015-2016,67,2,24.5,2,0.0,0.0,0.0,1.0,2.0,Low
89517.0,2015-2016,27,1,27.7,2,0.0,0.0,0.0,0.0,2.0,Low
89518.0,2015-2016,57,2,40.0,4,1.0,1.0,1.0,2.0,3.0,Moderate
89519.0,2015-2016,65,1,25.9,1,1.0,0.0,1.0,1.0,1.0,High
89520.0,2015-2016,45,1,29.1,3,1.0,0.0,0.0,0.0,2.0,Low
89522.0,2015-2016,45,1,27.5,2,0.0,0.0,1.0,1.0,2.0,Low
89523.0,2015-2016,26,2,19.9,6,0.0,0.0,1.0,0.0,2.0,Low
89524.0,2015-2016,54,1,37.5,1,0.0,1.0,1.0,1.0,2.0,Moderate
89525.0,2015-2016,41,2,18.1,6,0.0,0.0,1.0,0.0,2.0,Low
89529.0,2015-2016,20,2,27.2,2,0.0,0.0,0.0,0.0,2.0,Low
89533.0,2015-2016,38,1,34.2,3,0.0,0.0,1.0,1.0,2.0,Moderate
89534.0,2015-2016,20,1,37.2,7,0.0,0.0,0.0,0.0,2.0,Moderate
89536.0,2015-2016,47,2,26.7,3,0.0,0.0,1.0,1.0,2.0,Moderate
89537.0,2015-2016,50,1,30.9,2,1.0,0.0,1.0,0.0,1.0,High
89538.0,2015-2016,58,2,34.5,1,1.0,0.0,1.0,0.0,1.0,High
89540.0,2015-2016,48,1,22.8,3,0.0,0.0,0.0,2.0,3.0,Moderate
89541.0,2015-2016,44,1,35.3,4,1.0,1.0,1.0,2.0,2.0,Moderate
89542.0,2015-2016,62,1,29.7,4,1.0,1.0,0.0,1.0,2.0,Moderate
89543.0,2015-2016,64,1,29.5,1,1.0,1.0,1.0,2.0,2.0,Moderate
89544.0,2015-2016,25,2,21.7,4,0.0,0.0,0.0,0.0,2.0,Low
89545.0,2015-2016,41,2,23.7,2,1.0,0.0,1.0,0.0,2.0,Moderate
89546.0,2015-2016,74,1,30.2,3,0.0,0.0,0.0,0.0,2.0,Low
89549.0,2015-2016,49,1,31.1,1,0.0,0.0,0.0,0.0,2.0,Moderate
89550.0,2015-2016,55,1,24.8,6,1.0,0.0,1.0,0.0,2.0,Moderate
89551.0,2015-2016,78,1,,4,1.0,1.0,0.0,0.0,1.0,High
89553.0,2015-2016,55,1,29.2,3,0.0,0.0,0.0,0.0,2.0,Low
89557.0,2015-2016,51,1,26.9,1,1.0,1.0,0.0,0.0,1.0,High
89560.0,2015-2016,80,2,33.0,2,1.0,1.0,0.0,0.0,1.0,High
89562.0,2015-2016,34,2,39.0,4,1.0,0.0,0.0,2.0,2.0,Low
89563.0,2015-2016,68,2,49.7,3,1.0,1.0,0.0,0.0,2.0,Low
89565.0,2015-2016,55,2,29.1,3,1.0,0.0,0.0,2.0,1.0,High
89566.0,2015-2016,78,1,28.3,4,,0.0,1.0,0.0,2.0,High
89568.0,2015-2016,51,1,32.9,1,1.0,0.0,1.0,0.0,2.0,Low
89570.0,2015-2016,56,1,31.2,7,1.0,0.0,0.0,1.0,1.0,High
89572.0,2015-2016,61,2,32.1,4,1.0,0.0,1.0,2.0,2.0,Moderate
89573.0,2015-2016,20,1,28.5,2,0.0,0.0,0.0,0.0,2.0,Moderate
89574.0,2015-2016,63,1,30.7,2,0.0,1.0,0.0,1.0,2.0,Moderate
89575.0,2015-2016,25,2,30.8,2,0.0,0.0,1.0,2.0,2.0,Low
89576.0,2015-2016,70,2,48.2,2,1.0,1.0,0.0,0.0,1.0,High
89577.0,2015-2016,38,1,24.0,6,0.0,0.0,1.0,0.0,2.0,Low
89578.0,2015-2016,34,1,29.4,3,1.0,1.0,0.0,1.0,2.0,Low
89579.0,2015-2016,39,1,19.2,6,0.0,0.0,0.0,0.0,2.0,Moderate
89581.0,2015-2016,67,2,22.7,3,0.0,0.0,1.0,0.0,2.0,Low
89582.0,2015-2016,53,1,33.8,3,1.0,1.0,0.0,1.0,2.0,Low
89583.0,2015-2016,38,1,24.7,3,0.0,0.0,0.0,2.0,2.0,Low
89584.0,2015-2016,23,2,27.4,1,0.0,0.0,1.0,0.0,2.0,Low
89585.0,2015-2016,74,2,51.6,3,1.0,1.0,1.0,0.0,2.0,Low
89586.0,2015-2016,22,1,33.1,7,0.0,0.0,1.0,2.0,2.0,Moderate
89587.0,2015-2016,76,2,,4,1.0,0.0,0.0,1.0,2.0,Low
89588.0,2015-2016,62,2,23.2,3,0.0,0.0,0.0,1.0,2.0,Low
89589.0,2015-2016,30,2,21.1,7,0.0,0.0,1.0,1.0,2.0,Low
89591.0,2015-2016,39,1,26.8,4,0.0,0.0,0.0,0.0,2.0,Moderate
89594.0,2015-2016,21,1,24.1,3,1.0,0.0,1.0,2.0,2.0,Low
89595.0,2015-2016,51,2,25.5,1,1.0,0.0,1.0,2.0,2.0,Low
89596.0,2015-2016,80,2,36.4,3,0.0,0.0,0.0,0.0,2.0,Moderate
89597.0,2015-2016,65,2,29.0,4,1.0,1.0,1.0,2.0,2.0,High
89598.0,2015-2016,38,1,31.0,3,1.0,0.0,1.0,2.0,2.0,Low
89599.0,2015-2016,62,1,29.3,1,0.0,1.0,1.0,1.0,1.0,High
89600.0,2015-2016,22,1,28.7,2,0.0,0.0,1.0,0.0,2.0,Low
89601.0,2015-2016,30,2,34.7,3,0.0,0.0,1.0,0.0,2.0,Low
89602.0,2015-2016,47,1,24.4,4,1.0,0.0,0.0,2.0,2.0,Low
89604.0,2015-2016,20,1,25.1,1,0.0,0.0,1.0,0.0,2.0,High
89606.0,2015-2016,52,2,29.2,2,1.0,0.0,0.0,0.0,2.0,Low
89608.0,2015-2016,66,1,19.1,4,1.0,0.0,0.0,2.0,2.0,Moderate
89609.0,2015-2016,74,2,29.4,2,0.0,1.0,0.0,0.0,1.0,High
89611.0,2015-2016,61,2,34.7,1,1.0,0.0,0.0,2.0,2.0,Moderate
89612.0,2015-2016,32,1,38.1,3,0.0,1.0,1.0,1.0,2.0,Low
89614.0,2015-2016,25,1,26.3,1,1.0,0.0,1.0,0.0,2.0,Moderate
89616.0,2015-2016,56,2,33.7,1,1.0,0.0,1.0,0.0,2.0,Moderate
89618.0,2015-2016,28,1,32.7,3,0.0,0.0,0.0,0.0,2.0,Moderate
89619.0,2015-2016,31,1,28.4,3,0.0,0.0,1.0,0.0,2.0,Moderate
89620.0,2015-2016,27,2,35.6,7,1.0,0.0,0.0,1.0,2.0,Low
89622.0,2015-2016,46,2,21.7,3,0.0,0.0,1.0,0.0,2.0,Low
89623.0,2015-2016,68,2,24.8,2,1.0,1.0,1.0,1.0,2.0,Low
89628.0,2015-2016,61,2,25.3,4,1.0,1.0,1.0,0.0,1.0,High
89629.0,2015-2016,54,1,37.9,2,,0.0,1.0,0.0,2.0,Low
89632.0,2015-2016,67,1,37.7,3,1.0,1.0,1.0,1.0,1.0,High
89633.0,2015-2016,73,1,19.6,4,1.0,1.0,0.0,2.0,1.0,High
89635.0,2015-2016,65,2,26.5,4,1.0,0.0,1.0,0.0,2.0,Moderate
89636.0,2015-2016,66,2,31.2,3,0.0,0.0,0.0,0.0,2.0,Low
89637.0,2015-2016,40,2,27.5,1,1.0,0.0,0.0,0.0,2.0,Low
89639.0,2015-2016,29,2,35.3,3,1.0,0.0,1.0,1.0,1.0,High
89640.0,2015-2016,48,2,19.8,6,1.0,0.0,1.0,0.0,2.0,Low
89641.0,2015-2016,62,1,33.1,3,1.0,1.0,0.0,2.0,1.0,High
89642.0,2015-2016,37,2,36.3,3,0.0,1.0,0.0,0.0,2.0,Low
89643.0,2015-2016,29,1,34.6,2,1.0,0.0,0.0,2.0,1.0,High
89644.0,2015-2016,39,1,20.7,4,0.0,0.0,0.0,0.0,2.0,Low
89645.0,2015-2016,54,2,39.8,4,1.0,0.0,1.0,0.0,2.0,Moderate
89646.0,2015-2016,71,2,26.3,4,0.0,0.0,0.0,0.0,2.0,Moderate
89647.0,2015-2016,47,2,35.9,3,1.0,0.0,1.0,2.0,2.0,Moderate
89648.0,2015-2016,55,1,26.8,6,1.0,0.0,1.0,0.0,2.0,Moderate
89649.0,2015-2016,60,1,41.6,3,1.0,1.0,0.0,1.0,2.0,Moderate
89650.0,2015-2016,62,1,36.4,4,1.0,1.0,0.0,1.0,1.0,High
89651.0,2015-2016,26,2,21.7,2,0.0,1.0,1.0,0.0,2.0,Low
89652.0,2015-2016,50,2,61.7,4,0.0,1.0,0.0,0.0,2.0,Moderate
89655.0,2015-2016,72,1,19.0,1,0.0,0.0,0.0,2.0,2.0,Low
89656.0,2015-2016,39,1,23.0,6,0.0,0.0,1.0,1.0,2.0,Moderate
89657.0,2015-2016,59,1,27.1,3,1.0,0.0,1.0,1.0,2.0,Low
89659.0,2015-2016,43,2,22.6,3,0.0,0.0,1.0,0.0,2.0,Low
89662.0,2015-2016,59,1,20.8,3,0.0,0.0,1.0,2.0,2.0,Low
89666.0,2015-2016,80,2,28.7,2,0.0,1.0,0.0,0.0,2.0,Moderate
89669.0,2015-2016,52,1,30.1,2,0.0,0.0,0.0,0.0,2.0,High
89670.0,2015-2016,38,1,23.3,2,0.0,0.0,0.0,0.0,2.0,Moderate
89671.0,2015-2016,77,1,35.2,3,1.0,0.0,0.0,0.0,1.0,High
89672.0,2015-2016,20,1,22.7,4,0.0,0.0,1.0,0.0,2.0,Moderate
89673.0,2015-2016,39,1,25.9,7,1.0,0.0,0.0,2.0,2.0,Low
89674.0,2015-2016,31,1,34.1,4,0.0,1.0,0.0,2.0,2.0,Low
89676.0,2015-2016,60,2,32.2,4,0.0,0.0,0.0,0.0,2.0,Low
89677.0,2015-2016,60,1,26.7,1,1.0,1.0,0.0,0.0,2.0,Moderate
89679.0,2015-2016,78,1,29.2,3,0.0,0.0,1.0,1.0,2.0,Moderate
89680.0,2015-2016,21,1,27.7,4,0.0,0.0,1.0,0.0,2.0,Low
89684.0,2015-2016,42,2,25.2,2,1.0,0.0,0.0,0.0,2.0,Low
89685.0,2015-2016,41,2,34.0,1,1.0,0.0,0.0,2.0,2.0,Low
89686.0,2015-2016,52,2,32.8,4,0.0,0.0,1.0,0.0,2.0,Low
89690.0,2015-2016,80,1,30.2,3,1.0,1.0,0.0,1.0,2.0,Moderate
89692.0,2015-2016,64,2,39.2,4,0.0,1.0,0.0,1.0,2.0,Low
89694.0,2015-2016,77,2,29.3,3,0.0,0.0,0.0,0.0,2.0,Low
89698.0,2015-2016,80,2,20.3,3,0.0,1.0,0.0,0.0,2.0,Low
89700.0,2015-2016,25,1,31.1,3,0.0,0.0,1.0,0.0,2.0,Low
89701.0,2015-2016,53,2,28.0,2,1.0,0.0,1.0,0.0,2.0,Low
89703.0,2015-2016,67,2,27.8,2,0.0,1.0,0.0,0.0,1.0,High
89704.0,2015-2016,71,2,33.0,1,0.0,1.0,0.0,0.0,2.0,Moderate
89705.0,2015-2016,34,2,31.6,4,0.0,0.0,1.0,0.0,2.0,Low
89706.0,2015-2016,35,1,34.4,2,1.0,0.0,1.0,0.0,2.0,Low
89709.0,2015-2016,26,1,28.1,3,0.0,0.0,1.0,0.0,3.0,Moderate
89710.0,2015-2016,79,2,35.3,1,0.0,1.0,0.0,1.0,2.0,Moderate
89711.0,2015-2016,36,2,34.4,3,0.0,0.0,1.0,0.0,2.0,Low
89712.0,2015-2016,48,2,34.4,4,1.0,0.0,1.0,0.0,1.0,High
89713.0,2015-2016,75,2,24.2,3,0.0,1.0,1.0,1.0,2.0,Moderate
89719.0,2015-2016,34,1,25.1,1,0.0,0.0,0.0,2.0,2.0,Low
89720.0,2015-2016,31,1,24.7,1,0.0,0.0,0.0,0.0,2.0,Low
89721.0,2015-2016,80,1,25.2,4,0.0,1.0,0.0,1.0,2.0,Low
89722.0,2015-2016,48,2,37.0,4,1.0,1.0,1.0,0.0,2.0,Moderate
89723.0,2015-2016,40,2,36.5,4,1.0,0.0,0.0,0.0,2.0,Moderate
89726.0,2015-2016,57,2,26.9,4,0.0,0.0,0.0,0.0,3.0,Moderate
89728.0,2015-2016,43,1,29.7,6,0.0,0.0,1.0,2.0,2.0,Moderate
89729.0,2015-2016,50,1,33.7,2,0.0,0.0,1.0,0.0,2.0,Low
89730.0,2015-2016,32,2,35.4,4,1.0,0.0,1.0,0.0,2.0,Moderate
89731.0,2015-2016,34,1,35.2,7,1.0,1.0,1.0,0.0,2.0,Low
89733.0,2015-2016,24,1,23.9,6,1.0,0.0,1.0,0.0,2.0,Low
89734.0,2015-2016,72,2,29.3,1,0.0,0.0,0.0,0.0,2.0,Moderate
89735.0,2015-2016,41,1,23.1,3,0.0,0.0,0.0,1.0,2.0,Low
89737.0,2015-2016,46,2,24.8,1,1.0,0.0,1.0,0.0,2.0,Low
89741.0,2015-2016,61,1,26.1,2,0.0,1.0,1.0,1.0,2.0,Moderate
89742.0,2015-2016,45,1,26.1,4,1.0,1.0,0.0,0.0,1.0,High
89743.0,2015-2016,41,2,22.1,3,0.0,0.0,1.0,0.0,2.0,Low
89749.0,2015-2016,20,2,21.6,2,0.0,0.0,1.0,0.0,2.0,Low
89750.0,2015-2016,33,2,28.4,1,1.0,0.0,1.0,0.0,2.0,Low
89751.0,2015-2016,54,1,33.6,3,1.0,0.0,0.0,0.0,2.0,Moderate
89752.0,2015-2016,27,2,29.7,1,0.0,0.0,1.0,0.0,2.0,Low
89755.0,2015-2016,60,2,37.0,4,1.0,1.0,1.0,2.0,2.0,Moderate
89756.0,2015-2016,62,1,30.0,3,1.0,1.0,0.0,1.0,2.0,Low
89761.0,2015-2016,79,2,30.2,4,1.0,1.0,1.0,1.0,2.0,Moderate
89762.0,2015-2016,35,2,30.1,1,0.0,0.0,1.0,0.0,2.0,Moderate
89764.0,2015-2016,62,2,34.4,1,0.0,1.0,0.0,0.0,2.0,Moderate
89768.0,2015-2016,36,1,44.3,4,1.0,0.0,0.0,2.0,2.0,Moderate
89770.0,2015-2016,67,2,37.1,3,1.0,0.0,0.0,1.0,1.0,High
89771.0,2015-2016,70,1,28.0,2,0.0,1.0,0.0,0.0,2.0,Moderate
89774.0,2015-2016,32,2,47.2,3,1.0,0.0,0.0,0.0,2.0,Moderate
89779.0,2015-2016,21,1,35.8,6,0.0,0.0,1.0,0.0,2.0,Low
89780.0,2015-2016,70,1,24.2,2,0.0,0.0,0.0,0.0,2.0,Moderate
89786.0,2015-2016,57,2,32.9,1,1.0,1.0,0.0,0.0,3.0,Moderate
89787.0,2015-2016,71,1,24.9,3,0.0,1.0,0.0,2.0,1.0,High
89788.0,2015-2016,28,1,42.0,4,0.0,0.0,0.0,0.0,2.0,Moderate
89790.0,2015-2016,59,1,24.1,3,0.0,1.0,1.0,2.0,2.0,Moderate
89791.0,2015-2016,23,1,24.2,2,0.0,0.0,0.0,0.0,2.0,Low
89792.0,2015-2016,30,2,30.4,1,1.0,0.0,1.0,0.0,2.0,Low
89793.0,2015-2016,52,1,34.1,2,0.0,1.0,1.0,0.0,2.0,Low
89794.0,2015-2016,29,2,21.0,6,0.0,0.0,0.0,0.0,2.0,Low
89795.0,2015-2016,22,2,37.4,3,,0.0,0.0,0.0,2.0,Low
89797.0,2015-2016,59,2,28.9,1,0.0,1.0,1.0,0.0,2.0,Moderate
89799.0,2015-2016,33,1,32.8,6,0.0,0.0,0.0,2.0,2.0,Moderate
89800.0,2015-2016,60,2,34.6,4,1.0,1.0,0.0,2.0,1.0,High
89801.0,2015-2016,67,1,31.4,1,1.0,1.0,1.0,1.0,1.0,High
89802.0,2015-2016,25,2,21.0,6,1.0,0.0,1.0,0.0,2.0,Low
89803.0,2015-2016,61,1,25.8,1,0.0,1.0,0.0,1.0,1.0,High
89804.0,2015-2016,66,2,34.6,3,0.0,1.0,1.0,1.0,2.0,Moderate
89805.0,2015-2016,26,2,22.2,3,0.0,0.0,1.0,2.0,2.0,Low
89806.0,2015-2016,36,1,22.5,3,0.0,0.0,,1.0,2.0,Low
89807.0,2015-2016,69,2,32.5,1,0.0,0.0,0.0,0.0,2.0,Low
89809.0,2015-2016,48,2,36.1,3,0.0,0.0,0.0,0.0,2.0,Low
89810.0,2015-2016,24,2,64.6,4,1.0,1.0,1.0,0.0,2.0,Moderate
89813.0,2015-2016,40,2,32.3,3,1.0,1.0,1.0,1.0,1.0,High
89814.0,2015-2016,33,1,37.6,3,1.0,0.0,0.0,1.0,2.0,Low
89816.0,2015-2016,26,2,23.5,1,1.0,0.0,1.0,0.0,2.0,Moderate
89820.0,2015-2016,35,2,27.2,1,0.0,0.0,1.0,0.0,2.0,Low
89822.0,2015-2016,60,1,38.3,1,1.0,1.0,0.0,0.0,1.0,High
89823.0,2015-2016,21,2,25.6,3,0.0,0.0,1.0,0.0,2.0,Low
89824.0,2015-2016,60,2,27.2,1,0.0,0.0,0.0,2.0,2.0,Moderate
89825.0,2015-2016,23,2,20.3,4,1.0,0.0,1.0,0.0,2.0,Moderate
89829.0,2015-2016,39,2,31.7,1,1.0,1.0,1.0,0.0,2.0,Moderate
89831.0,2015-2016,52,2,27.8,1,0.0,0.0,0.0,0.0,1.0,High
89832.0,2015-2016,26,2,22.5,1,1.0,0.0,1.0,0.0,2.0,Low
89833.0,2015-2016,36,2,43.8,4,1.0,0.0,1.0,1.0,2.0,Low
89835.0,2015-2016,75,2,35.3,3,1.0,1.0,0.0,0.0,2.0,Moderate
89839.0,2015-2016,36,2,30.1,3,0.0,0.0,1.0,2.0,2.0,Low
89841.0,2015-2016,57,1,36.4,4,1.0,0.0,1.0,1.0,2.0,Moderate
89842.0,2015-2016,28,1,24.5,4,1.0,0.0,1.0,0.0,2.0,Low
89844.0,2015-2016,64,2,44.7,2,0.0,1.0,0.0,0.0,2.0,Low
89845.0,2015-2016,63,1,33.9,4,0.0,1.0,1.0,2.0,1.0,High
89846.0,2015-2016,32,1,24.8,4,0.0,0.0,1.0,2.0,2.0,Moderate
89848.0,2015-2016,80,1,23.3,6,1.0,1.0,0.0,0.0,1.0,High
89849.0,2015-2016,67,2,29.2,6,1.0,0.0,1.0,0.0,2.0,Moderate
89850.0,2015-2016,80,1,26.4,3,1.0,0.0,1.0,0.0,2.0,Low
89851.0,2015-2016,44,1,43.7,3,0.0,0.0,0.0,0.0,1.0,High
89853.0,2015-2016,74,2,30.2,3,0.0,1.0,0.0,0.0,2.0,Moderate
89854.0,2015-2016,37,2,32.8,1,1.0,0.0,1.0,0.0,2.0,Low
89855.0,2015-2016,59,1,35.1,3,1.0,1.0,0.0,2.0,3.0,High
89856.0,2015-2016,42,2,24.9,1,0.0,0.0,0.0,0.0,2.0,Low
89860.0,2015-2016,65,1,25.8,3,1.0,0.0,0.0,2.0,2.0,Low
89861.0,2015-2016,58,1,31.3,3,0.0,0.0,0.0,0.0,2.0,High
89862.0,2015-2016,60,2,54.2,4,1.0,1.0,0.0,1.0,1.0,High
89864.0,2015-2016,20,1,20.9,1,0.0,0.0,1.0,0.0,2.0,Low
89868.0,2015-2016,25,2,21.3,3,1.0,0.0,1.0,0.0,2.0,Low
89878.0,2015-2016,47,1,23.0,6,0.0,0.0,1.0,1.0,2.0,Low
89881.0,2015-2016,30,2,21.2,6,0.0,0.0,0.0,0.0,2.0,Low
89883.0,2015-2016,72,1,34.0,3,0.0,0.0,0.0,1.0,2.0,Moderate
89884.0,2015-2016,76,2,37.6,1,1.0,1.0,0.0,0.0,1.0,High
89886.0,2015-2016,38,2,39.7,3,1.0,0.0,1.0,0.0,2.0,Moderate
89889.0,2015-2016,54,2,21.0,6,1.0,1.0,0.0,0.0,2.0,Low
89891.0,2015-2016,48,1,25.9,3,0.0,0.0,0.0,1.0,2.0,Low
89892.0,2015-2016,42,2,30.0,1,0.0,0.0,0.0,0.0,2.0,Low
89894.0,2015-2016,65,2,35.6,2,1.0,1.0,1.0,0.0,1.0,High
89897.0,2015-2016,80,2,30.3,3,0.0,0.0,0.0,0.0,2.0,Low
89898.0,2015-2016,26,1,24.6,6,0.0,0.0,1.0,1.0,2.0,Moderate
89901.0,2015-2016,36,2,28.0,1,0.0,0.0,0.0,0.0,2.0,Low
89902.0,2015-2016,73,1,29.8,3,1.0,0.0,1.0,1.0,1.0,High
89904.0,2015-2016,30,2,20.1,6,0.0,0.0,0.0,0.0,2.0,Low
89905.0,2015-2016,60,2,26.1,3,0.0,0.0,1.0,2.0,2.0,Moderate
89907.0,2015-2016,77,2,20.2,3,1.0,1.0,1.0,2.0,2.0,Moderate
89908.0,2015-2016,30,2,28.7,1,1.0,1.0,1.0,0.0,2.0,Low
89909.0,2015-2016,72,1,22.3,3,0.0,0.0,0.0,0.0,1.0,High
89911.0,2015-2016,32,2,37.9,2,0.0,0.0,1.0,0.0,2.0,Low
89913.0,2015-2016,65,1,23.5,6,0.0,0.0,1.0,1.0,2.0,High
89918.0,2015-2016,42,1,28.4,4,0.0,0.0,1.0,0.0,2.0,Moderate
89919.0,2015-2016,40,2,39.6,1,1.0,1.0,0.0,0.0,2.0,Low
89921.0,2015-2016,37,1,37.6,3,0.0,0.0,0.0,0.0,2.0,Low
89925.0,2015-2016,68,2,40.2,1,1.0,1.0,0.0,0.0,1.0,High
89927.0,2015-2016,41,2,31.7,3,1.0,1.0,1.0,0.0,2.0,Low
89929.0,2015-2016,31,2,38.1,4,0.0,0.0,1.0,0.0,2.0,Low
89933.0,2015-2016,31,1,24.6,3,0.0,0.0,0.0,2.0,2.0,Low
89935.0,2015-2016,46,2,64.5,3,1.0,0.0,1.0,1.0,2.0,High
89939.0,2015-2016,27,1,22.3,6,1.0,0.0,0.0,0.0,2.0,Low
89942.0,2015-2016,62,1,26.3,4,0.0,1.0,0.0,0.0,2.0,Low
89945.0,2015-2016,42,1,27.5,6,1.0,0.0,1.0,1.0,2.0,Low
89946.0,2015-2016,28,1,21.1,3,0.0,0.0,1.0,2.0,2.0,Low
89948.0,2015-2016,61,1,31.1,6,1.0,1.0,0.0,1.0,2.0,Moderate
89950.0,2015-2016,26,2,19.9,4,0.0,0.0,1.0,0.0,2.0,Low
89953.0,2015-2016,65,2,48.6,3,1.0,1.0,0.0,0.0,2.0,Low
89955.0,2015-2016,21,1,27.9,4,1.0,0.0,0.0,0.0,2.0,Low
89957.0,2015-2016,33,2,28.5,6,1.0,0.0,0.0,0.0,2.0,Low
89959.0,2015-2016,32,2,24.2,3,1.0,0.0,1.0,0.0,2.0,Low
89960.0,2015-2016,69,2,28.6,3,0.0,1.0,1.0,1.0,2.0,Moderate
89962.0,2015-2016,20,1,19.6,4,0.0,0.0,1.0,0.0,2.0,Low
89963.0,2015-2016,25,1,36.7,1,1.0,0.0,1.0,2.0,2.0,Low
89964.0,2015-2016,63,2,23.1,2,0.0,0.0,0.0,1.0,2.0,Moderate
89965.0,2015-2016,54,1,28.5,3,1.0,1.0,0.0,2.0,2.0,Low
89966.0,2015-2016,69,2,48.7,4,1.0,1.0,0.0,0.0,1.0,High
89967.0,2015-2016,51,1,32.5,2,1.0,0.0,0.0,0.0,2.0,Moderate
89970.0,2015-2016,47,2,29.3,4,0.0,0.0,0.0,2.0,2.0,Moderate
89974.0,2015-2016,76,1,30.8,4,0.0,1.0,0.0,0.0,2.0,Moderate
89975.0,2015-2016,26,1,34.4,3,0.0,0.0,0.0,0.0,2.0,Low
89977.0,2015-2016,67,2,31.2,1,1.0,1.0,0.0,0.0,2.0,Moderate
89978.0,2015-2016,64,2,38.3,2,1.0,1.0,0.0,0.0,1.0,High
89980.0,2015-2016,33,2,31.2,2,0.0,0.0,1.0,1.0,2.0,Low
89981.0,2015-2016,46,2,42.5,4,1.0,1.0,1.0,0.0,1.0,High
89986.0,2015-2016,28,2,33.0,3,1.0,0.0,1.0,2.0,2.0,Moderate
89987.0,2015-2016,69,2,29.1,2,1.0,0.0,0.0,1.0,2.0,Moderate
89991.0,2015-2016,26,1,18.1,6,0.0,0.0,1.0,0.0,2.0,Low
89992.0,2015-2016,70,2,44.7,4,1.0,0.0,1.0,1.0,3.0,Moderate
89993.0,2015-2016,51,2,39.9,3,0.0,1.0,1.0,1.0,2.0,Low
89994.0,2015-2016,45,2,34.1,2,0.0,0.0,0.0,0.0,2.0,Low
89997.0,2015-2016,71,1,30.8,3,1.0,0.0,0.0,1.0,3.0,Moderate
89998.0,2015-2016,29,1,30.7,6,1.0,0.0,1.0,0.0,2.0,Moderate
90000.0,2015-2016,53,2,28.5,3,1.0,1.0,1.0,0.0,2.0,Moderate
90001.0,2015-2016,76,1,21.6,6,1.0,1.0,1.0,1.0,1.0,High
90004.0,2015-2016,42,1,24.8,1,0.0,0.0,0.0,0.0,2.0,Moderate
90006.0,2015-2016,25,1,23.5,6,0.0,0.0,0.0,0.0,2.0,Low
90007.0,2015-2016,59,2,23.9,1,1.0,0.0,1.0,0.0,2.0,Moderate
90008.0,2015-2016,41,1,32.9,3,0.0,0.0,0.0,1.0,2.0,Low
90009.0,2015-2016,42,1,32.2,7,1.0,0.0,1.0,1.0,2.0,Low
90011.0,2015-2016,48,2,34.5,6,0.0,0.0,0.0,0.0,2.0,Low
90013.0,2015-2016,20,1,20.1,4,1.0,0.0,0.0,0.0,2.0,Low
90014.0,2015-2016,50,2,30.6,1,1.0,0.0,1.0,0.0,2.0,Moderate
90016.0,2015-2016,35,1,34.6,6,1.0,0.0,1.0,2.0,2.0,High
90017.0,2015-2016,43,1,23.2,6,0.0,0.0,1.0,0.0,2.0,Low
90020.0,2015-2016,33,2,43.0,2,0.0,1.0,1.0,2.0,2.0,Moderate
90021.0,2015-2016,64,1,24.0,6,0.0,0.0,0.0,0.0,1.0,High
90027.0,2015-2016,51,1,39.5,3,0.0,0.0,0.0,1.0,2.0,Moderate
90028.0,2015-2016,43,2,28.6,1,1.0,0.0,0.0,0.0,2.0,Moderate
90029.0,2015-2016,52,1,24.9,3,1.0,0.0,1.0,2.0,2.0,Low
90030.0,2015-2016,77,1,27.2,4,0.0,1.0,1.0,1.0,2.0,Moderate
90031.0,2015-2016,57,2,22.8,1,0.0,0.0,1.0,0.0,2.0,Low
90033.0,2015-2016,44,2,33.6,4,1.0,1.0,0.0,0.0,2.0,Low
90034.0,2015-2016,68,1,26.5,3,1.0,1.0,1.0,2.0,2.0,Moderate
90035.0,2015-2016,80,2,23.8,3,0.0,1.0,0.0,0.0,2.0,Low
90036.0,2015-2016,36,2,31.4,6,0.0,0.0,0.0,0.0,2.0,Low
90045.0,2015-2016,33,1,24.3,3,1.0,0.0,1.0,0.0,2.0,Low
90046.0,2015-2016,61,1,23.6,2,0.0,0.0,0.0,0.0,2.0,Moderate
90047.0,2015-2016,80,2,20.8,3,0.0,1.0,1.0,1.0,2.0,Low
90048.0,2015-2016,41,2,,6,0.0,0.0,1.0,0.0,2.0,Moderate
90049.0,2015-2016,46,1,29.2,1,1.0,0.0,0.0,2.0,2.0,Low
90050.0,2015-2016,74,1,26.3,4,0.0,0.0,0.0,2.0,2.0,Low
90052.0,2015-2016,73,2,37.9,7,0.0,1.0,0.0,1.0,1.0,High
90055.0,2015-2016,77,2,33.5,1,0.0,0.0,0.0,0.0,2.0,High
90057.0,2015-2016,68,1,33.8,3,0.0,0.0,0.0,1.0,2.0,Moderate
90059.0,2015-2016,23,1,23.9,4,1.0,0.0,1.0,0.0,2.0,Low
90060.0,2015-2016,73,1,24.6,4,0.0,0.0,1.0,0.0,2.0,Low
90061.0,2015-2016,45,2,33.5,2,1.0,0.0,0.0,0.0,2.0,Low
90062.0,2015-2016,34,2,38.3,4,1.0,1.0,1.0,2.0,2.0,Low
90065.0,2015-2016,77,2,27.9,1,0.0,0.0,0.0,0.0,1.0,High
90066.0,2015-2016,63,2,26.7,7,1.0,0.0,1.0,2.0,1.0,High
90067.0,2015-2016,62,2,19.2,2,0.0,1.0,0.0,0.0,2.0,Moderate
90068.0,2015-2016,68,2,30.9,2,1.0,0.0,0.0,1.0,2.0,High
90069.0,2015-2016,40,2,33.5,4,0.0,0.0,1.0,0.0,1.0,High
90071.0,2015-2016,36,1,28.1,1,1.0,0.0,1.0,0.0,2.0,Low
90073.0,2015-2016,52,2,23.7,2,1.0,0.0,0.0,0.0,1.0,High
90074.0,2015-2016,42,2,42.5,4,1.0,0.0,1.0,0.0,2.0,Low
90075.0,2015-2016,58,2,27.8,4,1.0,1.0,0.0,2.0,2.0,Moderate
90076.0,2015-2016,79,2,38.2,3,1.0,1.0,0.0,1.0,1.0,High
90077.0,2015-2016,54,1,23.6,4,1.0,1.0,1.0,2.0,3.0,Moderate
90078.0,2015-2016,76,1,23.5,3,0.0,0.0,1.0,0.0,2.0,Moderate
90079.0,2015-2016,80,1,24.0,1,0.0,1.0,0.0,0.0,2.0,Moderate
90081.0,2015-2016,45,2,56.3,3,0.0,1.0,0.0,1.0,2.0,Low
90084.0,2015-2016,80,2,25.4,3,1.0,1.0,1.0,1.0,2.0,Moderate
90086.0,2015-2016,76,2,30.9,1,1.0,1.0,0.0,0.0,1.0,High
90088.0,2015-2016,60,1,33.6,1,1.0,1.0,0.0,1.0,2.0,High
90089.0,2015-2016,31,1,21.2,3,0.0,0.0,0.0,0.0,2.0,Moderate
90090.0,2015-2016,34,1,28.7,6,1.0,0.0,1.0,0.0,2.0,Low
90092.0,2015-2016,54,2,29.3,2,1.0,0.0,1.0,2.0,2.0,Low
90093.0,2015-2016,24,2,48.7,1,0.0,0.0,1.0,0.0,2.0,Moderate
90095.0,2015-2016,22,1,18.5,1,0.0,0.0,0.0,0.0,2.0,Low
90096.0,2015-2016,51,1,28.8,6,1.0,0.0,1.0,1.0,2.0,High
90098.0,2015-2016,50,1,27.9,4,0.0,0.0,0.0,2.0,2.0,Moderate
90099.0,2015-2016,22,1,49.9,2,1.0,0.0,0.0,0.0,2.0,Moderate
90100.0,2015-2016,47,1,24.8,6,0.0,0.0,0.0,0.0,2.0,Low
90102.0,2015-2016,49,1,25.2,6,1.0,1.0,1.0,0.0,1.0,High
90106.0,2015-2016,52,2,56.7,2,1.0,1.0,0.0,0.0,1.0,High
90108.0,2015-2016,80,1,26.0,3,0.0,1.0,0.0,0.0,1.0,High
90110.0,2015-2016,58,1,26.7,1,0.0,1.0,0.0,0.0,1.0,High
90111.0,2015-2016,36,2,21.1,3,1.0,1.0,0.0,0.0,2.0,Low
90113.0,2015-2016,27,2,39.0,4,1.0,0.0,0.0,0.0,2.0,High
90115.0,2015-2016,79,1,27.1,3,0.0,1.0,0.0,1.0,1.0,High
90117.0,2015-2016,79,2,28.5,3,0.0,1.0,0.0,0.0,2.0,Low
90119.0,2015-2016,61,2,49.9,4,1.0,1.0,1.0,0.0,1.0,High
90120.0,2015-2016,20,1,35.7,4,1.0,0.0,1.0,1.0,2.0,Moderate
90121.0,2015-2016,44,2,45.2,3,0.0,0.0,1.0,0.0,2.0,Moderate
90122.0,2015-2016,33,1,32.2,4,0.0,0.0,0.0,0.0,2.0,Low
90124.0,2015-2016,29,1,28.8,4,1.0,1.0,0.0,0.0,2.0,Low
90125.0,2015-2016,39,2,41.4,1,0.0,0.0,1.0,0.0,2.0,Low
90131.0,2015-2016,53,1,22.3,1,0.0,0.0,0.0,2.0,2.0,Low
90136.0,2015-2016,51,1,30.1,4,0.0,0.0,1.0,0.0,2.0,Low
90138.0,2015-2016,80,1,31.8,3,0.0,1.0,0.0,1.0,1.0,High
90139.0,2015-2016,74,1,29.5,6,1.0,1.0,0.0,2.0,1.0,High
90140.0,2015-2016,80,2,23.4,3,1.0,1.0,1.0,0.0,1.0,High
90142.0,2015-2016,46,1,33.6,1,1.0,0.0,0.0,0.0,2.0,Moderate
90143.0,2015-2016,24,1,33.6,2,0.0,0.0,0.0,0.0,2.0,Low
90144.0,2015-2016,72,1,28.8,3,0.0,0.0,1.0,0.0,2.0,Moderate
90146.0,2015-2016,34,2,27.6,4,1.0,0.0,0.0,2.0,1.0,High
90148.0,2015-2016,60,1,26.1,7,0.0,0.0,0.0,0.0,2.0,Moderate
90150.0,2015-2016,57,2,23.4,4,0.0,0.0,0.0,2.0,2.0,Low
90152.0,2015-2016,69,1,25.7,2,0.0,0.0,0.0,1.0,2.0,Low
90153.0,2015-2016,34,2,31.1,1,1.0,0.0,1.0,0.0,2.0,Low
90154.0,2015-2016,61,1,28.0,2,1.0,0.0,1.0,0.0,1.0,High
90156.0,2015-2016,51,2,19.7,6,1.0,1.0,0.0,2.0,2.0,Moderate
90157.0,2015-2016,46,2,34.9,3,0.0,0.0,0.0,1.0,2.0,Low
90158.0,2015-2016,71,1,30.6,3,1.0,1.0,0.0,1.0,1.0,High
90163.0,2015-2016,58,1,30.8,3,0.0,1.0,0.0,2.0,2.0,Low
90164.0,2015-2016,59,2,36.9,3,0.0,1.0,0.0,1.0,2.0,Moderate
90167.0,2015-2016,39,2,45.0,4,1.0,0.0,1.0,0.0,2.0,Low
90168.0,2015-2016,49,2,22.4,3,0.0,0.0,1.0,0.0,2.0,Low
90171.0,2015-2016,67,1,27.1,6,0.0,0.0,0.0,2.0,2.0,Moderate
90172.0,2015-2016,67,2,39.9,4,1.0,1.0,0.0,2.0,2.0,Moderate
90174.0,2015-2016,41,1,33.6,4,0.0,1.0,0.0,2.0,2.0,Moderate
90175.0,2015-2016,67,2,31.9,6,,0.0,0.0,0.0,2.0,Moderate
90179.0,2015-2016,54,2,24.2,6,0.0,1.0,0.0,0.0,2.0,Low
90181.0,2015-2016,55,2,24.3,6,0.0,0.0,1.0,0.0,2.0,Moderate
90182.0,2015-2016,20,1,53.0,3,1.0,0.0,0.0,0.0,2.0,High
90184.0,2015-2016,36,2,31.1,4,0.0,1.0,0.0,2.0,2.0,Low
90185.0,2015-2016,46,2,32.3,6,1.0,0.0,0.0,0.0,2.0,Moderate
90186.0,2015-2016,48,2,32.3,4,1.0,0.0,0.0,0.0,2.0,Moderate
90187.0,2015-2016,51,2,34.2,1,1.0,1.0,0.0,0.0,2.0,Low
90188.0,2015-2016,54,2,30.6,3,1.0,0.0,1.0,1.0,2.0,Moderate
90189.0,2015-2016,23,2,21.1,1,0.0,1.0,1.0,0.0,2.0,Low
90190.0,2015-2016,46,2,36.6,1,0.0,0.0,0.0,1.0,2.0,Low
90191.0,2015-2016,67,2,26.7,4,1.0,1.0,1.0,1.0,2.0,Moderate
90194.0,2015-2016,62,2,28.6,4,0.0,1.0,0.0,0.0,2.0,Moderate
90195.0,2015-2016,74,2,31.5,1,1.0,1.0,0.0,0.0,2.0,High
90199.0,2015-2016,33,1,33.5,1,1.0,0.0,0.0,2.0,2.0,Moderate
90200.0,2015-2016,58,1,27.3,3,1.0,1.0,0.0,1.0,1.0,High
90204.0,2015-2016,44,1,28.8,3,0.0,0.0,1.0,1.0,2.0,Low
90206.0,2015-2016,80,1,25.1,3,0.0,1.0,0.0,0.0,2.0,Low
90209.0,2015-2016,39,1,27.4,3,0.0,0.0,1.0,0.0,2.0,Low
90210.0,2015-2016,53,2,49.0,4,0.0,0.0,1.0,2.0,2.0,Moderate
90212.0,2015-2016,61,1,34.2,2,0.0,1.0,1.0,1.0,2.0,Moderate
90214.0,2015-2016,65,2,31.5,2,1.0,1.0,0.0,0.0,2.0,High
90221.0,2015-2016,31,1,35.5,6,1.0,0.0,1.0,0.0,2.0,Low
90223.0,2015-2016,65,2,19.5,2,1.0,1.0,0.0,2.0,2.0,Moderate
90225.0,2015-2016,26,1,22.5,4,0.0,0.0,1.0,0.0,2.0,Low
90229.0,2015-2016,73,1,32.6,4,0.0,1.0,1.0,1.0,3.0,Moderate
90230.0,2015-2016,48,1,29.0,3,1.0,1.0,0.0,1.0,2.0,Moderate
90235.0,2015-2016,51,1,28.5,1,0.0,0.0,0.0,0.0,2.0,Low
90239.0,2015-2016,66,2,39.0,3,0.0,1.0,0.0,1.0,2.0,Moderate
90240.0,2015-2016,53,1,23.6,1,1.0,0.0,0.0,0.0,1.0,High
90242.0,2015-2016,62,1,44.9,3,1.0,1.0,1.0,2.0,2.0,Moderate
90243.0,2015-2016,77,2,25.1,6,0.0,0.0,0.0,0.0,1.0,High
90244.0,2015-2016,54,2,17.3,3,1.0,1.0,1.0,0.0,2.0,Moderate
90247.0,2015-2016,53,2,37.9,3,1.0,0.0,1.0,0.0,2.0,Moderate
90248.0,2015-2016,80,2,25.9,3,0.0,0.0,0.0,0.0,2.0,Moderate
90249.0,2015-2016,63,1,32.5,3,1.0,1.0,1.0,1.0,2.0,Moderate
90250.0,2015-2016,23,2,21.7,7,0.0,0.0,1.0,0.0,2.0,Low
90254.0,2015-2016,59,1,21.8,2,1.0,0.0,1.0,0.0,2.0,Low
90256.0,2015-2016,51,1,28.9,2,1.0,1.0,0.0,0.0,1.0,High
90257.0,2015-2016,69,2,22.3,6,1.0,1.0,1.0,0.0,1.0,High
90258.0,2015-2016,79,1,28.7,3,0.0,0.0,1.0,1.0,2.0,Low
90260.0,2015-2016,45,2,32.2,4,1.0,1.0,1.0,0.0,2.0,Low
90261.0,2015-2016,24,1,26.6,4,0.0,0.0,1.0,2.0,2.0,Low
90262.0,2015-2016,30,2,25.6,2,0.0,0.0,1.0,0.0,2.0,Low
90263.0,2015-2016,79,1,26.9,3,1.0,1.0,1.0,1.0,1.0,High
90266.0,2015-2016,33,2,23.5,1,1.0,0.0,0.0,0.0,2.0,Low
90268.0,2015-2016,22,2,32.1,1,1.0,0.0,1.0,0.0,2.0,Low
90272.0,2015-2016,45,1,32.4,3,,1.0,1.0,0.0,2.0,Moderate
90273.0,2015-2016,65,2,26.6,1,1.0,1.0,0.0,0.0,2.0,Moderate
90278.0,2015-2016,78,2,35.1,1,0.0,1.0,0.0,0.0,2.0,Moderate
90281.0,2015-2016,46,2,29.6,1,1.0,0.0,0.0,0.0,2.0,High
90282.0,2015-2016,49,2,31.6,1,1.0,1.0,0.0,0.0,1.0,High
90285.0,2015-2016,62,2,34.7,4,0.0,1.0,1.0,0.0,1.0,High
90287.0,2015-2016,36,2,24.7,4,0.0,0.0,1.0,0.0,2.0,Low
90292.0,2015-2016,24,1,29.1,4,0.0,0.0,1.0,0.0,2.0,Low
90293.0,2015-2016,48,2,30.0,4,0.0,0.0,0.0,0.0,2.0,High
90294.0,2015-2016,80,2,21.0,3,1.0,1.0,0.0,1.0,1.0,High
90295.0,2015-2016,48,2,29.3,4,0.0,1.0,1.0,0.0,2.0,Moderate
90297.0,2015-2016,21,2,22.6,4,0.0,0.0,0.0,2.0,2.0,Low
90298.0,2015-2016,48,2,21.2,6,1.0,0.0,1.0,0.0,2.0,Low
90299.0,2015-2016,54,1,24.8,3,0.0,0.0,1.0,0.0,2.0,Moderate
90301.0,2015-2016,65,2,38.3,3,,1.0,1.0,1.0,1.0,High
90303.0,2015-2016,56,1,50.6,3,1.0,1.0,0.0,1.0,1.0,High
90304.0,2015-2016,66,1,26.5,4,0.0,1.0,1.0,0.0,2.0,Low
90305.0,2015-2016,40,1,27.4,4,1.0,0.0,1.0,0.0,2.0,Low
90307.0,2015-2016,42,2,44.0,4,1.0,1.0,1.0,0.0,3.0,Moderate
90308.0,2015-2016,61,2,31.2,2,1.0,1.0,1.0,2.0,1.0,High
90315.0,2015-2016,80,1,30.0,3,0.0,1.0,0.0,1.0,2.0,Low
90318.0,2015-2016,72,1,38.8,3,1.0,1.0,0.0,0.0,1.0,High
90320.0,2015-2016,75,2,32.9,3,0.0,0.0,1.0,0.0,2.0,Moderate
90321.0,2015-2016,44,2,31.2,4,1.0,0.0,1.0,0.0,2.0,Low
90322.0,2015-2016,26,1,23.8,4,0.0,0.0,0.0,0.0,2.0,Low
90323.0,2015-2016,45,2,30.9,1,1.0,0.0,1.0,0.0,2.0,Low
90324.0,2015-2016,25,1,22.6,3,0.0,0.0,0.0,0.0,2.0,Low
90325.0,2015-2016,67,2,27.4,1,1.0,0.0,0.0,0.0,2.0,Low
90326.0,2015-2016,60,2,23.6,7,1.0,1.0,0.0,2.0,2.0,Moderate
90328.0,2015-2016,35,2,32.8,1,1.0,0.0,0.0,0.0,2.0,Moderate
90329.0,2015-2016,68,2,25.5,3,0.0,0.0,0.0,1.0,2.0,Moderate
90330.0,2015-2016,54,1,42.0,1,1.0,0.0,1.0,1.0,2.0,High
90332.0,2015-2016,80,1,,1,1.0,1.0,0.0,0.0,1.0,High
90335.0,2015-2016,52,2,24.5,6,1.0,1.0,1.0,0.0,1.0,High
90337.0,2015-2016,61,2,31.0,1,1.0,0.0,1.0,0.0,2.0,Moderate
90338.0,2015-2016,80,2,20.0,3,0.0,1.0,1.0,0.0,2.0,Moderate
90340.0,2015-2016,73,2,32.2,3,1.0,1.0,0.0,2.0,2.0,Moderate
90341.0,2015-2016,70,1,26.0,3,0.0,0.0,1.0,0.0,2.0,Moderate
90346.0,2015-2016,69,2,30.7,4,0.0,0.0,1.0,0.0,2.0,Moderate
90347.0,2015-2016,65,2,21.2,4,1.0,0.0,1.0,0.0,2.0,Low
90350.0,2015-2016,24,1,27.7,4,0.0,0.0,0.0,2.0,2.0,Low
90352.0,2015-2016,31,1,23.7,4,0.0,0.0,1.0,0.0,2.0,Low
90353.0,2015-2016,50,1,35.0,3,1.0,0.0,0.0,1.0,2.0,Moderate
90354.0,2015-2016,43,2,25.9,1,1.0,0.0,1.0,0.0,2.0,Low
90355.0,2015-2016,68,1,29.0,1,0.0,0.0,0.0,1.0,2.0,Moderate
90356.0,2015-2016,33,2,30.9,1,0.0,0.0,0.0,0.0,2.0,Low
90357.0,2015-2016,56,1,20.2,6,0.0,1.0,1.0,0.0,2.0,Moderate
90359.0,2015-2016,80,1,22.5,3,0.0,0.0,0.0,0.0,2.0,Moderate
90361.0,2015-2016,22,2,24.9,3,0.0,0.0,1.0,0.0,2.0,Low
90362.0,2015-2016,67,2,15.5,6,0.0,0.0,0.0,0.0,2.0,Low
90363.0,2015-2016,80,2,27.8,3,0.0,1.0,0.0,0.0,2.0,Moderate
90366.0,2015-2016,28,2,33.9,4,0.0,1.0,0.0,0.0,2.0,Moderate
90367.0,2015-2016,61,1,29.1,2,1.0,1.0,0.0,1.0,1.0,High
90369.0,2015-2016,40,2,29.5,4,,0.0,0.0,0.0,2.0,Moderate
90370.0,2015-2016,51,1,25.9,6,0.0,0.0,0.0,0.0,2.0,Low
90375.0,2015-2016,59,2,25.9,3,1.0,0.0,1.0,0.0,2.0,Moderate
90377.0,2015-2016,23,2,24.6,1,1.0,0.0,0.0,0.0,2.0,Low
90380.0,2015-2016,22,1,22.3,4,0.0,0.0,0.0,0.0,2.0,Low
90381.0,2015-2016,80,1,26.8,3,0.0,1.0,0.0,1.0,1.0,High
90384.0,2015-2016,47,2,28.1,3,0.0,0.0,1.0,1.0,2.0,Moderate
90386.0,2015-2016,71,1,25.7,1,0.0,0.0,0.0,1.0,2.0,Moderate
90391.0,2015-2016,42,1,31.5,3,1.0,1.0,1.0,2.0,2.0,Low
90393.0,2015-2016,33,1,31.8,2,0.0,0.0,0.0,1.0,2.0,Low
90394.0,2015-2016,36,1,36.0,1,1.0,0.0,0.0,0.0,2.0,Low
90396.0,2015-2016,48,1,22.0,6,1.0,0.0,1.0,0.0,2.0,Moderate
90397.0,2015-2016,60,2,34.3,3,0.0,1.0,0.0,1.0,1.0,High
90398.0,2015-2016,23,2,22.0,3,0.0,0.0,1.0,0.0,2.0,Low
90399.0,2015-2016,62,2,20.1,6,1.0,0.0,1.0,0.0,2.0,Low
90403.0,2015-2016,23,2,25.1,3,0.0,0.0,1.0,2.0,2.0,Low
90404.0,2015-2016,58,1,29.6,2,0.0,0.0,0.0,1.0,2.0,Moderate
90406.0,2015-2016,29,2,27.4,2,1.0,0.0,0.0,0.0,2.0,Low
90409.0,2015-2016,55,2,46.9,1,1.0,1.0,0.0,1.0,2.0,High
90410.0,2015-2016,37,1,36.8,3,0.0,1.0,0.0,0.0,2.0,Low
90412.0,2015-2016,57,1,24.8,4,0.0,0.0,1.0,0.0,2.0,Moderate
90413.0,2015-2016,79,2,32.0,2,1.0,1.0,0.0,1.0,2.0,Moderate
90416.0,2015-2016,51,2,33.7,1,1.0,1.0,1.0,2.0,2.0,Moderate
90417.0,2015-2016,76,2,31.5,1,0.0,1.0,1.0,0.0,2.0,Moderate
90419.0,2015-2016,80,1,37.5,3,0.0,1.0,0.0,1.0,2.0,Low
90421.0,2015-2016,71,2,23.8,3,0.0,1.0,0.0,0.0,2.0,Moderate
90422.0,2015-2016,42,2,27.0,4,0.0,1.0,0.0,0.0,2.0,Moderate
90424.0,2015-2016,73,2,19.8,3,1.0,0.0,0.0,0.0,2.0,Low
90425.0,2015-2016,42,1,30.4,4,0.0,1.0,1.0,0.0,2.0,Low
90426.0,2015-2016,35,2,26.4,1,0.0,0.0,1.0,0.0,2.0,Moderate
90429.0,2015-2016,35,1,21.6,6,0.0,0.0,1.0,0.0,2.0,Low
90432.0,2015-2016,70,1,24.2,6,0.0,0.0,1.0,0.0,2.0,Moderate
90436.0,2015-2016,59,1,19.2,4,1.0,1.0,0.0,1.0,1.0,High
90439.0,2015-2016,31,1,54.0,4,1.0,1.0,1.0,1.0,1.0,High
90441.0,2015-2016,80,2,24.8,3,1.0,1.0,0.0,0.0,2.0,High
90444.0,2015-2016,62,2,23.1,4,1.0,1.0,0.0,1.0,2.0,Low
90447.0,2015-2016,43,2,22.9,3,1.0,0.0,0.0,2.0,2.0,Low
90449.0,2015-2016,64,1,24.6,4,1.0,1.0,0.0,2.0,2.0,Low
90452.0,2015-2016,64,1,36.5,2,1.0,1.0,0.0,0.0,2.0,Moderate
90454.0,2015-2016,20,2,32.0,3,0.0,0.0,1.0,2.0,2.0,Low
90455.0,2015-2016,57,1,21.8,3,1.0,0.0,1.0,0.0,2.0,Moderate
90456.0,2015-2016,76,2,,3,1.0,1.0,0.0,0.0,2.0,Moderate
90461.0,2015-2016,37,2,32.2,4,1.0,0.0,1.0,0.0,2.0,Low
90463.0,2015-2016,44,2,18.9,3,0.0,1.0,0.0,2.0,2.0,Low
90464.0,2015-2016,41,1,31.3,1,0.0,0.0,1.0,1.0,2.0,Moderate
90465.0,2015-2016,36,1,25.8,1,1.0,0.0,0.0,0.0,2.0,Moderate
90466.0,2015-2016,22,1,23.9,6,1.0,0.0,1.0,0.0,2.0,Low
90467.0,2015-2016,72,2,21.8,3,0.0,0.0,1.0,0.0,2.0,Low
90470.0,2015-2016,44,2,41.8,1,0.0,0.0,0.0,0.0,2.0,Moderate
90473.0,2015-2016,44,1,30.9,3,,1.0,0.0,2.0,2.0,Moderate
90477.0,2015-2016,72,1,26.0,3,1.0,0.0,0.0,1.0,1.0,High
90480.0,2015-2016,58,1,24.0,4,0.0,1.0,0.0,2.0,2.0,Low
90481.0,2015-2016,61,1,25.7,3,0.0,1.0,0.0,2.0,2.0,Moderate
90482.0,2015-2016,63,2,29.9,1,1.0,0.0,0.0,1.0,2.0,Moderate
90484.0,2015-2016,75,1,26.1,6,0.0,0.0,1.0,0.0,2.0,Moderate
90486.0,2015-2016,80,1,32.7,4,1.0,1.0,0.0,1.0,2.0,Low
90490.0,2015-2016,55,2,31.6,2,0.0,0.0,0.0,0.0,2.0,Low
90493.0,2015-2016,46,1,28.3,2,0.0,0.0,0.0,0.0,2.0,Moderate
90494.0,2015-2016,37,2,27.7,2,0.0,0.0,1.0,0.0,2.0,Moderate
90495.0,2015-2016,78,2,28.5,4,1.0,1.0,1.0,0.0,2.0,Low
90497.0,2015-2016,20,2,37.7,3,0.0,0.0,0.0,0.0,2.0,Low
90498.0,2015-2016,42,1,20.1,1,0.0,0.0,0.0,2.0,2.0,Moderate
90500.0,2015-2016,72,2,33.6,1,1.0,1.0,1.0,1.0,2.0,Moderate
90501.0,2015-2016,21,2,24.4,3,0.0,1.0,1.0,0.0,2.0,Low
90502.0,2015-2016,27,2,28.3,3,1.0,0.0,1.0,1.0,2.0,Low
90506.0,2015-2016,64,1,22.9,4,1.0,1.0,0.0,0.0,1.0,High
90507.0,2015-2016,77,2,22.3,3,0.0,1.0,1.0,1.0,2.0,Low
90510.0,2015-2016,47,1,32.9,3,0.0,1.0,0.0,0.0,2.0,Moderate
90511.0,2015-2016,60,1,31.7,3,1.0,1.0,1.0,1.0,1.0,High
90514.0,2015-2016,65,2,23.2,3,1.0,1.0,1.0,2.0,2.0,Low
90515.0,2015-2016,27,2,33.6,7,0.0,0.0,0.0,0.0,2.0,Low
90516.0,2015-2016,28,2,29.1,2,1.0,0.0,1.0,0.0,2.0,Low
90517.0,2015-2016,77,2,25.1,1,1.0,1.0,0.0,0.0,1.0,High
90518.0,2015-2016,80,2,23.6,2,1.0,0.0,0.0,0.0,1.0,High
90519.0,2015-2016,40,1,23.8,6,,0.0,0.0,2.0,2.0,Low
90521.0,2015-2016,48,1,27.3,3,0.0,0.0,0.0,0.0,2.0,Moderate
90522.0,2015-2016,40,1,27.0,1,1.0,0.0,1.0,2.0,1.0,High
90523.0,2015-2016,69,1,24.7,4,1.0,1.0,1.0,1.0,1.0,High
90525.0,2015-2016,60,2,34.2,2,1.0,0.0,1.0,0.0,2.0,Low
90526.0,2015-2016,80,1,26.4,3,0.0,1.0,0.0,0.0,1.0,High
90527.0,2015-2016,38,2,19.5,6,1.0,1.0,0.0,0.0,2.0,Low
90528.0,2015-2016,40,2,38.8,3,1.0,0.0,0.0,2.0,2.0,Low
90530.0,2015-2016,36,1,31.5,2,,0.0,0.0,1.0,2.0,Moderate
90531.0,2015-2016,24,2,20.0,4,0.0,0.0,1.0,0.0,2.0,Low
90532.0,2015-2016,27,2,22.1,4,1.0,0.0,1.0,0.0,2.0,Low
90533.0,2015-2016,34,2,37.3,4,1.0,1.0,1.0,0.0,2.0,Moderate
90534.0,2015-2016,60,1,26.8,3,1.0,0.0,1.0,1.0,2.0,Moderate
90535.0,2015-2016,78,2,29.4,1,0.0,0.0,1.0,0.0,2.0,Moderate
90539.0,2015-2016,29,1,39.9,4,1.0,0.0,1.0,0.0,3.0,Moderate
90540.0,2015-2016,24,2,25.0,1,1.0,0.0,0.0,0.0,2.0,Low
90542.0,2015-2016,47,2,25.6,4,1.0,1.0,1.0,0.0,2.0,Low
90544.0,2015-2016,28,2,31.9,1,0.0,0.0,0.0,0.0,2.0,Moderate
90545.0,2015-2016,80,1,26.1,4,0.0,1.0,0.0,0.0,2.0,High
90547.0,2015-2016,28,2,33.5,1,1.0,0.0,1.0,0.0,2.0,Low
90549.0,2015-2016,34,1,33.7,2,0.0,0.0,0.0,0.0,2.0,Low
90551.0,2015-2016,40,2,28.4,1,0.0,1.0,0.0,0.0,2.0,Low
90555.0,2015-2016,36,1,29.6,3,0.0,0.0,0.0,0.0,2.0,Low
90559.0,2015-2016,28,1,29.1,2,0.0,0.0,1.0,0.0,2.0,Moderate
90560.0,2015-2016,20,1,35.0,2,0.0,0.0,0.0,0.0,2.0,Low
90563.0,2015-2016,80,2,35.3,1,1.0,1.0,0.0,0.0,2.0,Moderate
90565.0,2015-2016,67,2,29.4,3,1.0,0.0,1.0,1.0,1.0,High
90569.0,2015-2016,36,2,42.1,1,0.0,1.0,0.0,0.0,2.0,Low
90571.0,2015-2016,58,2,34.8,2,1.0,0.0,0.0,2.0,1.0,High
90572.0,2015-2016,39,1,31.4,3,1.0,0.0,0.0,1.0,2.0,Moderate
90573.0,2015-2016,34,2,26.9,1,,0.0,0.0,1.0,2.0,Low
90576.0,2015-2016,34,2,23.2,3,1.0,0.0,1.0,1.0,2.0,Moderate
90577.0,2015-2016,75,2,26.0,1,0.0,0.0,1.0,0.0,2.0,Low
90581.0,2015-2016,44,1,30.1,3,0.0,0.0,1.0,0.0,2.0,High
90582.0,2015-2016,50,2,19.7,6,0.0,0.0,0.0,0.0,2.0,Moderate
90583.0,2015-2016,41,1,23.8,1,0.0,0.0,0.0,1.0,2.0,Moderate
90585.0,2015-2016,47,1,32.0,4,1.0,0.0,0.0,0.0,2.0,Low
90586.0,2015-2016,24,2,47.8,4,0.0,0.0,0.0,0.0,2.0,Low
90588.0,2015-2016,35,2,33.8,1,1.0,0.0,0.0,0.0,2.0,Low
90590.0,2015-2016,61,2,20.1,6,0.0,1.0,1.0,0.0,2.0,Moderate
90591.0,2015-2016,20,1,50.1,3,1.0,0.0,1.0,2.0,2.0,Low
90593.0,2015-2016,49,2,43.3,4,1.0,0.0,0.0,0.0,2.0,Moderate
90594.0,2015-2016,63,1,22.8,3,0.0,1.0,0.0,0.0,2.0,Low
90597.0,2015-2016,59,1,27.3,3,0.0,1.0,1.0,0.0,1.0,High
90598.0,2015-2016,61,2,21.3,3,0.0,0.0,0.0,2.0,2.0,Low
90599.0,2015-2016,40,2,19.5,6,0.0,0.0,0.0,0.0,2.0,Low
90603.0,2015-2016,32,2,25.7,4,1.0,0.0,0.0,0.0,2.0,Low
90607.0,2015-2016,44,1,32.2,4,1.0,1.0,1.0,0.0,1.0,High
90608.0,2015-2016,27,2,22.5,3,0.0,0.0,1.0,0.0,2.0,Low
90609.0,2015-2016,49,2,28.6,3,1.0,0.0,0.0,0.0,2.0,Low
90610.0,2015-2016,43,2,27.7,4,1.0,0.0,1.0,1.0,2.0,Low
90612.0,2015-2016,50,1,26.1,3,0.0,0.0,0.0,2.0,2.0,Low
90613.0,2015-2016,57,1,25.5,6,1.0,0.0,0.0,0.0,2.0,Low
90614.0,2015-2016,23,2,30.1,3,0.0,0.0,0.0,1.0,2.0,Low
90617.0,2015-2016,65,2,24.9,3,0.0,0.0,0.0,0.0,3.0,Moderate
90618.0,2015-2016,34,2,23.2,6,1.0,0.0,0.0,0.0,2.0,Low
90621.0,2015-2016,34,2,29.1,7,1.0,0.0,0.0,2.0,2.0,Low
90623.0,2015-2016,21,2,19.2,4,1.0,0.0,0.0,2.0,2.0,Moderate
90625.0,2015-2016,31,1,20.0,1,0.0,0.0,1.0,0.0,2.0,Low
90626.0,2015-2016,51,2,23.6,6,1.0,0.0,0.0,0.0,2.0,Low
90627.0,2015-2016,44,2,22.6,3,0.0,0.0,0.0,0.0,2.0,Moderate
90630.0,2015-2016,52,1,30.0,3,0.0,1.0,1.0,0.0,3.0,Moderate
90631.0,2015-2016,28,1,30.9,1,0.0,0.0,0.0,1.0,2.0,Moderate
90632.0,2015-2016,80,1,29.1,6,0.0,0.0,0.0,1.0,2.0,Moderate
90633.0,2015-2016,42,2,49.5,1,1.0,0.0,1.0,0.0,2.0,High
90634.0,2015-2016,34,1,27.3,4,0.0,0.0,0.0,0.0,2.0,Low
90635.0,2015-2016,41,1,23.3,4,1.0,0.0,1.0,2.0,2.0,Moderate
90638.0,2015-2016,51,1,30.3,1,0.0,1.0,1.0,0.0,2.0,Moderate
90640.0,2015-2016,41,2,32.7,3,0.0,0.0,1.0,0.0,2.0,Low
90642.0,2015-2016,42,2,19.6,4,0.0,0.0,0.0,0.0,2.0,Low
90645.0,2015-2016,57,1,30.0,3,0.0,1.0,1.0,1.0,2.0,High
90646.0,2015-2016,39,1,29.4,2,1.0,0.0,1.0,2.0,3.0,Moderate
90649.0,2015-2016,43,1,28.6,4,1.0,1.0,0.0,2.0,2.0,Low
90650.0,2015-2016,59,1,28.7,4,0.0,1.0,1.0,2.0,2.0,Moderate
90651.0,2015-2016,44,2,24.6,6,1.0,0.0,1.0,0.0,2.0,Low
90652.0,2015-2016,70,2,36.8,4,1.0,1.0,0.0,2.0,1.0,High
90653.0,2015-2016,56,2,20.5,2,0.0,0.0,0.0,1.0,2.0,Low
90654.0,2015-2016,41,1,22.6,6,1.0,1.0,1.0,0.0,2.0,Low
90655.0,2015-2016,72,2,36.6,3,0.0,1.0,1.0,0.0,1.0,High
90656.0,2015-2016,34,1,25.4,7,0.0,0.0,1.0,0.0,2.0,Low
90658.0,2015-2016,43,2,22.1,6,1.0,0.0,0.0,0.0,2.0,Low
90659.0,2015-2016,36,2,,1,0.0,0.0,1.0,0.0,2.0,Low
90661.0,2015-2016,58,1,20.9,3,0.0,0.0,0.0,2.0,2.0,Moderate
90663.0,2015-2016,68,2,27.9,4,0.0,1.0,1.0,1.0,3.0,Moderate
90665.0,2015-2016,66,1,28.1,4,0.0,0.0,0.0,2.0,2.0,High
90666.0,2015-2016,68,1,31.1,2,0.0,1.0,0.0,1.0,2.0,Moderate
90669.0,2015-2016,27,1,58.0,1,1.0,0.0,0.0,0.0,2.0,Moderate
90670.0,2015-2016,34,2,25.3,3,1.0,0.0,0.0,2.0,2.0,Moderate
90671.0,2015-2016,73,2,24.2,2,0.0,0.0,0.0,1.0,2.0,Low
90672.0,2015-2016,24,1,27.8,2,0.0,0.0,1.0,1.0,2.0,Low
90673.0,2015-2016,53,1,30.6,4,0.0,0.0,0.0,2.0,2.0,Moderate
90674.0,2015-2016,68,2,28.5,4,0.0,0.0,0.0,2.0,2.0,Moderate
90675.0,2015-2016,80,1,27.7,3,0.0,0.0,0.0,1.0,2.0,Low
90676.0,2015-2016,63,2,31.5,4,1.0,1.0,0.0,0.0,2.0,Moderate
90677.0,2015-2016,55,2,46.5,4,0.0,1.0,1.0,0.0,2.0,Low
90679.0,2015-2016,62,2,21.3,6,1.0,0.0,0.0,0.0,2.0,Low
90680.0,2015-2016,55,1,28.5,3,0.0,1.0,1.0,1.0,2.0,Moderate
90683.0,2015-2016,30,1,27.3,4,0.0,0.0,1.0,1.0,2.0,Low
90687.0,2015-2016,55,1,26.7,6,0.0,0.0,1.0,0.0,2.0,Moderate
90688.0,2015-2016,59,1,22.8,6,0.0,0.0,1.0,1.0,2.0,Low
90689.0,2015-2016,72,1,31.8,7,1.0,1.0,0.0,1.0,2.0,Moderate
90690.0,2015-2016,80,2,28.3,3,0.0,1.0,0.0,1.0,2.0,Low
90691.0,2015-2016,61,2,25.8,3,1.0,0.0,0.0,1.0,2.0,Moderate
90692.0,2015-2016,30,2,29.5,3,0.0,0.0,0.0,0.0,2.0,Low
90694.0,2015-2016,61,1,34.6,3,0.0,0.0,0.0,1.0,2.0,High
90696.0,2015-2016,44,1,31.7,6,1.0,0.0,1.0,0.0,2.0,Moderate
90698.0,2015-2016,61,1,30.6,2,1.0,0.0,0.0,0.0,2.0,Low
90700.0,2015-2016,40,2,35.2,4,1.0,0.0,1.0,0.0,1.0,High
90701.0,2015-2016,57,2,16.7,4,1.0,0.0,0.0,2.0,3.0,Moderate
90702.0,2015-2016,49,1,26.1,2,1.0,0.0,1.0,2.0,2.0,Moderate
90703.0,2015-2016,35,2,20.2,6,1.0,0.0,0.0,0.0,2.0,Moderate
90707.0,2015-2016,50,1,44.2,3,1.0,1.0,1.0,2.0,1.0,High
90710.0,2015-2016,23,2,22.8,3,0.0,0.0,1.0,0.0,2.0,Low
90711.0,2015-2016,80,1,21.7,3,0.0,1.0,0.0,1.0,2.0,High
90713.0,2015-2016,30,1,28.9,1,1.0,0.0,0.0,0.0,2.0,Moderate
90715.0,2015-2016,20,1,25.0,6,0.0,0.0,1.0,0.0,2.0,Low
90718.0,2015-2016,31,2,28.4,6,0.0,0.0,0.0,0.0,2.0,Low
90719.0,2015-2016,74,2,28.2,3,0.0,1.0,0.0,1.0,1.0,High
90720.0,2015-2016,44,2,31.3,2,0.0,1.0,0.0,0.0,2.0,Low
90721.0,2015-2016,43,2,29.1,6,1.0,0.0,0.0,0.0,2.0,Low
90722.0,2015-2016,31,1,30.7,6,0.0,1.0,1.0,0.0,2.0,Moderate
90724.0,2015-2016,56,2,32.0,2,0.0,0.0,1.0,2.0,2.0,Low
90726.0,2015-2016,32,2,21.1,6,0.0,0.0,1.0,1.0,2.0,Low
90732.0,2015-2016,74,1,32.8,3,0.0,1.0,0.0,0.0,2.0,Moderate
90733.0,2015-2016,28,1,33.7,3,0.0,0.0,1.0,0.0,2.0,Low
90739.0,2015-2016,70,1,29.4,2,1.0,0.0,0.0,0.0,1.0,High
90742.0,2015-2016,27,2,17.9,6,0.0,0.0,1.0,0.0,2.0,Low
90744.0,2015-2016,20,2,29.0,3,0.0,0.0,0.0,0.0,2.0,Moderate
90745.0,2015-2016,32,2,46.2,3,1.0,0.0,1.0,1.0,1.0,High
90746.0,2015-2016,35,2,26.0,2,1.0,0.0,1.0,0.0,2.0,Low
90747.0,2015-2016,24,1,20.5,3,0.0,0.0,1.0,0.0,2.0,Low
90748.0,2015-2016,61,2,32.5,1,1.0,0.0,0.0,0.0,1.0,High
90752.0,2015-2016,73,1,28.8,1,1.0,1.0,1.0,1.0,1.0,High
90754.0,2015-2016,27,2,26.6,1,0.0,0.0,0.0,0.0,2.0,Low
90755.0,2015-2016,39,2,29.4,4,1.0,1.0,1.0,0.0,2.0,Low
90758.0,2015-2016,32,1,19.3,3,0.0,0.0,1.0,2.0,2.0,Low
90760.0,2015-2016,61,2,27.0,2,0.0,1.0,1.0,0.0,2.0,Low
90764.0,2015-2016,69,1,31.6,1,0.0,0.0,0.0,1.0,2.0,Low
90766.0,2015-2016,35,1,34.6,3,0.0,0.0,0.0,0.0,2.0,Low
90767.0,2015-2016,40,2,29.6,1,1.0,0.0,1.0,0.0,2.0,Low
90768.0,2015-2016,48,2,32.9,2,1.0,0.0,1.0,0.0,2.0,Moderate
90771.0,2015-2016,29,1,29.8,6,0.0,0.0,1.0,2.0,2.0,Moderate
90772.0,2015-2016,72,1,38.0,3,1.0,1.0,0.0,2.0,2.0,High
90775.0,2015-2016,53,2,35.9,1,1.0,0.0,0.0,0.0,2.0,High
90776.0,2015-2016,40,2,27.8,3,1.0,0.0,1.0,1.0,2.0,Low
90783.0,2015-2016,47,1,43.7,4,1.0,1.0,1.0,0.0,1.0,High
90789.0,2015-2016,46,2,27.8,3,0.0,0.0,1.0,0.0,2.0,Low
90793.0,2015-2016,53,2,37.1,2,0.0,0.0,0.0,0.0,2.0,Moderate
90794.0,2015-2016,33,2,22.7,6,1.0,0.0,0.0,0.0,2.0,Low
90796.0,2015-2016,28,1,34.0,3,0.0,0.0,0.0,2.0,2.0,Low
90797.0,2015-2016,62,2,43.1,1,0.0,1.0,0.0,0.0,2.0,Moderate
90798.0,2015-2016,35,2,31.4,2,0.0,0.0,1.0,0.0,2.0,Low
90800.0,2015-2016,32,1,27.0,2,0.0,0.0,1.0,1.0,2.0,Low
90802.0,2015-2016,74,1,19.4,3,0.0,0.0,0.0,0.0,2.0,Moderate
90803.0,2015-2016,25,1,24.0,3,0.0,0.0,1.0,0.0,2.0,Low
90804.0,2015-2016,27,2,42.6,4,1.0,0.0,0.0,0.0,2.0,Low
90805.0,2015-2016,22,2,40.8,4,1.0,0.0,1.0,0.0,2.0,Low
90808.0,2015-2016,48,2,22.6,3,1.0,0.0,1.0,0.0,2.0,Low
90811.0,2015-2016,64,2,28.2,2,1.0,1.0,0.0,0.0,2.0,High
90812.0,2015-2016,35,1,26.6,3,1.0,,0.0,2.0,2.0,Low
90813.0,2015-2016,47,1,29.4,3,1.0,0.0,0.0,1.0,2.0,Moderate
90814.0,2015-2016,80,2,33.3,3,0.0,0.0,0.0,1.0,2.0,Moderate
90815.0,2015-2016,44,1,19.4,6,0.0,0.0,1.0,0.0,2.0,Moderate
90817.0,2015-2016,61,2,24.0,3,1.0,0.0,1.0,1.0,2.0,Low
90818.0,2015-2016,22,1,31.7,4,1.0,0.0,1.0,0.0,2.0,Low
90819.0,2015-2016,51,1,26.5,6,0.0,0.0,0.0,0.0,2.0,Moderate
90824.0,2015-2016,61,1,22.4,4,0.0,0.0,0.0,0.0,2.0,Moderate
90825.0,2015-2016,65,1,25.8,4,1.0,1.0,0.0,0.0,2.0,Moderate
90829.0,2015-2016,65,1,28.9,3,1.0,1.0,0.0,0.0,2.0,Low
90831.0,2015-2016,80,1,32.4,3,1.0,0.0,0.0,1.0,1.0,High
90832.0,2015-2016,26,2,23.0,2,0.0,0.0,1.0,0.0,2.0,Low
90833.0,2015-2016,24,1,25.2,1,0.0,0.0,1.0,2.0,2.0,Low
90835.0,2015-2016,68,2,31.1,2,0.0,1.0,0.0,0.0,3.0,Moderate
90837.0,2015-2016,23,2,28.1,4,1.0,0.0,1.0,0.0,2.0,Low
90841.0,2015-2016,54,1,24.1,2,1.0,0.0,0.0,0.0,2.0,Low
90842.0,2015-2016,25,2,33.5,3,1.0,0.0,1.0,0.0,2.0,Low
90843.0,2015-2016,63,1,38.0,2,1.0,0.0,0.0,1.0,3.0,Moderate
90845.0,2015-2016,22,1,25.2,3,0.0,0.0,1.0,1.0,2.0,Low
90846.0,2015-2016,48,2,27.2,4,0.0,0.0,0.0,0.0,2.0,Low
90847.0,2015-2016,80,2,28.5,3,0.0,1.0,0.0,1.0,2.0,Moderate
90848.0,2015-2016,45,1,29.4,6,1.0,1.0,1.0,1.0,1.0,High
90849.0,2015-2016,60,1,30.4,3,1.0,0.0,0.0,0.0,2.0,Moderate
90850.0,2015-2016,62,2,41.2,2,1.0,1.0,1.0,0.0,2.0,Moderate
90851.0,2015-2016,32,2,22.2,7,0.0,0.0,1.0,0.0,2.0,Low
90852.0,2015-2016,34,2,26.3,6,1.0,0.0,0.0,1.0,2.0,Moderate
90854.0,2015-2016,69,1,33.0,2,1.0,1.0,0.0,2.0,2.0,Low
90856.0,2015-2016,42,2,20.6,2,0.0,0.0,1.0,0.0,2.0,Low
90859.0,2015-2016,50,2,50.3,2,1.0,0.0,0.0,0.0,1.0,High
90861.0,2015-2016,52,2,28.8,4,1.0,0.0,1.0,0.0,2.0,Low
90863.0,2015-2016,53,2,25.0,4,1.0,0.0,0.0,2.0,2.0,Moderate
90871.0,2015-2016,36,2,29.0,3,1.0,1.0,1.0,0.0,1.0,High
90872.0,2015-2016,55,2,24.6,3,1.0,1.0,0.0,2.0,2.0,Moderate
90873.0,2015-2016,46,2,24.2,4,0.0,1.0,1.0,0.0,2.0,Low
90875.0,2015-2016,46,1,25.2,4,0.0,1.0,1.0,1.0,2.0,Moderate
90878.0,2015-2016,64,1,33.4,2,0.0,0.0,0.0,1.0,2.0,Moderate
90882.0,2015-2016,53,2,38.9,1,1.0,0.0,0.0,0.0,3.0,High
90883.0,2015-2016,23,2,38.7,1,0.0,0.0,1.0,0.0,2.0,Moderate
90885.0,2015-2016,20,1,25.1,3,1.0,0.0,1.0,1.0,2.0,Low
90886.0,2015-2016,35,1,32.0,1,0.0,0.0,0.0,1.0,2.0,Moderate
90887.0,2015-2016,28,1,21.5,7,0.0,0.0,0.0,2.0,2.0,Low
90889.0,2015-2016,47,2,33.9,3,1.0,1.0,0.0,0.0,2.0,Moderate
90890.0,2015-2016,54,2,25.0,2,1.0,0.0,1.0,1.0,2.0,Moderate
90891.0,2015-2016,27,1,20.6,4,0.0,0.0,1.0,2.0,2.0,Moderate
90892.0,2015-2016,80,1,27.5,3,1.0,1.0,1.0,1.0,1.0,High
90894.0,2015-2016,77,1,22.5,3,0.0,1.0,0.0,2.0,3.0,Moderate
90895.0,2015-2016,49,2,22.9,6,0.0,0.0,0.0,0.0,2.0,Low
90896.0,2015-2016,66,2,28.1,2,1.0,0.0,0.0,1.0,1.0,High
90900.0,2015-2016,73,2,31.1,4,1.0,1.0,0.0,2.0,2.0,Moderate
90902.0,2015-2016,23,1,30.6,1,0.0,0.0,0.0,0.0,2.0,Low
90904.0,2015-2016,39,1,24.9,3,0.0,0.0,1.0,0.0,2.0,Moderate
90906.0,2015-2016,31,1,31.7,6,,0.0,0.0,1.0,2.0,Low
90907.0,2015-2016,24,1,24.4,3,0.0,0.0,1.0,1.0,2.0,Low
90908.0,2015-2016,61,2,39.3,4,0.0,1.0,0.0,0.0,1.0,High
90913.0,2015-2016,25,1,25.2,6,0.0,0.0,1.0,1.0,2.0,Low
90914.0,2015-2016,23,2,17.9,3,0.0,0.0,1.0,0.0,2.0,Low
90915.0,2015-2016,49,1,24.9,3,0.0,1.0,0.0,0.0,2.0,Low
90919.0,2015-2016,28,2,25.7,1,1.0,1.0,0.0,0.0,2.0,Low
90922.0,2015-2016,59,1,46.9,4,1.0,1.0,0.0,1.0,1.0,High
90923.0,2015-2016,63,2,34.0,3,1.0,1.0,0.0,1.0,2.0,Low
90924.0,2015-2016,33,2,30.5,6,1.0,0.0,1.0,0.0,2.0,Low
90925.0,2015-2016,23,2,36.5,2,0.0,0.0,0.0,0.0,2.0,Low
90926.0,2015-2016,28,2,36.3,6,1.0,0.0,1.0,0.0,2.0,Moderate
90927.0,2015-2016,63,1,,1,1.0,0.0,0.0,1.0,1.0,High
90929.0,2015-2016,65,2,35.6,7,1.0,1.0,0.0,0.0,1.0,High
90930.0,2015-2016,76,2,33.0,4,0.0,0.0,0.0,0.0,2.0,Moderate
90931.0,2015-2016,35,2,37.8,1,0.0,1.0,0.0,2.0,2.0,Low
90932.0,2015-2016,45,2,26.2,3,0.0,0.0,1.0,0.0,2.0,Low
90934.0,2015-2016,68,2,22.5,3,1.0,0.0,0.0,0.0,2.0,Moderate
90937.0,2015-2016,23,1,22.7,3,1.0,0.0,1.0,1.0,2.0,Low
90938.0,2015-2016,55,1,35.7,3,1.0,0.0,0.0,2.0,1.0,High
90939.0,2015-2016,36,1,28.1,3,0.0,0.0,0.0,1.0,2.0,Low
90941.0,2015-2016,65,1,29.6,3,0.0,0.0,1.0,2.0,2.0,Moderate
90942.0,2015-2016,79,1,24.2,3,1.0,1.0,0.0,1.0,2.0,High
90943.0,2015-2016,25,1,24.0,6,0.0,0.0,1.0,0.0,2.0,Low
90944.0,2015-2016,73,1,31.1,1,0.0,1.0,1.0,0.0,2.0,Moderate
90946.0,2015-2016,24,2,32.4,4,1.0,0.0,0.0,0.0,2.0,Low
90949.0,2015-2016,78,1,31.5,3,1.0,0.0,0.0,0.0,1.0,High
90951.0,2015-2016,36,1,27.7,6,0.0,1.0,0.0,0.0,2.0,Moderate
90954.0,2015-2016,55,1,39.5,7,1.0,1.0,0.0,1.0,2.0,Moderate
90955.0,2015-2016,61,1,30.7,1,1.0,0.0,1.0,1.0,2.0,Moderate
90956.0,2015-2016,29,2,26.1,4,0.0,0.0,1.0,0.0,2.0,Low
90958.0,2015-2016,58,1,25.1,3,1.0,0.0,0.0,1.0,2.0,Low
90961.0,2015-2016,71,1,35.9,4,0.0,1.0,0.0,2.0,2.0,Low
90963.0,2015-2016,39,1,25.3,3,1.0,0.0,0.0,2.0,2.0,Low
90964.0,2015-2016,31,2,25.9,3,0.0,0.0,1.0,0.0,2.0,Low
90966.0,2015-2016,29,2,23.8,4,1.0,0.0,1.0,0.0,2.0,Low
90967.0,2015-2016,80,2,27.8,6,0.0,1.0,0.0,1.0,2.0,Moderate
90968.0,2015-2016,80,2,27.2,3,1.0,0.0,0.0,0.0,2.0,Low
90970.0,2015-2016,46,2,37.7,1,0.0,1.0,0.0,1.0,2.0,Moderate
90971.0,2015-2016,58,2,24.5,7,0.0,1.0,1.0,2.0,2.0,Low
90972.0,2015-2016,40,1,34.7,4,1.0,1.0,1.0,0.0,2.0,Low
90973.0,2015-2016,75,2,33.5,3,1.0,1.0,0.0,2.0,1.0,High
90975.0,2015-2016,80,2,26.1,3,0.0,0.0,0.0,1.0,2.0,Low
90976.0,2015-2016,80,1,26.3,6,0.0,1.0,0.0,0.0,2.0,Moderate
90977.0,2015-2016,80,2,27.1,3,0.0,0.0,1.0,1.0,2.0,Low
90980.0,2015-2016,38,2,26.2,4,1.0,0.0,1.0,2.0,2.0,Moderate
90981.0,2015-2016,61,2,30.8,1,1.0,0.0,1.0,0.0,2.0,High
90982.0,2015-2016,62,2,51.6,1,1.0,1.0,0.0,0.0,2.0,Moderate
90983.0,2015-2016,37,2,28.4,3,1.0,1.0,1.0,2.0,2.0,Low
90986.0,2015-2016,74,2,46.8,3,0.0,1.0,1.0,0.0,2.0,Moderate
90988.0,2015-2016,32,1,33.5,7,1.0,0.0,1.0,0.0,2.0,Moderate
90992.0,2015-2016,73,1,23.7,3,1.0,0.0,0.0,0.0,1.0,High
90993.0,2015-2016,59,1,26.6,6,1.0,0.0,1.0,1.0,2.0,Moderate
90994.0,2015-2016,21,2,22.1,3,0.0,0.0,1.0,2.0,2.0,Low
90995.0,2015-2016,61,1,28.4,4,0.0,0.0,1.0,1.0,2.0,Moderate
90999.0,2015-2016,66,2,29.4,1,1.0,1.0,0.0,1.0,2.0,Moderate
91001.0,2015-2016,80,2,32.8,3,0.0,0.0,0.0,1.0,2.0,Moderate
91002.0,2015-2016,59,1,28.8,2,0.0,1.0,1.0,0.0,1.0,High
91004.0,2015-2016,63,1,21.4,4,0.0,1.0,0.0,2.0,2.0,Low
91008.0,2015-2016,27,2,24.6,1,0.0,0.0,1.0,0.0,2.0,Low
91010.0,2015-2016,55,2,28.9,3,1.0,0.0,1.0,1.0,2.0,Low
91011.0,2015-2016,50,2,19.4,1,0.0,0.0,1.0,1.0,2.0,Low
91013.0,2015-2016,22,1,24.1,6,0.0,1.0,0.0,0.0,2.0,Low
91017.0,2015-2016,48,2,37.9,2,1.0,0.0,0.0,1.0,1.0,High
91018.0,2015-2016,63,1,,1,0.0,0.0,1.0,1.0,2.0,Low
91020.0,2015-2016,73,2,29.9,3,0.0,0.0,1.0,1.0,2.0,Moderate
91025.0,2015-2016,26,2,33.9,4,0.0,0.0,1.0,2.0,2.0,Low
91026.0,2015-2016,45,2,27.3,4,0.0,0.0,1.0,0.0,2.0,Low
91027.0,2015-2016,54,1,26.4,3,1.0,1.0,0.0,2.0,2.0,Moderate
91028.0,2015-2016,72,2,19.1,2,0.0,1.0,0.0,0.0,2.0,Low
91034.0,2015-2016,80,1,22.2,3,0.0,0.0,1.0,1.0,2.0,Moderate
91037.0,2015-2016,61,1,40.2,4,0.0,0.0,1.0,0.0,2.0,Moderate
91038.0,2015-2016,56,2,33.4,3,0.0,0.0,1.0,0.0,2.0,Low
91039.0,2015-2016,22,1,20.8,4,0.0,0.0,0.0,0.0,2.0,Low
91040.0,2015-2016,68,2,30.2,6,1.0,1.0,0.0,0.0,2.0,Moderate
91042.0,2015-2016,38,1,38.9,1,0.0,0.0,1.0,1.0,2.0,Moderate
91043.0,2015-2016,44,2,26.9,3,1.0,0.0,0.0,2.0,2.0,Low
91046.0,2015-2016,52,2,24.1,3,1.0,0.0,1.0,0.0,1.0,High
91048.0,2015-2016,37,1,24.7,2,0.0,0.0,0.0,2.0,2.0,Low
91049.0,2015-2016,52,2,,6,1.0,1.0,0.0,0.0,1.0,High
91050.0,2015-2016,75,2,36.6,2,1.0,1.0,0.0,1.0,1.0,High
91052.0,2015-2016,52,2,25.7,3,0.0,1.0,0.0,2.0,2.0,Moderate
91054.0,2015-2016,37,2,28.8,6,0.0,0.0,1.0,0.0,2.0,Low
91056.0,2015-2016,27,1,21.2,4,0.0,0.0,1.0,0.0,2.0,Moderate
91062.0,2015-2016,65,1,35.9,2,1.0,1.0,1.0,1.0,2.0,Moderate
91063.0,2015-2016,71,1,25.5,4,0.0,0.0,0.0,1.0,2.0,Low
91064.0,2015-2016,58,2,20.3,3,0.0,1.0,0.0,0.0,2.0,Low
91065.0,2015-2016,52,2,36.8,2,0.0,1.0,0.0,0.0,1.0,High
91066.0,2015-2016,45,1,25.7,4,0.0,0.0,0.0,0.0,2.0,Moderate
91069.0,2015-2016,58,2,38.1,4,1.0,1.0,1.0,1.0,2.0,Moderate
91074.0,2015-2016,24,2,23.9,6,0.0,0.0,0.0,0.0,2.0,Low
91075.0,2015-2016,51,1,33.7,7,1.0,0.0,0.0,1.0,1.0,High
91076.0,2015-2016,61,1,30.8,2,0.0,1.0,0.0,0.0,2.0,Moderate
91077.0,2015-2016,66,2,25.0,1,0.0,1.0,0.0,1.0,1.0,High
91078.0,2015-2016,36,2,17.7,3,1.0,1.0,0.0,2.0,2.0,Moderate
91080.0,2015-2016,29,2,32.6,4,0.0,0.0,1.0,0.0,2.0,Low
91082.0,2015-2016,45,2,27.9,1,0.0,1.0,1.0,0.0,2.0,Moderate
91087.0,2015-2016,77,1,28.7,3,0.0,0.0,0.0,1.0,2.0,Low
91091.0,2015-2016,22,2,44.0,4,0.0,1.0,0.0,0.0,2.0,Low
91094.0,2015-2016,71,2,32.5,1,0.0,1.0,0.0,1.0,2.0,High
91095.0,2015-2016,21,1,33.2,3,0.0,0.0,0.0,0.0,2.0,Moderate
91098.0,2015-2016,37,1,44.0,3,0.0,0.0,1.0,0.0,2.0,Low
91099.0,2015-2016,63,1,24.1,4,0.0,1.0,0.0,0.0,2.0,Low
91100.0,2015-2016,54,1,26.3,6,0.0,0.0,1.0,1.0,2.0,Low
91101.0,2015-2016,25,2,23.5,4,0.0,0.0,1.0,0.0,2.0,Low
91102.0,2015-2016,51,2,42.0,1,1.0,1.0,0.0,2.0,2.0,Moderate
91103.0,2015-2016,48,1,34.6,2,0.0,1.0,0.0,0.0,2.0,Low
91104.0,2015-2016,32,1,35.7,4,1.0,0.0,1.0,0.0,2.0,Low
91106.0,2015-2016,26,2,20.8,4,0.0,0.0,0.0,0.0,2.0,Low
91108.0,2015-2016,49,2,23.2,3,0.0,0.0,1.0,1.0,2.0,Low
91109.0,2015-2016,64,2,27.8,3,0.0,1.0,0.0,0.0,2.0,Moderate
91110.0,2015-2016,24,1,27.5,6,1.0,0.0,1.0,0.0,2.0,Low
91111.0,2015-2016,46,2,35.5,1,0.0,1.0,1.0,0.0,2.0,High
91112.0,2015-2016,39,2,25.6,6,0.0,0.0,1.0,0.0,2.0,Moderate
91113.0,2015-2016,31,2,26.0,3,0.0,0.0,0.0,0.0,2.0,Low
91114.0,2015-2016,61,1,35.1,1,1.0,1.0,0.0,1.0,1.0,High
91115.0,2015-2016,34,1,23.0,3,0.0,1.0,1.0,1.0,2.0,Low
91119.0,2015-2016,26,2,40.3,1,0.0,0.0,1.0,0.0,2.0,Low
91123.0,2015-2016,56,1,40.1,3,1.0,1.0,0.0,0.0,1.0,High
91126.0,2015-2016,44,2,39.1,4,0.0,0.0,0.0,0.0,2.0,Moderate
91127.0,2015-2016,61,2,30.0,2,1.0,1.0,1.0,0.0,3.0,Moderate
91128.0,2015-2016,54,2,32.1,1,0.0,0.0,0.0,1.0,2.0,Moderate
91130.0,2015-2016,60,1,25.6,4,1.0,1.0,1.0,2.0,2.0,Moderate
91131.0,2015-2016,41,1,26.2,4,1.0,1.0,1.0,0.0,2.0,Low
91133.0,2015-2016,24,2,19.7,6,0.0,0.0,1.0,0.0,2.0,Low
91135.0,2015-2016,54,2,26.8,4,0.0,0.0,1.0,0.0,2.0,Low
91137.0,2015-2016,74,1,27.9,1,0.0,1.0,1.0,1.0,2.0,Moderate
91138.0,2015-2016,35,2,38.8,4,0.0,1.0,0.0,0.0,2.0,Moderate
91139.0,2015-2016,32,2,30.9,3,1.0,0.0,0.0,0.0,2.0,Moderate
91140.0,2015-2016,28,1,25.7,6,1.0,0.0,1.0,2.0,2.0,Low
91144.0,2015-2016,30,2,32.0,1,1.0,0.0,0.0,0.0,2.0,Low
91146.0,2015-2016,53,2,24.5,3,1.0,1.0,1.0,2.0,2.0,Moderate
91148.0,2015-2016,47,1,41.0,2,0.0,0.0,0.0,1.0,2.0,Moderate
91149.0,2015-2016,22,1,26.6,3,1.0,0.0,0.0,2.0,2.0,Low
91153.0,2015-2016,80,2,30.2,4,1.0,0.0,0.0,0.0,1.0,High
91155.0,2015-2016,44,2,38.2,4,0.0,0.0,1.0,0.0,2.0,Low
91156.0,2015-2016,29,2,31.0,6,,0.0,0.0,0.0,2.0,Moderate
91159.0,2015-2016,51,1,26.2,4,0.0,0.0,1.0,0.0,2.0,Low
91161.0,2015-2016,28,2,23.1,4,1.0,0.0,1.0,0.0,2.0,Low
91162.0,2015-2016,31,1,29.2,2,0.0,0.0,1.0,0.0,2.0,Low
91163.0,2015-2016,28,2,25.3,1,0.0,0.0,1.0,1.0,2.0,Low
91165.0,2015-2016,26,1,43.2,2,1.0,0.0,0.0,0.0,2.0,Moderate
91166.0,2015-2016,65,1,32.0,3,1.0,0.0,1.0,0.0,1.0,High
91167.0,2015-2016,62,1,27.5,1,1.0,0.0,0.0,0.0,2.0,Moderate
91171.0,2015-2016,80,2,23.6,6,1.0,1.0,1.0,0.0,1.0,High
91172.0,2015-2016,55,1,31.1,3,0.0,1.0,1.0,0.0,2.0,Moderate
91174.0,2015-2016,26,2,18.7,2,0.0,0.0,1.0,0.0,2.0,Low
91175.0,2015-2016,71,1,33.5,3,0.0,1.0,1.0,0.0,1.0,High
91176.0,2015-2016,34,1,23.2,3,0.0,1.0,1.0,2.0,2.0,Moderate
91177.0,2015-2016,52,1,41.1,4,1.0,1.0,1.0,0.0,1.0,High
91180.0,2015-2016,71,1,35.3,7,1.0,1.0,0.0,2.0,1.0,High
91182.0,2015-2016,29,1,22.6,4,1.0,0.0,0.0,0.0,2.0,Low
91183.0,2015-2016,46,1,31.3,1,1.0,0.0,0.0,1.0,2.0,Moderate
91184.0,2015-2016,59,1,30.1,4,1.0,1.0,0.0,0.0,1.0,High
91187.0,2015-2016,63,1,35.3,3,1.0,1.0,1.0,1.0,1.0,High
91189.0,2015-2016,39,2,21.7,6,1.0,0.0,0.0,0.0,2.0,Low
91190.0,2015-2016,46,1,34.6,4,1.0,1.0,0.0,0.0,2.0,High
91192.0,2015-2016,21,1,22.9,1,0.0,0.0,1.0,0.0,2.0,Low
91194.0,2015-2016,50,2,31.8,6,1.0,0.0,1.0,0.0,2.0,Low
91196.0,2015-2016,59,2,32.3,2,0.0,0.0,1.0,1.0,3.0,Moderate
91197.0,2015-2016,64,1,18.3,6,0.0,0.0,1.0,2.0,2.0,Moderate
91201.0,2015-2016,24,1,,4,0.0,1.0,0.0,0.0,2.0,Low
91204.0,2015-2016,38,2,40.4,4,1.0,1.0,0.0,2.0,2.0,Moderate
91206.0,2015-2016,38,1,29.4,2,0.0,1.0,1.0,0.0,2.0,Moderate
91207.0,2015-2016,29,1,26.5,6,0.0,0.0,1.0,2.0,2.0,Low
91208.0,2015-2016,77,2,,4,1.0,1.0,0.0,0.0,2.0,Low
91211.0,2015-2016,40,2,52.8,1,1.0,1.0,1.0,0.0,1.0,High
91213.0,2015-2016,63,1,27.4,4,1.0,1.0,0.0,1.0,2.0,Low
91215.0,2015-2016,43,2,37.1,1,1.0,1.0,0.0,0.0,2.0,Moderate
91216.0,2015-2016,29,2,34.0,7,0.0,0.0,1.0,0.0,2.0,Low
91217.0,2015-2016,54,1,29.1,2,0.0,0.0,1.0,1.0,2.0,Moderate
91220.0,2015-2016,65,1,23.9,6,1.0,1.0,1.0,0.0,1.0,High
91222.0,2015-2016,48,2,29.9,3,1.0,0.0,1.0,1.0,2.0,Moderate
91223.0,2015-2016,70,2,26.2,1,0.0,1.0,0.0,0.0,2.0,Moderate
91225.0,2015-2016,43,1,31.0,1,1.0,1.0,1.0,0.0,2.0,High
91226.0,2015-2016,53,2,35.5,4,1.0,0.0,1.0,1.0,2.0,Moderate
91228.0,2015-2016,31,2,20.2,4,0.0,0.0,1.0,2.0,2.0,Low
91232.0,2015-2016,26,1,21.1,2,1.0,0.0,1.0,2.0,2.0,Low
91234.0,2015-2016,39,2,33.0,2,1.0,0.0,0.0,0.0,2.0,Low
91239.0,2015-2016,60,1,35.7,2,0.0,1.0,0.0,0.0,2.0,Moderate
91243.0,2015-2016,30,1,28.2,3,1.0,0.0,1.0,0.0,2.0,Low
91247.0,2015-2016,51,2,32.5,4,0.0,0.0,0.0,0.0,2.0,Moderate
91249.0,2015-2016,29,2,22.1,3,0.0,0.0,1.0,0.0,2.0,Low
91251.0,2015-2016,43,1,27.7,2,0.0,0.0,1.0,2.0,2.0,Low
91252.0,2015-2016,42,1,37.0,2,0.0,0.0,0.0,1.0,2.0,Moderate
91253.0,2015-2016,44,2,38.6,3,0.0,1.0,0.0,1.0,2.0,Moderate
91258.0,2015-2016,77,2,21.7,3,0.0,1.0,1.0,0.0,2.0,Low
91259.0,2015-2016,41,1,23.3,3,0.0,0.0,1.0,1.0,2.0,Low
91261.0,2015-2016,44,2,31.7,3,0.0,0.0,1.0,1.0,2.0,Low
91264.0,2015-2016,23,1,26.3,6,0.0,0.0,1.0,0.0,2.0,Low
91266.0,2015-2016,60,1,27.9,4,0.0,0.0,0.0,2.0,2.0,Low
91267.0,2015-2016,66,1,23.4,1,0.0,0.0,1.0,0.0,2.0,Low
91271.0,2015-2016,44,2,28.6,3,1.0,0.0,1.0,0.0,2.0,Moderate
91272.0,2015-2016,80,2,29.1,4,0.0,0.0,0.0,0.0,2.0,Low
91273.0,2015-2016,23,1,21.9,4,0.0,0.0,1.0,0.0,2.0,Low
91277.0,2015-2016,63,2,17.4,6,1.0,0.0,0.0,0.0,2.0,Low
91279.0,2015-2016,51,2,28.2,4,1.0,1.0,0.0,0.0,1.0,High
91280.0,2015-2016,80,1,33.3,3,0.0,1.0,0.0,1.0,2.0,Moderate
91282.0,2015-2016,50,1,24.8,3,0.0,0.0,0.0,1.0,2.0,Moderate
91284.0,2015-2016,29,2,25.3,3,0.0,1.0,1.0,0.0,2.0,Low
91285.0,2015-2016,32,1,19.3,4,0.0,0.0,1.0,2.0,2.0,Low
91288.0,2015-2016,44,1,29.8,6,1.0,0.0,1.0,2.0,2.0,Moderate
91290.0,2015-2016,39,2,26.9,6,0.0,0.0,0.0,0.0,2.0,Low
91291.0,2015-2016,32,2,38.4,7,1.0,1.0,1.0,2.0,1.0,High
91292.0,2015-2016,48,1,30.7,7,1.0,0.0,0.0,0.0,2.0,High
91293.0,2015-2016,62,1,27.7,4,1.0,1.0,1.0,2.0,1.0,High
91295.0,2015-2016,72,1,36.7,1,0.0,1.0,0.0,2.0,1.0,High
91299.0,2015-2016,46,1,23.3,1,0.0,0.0,0.0,2.0,2.0,Low
91302.0,2015-2016,62,1,37.2,2,1.0,0.0,1.0,0.0,2.0,Moderate
91303.0,2015-2016,78,1,25.6,1,,1.0,0.0,0.0,2.0,Moderate
91304.0,2015-2016,38,1,26.1,2,1.0,0.0,1.0,0.0,2.0,Moderate
91305.0,2015-2016,22,2,20.3,4,1.0,0.0,0.0,0.0,2.0,Low
91309.0,2015-2016,68,1,29.2,1,0.0,0.0,0.0,1.0,2.0,Low
91310.0,2015-2016,65,1,27.0,3,1.0,0.0,1.0,1.0,2.0,Moderate
91312.0,2015-2016,45,2,26.3,6,0.0,0.0,1.0,0.0,2.0,Moderate
91316.0,2015-2016,65,2,40.2,2,0.0,0.0,0.0,0.0,2.0,Low
91317.0,2015-2016,36,2,39.9,4,1.0,0.0,0.0,0.0,2.0,Low
91319.0,2015-2016,31,1,27.1,1,0.0,0.0,0.0,0.0,2.0,Low
91321.0,2015-2016,61,1,33.4,3,0.0,1.0,0.0,2.0,2.0,Moderate
91323.0,2015-2016,26,2,31.5,4,1.0,1.0,1.0,2.0,2.0,Low
91324.0,2015-2016,43,2,27.6,3,0.0,0.0,0.0,1.0,2.0,Low
91325.0,2015-2016,26,1,31.6,3,,0.0,0.0,2.0,2.0,Low
91326.0,2015-2016,34,1,33.9,1,0.0,0.0,1.0,0.0,2.0,Moderate
91328.0,2015-2016,45,2,25.3,7,1.0,0.0,1.0,0.0,2.0,Low
91329.0,2015-2016,80,2,26.9,3,0.0,1.0,1.0,0.0,2.0,Moderate
91332.0,2015-2016,26,2,38.9,4,0.0,0.0,1.0,1.0,2.0,Low
91334.0,2015-2016,39,2,19.7,6,1.0,0.0,1.0,1.0,2.0,Low
91336.0,2015-2016,25,2,29.9,3,1.0,0.0,0.0,2.0,2.0,Low
91338.0,2015-2016,40,2,23.7,2,0.0,1.0,1.0,0.0,2.0,Low
91339.0,2015-2016,51,1,29.4,7,1.0,0.0,1.0,1.0,2.0,Low
91340.0,2015-2016,38,2,45.4,3,0.0,0.0,1.0,2.0,2.0,Moderate
91341.0,2015-2016,55,1,22.4,3,0.0,0.0,0.0,2.0,2.0,Low
91343.0,2015-2016,63,1,34.9,4,1.0,1.0,0.0,1.0,3.0,High
91344.0,2015-2016,67,2,21.5,1,0.0,0.0,0.0,0.0,2.0,Low
91345.0,2015-2016,21,1,28.9,1,0.0,0.0,0.0,0.0,2.0,Moderate
91347.0,2015-2016,61,1,33.5,1,1.0,0.0,0.0,2.0,2.0,High
91350.0,2015-2016,23,1,40.2,1,1.0,0.0,0.0,2.0,2.0,Low
91351.0,2015-2016,25,2,20.4,3,0.0,0.0,1.0,0.0,2.0,Low
91353.0,2015-2016,57,1,34.9,4,0.0,0.0,0.0,0.0,2.0,Moderate
91354.0,2015-2016,52,1,35.7,4,1.0,1.0,0.0,0.0,1.0,High
91355.0,2015-2016,67,2,28.4,3,1.0,1.0,0.0,1.0,2.0,Moderate
91356.0,2015-2016,53,2,19.6,2,1.0,0.0,0.0,0.0,1.0,High
91358.0,2015-2016,43,2,21.1,7,1.0,0.0,0.0,2.0,2.0,Low
91359.0,2015-2016,23,1,22.4,1,0.0,0.0,1.0,0.0,2.0,Low
91360.0,2015-2016,33,1,25.0,2,0.0,0.0,1.0,0.0,2.0,Low
91361.0,2015-2016,41,1,23.1,6,1.0,0.0,1.0,2.0,2.0,Low
91363.0,2015-2016,40,2,29.0,1,0.0,0.0,0.0,0.0,2.0,Low
91364.0,2015-2016,41,1,18.6,3,0.0,0.0,1.0,2.0,2.0,Moderate
91365.0,2015-2016,58,1,37.4,1,1.0,1.0,0.0,0.0,1.0,High
91366.0,2015-2016,28,2,31.2,1,0.0,0.0,0.0,0.0,2.0,Low
91368.0,2015-2016,80,1,34.9,3,1.0,0.0,0.0,1.0,1.0,High
91371.0,2015-2016,63,2,43.0,4,1.0,1.0,0.0,0.0,2.0,Low
91373.0,2015-2016,74,1,34.7,3,0.0,0.0,1.0,1.0,2.0,Moderate
91377.0,2015-2016,80,2,22.6,3,1.0,1.0,1.0,0.0,2.0,Moderate
91383.0,2015-2016,48,2,25.2,3,0.0,0.0,1.0,0.0,2.0,Low
91384.0,2015-2016,46,1,23.5,6,0.0,0.0,1.0,0.0,2.0,Low
91385.0,2015-2016,30,1,26.9,3,0.0,0.0,1.0,1.0,2.0,Low
91389.0,2015-2016,54,2,41.8,1,1.0,0.0,1.0,0.0,2.0,Moderate
91391.0,2015-2016,57,1,42.6,4,0.0,1.0,0.0,2.0,1.0,High
91393.0,2015-2016,31,1,36.4,4,1.0,0.0,1.0,2.0,3.0,Moderate
91394.0,2015-2016,37,2,29.5,4,0.0,0.0,1.0,0.0,2.0,Moderate
91396.0,2015-2016,36,2,27.0,3,0.0,0.0,0.0,2.0,2.0,Low
91397.0,2015-2016,49,2,32.2,2,0.0,0.0,0.0,0.0,2.0,Low
91399.0,2015-2016,51,2,31.5,3,0.0,0.0,1.0,1.0,2.0,High
91400.0,2015-2016,46,2,40.1,4,1.0,1.0,0.0,0.0,3.0,Moderate
91402.0,2015-2016,26,1,26.4,1,1.0,0.0,0.0,0.0,2.0,Low
91404.0,2015-2016,34,2,25.6,6,0.0,0.0,1.0,0.0,2.0,Low
91405.0,2015-2016,24,2,31.9,1,1.0,0.0,0.0,1.0,2.0,Low
91406.0,2015-2016,76,1,31.6,4,0.0,1.0,1.0,0.0,1.0,High
91408.0,2015-2016,60,2,48.1,1,1.0,1.0,0.0,0.0,1.0,High
91413.0,2015-2016,40,1,36.3,4,0.0,0.0,1.0,0.0,2.0,Moderate
91414.0,2015-2016,59,2,32.1,4,0.0,1.0,0.0,0.0,2.0,Low
91416.0,2015-2016,73,2,26.9,2,1.0,1.0,0.0,1.0,1.0,High
91417.0,2015-2016,39,2,31.9,4,0.0,0.0,1.0,0.0,1.0,High
91420.0,2015-2016,56,2,31.7,3,1.0,1.0,0.0,1.0,2.0,Moderate
91421.0,2015-2016,41,2,49.5,4,0.0,1.0,0.0,2.0,2.0,Low
91425.0,2015-2016,46,2,39.8,3,1.0,0.0,0.0,0.0,2.0,Low
91426.0,2015-2016,43,2,19.0,6,0.0,0.0,0.0,0.0,2.0,Moderate
91427.0,2015-2016,36,1,19.6,4,0.0,0.0,0.0,0.0,2.0,Moderate
91428.0,2015-2016,22,1,34.7,3,0.0,0.0,1.0,2.0,2.0,Low
91432.0,2015-2016,80,1,27.9,3,0.0,0.0,0.0,1.0,2.0,Low
91433.0,2015-2016,64,2,39.2,1,0.0,1.0,0.0,0.0,1.0,High
91436.0,2015-2016,22,2,22.8,1,0.0,0.0,1.0,1.0,2.0,Low
91437.0,2015-2016,39,1,24.8,4,0.0,0.0,1.0,0.0,2.0,Low
91438.0,2015-2016,38,2,23.6,1,0.0,0.0,0.0,0.0,2.0,Low
91440.0,2015-2016,77,1,22.6,4,0.0,1.0,0.0,1.0,2.0,Moderate
91442.0,2015-2016,47,1,35.6,3,1.0,1.0,0.0,0.0,2.0,Moderate
91443.0,2015-2016,45,2,45.2,4,1.0,1.0,1.0,2.0,2.0,Moderate
91445.0,2015-2016,25,2,24.6,4,0.0,0.0,0.0,2.0,2.0,Low
91447.0,2015-2016,66,2,35.7,2,0.0,1.0,0.0,0.0,2.0,Moderate
91449.0,2015-2016,50,2,34.7,1,0.0,0.0,0.0,0.0,2.0,Moderate
91450.0,2015-2016,65,1,25.5,3,1.0,1.0,0.0,2.0,2.0,Moderate
91451.0,2015-2016,20,1,20.0,7,0.0,0.0,1.0,1.0,2.0,Low
91452.0,2015-2016,41,1,23.3,3,1.0,0.0,1.0,2.0,2.0,Low
91453.0,2015-2016,43,2,23.9,2,0.0,1.0,1.0,0.0,2.0,Low
91454.0,2015-2016,68,2,27.9,2,0.0,0.0,0.0,2.0,1.0,High
91455.0,2015-2016,26,1,19.9,3,1.0,1.0,0.0,2.0,1.0,High
91457.0,2015-2016,39,1,43.8,1,1.0,1.0,0.0,2.0,2.0,Low
91461.0,2015-2016,68,1,28.6,1,0.0,1.0,1.0,0.0,1.0,High
91468.0,2015-2016,52,1,26.9,7,0.0,1.0,1.0,2.0,2.0,Moderate
91469.0,2015-2016,69,1,25.7,4,,1.0,1.0,1.0,2.0,Low
91471.0,2015-2016,80,1,29.7,1,1.0,1.0,1.0,0.0,1.0,High
91474.0,2015-2016,62,2,24.5,1,0.0,0.0,0.0,2.0,2.0,Low
91475.0,2015-2016,24,2,55.5,2,1.0,1.0,0.0,0.0,2.0,Low
91476.0,2015-2016,80,2,24.9,3,1.0,0.0,0.0,1.0,2.0,Low
91477.0,2015-2016,35,2,44.9,1,0.0,0.0,0.0,1.0,2.0,Low
91478.0,2015-2016,42,1,25.7,2,0.0,0.0,1.0,0.0,2.0,Low
91479.0,2015-2016,37,2,30.9,4,1.0,0.0,0.0,0.0,2.0,Low
91481.0,2015-2016,80,1,27.5,3,0.0,1.0,0.0,1.0,2.0,Moderate
91482.0,2015-2016,54,2,40.3,2,0.0,0.0,0.0,1.0,2.0,Moderate
91484.0,2015-2016,21,1,26.9,4,1.0,0.0,1.0,0.0,2.0,Low
91485.0,2015-2016,24,2,26.5,7,1.0,0.0,1.0,0.0,2.0,Low
91487.0,2015-2016,37,2,22.0,3,0.0,0.0,1.0,0.0,2.0,Low
91489.0,2015-2016,74,2,37.6,4,0.0,1.0,1.0,0.0,2.0,Moderate
91490.0,2015-2016,65,2,26.1,2,0.0,0.0,0.0,0.0,2.0,Low
91491.0,2015-2016,37,1,32.1,3,0.0,0.0,0.0,1.0,2.0,Low
91492.0,2015-2016,70,2,30.7,4,0.0,0.0,1.0,0.0,2.0,Low
91493.0,2015-2016,62,2,43.8,3,0.0,1.0,0.0,2.0,2.0,Moderate
91495.0,2015-2016,55,1,38.8,2,1.0,1.0,1.0,1.0,1.0,High
91497.0,2015-2016,31,2,22.4,1,0.0,0.0,1.0,0.0,2.0,Low
91502.0,2015-2016,36,1,30.8,2,0.0,0.0,1.0,1.0,2.0,Moderate
91503.0,2015-2016,80,1,21.5,3,0.0,0.0,1.0,1.0,2.0,Low
91504.0,2015-2016,21,1,28.9,4,1.0,0.0,1.0,0.0,2.0,Low
91505.0,2015-2016,45,2,22.5,6,0.0,0.0,0.0,0.0,2.0,Moderate
91507.0,2015-2016,53,2,45.6,4,0.0,0.0,0.0,0.0,1.0,High
91508.0,2015-2016,78,1,32.3,2,,1.0,0.0,1.0,2.0,Low
91510.0,2015-2016,37,1,26.6,4,0.0,0.0,1.0,0.0,2.0,Low
91512.0,2015-2016,53,1,48.2,3,0.0,1.0,1.0,0.0,2.0,Moderate
91513.0,2015-2016,60,2,28.6,1,1.0,0.0,0.0,0.0,2.0,Low
91515.0,2015-2016,38,2,22.2,3,0.0,0.0,1.0,1.0,2.0,Low
91516.0,2015-2016,80,2,37.7,6,0.0,1.0,0.0,0.0,1.0,High
91519.0,2015-2016,20,2,17.1,3,0.0,0.0,0.0,1.0,2.0,Low
91520.0,2015-2016,30,1,23.4,3,0.0,1.0,1.0,0.0,2.0,Low
91525.0,2015-2016,29,2,20.6,6,1.0,0.0,1.0,0.0,2.0,Moderate
91526.0,2015-2016,49,1,28.4,6,0.0,1.0,1.0,0.0,2.0,Low
91527.0,2015-2016,41,2,25.6,3,0.0,0.0,0.0,2.0,2.0,Low
91529.0,2015-2016,43,2,22.6,6,0.0,0.0,1.0,0.0,2.0,Low
91530.0,2015-2016,26,2,34.4,4,1.0,0.0,1.0,0.0,2.0,High
91531.0,2015-2016,28,2,30.2,1,0.0,0.0,1.0,0.0,2.0,Low
91532.0,2015-2016,22,1,30.6,3,0.0,0.0,1.0,1.0,2.0,Low
91533.0,2015-2016,80,2,29.4,4,1.0,1.0,0.0,0.0,2.0,Moderate
91536.0,2015-2016,37,2,30.0,7,1.0,0.0,1.0,0.0,2.0,Low
91537.0,2015-2016,53,2,30.4,1,0.0,0.0,1.0,0.0,2.0,Low
91538.0,2015-2016,72,1,28.6,2,1.0,0.0,1.0,1.0,2.0,Moderate
91539.0,2015-2016,40,1,33.5,2,1.0,1.0,1.0,0.0,2.0,Moderate
91542.0,2015-2016,80,2,22.8,4,1.0,1.0,1.0,0.0,3.0,Moderate
91543.0,2015-2016,44,1,34.0,6,0.0,0.0,0.0,0.0,2.0,High
91544.0,2015-2016,72,2,29.3,4,0.0,0.0,0.0,0.0,2.0,Moderate
91547.0,2015-2016,54,1,31.2,2,0.0,0.0,1.0,0.0,2.0,Low
91549.0,2015-2016,46,1,29.9,1,1.0,0.0,1.0,0.0,2.0,Moderate
91550.0,2015-2016,70,2,29.0,4,0.0,1.0,0.0,2.0,1.0,High
91551.0,2015-2016,80,2,30.6,3,0.0,1.0,0.0,0.0,3.0,Moderate
91552.0,2015-2016,43,1,36.6,7,0.0,1.0,1.0,0.0,2.0,Moderate
91555.0,2015-2016,35,2,26.0,2,1.0,0.0,0.0,2.0,2.0,Low
91557.0,2015-2016,60,1,32.4,4,0.0,1.0,1.0,2.0,2.0,Moderate
91558.0,2015-2016,80,1,32.0,3,0.0,1.0,0.0,1.0,2.0,Moderate
91559.0,2015-2016,30,2,25.1,3,1.0,0.0,0.0,2.0,2.0,Low
91560.0,2015-2016,46,1,21.0,4,0.0,0.0,1.0,0.0,2.0,Low
91561.0,2015-2016,58,1,25.2,4,0.0,0.0,1.0,1.0,2.0,Moderate
91562.0,2015-2016,41,1,22.0,4,0.0,0.0,0.0,0.0,2.0,Moderate
91563.0,2015-2016,80,1,31.8,3,0.0,1.0,0.0,1.0,2.0,Low
91564.0,2015-2016,59,1,39.2,4,0.0,1.0,0.0,1.0,2.0,Moderate
91566.0,2015-2016,25,2,46.4,3,1.0,0.0,1.0,2.0,2.0,Low
91568.0,2015-2016,75,2,44.7,2,1.0,1.0,0.0,0.0,3.0,High
91569.0,2015-2016,60,2,25.5,3,0.0,0.0,0.0,1.0,2.0,Low
91570.0,2015-2016,39,2,22.8,6,,0.0,1.0,0.0,2.0,Low
91572.0,2015-2016,80,2,23.1,3,0.0,0.0,0.0,0.0,2.0,Moderate
91578.0,2015-2016,69,1,26.5,4,0.0,1.0,0.0,1.0,1.0,High
91579.0,2015-2016,50,2,37.0,1,1.0,1.0,1.0,0.0,2.0,Moderate
91581.0,2015-2016,35,2,30.8,3,0.0,0.0,1.0,0.0,2.0,Low
91582.0,2015-2016,48,2,22.3,3,0.0,0.0,1.0,1.0,2.0,Low
91583.0,2015-2016,46,2,31.1,6,1.0,0.0,0.0,0.0,1.0,High
91584.0,2015-2016,71,1,25.4,2,1.0,1.0,0.0,1.0,1.0,High
91585.0,2015-2016,42,1,30.5,4,1.0,0.0,0.0,2.0,2.0,Moderate
91586.0,2015-2016,68,2,35.4,1,1.0,1.0,0.0,2.0,1.0,High
91589.0,2015-2016,55,2,23.6,3,0.0,1.0,0.0,2.0,2.0,Moderate
91592.0,2015-2016,25,2,40.1,4,0.0,0.0,0.0,2.0,2.0,Moderate
91594.0,2015-2016,49,1,,6,0.0,1.0,1.0,0.0,2.0,Moderate
91596.0,2015-2016,42,2,32.1,4,1.0,1.0,0.0,1.0,2.0,Low
91597.0,2015-2016,23,2,24.8,3,,0.0,1.0,2.0,2.0,Low
91599.0,2015-2016,60,1,32.8,1,0.0,1.0,0.0,1.0,1.0,High
91600.0,2015-2016,80,1,22.9,3,1.0,0.0,0.0,1.0,2.0,Low
91603.0,2015-2016,47,2,24.3,6,0.0,0.0,0.0,0.0,2.0,Moderate
91604.0,2015-2016,33,1,43.9,3,0.0,0.0,0.0,2.0,2.0,Low
91606.0,2015-2016,50,2,23.4,6,1.0,0.0,0.0,2.0,2.0,Low
91609.0,2015-2016,65,1,23.3,7,0.0,0.0,1.0,0.0,2.0,Low
91611.0,2015-2016,66,2,23.7,6,1.0,0.0,1.0,0.0,2.0,Low
91615.0,2015-2016,47,1,24.7,2,0.0,0.0,1.0,1.0,2.0,Low
91618.0,2015-2016,60,2,32.7,1,1.0,0.0,0.0,1.0,1.0,High
91619.0,2015-2016,20,1,19.8,4,,0.0,1.0,0.0,2.0,Low
91621.0,2015-2016,51,2,22.8,6,0.0,0.0,0.0,0.0,2.0,Moderate
91622.0,2015-2016,34,2,39.3,1,1.0,1.0,0.0,2.0,2.0,Low
91624.0,2015-2016,39,1,21.7,1,1.0,1.0,0.0,2.0,1.0,High
91626.0,2015-2016,41,1,30.6,3,0.0,0.0,1.0,0.0,2.0,Low
91627.0,2015-2016,48,2,32.2,3,1.0,1.0,0.0,2.0,2.0,Moderate
91628.0,2015-2016,31,1,32.2,6,0.0,0.0,1.0,0.0,2.0,Moderate
91630.0,2015-2016,29,2,45.2,1,1.0,0.0,1.0,1.0,1.0,High
91631.0,2015-2016,58,1,25.4,3,1.0,0.0,0.0,2.0,2.0,Moderate
91632.0,2015-2016,60,1,34.7,1,1.0,1.0,0.0,0.0,1.0,High
91633.0,2015-2016,42,2,28.9,6,0.0,0.0,0.0,0.0,2.0,Low
91634.0,2015-2016,78,2,46.0,3,0.0,1.0,0.0,0.0,1.0,High
91635.0,2015-2016,51,2,33.7,1,0.0,0.0,1.0,0.0,2.0,Low
91637.0,2015-2016,55,1,26.2,3,0.0,0.0,1.0,1.0,2.0,Moderate
91638.0,2015-2016,47,1,30.8,1,1.0,1.0,1.0,0.0,1.0,High
91639.0,2015-2016,57,2,22.4,3,0.0,0.0,1.0,0.0,2.0,Moderate
91641.0,2015-2016,63,1,23.4,6,1.0,1.0,0.0,2.0,2.0,Moderate
91642.0,2015-2016,34,2,24.6,3,0.0,1.0,1.0,0.0,2.0,Low
91643.0,2015-2016,59,2,26.5,3,0.0,0.0,1.0,0.0,3.0,High
91646.0,2015-2016,72,1,25.5,4,0.0,1.0,1.0,0.0,2.0,Low
91647.0,2015-2016,57,1,23.8,4,0.0,1.0,1.0,1.0,2.0,Low
91652.0,2015-2016,58,2,29.8,1,1.0,1.0,0.0,0.0,2.0,Low
91653.0,2015-2016,51,2,32.0,2,0.0,0.0,0.0,0.0,2.0,High
91654.0,2015-2016,71,1,29.1,2,1.0,1.0,0.0,1.0,2.0,Moderate
91659.0,2015-2016,64,2,22.5,6,0.0,1.0,0.0,0.0,2.0,Moderate
91661.0,2015-2016,44,1,32.5,4,1.0,0.0,1.0,0.0,2.0,Low
91663.0,2015-2016,46,2,24.5,6,0.0,0.0,0.0,0.0,2.0,Low
91665.0,2015-2016,74,2,37.9,6,1.0,1.0,0.0,0.0,1.0,High
91667.0,2015-2016,60,2,24.2,3,1.0,1.0,0.0,2.0,2.0,Low
91669.0,2015-2016,33,1,22.8,1,1.0,0.0,1.0,0.0,2.0,Low
91670.0,2015-2016,48,1,31.6,3,1.0,0.0,0.0,1.0,3.0,High
91671.0,2015-2016,36,1,26.0,3,1.0,0.0,0.0,1.0,2.0,Moderate
91672.0,2015-2016,26,1,22.2,4,1.0,0.0,1.0,0.0,2.0,Low
91673.0,2015-2016,79,1,17.0,4,0.0,1.0,0.0,2.0,2.0,Moderate
91674.0,2015-2016,63,2,35.4,3,0.0,0.0,0.0,0.0,2.0,Moderate
91675.0,2015-2016,48,2,31.9,2,0.0,0.0,0.0,0.0,2.0,Moderate
91679.0,2015-2016,65,1,27.0,2,0.0,0.0,0.0,0.0,2.0,Low
91681.0,2015-2016,66,1,32.0,4,1.0,1.0,0.0,2.0,1.0,High
91683.0,2015-2016,59,2,23.4,4,1.0,0.0,0.0,0.0,2.0,Moderate
91684.0,2015-2016,53,1,27.9,6,0.0,0.0,0.0,1.0,2.0,Moderate
91685.0,2015-2016,55,2,33.6,2,0.0,1.0,0.0,0.0,2.0,Moderate
91687.0,2015-2016,28,2,26.5,4,0.0,0.0,0.0,0.0,2.0,Moderate
91692.0,2015-2016,29,1,25.6,4,1.0,0.0,1.0,0.0,2.0,Low
91696.0,2015-2016,80,2,28.6,3,0.0,1.0,0.0,0.0,2.0,Moderate
91697.0,2015-2016,70,1,33.4,3,0.0,1.0,1.0,0.0,2.0,Low
91699.0,2015-2016,47,1,30.2,7,1.0,0.0,1.0,0.0,2.0,Low
91702.0,2015-2016,59,2,38.9,1,0.0,1.0,0.0,0.0,2.0,Moderate
91704.0,2015-2016,50,1,18.1,4,1.0,0.0,0.0,2.0,2.0,Low
91706.0,2015-2016,35,1,21.6,3,0.0,0.0,1.0,0.0,2.0,Low
91711.0,2015-2016,34,2,35.9,7,1.0,0.0,1.0,0.0,2.0,Low
91712.0,2015-2016,35,1,26.0,3,1.0,0.0,1.0,0.0,2.0,Low
91713.0,2015-2016,80,1,28.0,7,0.0,1.0,1.0,0.0,2.0,Moderate
91714.0,2015-2016,35,2,27.2,7,0.0,0.0,0.0,1.0,2.0,Low
91715.0,2015-2016,73,1,26.7,2,0.0,1.0,0.0,0.0,1.0,High
91716.0,2015-2016,75,2,23.8,4,1.0,1.0,1.0,0.0,2.0,Low
91717.0,2015-2016,55,2,30.5,2,1.0,1.0,1.0,0.0,1.0,High
91718.0,2015-2016,58,2,31.2,2,0.0,1.0,0.0,0.0,2.0,Moderate
91721.0,2015-2016,26,2,28.7,3,1.0,0.0,0.0,0.0,2.0,Low
91722.0,2015-2016,25,2,30.1,3,1.0,0.0,1.0,2.0,2.0,Low
91723.0,2015-2016,48,2,22.9,4,0.0,1.0,1.0,0.0,2.0,Low
91724.0,2015-2016,38,2,26.9,3,0.0,0.0,1.0,0.0,2.0,Low
91725.0,2015-2016,57,2,33.2,3,1.0,0.0,0.0,0.0,2.0,Moderate
91726.0,2015-2016,80,2,22.5,3,1.0,0.0,0.0,0.0,2.0,Low
91727.0,2015-2016,80,2,28.6,3,1.0,1.0,0.0,0.0,2.0,Moderate
91728.0,2015-2016,76,2,35.0,1,0.0,0.0,1.0,1.0,2.0,Moderate
91730.0,2015-2016,53,1,28.4,2,1.0,1.0,1.0,1.0,1.0,High
91732.0,2015-2016,55,2,39.3,3,0.0,1.0,1.0,2.0,2.0,Moderate
91733.0,2015-2016,64,1,30.7,1,1.0,1.0,1.0,1.0,1.0,High
91734.0,2015-2016,36,2,30.6,4,1.0,0.0,1.0,0.0,2.0,Low
91737.0,2015-2016,80,2,19.6,3,1.0,1.0,0.0,0.0,2.0,Moderate
91739.0,2015-2016,70,1,30.7,1,1.0,0.0,0.0,1.0,1.0,High
91742.0,2015-2016,23,1,17.9,7,1.0,0.0,1.0,0.0,2.0,Low
91743.0,2015-2016,51,1,35.4,1,0.0,0.0,0.0,0.0,2.0,Moderate
91744.0,2015-2016,78,2,25.3,3,0.0,0.0,0.0,0.0,2.0,Moderate
91747.0,2015-2016,66,1,28.3,2,0.0,1.0,1.0,0.0,2.0,Low
91748.0,2015-2016,80,1,28.1,4,0.0,0.0,1.0,0.0,2.0,Low
91750.0,2015-2016,49,2,21.9,3,0.0,0.0,1.0,0.0,2.0,Moderate
91752.0,2015-2016,51,2,24.0,6,0.0,0.0,1.0,0.0,2.0,Low
91753.0,2015-2016,48,2,21.0,3,0.0,0.0,0.0,2.0,2.0,Low
91755.0,2015-2016,34,1,28.1,2,0.0,0.0,1.0,0.0,2.0,Low
91756.0,2015-2016,63,2,25.2,1,0.0,0.0,1.0,0.0,2.0,Moderate
91758.0,2015-2016,62,2,44.1,2,1.0,1.0,0.0,0.0,1.0,High
91759.0,2015-2016,60,1,21.8,2,0.0,0.0,0.0,2.0,2.0,Low
91760.0,2015-2016,80,1,22.8,3,0.0,1.0,1.0,1.0,2.0,High
91771.0,2015-2016,39,2,29.6,1,1.0,0.0,1.0,1.0,1.0,High
91772.0,2015-2016,48,1,34.5,4,0.0,0.0,0.0,0.0,2.0,Moderate
91775.0,2015-2016,30,2,29.2,3,1.0,0.0,1.0,0.0,2.0,Low
91776.0,2015-2016,80,1,21.5,1,0.0,1.0,1.0,1.0,1.0,High
91781.0,2015-2016,24,1,26.8,4,0.0,0.0,0.0,0.0,2.0,Low
91783.0,2015-2016,80,1,27.2,1,1.0,1.0,1.0,1.0,1.0,High
91784.0,2015-2016,80,2,20.6,3,0.0,0.0,0.0,1.0,2.0,Low
91785.0,2015-2016,34,2,24.3,7,0.0,0.0,1.0,1.0,2.0,Low
91787.0,2015-2016,80,2,19.5,3,0.0,0.0,0.0,0.0,2.0,Moderate
91788.0,2015-2016,42,2,38.4,1,0.0,0.0,1.0,0.0,2.0,Low
91790.0,2015-2016,23,2,21.4,2,0.0,0.0,1.0,0.0,2.0,Low
91791.0,2015-2016,20,2,18.9,7,0.0,0.0,1.0,0.0,2.0,Low
91792.0,2015-2016,68,2,37.5,2,0.0,1.0,0.0,0.0,1.0,High
91793.0,2015-2016,44,2,23.2,3,1.0,0.0,0.0,2.0,2.0,Moderate
91794.0,2015-2016,25,2,21.6,1,0.0,0.0,1.0,2.0,2.0,Low
91796.0,2015-2016,31,2,30.4,1,0.0,0.0,0.0,0.0,2.0,Low
91799.0,2015-2016,66,1,31.1,7,0.0,1.0,0.0,2.0,2.0,Moderate
91801.0,2015-2016,79,2,21.5,3,0.0,0.0,1.0,0.0,2.0,Low
91803.0,2015-2016,37,2,41.3,3,0.0,1.0,1.0,0.0,2.0,Low
91804.0,2015-2016,45,2,34.5,3,1.0,1.0,0.0,2.0,2.0,Moderate
91806.0,2015-2016,66,2,36.3,3,0.0,1.0,0.0,1.0,2.0,Low
91807.0,2015-2016,25,2,27.8,7,1.0,1.0,1.0,2.0,2.0,Moderate
91809.0,2015-2016,23,1,26.2,4,0.0,1.0,1.0,0.0,2.0,Low
91811.0,2015-2016,49,1,31.2,4,1.0,1.0,0.0,0.0,2.0,Moderate
91814.0,2015-2016,62,2,29.6,1,0.0,0.0,1.0,1.0,2.0,High
91815.0,2015-2016,75,1,28.1,4,,0.0,0.0,1.0,2.0,Low
91816.0,2015-2016,29,1,34.8,1,0.0,0.0,0.0,2.0,2.0,Low
91817.0,2015-2016,59,1,23.0,3,1.0,0.0,1.0,2.0,2.0,Moderate
91820.0,2015-2016,80,1,24.3,3,1.0,0.0,0.0,1.0,2.0,Moderate
91821.0,2015-2016,47,2,22.5,6,0.0,1.0,0.0,0.0,2.0,Low
91824.0,2015-2016,60,2,30.1,2,0.0,0.0,1.0,0.0,2.0,Moderate
91825.0,2015-2016,60,1,24.9,4,1.0,0.0,1.0,0.0,2.0,Moderate
91826.0,2015-2016,42,2,27.1,4,1.0,1.0,1.0,2.0,2.0,Low
91829.0,2015-2016,49,2,25.8,4,0.0,1.0,0.0,0.0,1.0,High
91830.0,2015-2016,44,1,25.2,1,1.0,0.0,1.0,0.0,2.0,Low
91832.0,2015-2016,30,1,27.0,4,0.0,0.0,0.0,0.0,2.0,Moderate
91833.0,2015-2016,27,2,21.2,2,0.0,0.0,1.0,2.0,2.0,Low
91834.0,2015-2016,39,2,35.5,4,0.0,1.0,1.0,1.0,2.0,Low
91835.0,2015-2016,23,2,26.2,2,1.0,0.0,1.0,0.0,1.0,High
91837.0,2015-2016,72,1,17.0,3,0.0,0.0,1.0,0.0,2.0,Moderate
91838.0,2015-2016,47,2,22.6,3,0.0,0.0,1.0,1.0,2.0,Low
91839.0,2015-2016,35,2,27.3,4,0.0,0.0,1.0,0.0,2.0,Low
91841.0,2015-2016,64,1,,4,0.0,0.0,0.0,0.0,2.0,Moderate
91842.0,2015-2016,49,2,30.1,1,1.0,0.0,1.0,0.0,1.0,High
91843.0,2015-2016,38,1,21.7,7,0.0,0.0,1.0,0.0,2.0,High
91846.0,2015-2016,56,2,30.6,4,1.0,1.0,0.0,0.0,1.0,High
91849.0,2015-2016,41,1,25.7,4,0.0,0.0,0.0,2.0,2.0,Moderate
91850.0,2015-2016,64,2,26.4,3,0.0,0.0,1.0,0.0,2.0,Low
91852.0,2015-2016,24,2,34.0,4,0.0,0.0,0.0,0.0,2.0,Low
91853.0,2015-2016,63,2,40.5,1,1.0,1.0,0.0,0.0,2.0,Moderate
91856.0,2015-2016,58,2,37.2,3,0.0,0.0,1.0,1.0,2.0,Moderate
91858.0,2015-2016,33,1,45.5,1,0.0,0.0,0.0,0.0,2.0,Low
91859.0,2015-2016,55,1,26.4,4,0.0,1.0,1.0,2.0,2.0,Low
91861.0,2015-2016,46,1,26.9,4,0.0,0.0,1.0,0.0,2.0,Moderate
91865.0,2015-2016,58,2,27.6,3,0.0,0.0,1.0,0.0,2.0,Moderate
91867.0,2015-2016,20,1,21.0,3,0.0,0.0,0.0,2.0,2.0,Low
91868.0,2015-2016,57,1,36.0,3,1.0,1.0,0.0,1.0,2.0,Moderate
91869.0,2015-2016,25,2,18.3,1,0.0,0.0,1.0,0.0,2.0,Low
91871.0,2015-2016,71,1,25.9,4,0.0,0.0,0.0,2.0,2.0,Moderate
91875.0,2015-2016,69,2,22.1,3,1.0,0.0,1.0,0.0,3.0,Moderate
91876.0,2015-2016,33,2,29.1,6,0.0,0.0,1.0,0.0,2.0,Low
91880.0,2015-2016,55,2,25.8,4,0.0,0.0,1.0,0.0,2.0,Moderate
91884.0,2015-2016,72,2,25.2,3,0.0,1.0,1.0,0.0,2.0,Low
91886.0,2015-2016,66,1,33.0,4,1.0,1.0,0.0,2.0,1.0,High
91887.0,2015-2016,28,2,48.6,1,0.0,0.0,1.0,0.0,2.0,Low
91888.0,2015-2016,45,2,23.7,3,1.0,0.0,0.0,0.0,2.0,Low
91889.0,2015-2016,66,1,32.5,2,1.0,0.0,0.0,1.0,3.0,Moderate
91890.0,2015-2016,60,1,33.0,3,1.0,1.0,0.0,2.0,2.0,Moderate
91893.0,2015-2016,33,2,34.2,7,1.0,1.0,1.0,0.0,2.0,Moderate
91894.0,2015-2016,25,1,25.9,6,1.0,0.0,1.0,0.0,2.0,Low
91897.0,2015-2016,57,2,37.5,4,1.0,0.0,0.0,2.0,2.0,Moderate
91898.0,2015-2016,61,1,25.2,4,0.0,1.0,1.0,1.0,2.0,Low
91899.0,2015-2016,48,2,21.0,6,1.0,0.0,1.0,0.0,1.0,High
91900.0,2015-2016,46,2,36.6,1,1.0,1.0,0.0,0.0,2.0,Moderate
91903.0,2015-2016,50,2,31.9,4,1.0,1.0,1.0,0.0,2.0,Moderate
91906.0,2015-2016,29,1,19.1,6,0.0,0.0,1.0,0.0,2.0,Low
91907.0,2015-2016,54,1,29.1,3,0.0,0.0,1.0,0.0,2.0,Low
91911.0,2015-2016,51,2,32.3,4,0.0,0.0,1.0,1.0,2.0,Moderate
91912.0,2015-2016,41,1,55.4,2,1.0,1.0,1.0,0.0,1.0,High
91915.0,2015-2016,67,1,26.4,7,0.0,1.0,1.0,2.0,2.0,Low
91916.0,2015-2016,35,2,20.6,3,1.0,0.0,1.0,2.0,2.0,Low
91919.0,2015-2016,43,1,27.6,2,0.0,0.0,1.0,0.0,2.0,Moderate
91921.0,2015-2016,45,2,34.7,6,1.0,1.0,0.0,0.0,2.0,Low
91922.0,2015-2016,39,2,44.3,4,1.0,1.0,0.0,0.0,2.0,Low
91924.0,2015-2016,58,1,26.4,3,0.0,0.0,1.0,1.0,2.0,Low
91927.0,2015-2016,24,2,25.8,3,1.0,0.0,1.0,0.0,2.0,Moderate
91928.0,2015-2016,38,2,24.4,4,1.0,0.0,1.0,0.0,2.0,Low
91930.0,2015-2016,34,1,20.2,2,0.0,0.0,0.0,2.0,2.0,Moderate
91931.0,2015-2016,55,1,33.3,4,1.0,1.0,1.0,2.0,2.0,Low
91932.0,2015-2016,51,2,21.3,4,1.0,1.0,1.0,2.0,2.0,Low
91935.0,2015-2016,80,1,26.7,3,0.0,0.0,0.0,1.0,1.0,High
91938.0,2015-2016,32,2,34.2,1,0.0,0.0,0.0,2.0,2.0,Low
91944.0,2015-2016,31,1,25.1,3,1.0,1.0,1.0,0.0,2.0,Moderate
91945.0,2015-2016,39,2,44.7,2,1.0,1.0,0.0,0.0,2.0,High
91947.0,2015-2016,29,1,19.6,4,0.0,0.0,0.0,2.0,2.0,Low
91949.0,2015-2016,80,1,33.5,4,1.0,,0.0,0.0,2.0,High
91950.0,2015-2016,61,1,27.7,3,0.0,1.0,0.0,0.0,1.0,High
91952.0,2015-2016,42,1,28.0,2,0.0,0.0,1.0,2.0,2.0,Moderate
91954.0,2015-2016,80,2,35.6,3,1.0,1.0,0.0,0.0,1.0,High
91956.0,2015-2016,61,1,26.9,4,1.0,0.0,0.0,2.0,2.0,Low
91957.0,2015-2016,23,2,20.1,4,1.0,0.0,0.0,0.0,2.0,Low
91960.0,2015-2016,67,2,39.6,2,1.0,1.0,1.0,1.0,2.0,Moderate
91962.0,2015-2016,63,1,29.0,2,1.0,1.0,0.0,2.0,1.0,High
91965.0,2015-2016,38,1,21.4,3,0.0,1.0,1.0,2.0,2.0,High
91966.0,2015-2016,40,1,21.6,3,1.0,0.0,0.0,2.0,2.0,Moderate
91967.0,2015-2016,50,2,38.6,2,1.0,0.0,0.0,0.0,2.0,Low
91968.0,2015-2016,27,1,44.2,1,1.0,0.0,1.0,2.0,2.0,Low
91970.0,2015-2016,59,1,25.5,6,0.0,0.0,0.0,0.0,1.0,High
91972.0,2015-2016,70,1,51.8,1,1.0,0.0,0.0,1.0,1.0,High
91974.0,2015-2016,40,1,31.3,3,1.0,1.0,0.0,1.0,2.0,Low
91976.0,2015-2016,40,1,26.0,3,0.0,0.0,1.0,2.0,2.0,Moderate
91978.0,2015-2016,22,1,20.3,6,0.0,0.0,1.0,0.0,2.0,Low
91983.0,2015-2016,38,2,33.3,3,,0.0,0.0,1.0,2.0,Low
91984.0,2015-2016,49,2,22.4,7,0.0,1.0,1.0,2.0,2.0,Low
91985.0,2015-2016,25,1,28.9,1,1.0,0.0,1.0,0.0,2.0,Low
91991.0,2015-2016,76,1,30.3,1,1.0,1.0,1.0,0.0,1.0,High
91992.0,2015-2016,66,2,26.6,3,0.0,0.0,1.0,0.0,2.0,Low
91993.0,2015-2016,39,2,46.0,1,1.0,0.0,0.0,1.0,1.0,High
91994.0,2015-2016,30,1,21.6,6,0.0,0.0,1.0,0.0,2.0,Low
91995.0,2015-2016,54,2,29.2,3,1.0,0.0,1.0,0.0,2.0,Low
91997.0,2015-2016,35,2,29.0,6,0.0,0.0,0.0,0.0,2.0,Low
91999.0,2015-2016,33,2,25.6,3,0.0,0.0,1.0,0.0,2.0,Low
92000.0,2015-2016,34,1,24.2,3,0.0,0.0,1.0,0.0,2.0,Moderate
92001.0,2015-2016,65,2,29.4,4,1.0,1.0,1.0,0.0,2.0,Low
92002.0,2015-2016,59,1,26.2,1,1.0,0.0,0.0,1.0,2.0,Low
92003.0,2015-2016,31,1,27.9,3,0.0,0.0,1.0,1.0,2.0,Moderate
92005.0,2015-2016,33,1,23.2,4,0.0,0.0,1.0,0.0,2.0,Low
92007.0,2015-2016,37,1,35.0,1,1.0,0.0,0.0,1.0,2.0,Low
92014.0,2015-2016,26,2,38.5,1,1.0,0.0,0.0,0.0,2.0,Low
92017.0,2015-2016,73,1,31.6,3,1.0,1.0,0.0,1.0,2.0,Low
92019.0,2015-2016,66,1,34.7,3,0.0,0.0,0.0,0.0,2.0,Moderate
92020.0,2015-2016,51,2,43.5,1,1.0,1.0,0.0,1.0,1.0,High
92021.0,2015-2016,75,2,28.3,4,0.0,0.0,1.0,2.0,2.0,Low
92024.0,2015-2016,70,1,31.0,1,0.0,1.0,0.0,0.0,1.0,High
92025.0,2015-2016,22,1,45.3,1,1.0,1.0,1.0,0.0,2.0,Low
92026.0,2015-2016,42,2,28.6,1,0.0,0.0,1.0,2.0,2.0,Moderate
92027.0,2015-2016,65,2,35.5,4,0.0,1.0,0.0,0.0,1.0,High
92030.0,2015-2016,78,2,41.9,1,0.0,1.0,0.0,0.0,2.0,Low
92037.0,2015-2016,26,2,28.6,4,1.0,0.0,0.0,0.0,2.0,Low
92038.0,2015-2016,39,1,34.8,3,0.0,1.0,1.0,1.0,2.0,Low
92041.0,2015-2016,29,1,37.8,7,1.0,1.0,0.0,2.0,2.0,Low
92044.0,2015-2016,21,1,21.7,7,0.0,0.0,1.0,0.0,2.0,Low
92045.0,2015-2016,40,1,30.1,3,1.0,1.0,1.0,0.0,2.0,Moderate
92048.0,2015-2016,75,1,28.8,1,1.0,0.0,0.0,0.0,1.0,High
92049.0,2015-2016,56,2,29.0,4,1.0,1.0,0.0,2.0,2.0,Moderate
92050.0,2015-2016,61,2,20.9,1,1.0,0.0,0.0,0.0,2.0,Low
92051.0,2015-2016,36,2,29.1,1,0.0,0.0,0.0,0.0,2.0,Low
92052.0,2015-2016,61,1,31.8,2,0.0,1.0,0.0,1.0,2.0,Low
92055.0,2015-2016,66,2,33.2,2,1.0,0.0,0.0,0.0,1.0,High
92058.0,2015-2016,65,1,31.8,4,1.0,0.0,0.0,1.0,1.0,High
92059.0,2015-2016,72,2,63.6,3,1.0,0.0,1.0,1.0,2.0,Moderate
92060.0,2015-2016,65,1,28.1,4,0.0,1.0,1.0,2.0,2.0,High
92062.0,2015-2016,40,2,27.4,1,1.0,0.0,0.0,0.0,2.0,Moderate
92065.0,2015-2016,47,2,24.4,2,1.0,1.0,1.0,1.0,2.0,High
92066.0,2015-2016,80,1,27.5,1,0.0,1.0,0.0,1.0,1.0,High
92068.0,2015-2016,27,1,24.1,3,0.0,0.0,1.0,0.0,2.0,Low
92069.0,2015-2016,41,1,37.5,4,1.0,1.0,0.0,2.0,2.0,Low
92070.0,2015-2016,64,2,29.2,4,0.0,0.0,1.0,0.0,3.0,Moderate
92074.0,2015-2016,40,1,27.3,3,1.0,0.0,1.0,1.0,2.0,Low
92076.0,2015-2016,59,1,41.6,3,1.0,1.0,0.0,1.0,2.0,Moderate
92081.0,2015-2016,49,2,28.5,2,0.0,0.0,1.0,0.0,2.0,Low
92083.0,2015-2016,23,2,37.9,7,1.0,0.0,0.0,2.0,2.0,Low
92084.0,2015-2016,35,1,23.6,3,1.0,0.0,0.0,0.0,2.0,Moderate
92085.0,2015-2016,56,2,30.6,3,0.0,1.0,0.0,0.0,2.0,Moderate
92088.0,2015-2016,61,1,32.2,3,0.0,1.0,0.0,0.0,2.0,Low
92089.0,2015-2016,61,2,42.6,7,0.0,1.0,0.0,1.0,2.0,Moderate
92090.0,2015-2016,80,1,25.6,3,0.0,0.0,0.0,1.0,2.0,Moderate
92092.0,2015-2016,32,2,23.5,6,0.0,0.0,0.0,0.0,2.0,Low
92094.0,2015-2016,63,1,29.0,7,1.0,1.0,0.0,2.0,3.0,Moderate
92097.0,2015-2016,80,2,28.2,3,0.0,1.0,1.0,0.0,2.0,Moderate
92098.0,2015-2016,63,1,28.2,1,1.0,1.0,0.0,1.0,1.0,High
92099.0,2015-2016,22,1,28.4,2,0.0,0.0,1.0,0.0,2.0,Low
92101.0,2015-2016,69,1,,1,1.0,1.0,0.0,1.0,1.0,High
92103.0,2015-2016,72,1,35.2,3,0.0,1.0,0.0,1.0,1.0,High
92104.0,2015-2016,20,1,26.6,3,0.0,0.0,1.0,0.0,2.0,Moderate
92105.0,2015-2016,74,1,26.2,1,1.0,0.0,1.0,1.0,1.0,High
92106.0,2015-2016,56,1,24.3,4,1.0,0.0,1.0,0.0,2.0,Moderate
92107.0,2015-2016,38,2,36.0,6,1.0,0.0,0.0,0.0,2.0,Moderate
92109.0,2015-2016,50,1,28.2,3,0.0,0.0,0.0,0.0,2.0,Low
92110.0,2015-2016,80,2,25.3,3,1.0,0.0,0.0,1.0,2.0,Moderate
92111.0,2015-2016,60,2,26.7,2,,1.0,1.0,,2.0,Moderate
92112.0,2015-2016,41,1,35.1,3,0.0,0.0,1.0,0.0,2.0,Low
92114.0,2015-2016,30,1,25.0,1,0.0,0.0,1.0,2.0,2.0,Low
92116.0,2015-2016,63,2,27.4,3,0.0,0.0,0.0,1.0,2.0,Moderate
92119.0,2015-2016,58,2,35.8,3,0.0,0.0,0.0,1.0,2.0,Low
92121.0,2015-2016,57,1,33.5,4,1.0,1.0,0.0,0.0,1.0,High
92122.0,2015-2016,23,1,23.7,3,0.0,0.0,1.0,0.0,2.0,Low
92124.0,2015-2016,42,2,43.4,4,1.0,1.0,0.0,0.0,3.0,Moderate
92126.0,2015-2016,63,2,36.1,4,1.0,1.0,1.0,1.0,2.0,Low
92129.0,2015-2016,26,2,31.7,3,0.0,0.0,1.0,0.0,2.0,Low
92130.0,2015-2016,56,1,28.8,4,1.0,1.0,0.0,2.0,1.0,High
92131.0,2015-2016,61,2,39.2,1,1.0,1.0,1.0,1.0,2.0,Low
92133.0,2015-2016,31,1,27.4,4,0.0,0.0,1.0,1.0,2.0,Low
92134.0,2015-2016,29,1,23.1,2,0.0,0.0,1.0,0.0,2.0,Moderate
92135.0,2015-2016,61,1,31.1,1,0.0,0.0,1.0,0.0,2.0,Moderate
92136.0,2015-2016,72,2,31.4,1,1.0,1.0,0.0,0.0,2.0,Low
92138.0,2015-2016,80,1,26.6,3,1.0,1.0,0.0,1.0,3.0,Moderate
92139.0,2015-2016,73,1,23.4,3,0.0,0.0,1.0,0.0,2.0,Moderate
92140.0,2015-2016,48,2,27.6,3,1.0,0.0,0.0,2.0,2.0,Low
92141.0,2015-2016,60,1,32.8,4,1.0,1.0,1.0,0.0,1.0,High
92143.0,2015-2016,67,2,26.0,1,1.0,1.0,0.0,2.0,2.0,Moderate
92146.0,2015-2016,69,1,34.2,1,1.0,1.0,0.0,0.0,1.0,High
92149.0,2015-2016,33,1,22.3,3,0.0,1.0,0.0,2.0,2.0,Low
92150.0,2015-2016,32,1,24.0,3,0.0,0.0,0.0,0.0,2.0,Moderate
92151.0,2015-2016,64,1,30.1,3,1.0,1.0,0.0,0.0,2.0,Low
92155.0,2015-2016,24,2,23.7,2,1.0,0.0,1.0,0.0,2.0,Low
92156.0,2015-2016,50,1,35.5,4,1.0,1.0,1.0,1.0,2.0,High
92157.0,2015-2016,51,1,18.9,3,1.0,0.0,0.0,2.0,2.0,Low
92158.0,2015-2016,57,1,25.0,4,0.0,1.0,0.0,1.0,2.0,Moderate
92160.0,2015-2016,59,2,25.3,3,0.0,0.0,0.0,1.0,2.0,Moderate
92166.0,2015-2016,34,1,46.3,1,1.0,0.0,0.0,0.0,2.0,Moderate
92167.0,2015-2016,55,1,25.0,4,0.0,0.0,0.0,0.0,2.0,Low
92168.0,2015-2016,69,1,38.5,3,0.0,1.0,0.0,1.0,3.0,Moderate
92170.0,2015-2016,64,1,24.0,3,0.0,1.0,0.0,2.0,2.0,Moderate
92174.0,2015-2016,29,1,33.7,1,1.0,1.0,0.0,0.0,2.0,Moderate
92179.0,2015-2016,37,2,21.6,6,1.0,0.0,0.0,0.0,2.0,Low
92184.0,2015-2016,40,2,29.1,1,0.0,0.0,0.0,0.0,1.0,High
92185.0,2015-2016,63,1,29.0,1,1.0,0.0,0.0,1.0,1.0,High
92186.0,2015-2016,48,2,27.0,3,0.0,0.0,1.0,0.0,2.0,Low
92188.0,2015-2016,77,1,37.2,3,0.0,1.0,0.0,1.0,2.0,Moderate
92190.0,2015-2016,27,2,25.1,7,0.0,0.0,1.0,0.0,2.0,Low
92194.0,2015-2016,47,2,24.5,4,0.0,0.0,0.0,0.0,2.0,Low
92198.0,2015-2016,47,2,34.8,4,1.0,0.0,0.0,0.0,2.0,Low
92199.0,2015-2016,47,1,16.0,2,1.0,0.0,0.0,1.0,1.0,High
92200.0,2015-2016,25,1,33.5,2,0.0,0.0,1.0,0.0,2.0,Low
92202.0,2015-2016,65,2,18.7,4,1.0,1.0,1.0,2.0,2.0,Moderate
92203.0,2015-2016,40,2,41.9,1,0.0,1.0,0.0,0.0,2.0,Low
92204.0,2015-2016,71,2,21.3,3,0.0,0.0,0.0,2.0,2.0,Low
92206.0,2015-2016,20,2,18.0,1,0.0,0.0,0.0,1.0,2.0,Low
92210.0,2015-2016,30,2,27.6,4,1.0,0.0,0.0,0.0,1.0,High
92212.0,2015-2016,33,2,31.9,6,1.0,0.0,1.0,0.0,2.0,Low
92216.0,2015-2016,31,2,26.3,2,1.0,0.0,0.0,0.0,2.0,Low
92217.0,2015-2016,64,2,31.1,6,0.0,1.0,0.0,0.0,2.0,Moderate
92218.0,2015-2016,64,1,26.1,1,1.0,1.0,1.0,2.0,1.0,High
92219.0,2015-2016,63,1,29.8,2,0.0,0.0,0.0,1.0,2.0,Low
92220.0,2015-2016,39,2,31.7,6,0.0,0.0,0.0,0.0,2.0,High
92221.0,2015-2016,80,2,28.1,2,1.0,1.0,0.0,0.0,2.0,Moderate
92225.0,2015-2016,42,2,35.3,1,1.0,1.0,1.0,1.0,2.0,Low
92226.0,2015-2016,26,2,27.5,3,0.0,0.0,1.0,0.0,2.0,Low
92229.0,2015-2016,75,2,29.1,6,1.0,1.0,0.0,0.0,1.0,High
92233.0,2015-2016,49,2,21.9,6,0.0,0.0,0.0,0.0,2.0,Low
92234.0,2015-2016,29,1,27.0,6,1.0,0.0,1.0,2.0,2.0,Low
92235.0,2015-2016,80,2,32.3,4,1.0,1.0,1.0,1.0,1.0,High
92238.0,2015-2016,80,2,33.4,1,0.0,1.0,0.0,1.0,2.0,Low
92239.0,2015-2016,22,2,37.4,3,1.0,0.0,0.0,0.0,2.0,Low
92240.0,2015-2016,77,1,33.8,3,0.0,1.0,0.0,0.0,2.0,Low
92242.0,2015-2016,80,2,21.8,3,0.0,1.0,1.0,0.0,2.0,Moderate
92243.0,2015-2016,62,1,35.8,1,1.0,0.0,0.0,2.0,2.0,Moderate
92247.0,2015-2016,57,2,31.8,3,0.0,0.0,1.0,0.0,2.0,Moderate
92251.0,2015-2016,57,1,28.7,7,0.0,0.0,1.0,0.0,2.0,Low
92252.0,2015-2016,63,2,27.8,4,0.0,1.0,0.0,0.0,2.0,Moderate
92253.0,2015-2016,64,2,25.3,6,0.0,0.0,0.0,0.0,2.0,Moderate
92254.0,2015-2016,45,1,24.3,6,0.0,0.0,1.0,0.0,2.0,Moderate
92255.0,2015-2016,62,1,,4,0.0,1.0,0.0,2.0,2.0,Moderate
92256.0,2015-2016,53,1,21.9,3,0.0,0.0,1.0,0.0,2.0,Low
92257.0,2015-2016,80,1,29.4,2,0.0,1.0,0.0,0.0,2.0,Low
92259.0,2015-2016,80,1,23.7,6,0.0,1.0,0.0,2.0,2.0,Moderate
92260.0,2015-2016,50,2,29.1,2,0.0,0.0,1.0,0.0,2.0,Low
92262.0,2015-2016,80,2,28.5,1,0.0,1.0,1.0,0.0,2.0,Low
92263.0,2015-2016,29,1,24.1,6,0.0,0.0,0.0,0.0,2.0,Low
92269.0,2015-2016,80,2,24.1,4,1.0,1.0,0.0,1.0,2.0,Moderate
92271.0,2015-2016,63,1,26.7,3,0.0,0.0,0.0,0.0,2.0,Low
92274.0,2015-2016,50,1,40.1,3,1.0,0.0,1.0,1.0,2.0,Low
92275.0,2015-2016,42,1,25.9,2,1.0,1.0,1.0,0.0,2.0,Low
92276.0,2015-2016,68,2,20.0,2,1.0,0.0,0.0,0.0,2.0,High
92277.0,2015-2016,45,2,24.8,3,1.0,1.0,1.0,2.0,2.0,Moderate
92281.0,2015-2016,38,1,22.6,3,0.0,0.0,0.0,0.0,2.0,Low
92283.0,2015-2016,68,1,25.1,3,0.0,1.0,0.0,2.0,2.0,Moderate
92286.0,2015-2016,65,1,25.8,2,1.0,0.0,0.0,0.0,1.0,High
92287.0,2015-2016,24,2,24.0,2,1.0,0.0,1.0,0.0,2.0,Low
92289.0,2015-2016,34,1,,4,1.0,0.0,0.0,0.0,2.0,Low
92291.0,2015-2016,27,1,37.8,2,0.0,1.0,1.0,0.0,1.0,High
92294.0,2015-2016,35,1,26.1,1,0.0,0.0,0.0,0.0,2.0,Moderate
92295.0,2015-2016,68,1,29.5,4,0.0,0.0,0.0,2.0,2.0,Low
92297.0,2015-2016,44,2,25.2,1,1.0,0.0,1.0,0.0,2.0,Low
92298.0,2015-2016,57,2,28.9,4,1.0,1.0,0.0,2.0,3.0,Moderate
92299.0,2015-2016,55,2,35.5,2,1.0,0.0,0.0,0.0,2.0,Moderate
92300.0,2015-2016,24,2,32.5,4,1.0,0.0,0.0,0.0,2.0,Low
92302.0,2015-2016,33,2,20.4,6,0.0,0.0,0.0,0.0,2.0,Low
92307.0,2015-2016,35,2,41.7,3,1.0,1.0,1.0,1.0,2.0,Low
92309.0,2015-2016,62,1,29.1,1,1.0,1.0,0.0,0.0,1.0,High
92312.0,2015-2016,59,1,34.6,1,1.0,1.0,0.0,1.0,2.0,High
92316.0,2015-2016,54,1,32.9,3,0.0,0.0,1.0,0.0,2.0,Low
92319.0,2015-2016,40,2,25.1,6,1.0,0.0,1.0,0.0,2.0,Moderate
92320.0,2015-2016,29,2,24.3,3,0.0,0.0,1.0,2.0,2.0,Low
92323.0,2015-2016,80,1,25.9,3,0.0,1.0,0.0,0.0,2.0,Moderate
92326.0,2015-2016,29,2,24.9,6,0.0,0.0,0.0,0.0,2.0,Low
92331.0,2015-2016,57,1,29.3,1,0.0,0.0,0.0,1.0,2.0,Moderate
92332.0,2015-2016,27,2,20.4,6,0.0,0.0,0.0,0.0,2.0,Low
92333.0,2015-2016,40,1,21.0,4,1.0,0.0,0.0,2.0,2.0,Low
92335.0,2015-2016,80,2,22.0,3,0.0,1.0,0.0,0.0,2.0,Moderate
92337.0,2015-2016,55,2,33.1,3,1.0,1.0,0.0,0.0,1.0,High
92338.0,2015-2016,27,2,25.3,6,1.0,0.0,1.0,0.0,2.0,Moderate
92340.0,2015-2016,64,1,24.9,4,1.0,1.0,1.0,0.0,2.0,Moderate
92345.0,2015-2016,23,1,20.4,3,0.0,0.0,1.0,1.0,2.0,Low
92346.0,2015-2016,43,2,36.6,2,1.0,0.0,0.0,0.0,2.0,Low
92347.0,2015-2016,46,1,47.2,4,0.0,1.0,1.0,0.0,1.0,High
92348.0,2015-2016,26,1,28.9,6,0.0,0.0,1.0,0.0,2.0,Low
92349.0,2015-2016,41,2,34.7,3,1.0,1.0,1.0,2.0,2.0,Low
92351.0,2015-2016,69,2,25.0,3,1.0,1.0,0.0,0.0,2.0,Low
92353.0,2015-2016,47,2,44.7,3,1.0,0.0,0.0,2.0,2.0,Moderate
92356.0,2015-2016,54,1,33.0,4,1.0,0.0,0.0,1.0,1.0,High
92357.0,2015-2016,80,1,33.9,4,0.0,1.0,1.0,,1.0,High
92358.0,2015-2016,21,2,21.8,3,0.0,0.0,0.0,1.0,2.0,Low
92359.0,2015-2016,66,2,22.9,3,,0.0,1.0,1.0,2.0,Moderate
92361.0,2015-2016,29,2,19.3,7,1.0,0.0,0.0,2.0,2.0,Low
92362.0,2015-2016,25,1,26.2,3,1.0,0.0,1.0,2.0,2.0,Low
92363.0,2015-2016,27,2,47.8,4,1.0,0.0,1.0,2.0,2.0,Low
92365.0,2015-2016,36,1,27.7,2,1.0,0.0,1.0,0.0,1.0,High
92366.0,2015-2016,49,1,33.4,3,1.0,1.0,1.0,2.0,2.0,Moderate
92368.0,2015-2016,54,2,31.3,2,1.0,0.0,1.0,1.0,2.0,Low
92369.0,2015-2016,26,1,26.6,2,0.0,0.0,0.0,0.0,2.0,Low
92370.0,2015-2016,80,1,30.3,3,1.0,1.0,0.0,0.0,1.0,High
92371.0,2015-2016,30,1,28.4,3,1.0,0.0,1.0,0.0,2.0,Low
92373.0,2015-2016,80,1,32.2,3,0.0,1.0,1.0,1.0,3.0,Moderate
92374.0,2015-2016,28,1,34.4,1,0.0,0.0,0.0,1.0,2.0,Low
92376.0,2015-2016,58,2,24.8,7,,1.0,0.0,2.0,2.0,Moderate
92377.0,2015-2016,45,1,20.8,1,0.0,0.0,0.0,0.0,2.0,Low
92380.0,2015-2016,24,1,30.8,2,0.0,0.0,0.0,1.0,2.0,Low
92381.0,2015-2016,34,1,,1,0.0,1.0,1.0,0.0,2.0,Low
92386.0,2015-2016,57,2,32.4,4,1.0,1.0,1.0,0.0,1.0,High
92389.0,2015-2016,63,2,32.8,6,1.0,1.0,0.0,0.0,1.0,High
92390.0,2015-2016,47,1,24.8,4,0.0,0.0,0.0,2.0,2.0,Moderate
92393.0,2015-2016,42,1,31.4,4,0.0,1.0,1.0,0.0,2.0,Low
92394.0,2015-2016,59,2,32.0,3,0.0,1.0,0.0,0.0,2.0,Moderate
92395.0,2015-2016,80,2,35.0,4,0.0,1.0,1.0,0.0,3.0,Moderate
92397.0,2015-2016,32,2,39.4,2,1.0,0.0,0.0,0.0,2.0,Low
92400.0,2015-2016,23,1,41.0,2,1.0,0.0,0.0,2.0,2.0,Moderate
92403.0,2015-2016,57,2,24.8,3,0.0,0.0,1.0,1.0,2.0,Low
92404.0,2015-2016,22,1,24.4,6,1.0,0.0,1.0,1.0,2.0,Low
92405.0,2015-2016,25,1,23.4,6,0.0,1.0,0.0,0.0,2.0,Low
92407.0,2015-2016,54,2,41.3,1,1.0,1.0,0.0,0.0,2.0,High
92408.0,2015-2016,24,1,24.4,3,0.0,0.0,0.0,0.0,2.0,Low
92409.0,2015-2016,59,2,32.1,4,1.0,1.0,0.0,0.0,1.0,High
92410.0,2015-2016,55,2,49.8,3,1.0,0.0,1.0,1.0,2.0,Moderate
92412.0,2015-2016,40,2,26.7,3,0.0,0.0,0.0,0.0,2.0,Low
92413.0,2015-2016,45,2,33.8,1,1.0,1.0,1.0,0.0,2.0,Moderate
92415.0,2015-2016,80,1,18.2,4,0.0,1.0,0.0,1.0,2.0,Low
92416.0,2015-2016,41,1,33.2,4,0.0,0.0,0.0,1.0,2.0,Low
92417.0,2015-2016,37,1,24.2,7,0.0,1.0,1.0,2.0,2.0,Moderate
92418.0,2015-2016,48,1,18.6,6,0.0,0.0,0.0,2.0,2.0,Moderate
92419.0,2015-2016,45,2,41.6,3,0.0,0.0,0.0,0.0,2.0,Moderate
92420.0,2015-2016,43,2,24.2,2,0.0,0.0,1.0,0.0,2.0,Low
92421.0,2015-2016,29,2,25.9,3,0.0,0.0,0.0,0.0,2.0,Low
92423.0,2015-2016,37,2,50.9,1,,0.0,0.0,2.0,2.0,Low
92424.0,2015-2016,65,1,30.7,1,0.0,0.0,0.0,1.0,1.0,High
92426.0,2015-2016,79,1,35.8,3,0.0,1.0,1.0,1.0,2.0,Moderate
92428.0,2015-2016,33,2,26.7,6,1.0,0.0,1.0,0.0,2.0,Low
92429.0,2015-2016,52,2,26.5,3,1.0,0.0,0.0,0.0,2.0,Low
92432.0,2015-2016,76,2,26.9,3,1.0,1.0,0.0,0.0,2.0,Moderate
92435.0,2015-2016,65,1,36.7,2,1.0,0.0,0.0,1.0,1.0,High
92436.0,2015-2016,62,2,25.6,1,0.0,1.0,0.0,0.0,2.0,Moderate
92437.0,2015-2016,50,1,31.4,3,1.0,1.0,1.0,1.0,1.0,High
92438.0,2015-2016,34,2,17.9,2,0.0,0.0,1.0,0.0,2.0,Low
92440.0,2015-2016,56,1,29.5,3,1.0,0.0,1.0,2.0,2.0,Moderate
92443.0,2015-2016,32,1,25.1,2,0.0,0.0,1.0,1.0,2.0,Low
92446.0,2015-2016,26,1,37.0,1,1.0,0.0,0.0,0.0,2.0,Low
92448.0,2015-2016,65,2,24.5,2,1.0,0.0,1.0,0.0,2.0,Moderate
92450.0,2015-2016,66,1,26.9,4,0.0,0.0,0.0,1.0,2.0,Moderate
92454.0,2015-2016,72,1,28.7,3,1.0,1.0,1.0,1.0,1.0,High
92455.0,2015-2016,49,2,29.8,1,0.0,0.0,0.0,0.0,2.0,Moderate
92459.0,2015-2016,58,1,37.0,3,1.0,0.0,1.0,1.0,2.0,Moderate
92462.0,2015-2016,80,1,31.2,3,0.0,0.0,0.0,1.0,2.0,Low
92463.0,2015-2016,31,1,41.8,6,1.0,1.0,0.0,2.0,2.0,Moderate
92465.0,2015-2016,72,1,25.6,3,0.0,1.0,1.0,2.0,2.0,Moderate
92472.0,2015-2016,59,1,30.9,4,0.0,1.0,1.0,1.0,2.0,Moderate
92473.0,2015-2016,31,1,23.7,3,1.0,0.0,0.0,0.0,2.0,Low
92475.0,2015-2016,49,2,18.8,3,0.0,0.0,1.0,0.0,2.0,Low
92476.0,2015-2016,27,1,27.1,6,1.0,0.0,1.0,0.0,2.0,Low
92478.0,2015-2016,20,2,48.3,2,1.0,0.0,0.0,0.0,2.0,Moderate
92480.0,2015-2016,46,1,42.9,3,1.0,0.0,1.0,2.0,1.0,High
92482.0,2015-2016,62,2,37.8,1,0.0,1.0,0.0,2.0,2.0,High
92485.0,2015-2016,30,2,25.4,1,0.0,0.0,0.0,0.0,2.0,Low
92486.0,2015-2016,40,1,27.2,7,0.0,0.0,1.0,0.0,2.0,Moderate
92487.0,2015-2016,69,1,25.7,3,1.0,1.0,1.0,0.0,1.0,High
92491.0,2015-2016,74,1,35.3,3,0.0,1.0,0.0,0.0,2.0,Moderate
92494.0,2015-2016,80,2,44.2,7,0.0,0.0,0.0,0.0,2.0,Moderate
92495.0,2015-2016,63,1,25.3,2,0.0,0.0,0.0,0.0,2.0,Low
92497.0,2015-2016,29,2,38.7,1,0.0,0.0,0.0,0.0,2.0,Moderate
92499.0,2015-2016,79,2,30.5,3,0.0,1.0,1.0,0.0,2.0,Low
92500.0,2015-2016,56,2,32.1,6,1.0,1.0,1.0,0.0,1.0,High
92503.0,2015-2016,36,1,21.4,1,0.0,0.0,0.0,2.0,2.0,Moderate
92504.0,2015-2016,40,1,23.2,7,1.0,1.0,1.0,1.0,2.0,Low
92505.0,2015-2016,48,2,30.6,2,1.0,0.0,0.0,0.0,2.0,Low
92506.0,2015-2016,34,2,28.1,1,0.0,0.0,1.0,0.0,2.0,Moderate
92507.0,2015-2016,80,1,30.0,3,0.0,0.0,0.0,1.0,2.0,Moderate
92508.0,2015-2016,27,1,21.1,3,0.0,0.0,1.0,0.0,2.0,Low
92510.0,2015-2016,33,2,39.8,3,,0.0,1.0,0.0,2.0,Low
92511.0,2015-2016,33,1,26.8,6,0.0,1.0,0.0,0.0,2.0,Low
92512.0,2015-2016,36,1,28.2,2,0.0,0.0,0.0,0.0,2.0,Low
92513.0,2015-2016,65,1,28.5,4,1.0,1.0,1.0,1.0,2.0,Moderate
92515.0,2015-2016,80,1,27.3,3,0.0,1.0,0.0,1.0,2.0,Low
92521.0,2015-2016,29,2,36.5,4,0.0,0.0,0.0,0.0,2.0,Low
92522.0,2015-2016,80,2,32.5,1,0.0,1.0,0.0,0.0,2.0,Moderate
92524.0,2015-2016,54,2,26.2,1,0.0,0.0,0.0,1.0,2.0,Low
92526.0,2015-2016,22,2,34.4,6,0.0,0.0,1.0,2.0,2.0,Low
92527.0,2015-2016,55,2,37.0,2,0.0,1.0,0.0,0.0,2.0,Moderate
92529.0,2015-2016,55,1,26.6,4,1.0,1.0,1.0,0.0,2.0,Moderate
92530.0,2015-2016,70,2,27.7,3,0.0,0.0,1.0,0.0,2.0,Low
92531.0,2015-2016,80,1,37.5,3,1.0,1.0,0.0,1.0,2.0,Moderate
92532.0,2015-2016,55,1,28.1,7,1.0,1.0,1.0,0.0,1.0,High
92533.0,2015-2016,52,2,31.1,1,0.0,0.0,0.0,0.0,2.0,Moderate
92535.0,2015-2016,62,1,27.3,4,0.0,1.0,1.0,2.0,2.0,Moderate
92536.0,2015-2016,25,2,22.1,2,0.0,0.0,1.0,1.0,2.0,Low
92538.0,2015-2016,26,1,30.4,1,1.0,0.0,1.0,0.0,2.0,Low
92539.0,2015-2016,61,2,18.7,2,1.0,0.0,0.0,0.0,2.0,Low
92540.0,2015-2016,50,2,31.7,1,0.0,0.0,1.0,0.0,2.0,Low
92541.0,2015-2016,40,1,23.7,4,1.0,0.0,1.0,0.0,2.0,Moderate
92542.0,2015-2016,36,2,29.8,3,0.0,1.0,1.0,1.0,2.0,Low
92544.0,2015-2016,62,1,31.1,1,0.0,0.0,0.0,0.0,3.0,Moderate
92545.0,2015-2016,31,2,25.6,3,0.0,0.0,1.0,0.0,2.0,Low
92546.0,2015-2016,80,1,36.3,3,1.0,0.0,0.0,1.0,1.0,High
92548.0,2015-2016,58,1,36.0,1,0.0,0.0,1.0,2.0,2.0,Moderate
92551.0,2015-2016,25,2,30.4,4,0.0,0.0,1.0,0.0,2.0,Low
92553.0,2015-2016,55,1,26.6,1,0.0,0.0,0.0,2.0,2.0,Low
92554.0,2015-2016,56,2,30.2,4,1.0,1.0,0.0,2.0,2.0,Low
92555.0,2015-2016,37,2,35.4,3,1.0,0.0,0.0,2.0,2.0,Low
92556.0,2015-2016,30,1,34.4,3,0.0,0.0,0.0,2.0,2.0,Low
92557.0,2015-2016,71,1,19.0,6,0.0,0.0,1.0,2.0,2.0,Low
92559.0,2015-2016,41,1,23.9,6,0.0,0.0,1.0,0.0,2.0,Moderate
92561.0,2015-2016,79,1,22.2,4,,0.0,0.0,1.0,2.0,Low
92562.0,2015-2016,51,2,36.4,4,1.0,0.0,1.0,0.0,2.0,Moderate
92564.0,2015-2016,31,1,26.8,3,0.0,0.0,1.0,0.0,2.0,Moderate
92566.0,2015-2016,27,2,23.6,3,0.0,0.0,0.0,2.0,2.0,Low
92567.0,2015-2016,51,2,22.5,6,1.0,0.0,0.0,0.0,2.0,Low
92568.0,2015-2016,55,2,27.1,1,1.0,0.0,1.0,0.0,2.0,Moderate
92569.0,2015-2016,39,1,34.4,1,1.0,0.0,1.0,0.0,2.0,Low
92570.0,2015-2016,24,1,29.5,4,1.0,0.0,1.0,0.0,2.0,Moderate
92573.0,2015-2016,42,2,41.9,3,1.0,0.0,1.0,2.0,1.0,High
92574.0,2015-2016,80,2,16.5,6,0.0,0.0,1.0,0.0,2.0,Moderate
92579.0,2015-2016,63,1,53.6,2,0.0,1.0,0.0,1.0,2.0,Moderate
92584.0,2015-2016,39,1,27.6,3,0.0,0.0,1.0,2.0,2.0,Low
92586.0,2015-2016,36,2,48.2,4,0.0,0.0,0.0,1.0,2.0,Low
92587.0,2015-2016,70,2,28.8,4,1.0,0.0,1.0,1.0,2.0,Moderate
92588.0,2015-2016,80,1,20.2,3,1.0,1.0,0.0,0.0,1.0,High
92593.0,2015-2016,51,2,26.5,3,1.0,1.0,0.0,0.0,2.0,Low
92595.0,2015-2016,80,2,29.2,4,0.0,1.0,0.0,0.0,2.0,Moderate
92598.0,2015-2016,64,2,34.6,3,0.0,1.0,0.0,0.0,2.0,High
92602.0,2015-2016,79,2,32.6,3,0.0,1.0,0.0,0.0,2.0,Moderate
92603.0,2015-2016,70,1,25.5,3,0.0,0.0,0.0,0.0,2.0,Low
92605.0,2015-2016,21,1,20.3,2,,0.0,1.0,2.0,2.0,Low
92608.0,2015-2016,24,1,27.0,3,0.0,0.0,0.0,0.0,2.0,Low
92609.0,2015-2016,60,1,30.9,1,1.0,1.0,1.0,0.0,2.0,Moderate
92610.0,2015-2016,26,1,31.7,2,0.0,1.0,1.0,0.0,2.0,Low
92614.0,2015-2016,43,1,31.8,3,0.0,0.0,0.0,2.0,2.0,Moderate
92615.0,2015-2016,34,1,32.1,4,1.0,0.0,1.0,0.0,2.0,Low
92617.0,2015-2016,80,1,22.6,4,1.0,1.0,1.0,2.0,2.0,Moderate
92620.0,2015-2016,37,1,29.2,6,1.0,1.0,0.0,0.0,2.0,Moderate
92622.0,2015-2016,69,2,35.2,3,0.0,1.0,0.0,0.0,1.0,High
92623.0,2015-2016,67,2,30.3,2,0.0,1.0,0.0,0.0,2.0,Moderate
92624.0,2015-2016,23,2,28.9,4,1.0,0.0,0.0,2.0,2.0,Low
92625.0,2015-2016,38,2,31.4,7,1.0,0.0,0.0,0.0,2.0,Moderate
92628.0,2015-2016,68,1,30.3,1,1.0,0.0,0.0,0.0,1.0,High
92631.0,2015-2016,80,2,24.9,3,0.0,1.0,1.0,0.0,2.0,Moderate
92633.0,2015-2016,34,2,28.3,3,0.0,0.0,1.0,0.0,2.0,Low
92634.0,2015-2016,23,2,26.0,6,1.0,0.0,1.0,0.0,2.0,Moderate
92636.0,2015-2016,80,2,25.8,3,1.0,1.0,0.0,0.0,1.0,High
92641.0,2015-2016,56,2,36.8,1,1.0,0.0,0.0,0.0,1.0,High
92642.0,2015-2016,34,2,32.3,3,1.0,0.0,1.0,2.0,2.0,Low
92644.0,2015-2016,51,1,22.1,6,0.0,1.0,0.0,1.0,2.0,Low
92645.0,2015-2016,60,2,23.3,3,0.0,0.0,1.0,0.0,2.0,Low
92647.0,2015-2016,65,2,30.3,1,0.0,1.0,0.0,2.0,1.0,High
92648.0,2015-2016,56,1,30.1,7,0.0,0.0,1.0,2.0,2.0,High
92649.0,2015-2016,78,1,21.4,2,0.0,0.0,0.0,0.0,2.0,Moderate
92651.0,2015-2016,33,2,31.0,1,0.0,0.0,0.0,0.0,2.0,Low
92654.0,2015-2016,49,1,47.0,4,1.0,1.0,0.0,2.0,1.0,High
92656.0,2015-2016,30,1,23.1,2,0.0,0.0,1.0,0.0,2.0,Low
92657.0,2015-2016,24,2,26.5,1,0.0,0.0,0.0,0.0,2.0,Low
92659.0,2015-2016,60,2,21.8,3,1.0,0.0,1.0,0.0,2.0,Moderate
92661.0,2015-2016,80,2,21.0,6,0.0,1.0,0.0,0.0,2.0,Low
92662.0,2015-2016,59,2,25.8,3,,0.0,1.0,1.0,2.0,Moderate
92663.0,2015-2016,37,2,24.7,6,1.0,0.0,0.0,0.0,2.0,Moderate
92664.0,2015-2016,54,1,24.9,3,0.0,1.0,0.0,1.0,2.0,Low
92667.0,2015-2016,60,2,19.5,3,1.0,0.0,1.0,2.0,2.0,Moderate
92668.0,2015-2016,45,2,24.7,4,1.0,0.0,0.0,0.0,2.0,Low
92670.0,2015-2016,42,2,20.7,6,0.0,0.0,1.0,0.0,2.0,Low
92674.0,2015-2016,45,2,27.1,1,1.0,0.0,1.0,0.0,1.0,High
92675.0,2015-2016,30,2,22.9,1,0.0,0.0,1.0,2.0,2.0,Low
92676.0,2015-2016,42,1,30.2,4,1.0,1.0,1.0,0.0,1.0,High
92677.0,2015-2016,34,1,45.4,3,1.0,0.0,0.0,0.0,2.0,High
92681.0,2015-2016,25,2,21.3,2,1.0,0.0,0.0,0.0,2.0,Low
92684.0,2015-2016,34,2,28.5,4,0.0,0.0,0.0,0.0,2.0,Low
92686.0,2015-2016,73,1,26.8,3,1.0,1.0,0.0,1.0,2.0,Low
92687.0,2015-2016,38,2,25.2,6,0.0,0.0,1.0,0.0,2.0,Low
92688.0,2015-2016,33,1,24.4,3,0.0,0.0,1.0,1.0,2.0,Low
92689.0,2015-2016,44,1,31.8,3,1.0,1.0,0.0,1.0,1.0,High
92690.0,2015-2016,61,2,29.9,4,1.0,0.0,0.0,0.0,2.0,Moderate
92692.0,2015-2016,34,1,21.4,4,1.0,0.0,1.0,2.0,2.0,Moderate
92694.0,2015-2016,56,1,,3,1.0,0.0,1.0,2.0,2.0,Low
92695.0,2015-2016,21,2,32.6,4,0.0,0.0,0.0,0.0,2.0,Low
92696.0,2015-2016,55,1,41.2,4,1.0,1.0,0.0,0.0,1.0,High
92698.0,2015-2016,49,1,25.9,6,0.0,1.0,1.0,0.0,2.0,Low
92699.0,2015-2016,38,1,38.1,7,0.0,1.0,0.0,0.0,2.0,Low
92700.0,2015-2016,73,2,32.7,1,0.0,1.0,0.0,0.0,2.0,Low
92702.0,2015-2016,46,1,35.6,3,0.0,0.0,1.0,1.0,2.0,Moderate
92703.0,2015-2016,51,2,33.0,3,1.0,0.0,0.0,1.0,2.0,Moderate
92704.0,2015-2016,43,1,26.8,7,0.0,1.0,1.0,1.0,2.0,Low
92706.0,2015-2016,26,2,24.1,6,0.0,0.0,1.0,0.0,2.0,Low
92709.0,2015-2016,76,1,17.6,3,,0.0,1.0,0.0,2.0,Moderate
92714.0,2015-2016,65,1,26.5,4,1.0,1.0,1.0,2.0,2.0,Moderate
92716.0,2015-2016,67,1,23.7,3,0.0,0.0,0.0,1.0,2.0,Low
92717.0,2015-2016,22,2,30.8,4,0.0,0.0,1.0,0.0,2.0,Low
92719.0,2015-2016,36,1,26.3,3,0.0,0.0,1.0,0.0,2.0,Low
92720.0,2015-2016,61,2,21.7,6,0.0,0.0,0.0,0.0,2.0,Low
92722.0,2015-2016,24,1,27.4,1,0.0,0.0,1.0,1.0,2.0,Low
92724.0,2015-2016,31,1,28.0,3,0.0,0.0,0.0,2.0,2.0,Moderate
92725.0,2015-2016,38,1,31.8,1,1.0,0.0,0.0,1.0,2.0,Low
92726.0,2015-2016,64,1,28.7,3,0.0,0.0,0.0,1.0,2.0,Low
92728.0,2015-2016,80,1,28.4,3,0.0,1.0,0.0,1.0,2.0,Low
92730.0,2015-2016,40,1,23.0,6,0.0,0.0,1.0,1.0,2.0,Low
92731.0,2015-2016,57,1,21.2,3,1.0,1.0,0.0,2.0,2.0,Moderate
92735.0,2015-2016,34,2,37.3,6,1.0,0.0,0.0,0.0,2.0,Low
92738.0,2015-2016,72,1,38.1,1,0.0,1.0,0.0,1.0,2.0,Low
92741.0,2015-2016,27,2,22.1,6,1.0,0.0,1.0,0.0,2.0,Low
92742.0,2015-2016,22,2,33.7,1,0.0,0.0,1.0,0.0,2.0,Low
92743.0,2015-2016,54,2,37.7,7,0.0,1.0,1.0,0.0,2.0,Moderate
92744.0,2015-2016,63,1,32.4,3,1.0,0.0,0.0,1.0,2.0,Low
92745.0,2015-2016,23,2,26.8,1,1.0,0.0,0.0,0.0,2.0,Low
92746.0,2015-2016,80,1,22.5,3,1.0,1.0,1.0,0.0,2.0,Moderate
92748.0,2015-2016,41,2,26.6,4,1.0,1.0,0.0,0.0,2.0,Moderate
92750.0,2015-2016,53,2,32.2,3,1.0,1.0,0.0,2.0,2.0,High
92751.0,2015-2016,57,1,31.7,1,1.0,1.0,1.0,0.0,1.0,High
92752.0,2015-2016,54,2,22.8,2,1.0,1.0,0.0,0.0,1.0,High
92753.0,2015-2016,41,1,21.3,6,0.0,0.0,1.0,0.0,2.0,Low
92758.0,2015-2016,57,2,27.4,4,1.0,1.0,0.0,2.0,2.0,Low
92761.0,2015-2016,26,2,38.7,3,1.0,1.0,1.0,0.0,2.0,Low
92762.0,2015-2016,47,2,31.1,6,0.0,0.0,0.0,0.0,2.0,Moderate
92764.0,2015-2016,48,1,26.4,6,0.0,0.0,1.0,0.0,2.0,Low
92767.0,2015-2016,41,2,29.3,1,1.0,0.0,1.0,0.0,2.0,Low
92768.0,2015-2016,34,2,36.7,2,0.0,0.0,0.0,0.0,2.0,Moderate
92769.0,2015-2016,47,2,29.1,4,0.0,0.0,1.0,0.0,2.0,Low
92773.0,2015-2016,26,2,26.2,2,1.0,0.0,0.0,2.0,2.0,Low
92774.0,2015-2016,40,1,27.8,4,0.0,0.0,1.0,0.0,2.0,Low
92775.0,2015-2016,53,2,21.7,2,0.0,0.0,1.0,0.0,2.0,Low
92777.0,2015-2016,47,1,26.2,1,0.0,0.0,1.0,1.0,2.0,Moderate
92779.0,2015-2016,72,2,30.0,4,0.0,1.0,1.0,0.0,2.0,Low
92782.0,2015-2016,60,2,33.4,2,1.0,1.0,0.0,0.0,2.0,Moderate
92784.0,2015-2016,23,2,26.8,3,1.0,0.0,1.0,0.0,2.0,Low
92785.0,2015-2016,25,1,24.4,3,0.0,0.0,1.0,0.0,2.0,Low
92787.0,2015-2016,48,1,34.2,3,0.0,1.0,0.0,0.0,2.0,Low
92788.0,2015-2016,31,2,34.8,3,0.0,0.0,1.0,1.0,2.0,Low
92789.0,2015-2016,57,1,21.9,3,1.0,1.0,0.0,2.0,2.0,Low
92792.0,2015-2016,71,1,,7,0.0,1.0,0.0,1.0,2.0,Low
92793.0,2015-2016,28,1,39.6,4,1.0,1.0,1.0,0.0,2.0,Moderate
92795.0,2015-2016,37,1,22.3,6,0.0,0.0,1.0,0.0,2.0,Moderate
92797.0,2015-2016,57,1,29.0,2,0.0,1.0,1.0,1.0,2.0,Moderate
92802.0,2015-2016,38,2,45.6,3,1.0,0.0,1.0,0.0,2.0,Low
92804.0,2015-2016,37,2,39.0,4,0.0,0.0,1.0,0.0,2.0,Low
92805.0,2015-2016,53,1,23.5,6,0.0,1.0,0.0,0.0,2.0,Moderate
92808.0,2015-2016,34,1,32.4,1,0.0,0.0,0.0,2.0,2.0,Low
92812.0,2015-2016,37,2,41.3,1,0.0,1.0,0.0,0.0,1.0,High
92814.0,2015-2016,56,2,24.6,3,1.0,0.0,0.0,2.0,2.0,Moderate
92815.0,2015-2016,22,2,35.6,2,0.0,0.0,0.0,0.0,2.0,Low
92817.0,2015-2016,70,2,30.0,1,0.0,1.0,1.0,0.0,2.0,Moderate
92818.0,2015-2016,32,1,21.7,1,0.0,0.0,0.0,0.0,2.0,Low
92819.0,2015-2016,44,1,26.3,1,1.0,0.0,0.0,1.0,1.0,High
92820.0,2015-2016,31,1,32.1,3,0.0,0.0,0.0,1.0,2.0,Low
92821.0,2015-2016,72,2,23.3,4,1.0,0.0,1.0,1.0,1.0,High
92822.0,2015-2016,34,1,28.1,2,0.0,0.0,1.0,0.0,2.0,Low
92823.0,2015-2016,34,2,18.7,6,0.0,0.0,0.0,0.0,2.0,Low
92824.0,2015-2016,60,2,27.8,6,1.0,0.0,1.0,0.0,2.0,Moderate
92825.0,2015-2016,31,2,29.1,4,0.0,0.0,0.0,0.0,2.0,Low
92827.0,2015-2016,37,2,34.1,4,1.0,0.0,1.0,2.0,2.0,Low
92828.0,2015-2016,60,1,25.8,2,0.0,0.0,1.0,0.0,1.0,High
92829.0,2015-2016,45,1,29.1,6,0.0,0.0,0.0,0.0,2.0,Moderate
92831.0,2015-2016,61,1,24.5,3,0.0,0.0,0.0,1.0,2.0,Moderate
92832.0,2015-2016,80,2,23.3,3,1.0,1.0,0.0,0.0,2.0,Moderate
92835.0,2015-2016,31,1,21.5,3,0.0,0.0,0.0,2.0,2.0,Low
92838.0,2015-2016,47,2,30.0,1,0.0,0.0,1.0,0.0,2.0,Low
92839.0,2015-2016,60,2,31.5,6,0.0,1.0,1.0,0.0,2.0,High
92840.0,2015-2016,35,1,48.4,4,,1.0,1.0,0.0,2.0,Low
92841.0,2015-2016,42,1,30.1,3,1.0,0.0,0.0,0.0,2.0,Low
92846.0,2015-2016,23,2,39.1,3,,0.0,0.0,0.0,2.0,Low
92847.0,2015-2016,26,1,25.8,4,0.0,0.0,1.0,2.0,2.0,Moderate
92848.0,2015-2016,65,2,25.6,3,0.0,0.0,0.0,2.0,2.0,Low
92849.0,2015-2016,57,2,29.5,6,0.0,1.0,1.0,0.0,2.0,Moderate
92850.0,2015-2016,58,1,26.6,6,0.0,0.0,1.0,0.0,3.0,Moderate
92851.0,2015-2016,69,1,28.7,1,1.0,1.0,0.0,2.0,2.0,Low
92854.0,2015-2016,57,2,21.8,3,0.0,0.0,1.0,0.0,2.0,Low
92856.0,2015-2016,27,2,27.8,6,1.0,0.0,1.0,0.0,2.0,Low
92857.0,2015-2016,48,2,32.4,4,1.0,0.0,1.0,0.0,2.0,Low
92858.0,2015-2016,31,2,28.8,7,1.0,0.0,1.0,1.0,2.0,Low
92859.0,2015-2016,69,2,33.2,3,0.0,1.0,0.0,0.0,2.0,Moderate
92861.0,2015-2016,36,2,27.1,4,1.0,0.0,0.0,0.0,2.0,Low
92869.0,2015-2016,26,1,22.6,6,0.0,1.0,1.0,1.0,2.0,Moderate
92871.0,2015-2016,23,2,19.2,3,0.0,0.0,1.0,0.0,2.0,Low
92872.0,2015-2016,55,2,34.5,1,1.0,1.0,0.0,2.0,3.0,Moderate
92874.0,2015-2016,45,1,39.8,1,1.0,0.0,0.0,0.0,1.0,High
92876.0,2015-2016,62,1,26.2,3,0.0,0.0,0.0,2.0,2.0,Moderate
92878.0,2015-2016,63,2,45.4,3,1.0,1.0,1.0,1.0,2.0,Moderate
92880.0,2015-2016,38,1,30.7,1,1.0,0.0,0.0,0.0,2.0,Moderate
92881.0,2015-2016,54,2,31.4,2,1.0,1.0,0.0,1.0,2.0,High
92882.0,2015-2016,66,1,28.8,2,1.0,0.0,0.0,1.0,2.0,Low
92883.0,2015-2016,63,1,32.8,3,0.0,0.0,0.0,0.0,1.0,High
92884.0,2015-2016,70,1,24.2,4,1.0,0.0,0.0,2.0,1.0,High
92885.0,2015-2016,23,1,18.2,4,0.0,0.0,1.0,0.0,2.0,Low
92887.0,2015-2016,78,1,26.6,4,0.0,1.0,1.0,,3.0,Moderate
92890.0,2015-2016,33,1,30.6,6,,0.0,1.0,2.0,2.0,Low
92891.0,2015-2016,49,2,23.5,4,0.0,0.0,0.0,0.0,2.0,Low
92893.0,2015-2016,66,2,27.4,1,1.0,0.0,1.0,0.0,2.0,Moderate
92894.0,2015-2016,26,1,30.8,1,1.0,0.0,1.0,0.0,2.0,Low
92895.0,2015-2016,52,1,24.1,6,1.0,0.0,0.0,2.0,2.0,Moderate
92896.0,2015-2016,67,1,24.3,6,0.0,1.0,0.0,0.0,2.0,Moderate
92897.0,2015-2016,60,1,25.3,2,0.0,1.0,0.0,2.0,2.0,Low
92898.0,2015-2016,42,1,43.9,7,0.0,1.0,1.0,0.0,2.0,Low
92899.0,2015-2016,73,2,29.8,4,0.0,1.0,1.0,0.0,2.0,Low
92900.0,2015-2016,64,1,25.2,1,1.0,1.0,1.0,1.0,2.0,Low
92901.0,2015-2016,54,2,23.9,3,1.0,0.0,1.0,1.0,2.0,Low
92903.0,2015-2016,68,2,26.5,3,0.0,1.0,1.0,0.0,2.0,Low
92904.0,2015-2016,34,2,45.1,4,0.0,0.0,0.0,0.0,2.0,Low
92905.0,2015-2016,34,1,30.1,3,0.0,0.0,1.0,0.0,2.0,Low
92907.0,2015-2016,74,2,31.0,6,0.0,1.0,1.0,0.0,2.0,Moderate
92908.0,2015-2016,80,2,26.1,2,0.0,0.0,0.0,0.0,2.0,Low
92909.0,2015-2016,31,1,26.4,6,0.0,0.0,1.0,0.0,2.0,Low
92911.0,2015-2016,51,2,48.2,3,0.0,1.0,0.0,0.0,2.0,Moderate
92912.0,2015-2016,52,1,29.6,3,0.0,0.0,0.0,0.0,2.0,Low
92914.0,2015-2016,65,2,31.9,3,1.0,1.0,1.0,1.0,2.0,Moderate
92915.0,2015-2016,45,1,25.8,1,1.0,0.0,1.0,2.0,2.0,Moderate
92918.0,2015-2016,51,2,23.8,2,1.0,1.0,1.0,1.0,2.0,Moderate
92920.0,2015-2016,80,2,20.6,3,1.0,1.0,0.0,0.0,2.0,Moderate
92921.0,2015-2016,55,2,35.1,4,1.0,1.0,1.0,1.0,2.0,Low
92922.0,2015-2016,30,2,42.6,4,1.0,1.0,0.0,2.0,2.0,High
92923.0,2015-2016,29,1,23.7,4,1.0,1.0,1.0,2.0,2.0,Moderate
92924.0,2015-2016,35,1,24.0,3,1.0,0.0,1.0,1.0,2.0,Moderate
92926.0,2015-2016,40,1,33.6,1,1.0,0.0,1.0,1.0,2.0,Low
92929.0,2015-2016,50,2,33.5,4,1.0,0.0,1.0,0.0,2.0,Low
92930.0,2015-2016,29,1,27.8,6,0.0,0.0,1.0,0.0,2.0,Low
92936.0,2015-2016,61,2,36.4,3,0.0,0.0,1.0,1.0,2.0,Low
92938.0,2015-2016,30,2,24.6,6,0.0,0.0,1.0,0.0,2.0,Low
92939.0,2015-2016,80,2,29.8,3,0.0,1.0,0.0,0.0,2.0,Moderate
92941.0,2015-2016,33,1,30.5,1,0.0,0.0,1.0,0.0,2.0,Low
92942.0,2015-2016,43,1,34.9,4,1.0,1.0,1.0,0.0,2.0,Low
92946.0,2015-2016,79,2,19.5,3,1.0,1.0,1.0,0.0,2.0,Low
92950.0,2015-2016,52,2,31.3,2,0.0,0.0,0.0,0.0,2.0,Low
92951.0,2015-2016,44,1,30.2,4,1.0,0.0,1.0,1.0,2.0,Low
92952.0,2015-2016,72,1,24.5,3,0.0,1.0,1.0,1.0,2.0,Low
92953.0,2015-2016,80,2,30.1,4,,1.0,0.0,0.0,2.0,Moderate
92954.0,2015-2016,67,1,25.1,2,0.0,0.0,1.0,1.0,2.0,Moderate
92957.0,2015-2016,24,2,32.7,4,0.0,0.0,1.0,0.0,2.0,Low
92959.0,2015-2016,58,1,22.9,2,0.0,1.0,0.0,1.0,2.0,Low
92960.0,2015-2016,75,1,40.3,3,1.0,1.0,1.0,1.0,1.0,High
92961.0,2015-2016,75,2,21.4,3,0.0,1.0,1.0,1.0,2.0,Moderate
92964.0,2015-2016,46,1,28.1,3,0.0,1.0,1.0,0.0,3.0,Moderate
92967.0,2015-2016,52,1,33.4,2,0.0,0.0,1.0,0.0,2.0,Moderate
92969.0,2015-2016,80,2,34.7,3,1.0,0.0,0.0,0.0,2.0,Moderate
92970.0,2015-2016,25,2,26.8,3,0.0,0.0,1.0,2.0,2.0,Low
92971.0,2015-2016,52,1,32.6,2,0.0,0.0,1.0,1.0,2.0,Moderate
92974.0,2015-2016,80,1,19.2,3,0.0,0.0,0.0,1.0,2.0,Moderate
92977.0,2015-2016,38,2,20.3,1,0.0,0.0,1.0,,2.0,Low
92978.0,2015-2016,64,1,54.0,3,0.0,1.0,0.0,0.0,2.0,Moderate
92981.0,2015-2016,68,2,30.8,1,1.0,0.0,1.0,0.0,2.0,High
92984.0,2015-2016,64,2,26.9,3,0.0,1.0,1.0,0.0,2.0,Moderate
92985.0,2015-2016,22,2,23.1,2,1.0,0.0,0.0,0.0,2.0,Low
92986.0,2015-2016,23,1,30.4,2,1.0,0.0,1.0,0.0,2.0,Low
92987.0,2015-2016,40,1,25.1,2,0.0,0.0,0.0,2.0,2.0,Moderate
92988.0,2015-2016,51,2,64.5,4,1.0,1.0,0.0,1.0,1.0,High
92989.0,2015-2016,65,1,41.5,2,1.0,1.0,0.0,0.0,1.0,High
92990.0,2015-2016,74,1,23.9,1,0.0,1.0,0.0,2.0,2.0,High
92992.0,2015-2016,23,1,30.3,4,1.0,1.0,1.0,2.0,2.0,Moderate
92993.0,2015-2016,70,1,30.2,4,0.0,0.0,1.0,1.0,2.0,Low
92994.0,2015-2016,32,1,22.5,6,0.0,0.0,1.0,2.0,2.0,Low
92995.0,2015-2016,54,1,31.7,3,1.0,0.0,1.0,0.0,2.0,High
92998.0,2015-2016,39,2,33.9,2,0.0,0.0,0.0,0.0,2.0,Low
93000.0,2015-2016,80,2,27.2,3,1.0,1.0,1.0,1.0,2.0,Moderate
93001.0,2015-2016,74,2,34.7,3,1.0,1.0,0.0,1.0,1.0,High
93002.0,2015-2016,30,2,19.8,3,1.0,0.0,1.0,1.0,2.0,Low
93003.0,2015-2016,72,2,22.6,6,0.0,1.0,0.0,0.0,2.0,Moderate
93004.0,2015-2016,60,1,34.6,1,0.0,0.0,1.0,1.0,2.0,Moderate
93005.0,2015-2016,79,1,28.1,3,0.0,1.0,1.0,1.0,1.0,High
93007.0,2015-2016,23,1,26.2,2,0.0,0.0,1.0,1.0,2.0,Low
93008.0,2015-2016,53,1,20.5,6,0.0,0.0,1.0,2.0,2.0,Low
93010.0,2015-2016,63,2,,3,1.0,0.0,0.0,1.0,1.0,High
93011.0,2015-2016,61,1,28.4,4,1.0,1.0,0.0,2.0,2.0,Moderate
93012.0,2015-2016,27,1,32.3,1,1.0,0.0,0.0,1.0,2.0,Low
93013.0,2015-2016,80,1,29.3,3,,1.0,0.0,0.0,2.0,Low
93014.0,2015-2016,22,1,31.7,1,0.0,1.0,1.0,1.0,2.0,Low
93015.0,2015-2016,53,2,30.5,3,0.0,1.0,1.0,1.0,2.0,Moderate
93016.0,2015-2016,51,2,20.9,2,0.0,0.0,1.0,0.0,2.0,Low
93017.0,2015-2016,52,2,22.3,6,0.0,0.0,0.0,0.0,2.0,Low
93018.0,2015-2016,75,2,26.8,4,1.0,1.0,0.0,2.0,2.0,Low
93022.0,2015-2016,32,1,38.0,2,1.0,0.0,1.0,2.0,2.0,Moderate
93023.0,2015-2016,49,1,27.0,6,0.0,0.0,0.0,2.0,2.0,Moderate
93024.0,2015-2016,40,2,28.2,4,0.0,0.0,0.0,0.0,1.0,High
93028.0,2015-2016,61,1,43.2,2,0.0,1.0,0.0,1.0,1.0,High
93030.0,2015-2016,42,2,24.5,1,0.0,0.0,1.0,0.0,2.0,Moderate
93034.0,2015-2016,36,2,,1,0.0,0.0,0.0,2.0,2.0,Low
93036.0,2015-2016,52,1,28.6,4,0.0,1.0,1.0,0.0,3.0,Moderate
93039.0,2015-2016,49,2,30.6,1,1.0,0.0,0.0,0.0,2.0,Low
93042.0,2015-2016,35,1,29.2,3,0.0,1.0,0.0,2.0,2.0,Low
93043.0,2015-2016,67,2,25.9,3,1.0,1.0,1.0,0.0,2.0,Moderate
93044.0,2015-2016,41,1,36.6,4,,0.0,0.0,1.0,2.0,Low
93048.0,2015-2016,46,1,27.8,2,1.0,0.0,0.0,2.0,2.0,Moderate
93049.0,2015-2016,59,1,29.1,1,1.0,0.0,0.0,1.0,2.0,Low
93050.0,2015-2016,20,2,27.7,4,1.0,0.0,0.0,0.0,2.0,Low
93051.0,2015-2016,74,1,20.6,3,0.0,1.0,0.0,0.0,2.0,Moderate
93052.0,2015-2016,55,2,32.7,4,1.0,1.0,0.0,2.0,2.0,Moderate
93053.0,2015-2016,69,2,24.1,1,0.0,0.0,0.0,2.0,2.0,Moderate
93054.0,2015-2016,49,1,23.5,4,0.0,0.0,0.0,0.0,2.0,Low
93055.0,2015-2016,80,1,20.5,3,0.0,0.0,0.0,1.0,2.0,Moderate
93057.0,2015-2016,43,1,42.0,3,0.0,1.0,0.0,2.0,2.0,Low
93063.0,2015-2016,42,1,27.9,4,1.0,0.0,1.0,1.0,2.0,Moderate
93068.0,2015-2016,59,1,28.5,2,1.0,1.0,0.0,2.0,2.0,Moderate
93069.0,2015-2016,73,1,35.1,4,1.0,0.0,1.0,1.0,1.0,High
93070.0,2015-2016,56,2,29.6,3,1.0,0.0,1.0,0.0,3.0,Moderate
93072.0,2015-2016,55,2,29.6,3,0.0,0.0,1.0,1.0,2.0,Low
93073.0,2015-2016,33,2,21.5,2,0.0,0.0,0.0,1.0,2.0,Low
93074.0,2015-2016,44,2,29.0,3,1.0,0.0,0.0,0.0,2.0,Low
93075.0,2015-2016,49,2,23.1,6,0.0,1.0,0.0,0.0,2.0,Low
93076.0,2015-2016,35,1,26.5,2,0.0,0.0,1.0,0.0,2.0,Low
93077.0,2015-2016,50,1,29.3,3,0.0,1.0,0.0,0.0,2.0,Low
93081.0,2015-2016,54,1,28.3,6,0.0,0.0,0.0,1.0,1.0,High
93083.0,2015-2016,30,1,32.7,3,0.0,0.0,1.0,0.0,2.0,Moderate
93085.0,2015-2016,56,1,31.5,4,0.0,0.0,1.0,0.0,2.0,Low
93086.0,2015-2016,48,2,23.4,3,0.0,0.0,1.0,0.0,2.0,Low
93087.0,2015-2016,64,2,36.7,4,1.0,0.0,1.0,0.0,2.0,Low
93088.0,2015-2016,22,1,26.7,3,0.0,0.0,1.0,0.0,2.0,Low
93092.0,2015-2016,28,1,28.3,6,0.0,0.0,1.0,0.0,2.0,Moderate
93093.0,2015-2016,45,2,44.6,3,0.0,0.0,0.0,2.0,2.0,Moderate
93094.0,2015-2016,56,1,27.0,3,0.0,0.0,0.0,2.0,2.0,Moderate
93095.0,2015-2016,34,1,31.3,4,1.0,0.0,1.0,0.0,2.0,Moderate
93097.0,2015-2016,28,1,54.1,4,0.0,0.0,1.0,0.0,2.0,High
93098.0,2015-2016,30,2,21.6,4,1.0,0.0,0.0,0.0,2.0,Low
93099.0,2015-2016,59,1,26.8,1,1.0,1.0,1.0,0.0,1.0,High
93100.0,2015-2016,56,2,30.0,1,0.0,1.0,1.0,0.0,2.0,Low
93101.0,2015-2016,36,1,46.8,1,1.0,0.0,0.0,1.0,2.0,Low
93106.0,2015-2016,40,2,29.9,2,0.0,0.0,0.0,0.0,2.0,Low
93107.0,2015-2016,79,1,33.7,3,0.0,1.0,0.0,1.0,2.0,Moderate
93109.0,2015-2016,67,1,18.6,4,0.0,1.0,0.0,2.0,2.0,Low
93111.0,2015-2016,63,2,38.3,1,1.0,0.0,0.0,0.0,2.0,Moderate
93113.0,2015-2016,56,2,33.7,3,,0.0,0.0,2.0,2.0,Moderate
93115.0,2015-2016,28,2,29.3,1,0.0,0.0,1.0,0.0,2.0,Moderate
93116.0,2015-2016,47,2,20.0,4,1.0,0.0,1.0,0.0,2.0,Low
93120.0,2015-2016,30,2,35.6,3,1.0,0.0,1.0,0.0,2.0,Moderate
93122.0,2015-2016,58,1,32.0,3,0.0,0.0,0.0,2.0,2.0,Low
93123.0,2015-2016,30,2,28.3,4,0.0,0.0,1.0,0.0,2.0,Moderate
93124.0,2015-2016,71,2,24.9,6,0.0,1.0,0.0,0.0,2.0,Low
93127.0,2015-2016,52,2,38.9,4,0.0,1.0,1.0,0.0,2.0,Low
93130.0,2015-2016,63,2,22.2,2,0.0,0.0,0.0,2.0,2.0,Low
93131.0,2015-2016,66,2,28.6,1,1.0,1.0,0.0,0.0,2.0,Low
93137.0,2015-2016,35,1,24.6,6,1.0,0.0,0.0,2.0,2.0,Low
93139.0,2015-2016,74,1,23.2,6,0.0,0.0,1.0,0.0,2.0,Moderate
93140.0,2015-2016,20,1,28.6,3,1.0,0.0,1.0,0.0,2.0,Moderate
93141.0,2015-2016,46,1,15.1,6,0.0,0.0,0.0,0.0,2.0,Moderate
93142.0,2015-2016,64,2,67.3,4,0.0,1.0,0.0,0.0,1.0,High
93143.0,2015-2016,68,1,27.6,3,1.0,1.0,0.0,1.0,2.0,Low
93145.0,2015-2016,76,1,32.5,3,1.0,1.0,1.0,1.0,2.0,Low
93146.0,2015-2016,74,1,26.5,4,1.0,1.0,0.0,1.0,1.0,High
93149.0,2015-2016,38,1,28.4,4,0.0,0.0,0.0,2.0,2.0,Low
93153.0,2015-2016,62,2,21.5,3,0.0,1.0,0.0,0.0,2.0,Low
93154.0,2015-2016,61,2,26.7,1,1.0,1.0,1.0,0.0,1.0,High
93157.0,2015-2016,51,2,28.1,3,0.0,0.0,0.0,2.0,2.0,Low
93161.0,2015-2016,27,2,20.9,6,0.0,0.0,0.0,0.0,2.0,Low
93168.0,2015-2016,64,1,,7,,1.0,0.0,0.0,3.0,Moderate
93169.0,2015-2016,27,2,26.4,2,1.0,0.0,1.0,0.0,2.0,Low
93171.0,2015-2016,33,1,27.1,6,1.0,0.0,1.0,0.0,2.0,Low
93173.0,2015-2016,62,2,28.9,3,0.0,1.0,0.0,2.0,2.0,Moderate
93174.0,2015-2016,23,2,24.4,1,0.0,0.0,1.0,2.0,2.0,Low
93175.0,2015-2016,72,2,28.6,2,1.0,1.0,0.0,1.0,1.0,High
93176.0,2015-2016,34,2,21.9,3,0.0,0.0,1.0,0.0,2.0,Low
93178.0,2015-2016,20,2,38.7,7,1.0,0.0,1.0,0.0,2.0,High
93180.0,2015-2016,37,1,39.9,4,1.0,1.0,1.0,0.0,2.0,Moderate
93181.0,2015-2016,46,2,30.2,1,1.0,0.0,1.0,0.0,2.0,Low
93183.0,2015-2016,28,1,25.3,3,0.0,0.0,1.0,2.0,2.0,Low
93185.0,2015-2016,44,2,44.1,4,1.0,0.0,1.0,0.0,2.0,High
93186.0,2015-2016,38,2,29.5,4,0.0,0.0,0.0,1.0,2.0,Low
93189.0,2015-2016,47,2,32.5,1,0.0,0.0,0.0,1.0,2.0,Moderate
93191.0,2015-2016,80,2,21.6,3,0.0,0.0,0.0,2.0,2.0,Moderate
93192.0,2015-2016,48,1,24.1,6,1.0,0.0,0.0,0.0,2.0,Moderate
93196.0,2015-2016,56,2,38.1,4,0.0,0.0,1.0,2.0,2.0,High
93200.0,2015-2016,64,2,20.4,3,1.0,0.0,1.0,0.0,2.0,Low
93201.0,2015-2016,33,1,33.9,2,0.0,0.0,0.0,0.0,2.0,Moderate
93202.0,2015-2016,52,2,40.9,3,1.0,0.0,0.0,1.0,2.0,Moderate
93203.0,2015-2016,80,1,25.0,3,1.0,1.0,1.0,1.0,2.0,Moderate
93205.0,2015-2016,20,1,26.2,1,0.0,0.0,1.0,0.0,2.0,Low
93206.0,2015-2016,44,2,33.2,2,0.0,0.0,0.0,0.0,2.0,Low
93208.0,2015-2016,59,2,28.6,3,0.0,1.0,0.0,1.0,2.0,Low
93209.0,2015-2016,60,2,27.2,1,0.0,0.0,0.0,0.0,2.0,Moderate
93210.0,2015-2016,55,2,22.0,3,1.0,0.0,1.0,2.0,2.0,Moderate
93211.0,2015-2016,29,1,20.6,6,1.0,0.0,1.0,1.0,2.0,Moderate
93212.0,2015-2016,69,2,33.7,3,0.0,1.0,0.0,1.0,1.0,High
93213.0,2015-2016,32,2,28.3,1,0.0,0.0,1.0,1.0,2.0,Low
93214.0,2015-2016,31,2,32.1,4,0.0,0.0,1.0,0.0,2.0,Low
93215.0,2015-2016,20,2,21.1,4,1.0,0.0,1.0,0.0,2.0,Low
93217.0,2015-2016,73,2,22.9,4,0.0,1.0,1.0,0.0,2.0,Moderate
93220.0,2015-2016,76,1,29.6,4,1.0,1.0,0.0,1.0,2.0,Moderate
93222.0,2015-2016,22,2,24.9,3,0.0,0.0,1.0,0.0,2.0,Low
93223.0,2015-2016,34,1,26.1,3,0.0,1.0,1.0,1.0,2.0,Moderate
93232.0,2015-2016,80,2,26.4,3,1.0,1.0,0.0,0.0,2.0,Moderate
93235.0,2015-2016,51,2,27.6,1,0.0,0.0,0.0,1.0,2.0,Moderate
93238.0,2015-2016,69,2,37.2,1,1.0,1.0,0.0,1.0,1.0,High
93239.0,2015-2016,24,2,25.2,3,0.0,0.0,1.0,0.0,2.0,Low
93240.0,2015-2016,31,2,29.6,1,1.0,1.0,1.0,0.0,2.0,Moderate
93241.0,2015-2016,21,1,23.5,2,1.0,1.0,0.0,2.0,2.0,Low
93242.0,2015-2016,46,2,21.2,4,1.0,0.0,0.0,0.0,2.0,Low
93244.0,2015-2016,37,2,18.6,6,0.0,0.0,1.0,0.0,2.0,Low
93245.0,2015-2016,63,2,18.4,4,1.0,1.0,0.0,2.0,2.0,Moderate
93247.0,2015-2016,28,1,30.1,4,1.0,0.0,0.0,2.0,2.0,Low
93249.0,2015-2016,37,1,23.4,2,0.0,0.0,1.0,0.0,2.0,Low
93251.0,2015-2016,70,1,41.4,3,1.0,1.0,0.0,0.0,1.0,High
93252.0,2015-2016,48,2,32.8,2,1.0,1.0,1.0,0.0,2.0,Low
93256.0,2015-2016,27,1,33.3,1,1.0,0.0,0.0,0.0,2.0,Low
93258.0,2015-2016,80,2,36.3,3,0.0,1.0,1.0,0.0,1.0,High
93260.0,2015-2016,51,2,27.7,2,0.0,1.0,1.0,0.0,2.0,Moderate
93261.0,2015-2016,24,2,17.5,6,0.0,0.0,1.0,0.0,2.0,Low
93263.0,2015-2016,40,1,28.9,6,1.0,0.0,1.0,0.0,2.0,Low
93265.0,2015-2016,56,1,21.3,6,1.0,1.0,0.0,2.0,1.0,High
93266.0,2015-2016,46,2,24.6,6,0.0,1.0,0.0,2.0,2.0,Low
93267.0,2015-2016,35,2,21.3,3,0.0,0.0,1.0,0.0,2.0,Low
93268.0,2015-2016,73,2,34.0,7,1.0,1.0,0.0,2.0,2.0,High
93270.0,2015-2016,67,2,25.1,3,0.0,1.0,1.0,0.0,2.0,Low
93272.0,2015-2016,62,2,20.1,6,1.0,0.0,0.0,0.0,2.0,Moderate
93273.0,2015-2016,53,1,29.9,1,1.0,0.0,1.0,1.0,2.0,Low
93274.0,2015-2016,23,2,41.5,3,0.0,0.0,1.0,2.0,2.0,Low
93275.0,2015-2016,40,2,27.6,3,0.0,0.0,0.0,0.0,2.0,Moderate
93276.0,2015-2016,75,2,35.7,4,0.0,1.0,1.0,1.0,2.0,Moderate
93277.0,2015-2016,40,2,36.2,1,1.0,0.0,0.0,0.0,2.0,Low
93278.0,2015-2016,32,1,22.1,6,0.0,0.0,1.0,0.0,2.0,Low
93279.0,2015-2016,46,2,29.8,4,0.0,0.0,1.0,0.0,2.0,Low
93281.0,2015-2016,80,1,21.4,6,0.0,1.0,0.0,2.0,2.0,Moderate
93282.0,2015-2016,47,1,27.1,2,0.0,0.0,0.0,0.0,2.0,Low
93283.0,2015-2016,76,2,48.2,4,1.0,1.0,0.0,0.0,1.0,High
93284.0,2015-2016,71,1,25.4,3,0.0,0.0,1.0,1.0,2.0,Low
93285.0,2015-2016,66,2,39.6,7,1.0,1.0,0.0,2.0,1.0,High
93286.0,2015-2016,56,2,27.8,1,1.0,1.0,1.0,1.0,1.0,High
93290.0,2015-2016,77,1,37.9,3,1.0,1.0,0.0,1.0,1.0,High
93291.0,2015-2016,24,2,27.3,7,0.0,0.0,1.0,0.0,2.0,Low
93297.0,2015-2016,39,2,25.1,1,1.0,0.0,0.0,0.0,2.0,Low
93303.0,2015-2016,63,1,17.7,7,0.0,1.0,1.0,2.0,1.0,High
93304.0,2015-2016,76,1,30.4,1,1.0,0.0,0.0,1.0,1.0,High
93305.0,2015-2016,25,2,32.7,1,1.0,0.0,0.0,0.0,2.0,Moderate
93306.0,2015-2016,43,2,26.8,6,0.0,0.0,0.0,0.0,2.0,Low
93307.0,2015-2016,31,1,24.3,4,0.0,0.0,1.0,0.0,2.0,Low
93308.0,2015-2016,80,2,37.1,3,1.0,1.0,0.0,0.0,2.0,High
93310.0,2015-2016,57,1,22.9,4,1.0,1.0,0.0,0.0,2.0,Low
93311.0,2015-2016,76,1,28.0,2,0.0,1.0,1.0,1.0,1.0,High
93312.0,2015-2016,75,1,24.1,3,0.0,0.0,1.0,1.0,2.0,Moderate
93313.0,2015-2016,25,1,23.0,6,0.0,0.0,1.0,2.0,2.0,Moderate
93318.0,2015-2016,80,2,37.1,3,0.0,1.0,0.0,0.0,2.0,High
93321.0,2015-2016,21,1,27.0,4,0.0,0.0,1.0,2.0,2.0,Low
93322.0,2015-2016,23,2,30.4,3,1.0,0.0,0.0,2.0,2.0,Low
93324.0,2015-2016,33,1,25.8,7,0.0,0.0,1.0,0.0,2.0,Low
93325.0,2015-2016,28,2,41.7,3,1.0,0.0,0.0,1.0,2.0,Moderate
93326.0,2015-2016,66,1,27.1,4,0.0,0.0,0.0,2.0,2.0,Moderate
93327.0,2015-2016,75,2,31.8,3,1.0,1.0,0.0,0.0,2.0,Moderate
93328.0,2015-2016,34,1,28.4,6,1.0,0.0,1.0,1.0,2.0,Moderate
93330.0,2015-2016,30,2,22.6,6,1.0,0.0,0.0,0.0,2.0,Moderate
93333.0,2015-2016,43,2,36.6,1,1.0,0.0,0.0,0.0,2.0,Low
93334.0,2015-2016,53,1,22.0,4,0.0,0.0,1.0,2.0,2.0,Moderate
93336.0,2015-2016,25,1,20.7,4,0.0,0.0,0.0,1.0,2.0,Moderate
93337.0,2015-2016,75,1,21.0,4,1.0,1.0,0.0,2.0,1.0,High
93340.0,2015-2016,66,2,31.1,4,1.0,1.0,1.0,0.0,2.0,Moderate
93342.0,2015-2016,23,1,23.6,4,0.0,0.0,0.0,0.0,2.0,Low
93345.0,2015-2016,36,2,62.7,4,1.0,0.0,1.0,0.0,2.0,Moderate
93347.0,2015-2016,28,1,31.6,6,0.0,0.0,1.0,2.0,2.0,Low
93348.0,2015-2016,75,2,19.9,3,1.0,0.0,1.0,1.0,2.0,Moderate
93351.0,2015-2016,27,1,24.8,1,1.0,1.0,1.0,1.0,2.0,Low
93352.0,2015-2016,40,2,23.1,6,0.0,0.0,0.0,0.0,2.0,Low
93353.0,2015-2016,61,2,40.5,2,1.0,1.0,0.0,0.0,2.0,High
93354.0,2015-2016,64,2,17.7,2,1.0,0.0,1.0,2.0,1.0,High
93355.0,2015-2016,69,1,25.5,2,0.0,1.0,1.0,1.0,2.0,Moderate
93356.0,2015-2016,35,1,29.7,3,0.0,0.0,0.0,0.0,2.0,Low
93360.0,2015-2016,62,2,40.3,4,1.0,1.0,1.0,1.0,2.0,High
93363.0,2015-2016,35,1,32.3,2,0.0,1.0,1.0,0.0,2.0,Low
93364.0,2015-2016,69,2,25.6,1,0.0,0.0,0.0,2.0,2.0,Moderate
93365.0,2015-2016,26,2,22.0,3,0.0,0.0,1.0,0.0,2.0,Low
93366.0,2015-2016,74,1,33.3,3,1.0,1.0,1.0,1.0,2.0,Low
93367.0,2015-2016,38,1,38.0,3,0.0,1.0,1.0,1.0,2.0,High
93368.0,2015-2016,35,2,45.1,4,1.0,0.0,0.0,0.0,2.0,Moderate
93370.0,2015-2016,30,1,28.5,6,0.0,0.0,0.0,0.0,2.0,Moderate
93371.0,2015-2016,73,2,33.2,3,0.0,0.0,0.0,0.0,3.0,Moderate
93373.0,2015-2016,44,1,27.7,6,0.0,0.0,0.0,0.0,2.0,Moderate
93374.0,2015-2016,50,2,20.5,6,0.0,0.0,1.0,0.0,2.0,Moderate
93375.0,2015-2016,36,2,17.9,3,0.0,0.0,0.0,2.0,2.0,Low
93381.0,2015-2016,47,2,31.8,2,1.0,0.0,0.0,0.0,2.0,Low
93386.0,2015-2016,50,2,35.4,4,1.0,1.0,1.0,0.0,2.0,Moderate
93390.0,2015-2016,60,1,26.6,6,0.0,0.0,0.0,0.0,2.0,Low
93391.0,2015-2016,69,2,39.7,1,0.0,0.0,0.0,0.0,2.0,Moderate
93392.0,2015-2016,26,2,43.3,3,1.0,0.0,1.0,0.0,2.0,Low
93395.0,2015-2016,72,1,32.5,4,0.0,1.0,0.0,0.0,1.0,High
93399.0,2015-2016,59,2,38.8,3,1.0,1.0,0.0,0.0,2.0,Moderate
93405.0,2015-2016,61,1,29.3,1,0.0,1.0,0.0,1.0,1.0,High
93407.0,2015-2016,60,1,35.3,3,1.0,1.0,1.0,1.0,2.0,Low
93410.0,2015-2016,77,2,38.2,3,,0.0,0.0,0.0,2.0,Moderate
93413.0,2015-2016,57,2,23.6,2,1.0,0.0,1.0,1.0,2.0,Low
93415.0,2015-2016,27,1,29.2,1,0.0,0.0,0.0,0.0,2.0,Moderate
93417.0,2015-2016,51,2,49.7,3,1.0,0.0,0.0,2.0,2.0,Low
93420.0,2015-2016,22,1,32.7,3,0.0,0.0,1.0,0.0,2.0,Low
93421.0,2015-2016,80,2,,1,1.0,1.0,0.0,0.0,1.0,High
93426.0,2015-2016,43,2,23.1,2,0.0,0.0,1.0,0.0,2.0,Low
93427.0,2015-2016,28,1,22.4,3,0.0,0.0,0.0,0.0,2.0,Low
93428.0,2015-2016,30,2,29.3,1,0.0,0.0,1.0,0.0,2.0,Moderate
93429.0,2015-2016,26,2,18.7,1,0.0,0.0,0.0,0.0,2.0,Low
93430.0,2015-2016,26,2,21.8,3,1.0,0.0,1.0,0.0,2.0,Low
93431.0,2015-2016,54,2,34.1,4,0.0,0.0,0.0,0.0,1.0,High
93433.0,2015-2016,71,1,28.1,2,0.0,1.0,1.0,1.0,2.0,Low
93434.0,2015-2016,36,2,22.1,4,0.0,0.0,0.0,2.0,2.0,Low
93435.0,2015-2016,71,1,26.8,3,0.0,0.0,1.0,0.0,2.0,Moderate
93436.0,2015-2016,52,2,38.6,3,1.0,1.0,0.0,0.0,1.0,High
93437.0,2015-2016,52,1,29.1,6,0.0,1.0,1.0,0.0,1.0,High
93438.0,2015-2016,51,2,25.2,1,0.0,0.0,0.0,0.0,2.0,Moderate
93441.0,2015-2016,80,1,28.2,3,1.0,1.0,0.0,0.0,3.0,Moderate
93442.0,2015-2016,80,1,27.5,3,1.0,1.0,0.0,1.0,2.0,Moderate
93443.0,2015-2016,73,1,41.3,3,,0.0,0.0,0.0,2.0,Moderate
93445.0,2015-2016,38,1,52.3,4,0.0,1.0,1.0,1.0,2.0,Low
93447.0,2015-2016,36,1,28.6,4,0.0,0.0,1.0,0.0,2.0,Low
93451.0,2015-2016,48,1,24.5,3,1.0,0.0,0.0,0.0,2.0,Moderate
93454.0,2015-2016,59,1,26.9,2,1.0,0.0,0.0,2.0,2.0,Moderate
93455.0,2015-2016,73,1,,1,1.0,0.0,0.0,1.0,1.0,High
93456.0,2015-2016,50,1,35.0,4,0.0,1.0,1.0,2.0,2.0,High
93457.0,2015-2016,25,2,29.0,4,1.0,1.0,1.0,0.0,2.0,Low
93459.0,2015-2016,44,2,33.7,2,0.0,0.0,1.0,0.0,2.0,Moderate
93461.0,2015-2016,71,2,29.8,1,0.0,1.0,1.0,0.0,2.0,Moderate
93463.0,2015-2016,69,1,28.9,3,1.0,0.0,1.0,0.0,2.0,Moderate
93469.0,2015-2016,50,1,27.7,2,0.0,0.0,0.0,2.0,2.0,Moderate
93473.0,2015-2016,22,1,27.5,4,0.0,0.0,1.0,0.0,2.0,Low
93476.0,2015-2016,77,2,38.0,2,1.0,0.0,0.0,1.0,2.0,Moderate
93482.0,2015-2016,29,1,26.4,4,0.0,0.0,0.0,2.0,2.0,Low
93483.0,2015-2016,42,2,31.9,3,0.0,1.0,1.0,0.0,2.0,Low
93485.0,2015-2016,60,2,41.6,4,1.0,1.0,1.0,0.0,1.0,High
93486.0,2015-2016,29,1,17.9,3,0.0,0.0,1.0,1.0,2.0,Low
93488.0,2015-2016,47,2,23.2,4,1.0,0.0,1.0,0.0,2.0,Moderate
93489.0,2015-2016,47,1,26.5,4,0.0,0.0,0.0,2.0,2.0,Moderate
93490.0,2015-2016,80,2,32.3,3,0.0,1.0,0.0,0.0,3.0,Moderate
93492.0,2015-2016,46,1,28.4,2,0.0,0.0,1.0,0.0,2.0,Low
93495.0,2015-2016,65,2,31.1,3,0.0,0.0,0.0,0.0,2.0,High
93496.0,2015-2016,54,2,27.3,1,0.0,1.0,1.0,1.0,2.0,Moderate
93498.0,2015-2016,54,1,24.0,3,,0.0,0.0,2.0,2.0,Low
93499.0,2015-2016,30,2,27.3,4,0.0,0.0,1.0,0.0,2.0,Low
93502.0,2015-2016,73,2,26.9,2,0.0,0.0,0.0,1.0,2.0,Moderate
93503.0,2015-2016,54,2,48.7,4,0.0,0.0,0.0,0.0,2.0,Moderate
93504.0,2015-2016,37,1,24.1,6,1.0,0.0,0.0,0.0,2.0,Low
93508.0,2015-2016,53,2,25.4,3,1.0,0.0,1.0,0.0,2.0,Low
93509.0,2015-2016,21,2,20.8,1,0.0,0.0,1.0,0.0,2.0,Low
93511.0,2015-2016,40,2,35.3,4,1.0,1.0,0.0,0.0,1.0,High
93512.0,2015-2016,55,1,36.2,1,0.0,0.0,0.0,1.0,2.0,Moderate
93513.0,2015-2016,47,1,25.0,3,0.0,0.0,1.0,0.0,2.0,Low
93514.0,2015-2016,56,2,29.8,1,0.0,0.0,1.0,0.0,2.0,Moderate
93516.0,2015-2016,43,2,30.3,2,0.0,0.0,0.0,0.0,2.0,Low
93518.0,2015-2016,41,1,23.7,3,1.0,0.0,1.0,0.0,2.0,Low
93520.0,2015-2016,52,1,41.9,3,1.0,1.0,0.0,0.0,1.0,High
93522.0,2015-2016,64,1,34.1,2,0.0,1.0,0.0,0.0,2.0,Moderate
93524.0,2015-2016,26,2,44.3,1,1.0,0.0,1.0,0.0,2.0,Low
93528.0,2015-2016,27,1,25.1,4,1.0,0.0,1.0,0.0,2.0,Low
93529.0,2015-2016,59,2,29.2,3,0.0,1.0,0.0,2.0,2.0,Low
93531.0,2015-2016,52,2,24.9,2,0.0,0.0,0.0,0.0,2.0,Low
93532.0,2015-2016,51,2,21.4,3,0.0,0.0,1.0,2.0,2.0,Moderate
93533.0,2015-2016,53,1,29.1,4,1.0,1.0,0.0,2.0,1.0,High
93535.0,2015-2016,31,2,47.7,2,1.0,0.0,0.0,0.0,2.0,Low
93536.0,2015-2016,63,2,37.5,7,1.0,0.0,0.0,0.0,2.0,Moderate
93538.0,2015-2016,28,1,,3,0.0,0.0,0.0,0.0,2.0,Low
93539.0,2015-2016,69,2,36.2,1,1.0,1.0,1.0,1.0,2.0,Moderate
93540.0,2015-2016,80,1,39.8,3,0.0,0.0,0.0,1.0,2.0,Low
93541.0,2015-2016,73,2,33.4,7,0.0,1.0,1.0,0.0,2.0,Low
93547.0,2015-2016,48,1,42.8,4,0.0,0.0,1.0,0.0,2.0,Moderate
93549.0,2015-2016,80,2,36.3,4,1.0,1.0,0.0,0.0,1.0,High
93550.0,2015-2016,37,1,27.1,6,0.0,1.0,0.0,2.0,2.0,Low
93554.0,2015-2016,54,1,33.7,7,0.0,1.0,1.0,1.0,2.0,Moderate
93555.0,2015-2016,57,2,27.7,4,1.0,1.0,0.0,0.0,2.0,Moderate
93556.0,2015-2016,21,2,29.6,4,0.0,0.0,1.0,0.0,2.0,Low
93557.0,2015-2016,55,1,27.7,3,1.0,1.0,0.0,1.0,2.0,Moderate
93558.0,2015-2016,67,2,33.2,3,1.0,1.0,1.0,1.0,2.0,Moderate
93560.0,2015-2016,59,1,25.2,4,1.0,1.0,1.0,2.0,2.0,Low
93563.0,2015-2016,80,2,26.5,1,1.0,1.0,0.0,1.0,3.0,Moderate
93565.0,2015-2016,60,1,22.3,3,1.0,0.0,1.0,1.0,2.0,Moderate
93567.0,2015-2016,64,2,26.2,2,1.0,1.0,0.0,0.0,1.0,High
93568.0,2015-2016,46,2,36.8,3,1.0,0.0,1.0,1.0,3.0,Moderate
93571.0,2015-2016,53,1,22.6,3,0.0,0.0,1.0,0.0,2.0,Low
93572.0,2015-2016,80,1,22.1,3,0.0,0.0,0.0,1.0,2.0,Moderate
93573.0,2015-2016,55,2,37.3,4,1.0,1.0,0.0,1.0,1.0,High
93574.0,2015-2016,47,1,34.1,4,0.0,0.0,1.0,0.0,2.0,Low
93576.0,2015-2016,52,1,29.1,4,1.0,1.0,0.0,1.0,1.0,High
93578.0,2015-2016,65,1,29.5,4,1.0,1.0,1.0,0.0,1.0,High
93581.0,2015-2016,50,1,22.3,3,0.0,0.0,1.0,0.0,2.0,Low
93582.0,2015-2016,20,1,23.0,6,0.0,0.0,1.0,2.0,2.0,Low
93585.0,2015-2016,34,2,18.7,4,0.0,0.0,1.0,2.0,2.0,Low
93587.0,2015-2016,29,1,31.5,4,1.0,1.0,1.0,0.0,1.0,High
93589.0,2015-2016,66,1,23.4,3,0.0,0.0,1.0,1.0,2.0,Moderate
93590.0,2015-2016,28,2,31.5,4,1.0,0.0,1.0,0.0,2.0,Low
93591.0,2015-2016,75,1,20.8,4,1.0,0.0,1.0,0.0,1.0,High
93592.0,2015-2016,36,1,28.6,1,1.0,0.0,1.0,1.0,2.0,Low
93593.0,2015-2016,74,2,34.2,3,0.0,0.0,0.0,0.0,2.0,Moderate
93596.0,2015-2016,55,2,24.0,7,0.0,0.0,1.0,2.0,2.0,Low
93598.0,2015-2016,71,1,26.5,2,0.0,0.0,1.0,1.0,2.0,Moderate
93600.0,2015-2016,22,2,18.9,3,1.0,0.0,1.0,2.0,2.0,Low
93606.0,2015-2016,28,2,21.4,3,0.0,0.0,1.0,0.0,2.0,Low
93607.0,2015-2016,50,1,33.6,2,1.0,1.0,1.0,0.0,1.0,High
93608.0,2015-2016,57,2,40.8,4,0.0,1.0,1.0,0.0,3.0,Moderate
93609.0,2015-2016,74,2,27.6,3,1.0,1.0,1.0,1.0,2.0,Low
93610.0,2015-2016,28,2,40.0,4,1.0,0.0,1.0,0.0,2.0,Low
93611.0,2015-2016,70,2,42.5,3,0.0,1.0,0.0,0.0,2.0,Moderate
93612.0,2015-2016,36,2,24.9,6,0.0,0.0,0.0,0.0,2.0,Low
93614.0,2015-2016,60,2,55.1,3,1.0,1.0,0.0,0.0,1.0,High
93617.0,2015-2016,72,1,21.4,4,1.0,1.0,0.0,1.0,2.0,Low
93618.0,2015-2016,25,1,27.3,1,0.0,0.0,1.0,0.0,2.0,Low
93619.0,2015-2016,44,2,23.3,6,0.0,0.0,0.0,0.0,2.0,Low
93620.0,2015-2016,48,1,32.8,3,1.0,0.0,1.0,1.0,2.0,Low
93621.0,2015-2016,66,1,28.2,2,0.0,1.0,0.0,0.0,1.0,High
93622.0,2015-2016,80,2,25.6,3,0.0,0.0,0.0,0.0,2.0,Moderate
93624.0,2015-2016,41,1,22.2,4,1.0,0.0,1.0,0.0,2.0,Low
93625.0,2015-2016,26,1,27.1,3,0.0,0.0,1.0,0.0,2.0,Low
93626.0,2015-2016,71,1,23.1,3,1.0,0.0,0.0,0.0,1.0,High
93629.0,2015-2016,51,2,,3,0.0,1.0,0.0,2.0,2.0,Low
93631.0,2015-2016,68,2,34.6,3,1.0,1.0,0.0,0.0,1.0,High
93633.0,2015-2016,63,1,18.8,4,0.0,0.0,0.0,2.0,2.0,Low
93636.0,2015-2016,80,2,27.8,3,0.0,1.0,0.0,0.0,2.0,Low
93638.0,2015-2016,33,1,19.4,3,0.0,0.0,0.0,2.0,2.0,Low
93639.0,2015-2016,25,1,24.9,3,0.0,0.0,1.0,0.0,2.0,Low
93640.0,2015-2016,38,1,25.1,4,1.0,0.0,1.0,0.0,2.0,Low
93643.0,2015-2016,64,2,41.1,4,0.0,0.0,0.0,1.0,2.0,High
93644.0,2015-2016,75,2,36.3,4,,1.0,0.0,0.0,3.0,Moderate
93645.0,2015-2016,80,1,,3,0.0,1.0,0.0,1.0,2.0,Moderate
93652.0,2015-2016,72,1,32.3,2,1.0,1.0,0.0,1.0,1.0,High
93653.0,2015-2016,25,2,26.8,3,0.0,0.0,1.0,0.0,2.0,Low
93654.0,2015-2016,29,2,23.4,6,1.0,0.0,1.0,0.0,2.0,Low
93655.0,2015-2016,38,1,24.0,3,0.0,0.0,0.0,2.0,2.0,Moderate
93656.0,2015-2016,75,2,37.9,1,1.0,1.0,1.0,0.0,1.0,High
93659.0,2015-2016,62,1,25.1,1,0.0,0.0,1.0,1.0,2.0,Low
93661.0,2015-2016,27,2,41.0,2,0.0,0.0,1.0,0.0,2.0,Moderate
93663.0,2015-2016,43,1,24.1,1,0.0,0.0,0.0,0.0,2.0,Low
93664.0,2015-2016,39,1,26.0,1,0.0,0.0,1.0,0.0,2.0,Moderate
93665.0,2015-2016,34,2,24.0,3,0.0,0.0,1.0,0.0,2.0,Low
93668.0,2015-2016,73,2,53.9,1,1.0,1.0,0.0,1.0,1.0,High
93670.0,2015-2016,32,1,28.1,3,0.0,0.0,1.0,2.0,2.0,Low
93671.0,2015-2016,45,1,29.3,4,1.0,1.0,1.0,0.0,2.0,Moderate
93672.0,2015-2016,63,2,37.6,2,1.0,1.0,1.0,2.0,2.0,High
93675.0,2015-2016,38,1,24.2,6,0.0,0.0,1.0,0.0,2.0,Low
93676.0,2015-2016,35,2,35.3,4,1.0,0.0,1.0,0.0,3.0,Moderate
93677.0,2015-2016,34,2,22.2,3,0.0,0.0,1.0,0.0,2.0,Low
93679.0,2015-2016,72,2,23.4,4,1.0,1.0,0.0,1.0,2.0,Low
93682.0,2015-2016,41,2,20.9,6,0.0,0.0,0.0,0.0,2.0,Moderate
93684.0,2015-2016,34,1,30.9,4,0.0,0.0,1.0,0.0,2.0,Moderate
93685.0,2015-2016,53,1,32.0,1,1.0,1.0,1.0,2.0,1.0,High
93689.0,2015-2016,69,2,28.1,1,1.0,0.0,0.0,0.0,1.0,High
93690.0,2015-2016,32,1,32.9,2,0.0,0.0,1.0,0.0,2.0,Low
93691.0,2015-2016,25,1,21.0,6,1.0,0.0,0.0,0.0,2.0,Moderate
93695.0,2015-2016,76,2,21.5,3,0.0,1.0,0.0,1.0,2.0,Moderate
93696.0,2015-2016,26,1,33.8,3,1.0,0.0,1.0,0.0,2.0,Low
93697.0,2015-2016,80,2,31.0,3,0.0,0.0,0.0,1.0,2.0,Moderate
93700.0,2015-2016,35,1,26.0,3,0.0,0.0,0.0,2.0,2.0,Low
93702.0,2015-2016,24,2,21.4,3,0.0,0.0,1.0,0.0,2.0,Low
93705.0,2017-2018,66,2,31.7,4,1.0,1.0,1.0,1.0,2.0,Moderate
93708.0,2017-2018,66,2,23.7,6,1.0,1.0,1.0,0.0,3.0,Moderate
93709.0,2017-2018,75,2,38.9,4,1.0,1.0,0.0,2.0,2.0,Moderate
93711.0,2017-2018,56,1,21.3,6,0.0,0.0,1.0,0.0,2.0,Moderate
93713.0,2017-2018,67,1,23.5,3,0.0,0.0,1.0,2.0,2.0,Low
93714.0,2017-2018,54,2,39.9,4,1.0,0.0,0.0,1.0,1.0,High
93715.0,2017-2018,71,1,22.5,7,1.0,0.0,1.0,2.0,2.0,Moderate
93716.0,2017-2018,61,1,30.7,6,0.0,0.0,1.0,1.0,2.0,Low
93717.0,2017-2018,22,1,24.5,3,0.0,0.0,0.0,2.0,2.0,Low
93718.0,2017-2018,45,1,22.0,4,1.0,1.0,1.0,0.0,2.0,Moderate
93721.0,2017-2018,60,2,35.9,1,0.0,0.0,0.0,0.0,2.0,Moderate
93722.0,2017-2018,60,2,23.8,3,0.0,0.0,0.0,0.0,2.0,Moderate
93723.0,2017-2018,64,1,22.4,3,1.0,0.0,1.0,0.0,3.0,Moderate
93726.0,2017-2018,67,2,31.1,1,1.0,0.0,1.0,1.0,2.0,Moderate
93727.0,2017-2018,70,1,23.9,6,0.0,0.0,1.0,1.0,2.0,Moderate
93728.0,2017-2018,53,1,33.4,4,1.0,1.0,0.0,0.0,2.0,Low
93729.0,2017-2018,42,1,27.6,4,0.0,0.0,0.0,2.0,2.0,Low
93730.0,2017-2018,57,1,28.6,2,1.0,1.0,1.0,0.0,1.0,High
93731.0,2017-2018,20,1,27.6,1,0.0,0.0,1.0,0.0,2.0,Low
93732.0,2017-2018,72,1,21.3,3,1.0,0.0,0.0,1.0,2.0,Low
93735.0,2017-2018,52,1,35.1,2,0.0,1.0,0.0,0.0,2.0,Low
93738.0,2017-2018,26,1,33.7,2,0.0,0.0,1.0,1.0,2.0,Moderate
93740.0,2017-2018,72,1,30.6,4,0.0,1.0,0.0,2.0,1.0,High
93742.0,2017-2018,72,1,33.9,4,0.0,1.0,1.0,1.0,1.0,High
93743.0,2017-2018,61,1,22.5,3,0.0,1.0,0.0,2.0,2.0,Moderate
93746.0,2017-2018,25,2,24.8,4,0.0,0.0,0.0,0.0,2.0,Moderate
93752.0,2017-2018,73,2,25.5,3,0.0,0.0,1.0,2.0,2.0,Moderate
93754.0,2017-2018,72,1,33.4,2,0.0,1.0,1.0,1.0,2.0,Moderate
93755.0,2017-2018,26,2,29.4,4,1.0,0.0,1.0,1.0,2.0,Moderate
93756.0,2017-2018,64,2,29.2,4,1.0,0.0,0.0,0.0,2.0,Low
93757.0,2017-2018,63,1,34.9,3,0.0,0.0,0.0,2.0,2.0,Moderate
93758.0,2017-2018,55,2,30.8,3,1.0,1.0,0.0,2.0,1.0,High
93759.0,2017-2018,60,1,29.1,7,1.0,1.0,1.0,1.0,1.0,High
93760.0,2017-2018,54,2,37.7,1,0.0,0.0,0.0,0.0,2.0,Moderate
93761.0,2017-2018,44,1,29.0,6,0.0,0.0,0.0,2.0,2.0,Moderate
93762.0,2017-2018,74,2,27.1,1,1.0,0.0,0.0,0.0,1.0,High
93763.0,2017-2018,40,1,25.5,3,0.0,1.0,1.0,1.0,2.0,Moderate
93766.0,2017-2018,36,2,27.1,2,,1.0,1.0,0.0,1.0,High
93767.0,2017-2018,61,1,31.9,2,0.0,1.0,0.0,1.0,1.0,High
93768.0,2017-2018,80,1,25.7,3,0.0,0.0,0.0,1.0,1.0,High
93770.0,2017-2018,55,1,26.0,2,0.0,0.0,1.0,2.0,2.0,Moderate
93772.0,2017-2018,55,2,30.7,4,1.0,1.0,0.0,0.0,2.0,Moderate
93773.0,2017-2018,69,1,24.1,3,1.0,0.0,0.0,1.0,2.0,Low
93774.0,2017-2018,41,2,25.9,3,1.0,0.0,1.0,0.0,2.0,Low
93775.0,2017-2018,47,2,25.9,6,1.0,0.0,1.0,1.0,2.0,Low
93776.0,2017-2018,32,2,22.2,4,1.0,1.0,1.0,0.0,2.0,Low
93777.0,2017-2018,72,2,,4,1.0,1.0,0.0,0.0,2.0,Low
93780.0,2017-2018,46,2,33.5,7,0.0,1.0,0.0,1.0,2.0,Moderate
93781.0,2017-2018,32,1,25.4,2,0.0,0.0,0.0,0.0,2.0,Low
93782.0,2017-2018,25,2,24.0,4,1.0,0.0,0.0,0.0,2.0,Low
93783.0,2017-2018,21,2,24.3,2,0.0,0.0,1.0,0.0,2.0,Moderate
93785.0,2017-2018,80,2,30.7,3,0.0,1.0,0.0,0.0,2.0,Low
93788.0,2017-2018,66,2,39.3,3,1.0,1.0,0.0,1.0,1.0,High
93789.0,2017-2018,34,2,23.6,3,1.0,0.0,1.0,0.0,2.0,Low
93791.0,2017-2018,20,1,36.9,7,1.0,0.0,1.0,0.0,2.0,Low
93792.0,2017-2018,31,2,18.9,2,1.0,0.0,1.0,2.0,2.0,Low
93794.0,2017-2018,62,2,23.9,6,1.0,1.0,1.0,0.0,2.0,Moderate
93795.0,2017-2018,64,1,15.7,4,1.0,0.0,0.0,2.0,2.0,Moderate
93796.0,2017-2018,71,1,31.2,3,0.0,1.0,0.0,1.0,2.0,Low
93797.0,2017-2018,52,2,32.0,3,0.0,1.0,1.0,0.0,2.0,Moderate
93798.0,2017-2018,61,2,28.5,4,0.0,0.0,0.0,0.0,2.0,Moderate
93799.0,2017-2018,41,1,22.8,4,1.0,0.0,1.0,0.0,2.0,Low
93800.0,2017-2018,80,2,22.7,3,0.0,1.0,0.0,1.0,2.0,Moderate
93801.0,2017-2018,59,1,24.7,2,0.0,1.0,0.0,0.0,3.0,High
93805.0,2017-2018,64,2,33.9,3,1.0,1.0,1.0,1.0,2.0,Low
93806.0,2017-2018,44,1,28.4,6,1.0,0.0,1.0,2.0,2.0,Moderate
93811.0,2017-2018,24,1,29.5,6,0.0,0.0,1.0,2.0,2.0,Moderate
93812.0,2017-2018,67,1,31.1,3,1.0,1.0,1.0,1.0,1.0,High
93813.0,2017-2018,42,2,43.2,1,0.0,0.0,1.0,0.0,2.0,Moderate
93814.0,2017-2018,41,2,27.8,4,0.0,0.0,1.0,0.0,2.0,Low
93815.0,2017-2018,32,2,28.0,7,0.0,0.0,1.0,0.0,2.0,Low
93816.0,2017-2018,80,2,,2,0.0,0.0,0.0,0.0,1.0,High
93817.0,2017-2018,55,1,24.3,6,0.0,1.0,0.0,0.0,3.0,Moderate
93819.0,2017-2018,63,2,27.9,4,1.0,0.0,1.0,0.0,2.0,Moderate
93823.0,2017-2018,58,2,33.4,2,1.0,0.0,1.0,0.0,2.0,Moderate
93824.0,2017-2018,52,2,28.4,2,0.0,0.0,0.0,0.0,2.0,Low
93825.0,2017-2018,74,1,30.5,3,0.0,0.0,1.0,1.0,2.0,Low
93827.0,2017-2018,68,2,20.0,6,1.0,0.0,0.0,0.0,2.0,Moderate
93829.0,2017-2018,38,2,31.7,4,0.0,1.0,1.0,0.0,2.0,Low
93830.0,2017-2018,67,1,32.2,4,1.0,1.0,0.0,1.0,1.0,High
93831.0,2017-2018,61,1,25.3,2,1.0,1.0,0.0,1.0,1.0,High
93832.0,2017-2018,63,1,27.0,6,1.0,1.0,1.0,0.0,2.0,Low
93834.0,2017-2018,48,2,36.5,3,1.0,1.0,1.0,1.0,1.0,High
93837.0,2017-2018,35,2,39.1,3,1.0,0.0,0.0,2.0,2.0,Low
93839.0,2017-2018,50,2,30.1,3,0.0,0.0,0.0,0.0,2.0,Low
93840.0,2017-2018,47,1,24.0,6,0.0,0.0,1.0,2.0,2.0,Moderate
93841.0,2017-2018,48,2,32.8,7,0.0,0.0,1.0,2.0,2.0,Moderate
93843.0,2017-2018,42,2,21.0,2,1.0,0.0,1.0,0.0,2.0,Low
93845.0,2017-2018,28,2,24.8,3,1.0,0.0,0.0,2.0,2.0,Low
93846.0,2017-2018,29,2,19.8,4,0.0,0.0,0.0,0.0,2.0,Moderate
93847.0,2017-2018,43,2,40.9,1,0.0,0.0,0.0,0.0,2.0,Moderate
93848.0,2017-2018,62,1,29.0,4,0.0,0.0,1.0,0.0,2.0,Moderate
93849.0,2017-2018,40,2,22.7,3,0.0,0.0,1.0,1.0,2.0,Low
93850.0,2017-2018,74,2,27.0,4,0.0,1.0,0.0,0.0,2.0,Moderate
93851.0,2017-2018,74,2,31.2,3,1.0,1.0,0.0,0.0,2.0,Low
93852.0,2017-2018,45,2,27.2,7,1.0,1.0,1.0,0.0,2.0,Low
93853.0,2017-2018,50,1,26.0,1,0.0,0.0,0.0,1.0,2.0,Moderate
93855.0,2017-2018,71,1,35.6,3,1.0,1.0,0.0,0.0,2.0,Moderate
93856.0,2017-2018,66,1,42.8,4,1.0,1.0,1.0,1.0,2.0,Moderate
93859.0,2017-2018,73,1,22.5,4,0.0,0.0,1.0,0.0,2.0,Low
93861.0,2017-2018,76,1,31.6,3,0.0,0.0,0.0,1.0,2.0,Low
93863.0,2017-2018,50,1,31.6,6,1.0,0.0,1.0,2.0,2.0,Low
93866.0,2017-2018,26,1,22.0,3,0.0,0.0,0.0,1.0,2.0,Low
93868.0,2017-2018,68,1,35.4,4,0.0,0.0,0.0,2.0,2.0,Low
93869.0,2017-2018,80,1,22.9,3,,0.0,0.0,1.0,1.0,High
93870.0,2017-2018,20,2,19.0,3,0.0,0.0,0.0,0.0,2.0,Low
93871.0,2017-2018,55,2,21.4,1,,0.0,0.0,2.0,2.0,Low
93875.0,2017-2018,37,1,24.9,4,1.0,0.0,1.0,0.0,2.0,Moderate
93877.0,2017-2018,64,1,24.7,3,0.0,0.0,1.0,0.0,2.0,Low
93878.0,2017-2018,59,2,24.1,4,0.0,0.0,0.0,1.0,2.0,Low
93883.0,2017-2018,30,2,42.2,4,1.0,1.0,1.0,0.0,2.0,Low
93887.0,2017-2018,63,1,25.8,3,1.0,1.0,0.0,1.0,1.0,High
93888.0,2017-2018,37,2,21.3,3,1.0,0.0,1.0,0.0,2.0,Low
93890.0,2017-2018,27,1,23.8,6,0.0,0.0,1.0,0.0,2.0,Low
93891.0,2017-2018,56,2,44.6,1,0.0,1.0,0.0,0.0,2.0,Moderate
93892.0,2017-2018,80,2,35.9,3,1.0,1.0,1.0,0.0,1.0,High
93893.0,2017-2018,55,1,28.2,4,0.0,1.0,1.0,2.0,2.0,Low
93894.0,2017-2018,66,2,27.8,3,1.0,1.0,0.0,2.0,1.0,High
93895.0,2017-2018,40,1,34.1,3,0.0,1.0,0.0,1.0,2.0,Low
93899.0,2017-2018,67,1,30.0,3,1.0,1.0,1.0,2.0,2.0,Low
93900.0,2017-2018,48,1,30.9,1,0.0,0.0,0.0,1.0,2.0,High
93902.0,2017-2018,24,2,27.5,1,1.0,0.0,0.0,0.0,2.0,Low
93903.0,2017-2018,62,1,32.2,3,1.0,1.0,0.0,1.0,1.0,High
93906.0,2017-2018,39,1,29.1,1,1.0,0.0,1.0,1.0,2.0,Low
93907.0,2017-2018,41,2,26.7,4,0.0,0.0,0.0,0.0,2.0,Low
93908.0,2017-2018,20,2,27.1,6,0.0,0.0,0.0,0.0,2.0,Moderate
93909.0,2017-2018,41,1,24.8,6,1.0,0.0,1.0,0.0,2.0,Low
93912.0,2017-2018,25,2,66.2,4,1.0,1.0,1.0,0.0,2.0,Moderate
93913.0,2017-2018,40,2,24.8,6,0.0,0.0,1.0,0.0,2.0,Low
93914.0,2017-2018,41,1,34.6,6,1.0,0.0,0.0,0.0,2.0,Moderate
93915.0,2017-2018,34,1,24.3,3,0.0,0.0,0.0,2.0,2.0,Low
93916.0,2017-2018,28,1,24.7,6,1.0,0.0,1.0,1.0,2.0,Moderate
93918.0,2017-2018,36,1,30.8,3,1.0,0.0,1.0,1.0,2.0,Moderate
93920.0,2017-2018,61,2,20.9,6,0.0,0.0,1.0,0.0,2.0,Moderate
93923.0,2017-2018,52,1,30.3,3,0.0,0.0,0.0,0.0,2.0,Low
93924.0,2017-2018,70,2,25.6,3,0.0,1.0,0.0,2.0,1.0,High
93926.0,2017-2018,31,1,36.1,7,1.0,0.0,1.0,0.0,2.0,Moderate
93927.0,2017-2018,54,2,24.5,3,0.0,0.0,0.0,2.0,2.0,Low
93929.0,2017-2018,35,2,27.0,3,0.0,0.0,0.0,0.0,2.0,Low
93930.0,2017-2018,80,1,29.8,2,0.0,1.0,0.0,0.0,1.0,High
93931.0,2017-2018,24,1,35.2,7,1.0,0.0,1.0,0.0,2.0,Low
93932.0,2017-2018,54,2,31.3,6,1.0,1.0,1.0,0.0,2.0,Moderate
93935.0,2017-2018,39,1,,1,0.0,0.0,0.0,2.0,2.0,Moderate
93937.0,2017-2018,30,1,32.6,3,0.0,0.0,1.0,1.0,2.0,Low
93939.0,2017-2018,40,2,28.8,4,1.0,1.0,0.0,0.0,2.0,Moderate
93940.0,2017-2018,50,1,24.8,3,1.0,0.0,1.0,0.0,2.0,Moderate
93941.0,2017-2018,42,1,28.3,7,0.0,0.0,1.0,0.0,2.0,Low
93942.0,2017-2018,52,2,34.0,3,0.0,0.0,1.0,0.0,2.0,Moderate
93945.0,2017-2018,66,1,23.2,4,0.0,0.0,0.0,0.0,2.0,Low
93946.0,2017-2018,22,1,21.7,1,,0.0,0.0,0.0,2.0,Low
93947.0,2017-2018,53,2,25.7,6,0.0,1.0,1.0,0.0,2.0,Low
93949.0,2017-2018,49,2,24.6,6,1.0,0.0,0.0,0.0,3.0,High
93950.0,2017-2018,30,1,34.9,2,0.0,0.0,1.0,2.0,2.0,Moderate
93952.0,2017-2018,34,2,37.8,3,0.0,1.0,1.0,1.0,2.0,Moderate
93953.0,2017-2018,26,1,40.2,7,1.0,0.0,1.0,0.0,2.0,High
93954.0,2017-2018,24,1,23.1,3,0.0,0.0,1.0,0.0,2.0,Low
93955.0,2017-2018,66,2,,1,1.0,1.0,0.0,2.0,1.0,High
93957.0,2017-2018,41,2,29.1,3,1.0,1.0,1.0,0.0,2.0,High
93959.0,2017-2018,61,2,25.5,4,1.0,1.0,1.0,0.0,2.0,Moderate
93960.0,2017-2018,60,1,41.3,4,0.0,1.0,1.0,0.0,2.0,High
93963.0,2017-2018,80,1,32.9,3,0.0,1.0,0.0,1.0,2.0,Moderate
93964.0,2017-2018,52,1,28.9,6,0.0,1.0,1.0,1.0,2.0,Moderate
93965.0,2017-2018,30,2,22.6,2,0.0,0.0,1.0,0.0,2.0,Low
93968.0,2017-2018,57,1,26.1,4,1.0,1.0,0.0,2.0,2.0,Moderate
93969.0,2017-2018,33,2,22.4,3,0.0,0.0,1.0,0.0,2.0,Low
93970.0,2017-2018,33,1,25.1,6,1.0,0.0,0.0,0.0,2.0,Low
93971.0,2017-2018,40,1,38.2,4,0.0,0.0,0.0,0.0,2.0,Moderate
93972.0,2017-2018,35,1,29.6,3,0.0,0.0,0.0,2.0,2.0,Low
93974.0,2017-2018,59,1,29.3,3,0.0,0.0,1.0,0.0,2.0,Moderate
93975.0,2017-2018,54,2,27.2,3,1.0,0.0,1.0,0.0,2.0,Moderate
93977.0,2017-2018,66,2,30.0,4,0.0,1.0,0.0,0.0,2.0,Low
93978.0,2017-2018,57,1,21.2,6,0.0,0.0,0.0,1.0,2.0,Low
93980.0,2017-2018,29,2,19.2,3,1.0,0.0,1.0,0.0,2.0,Low
93981.0,2017-2018,52,2,26.8,6,0.0,0.0,0.0,0.0,3.0,High
93982.0,2017-2018,57,2,20.5,3,0.0,0.0,1.0,0.0,2.0,Low
93983.0,2017-2018,75,2,32.6,6,1.0,1.0,1.0,0.0,3.0,Moderate
93984.0,2017-2018,32,2,31.7,3,1.0,0.0,1.0,0.0,2.0,Low
93985.0,2017-2018,61,2,26.9,2,0.0,0.0,0.0,0.0,2.0,Moderate
93987.0,2017-2018,35,1,39.2,1,0.0,0.0,0.0,2.0,2.0,Low
93988.0,2017-2018,32,2,18.3,3,1.0,0.0,1.0,0.0,2.0,Low
93989.0,2017-2018,39,2,21.4,3,0.0,0.0,1.0,1.0,2.0,Low
93990.0,2017-2018,64,2,37.3,3,,0.0,1.0,1.0,2.0,Low
93998.0,2017-2018,24,2,20.3,3,1.0,0.0,1.0,0.0,2.0,Low
93999.0,2017-2018,23,2,24.9,4,1.0,0.0,1.0,0.0,2.0,Low
94002.0,2017-2018,27,2,40.8,4,1.0,0.0,1.0,0.0,2.0,Low
94003.0,2017-2018,75,2,25.6,1,0.0,0.0,0.0,0.0,2.0,Low
94004.0,2017-2018,25,2,30.1,6,1.0,0.0,1.0,0.0,2.0,Low
94007.0,2017-2018,79,1,23.9,4,1.0,1.0,1.0,0.0,1.0,High
94008.0,2017-2018,46,2,34.7,1,0.0,0.0,0.0,0.0,2.0,Moderate
94010.0,2017-2018,71,1,26.1,3,0.0,1.0,1.0,0.0,2.0,Moderate
94012.0,2017-2018,25,2,25.2,7,1.0,0.0,1.0,2.0,2.0,Moderate
94013.0,2017-2018,56,1,22.4,3,0.0,0.0,0.0,1.0,2.0,Moderate
94015.0,2017-2018,30,2,26.2,3,1.0,0.0,0.0,0.0,2.0,Low
94016.0,2017-2018,70,1,21.5,7,0.0,0.0,0.0,2.0,2.0,Low
94017.0,2017-2018,54,1,31.8,3,1.0,1.0,1.0,1.0,3.0,Moderate
94019.0,2017-2018,64,2,26.4,4,1.0,0.0,1.0,0.0,2.0,Low
94021.0,2017-2018,38,2,34.5,3,1.0,0.0,0.0,1.0,2.0,Low
94026.0,2017-2018,80,2,25.6,3,0.0,0.0,0.0,1.0,9.0,Moderate
94027.0,2017-2018,20,1,28.3,1,0.0,0.0,1.0,0.0,2.0,Low
94028.0,2017-2018,39,2,21.9,2,0.0,0.0,1.0,1.0,2.0,Low
94029.0,2017-2018,46,2,24.9,3,0.0,0.0,1.0,1.0,2.0,Moderate
94030.0,2017-2018,45,1,28.8,3,0.0,0.0,1.0,1.0,2.0,Moderate
94031.0,2017-2018,67,1,25.9,4,0.0,0.0,1.0,2.0,2.0,Moderate
94033.0,2017-2018,55,2,29.2,2,0.0,0.0,1.0,1.0,2.0,Moderate
94034.0,2017-2018,54,2,31.8,2,1.0,0.0,0.0,0.0,2.0,High
94037.0,2017-2018,59,1,26.4,6,1.0,0.0,1.0,0.0,1.0,High
94038.0,2017-2018,59,2,30.3,1,1.0,0.0,0.0,2.0,3.0,Moderate
94039.0,2017-2018,60,1,29.6,6,1.0,1.0,1.0,0.0,2.0,Low
94040.0,2017-2018,28,1,32.1,7,0.0,1.0,1.0,2.0,2.0,Moderate
94041.0,2017-2018,60,2,22.5,2,0.0,0.0,0.0,0.0,2.0,Low
94042.0,2017-2018,26,1,23.5,7,0.0,0.0,1.0,0.0,2.0,Low
94043.0,2017-2018,64,1,22.2,6,1.0,0.0,0.0,2.0,1.0,High
94044.0,2017-2018,34,2,21.8,2,1.0,0.0,1.0,1.0,2.0,Moderate
94045.0,2017-2018,62,1,26.1,2,1.0,0.0,0.0,0.0,1.0,High
94046.0,2017-2018,46,1,28.7,2,0.0,0.0,1.0,1.0,2.0,Moderate
94047.0,2017-2018,45,2,35.6,1,1.0,0.0,0.0,2.0,2.0,High
94048.0,2017-2018,80,1,21.6,3,0.0,0.0,0.0,1.0,2.0,Moderate
94049.0,2017-2018,66,2,58.7,4,0.0,1.0,0.0,0.0,2.0,Moderate
94050.0,2017-2018,55,2,27.3,3,0.0,1.0,0.0,0.0,2.0,Low
94051.0,2017-2018,80,2,29.1,3,0.0,0.0,0.0,0.0,2.0,Moderate
94053.0,2017-2018,62,2,37.5,4,0.0,1.0,0.0,0.0,2.0,Low
94054.0,2017-2018,50,1,30.4,1,1.0,1.0,0.0,1.0,1.0,High
94055.0,2017-2018,80,1,20.7,4,0.0,1.0,0.0,0.0,2.0,Low
94057.0,2017-2018,62,2,32.2,3,1.0,1.0,0.0,2.0,2.0,Moderate
94058.0,2017-2018,61,2,44.8,3,1.0,1.0,0.0,1.0,2.0,Low
94059.0,2017-2018,54,2,31.1,1,0.0,1.0,0.0,2.0,2.0,Low
94060.0,2017-2018,59,1,41.0,3,1.0,0.0,0.0,0.0,2.0,Moderate
94061.0,2017-2018,36,2,32.9,1,1.0,0.0,0.0,0.0,1.0,High
94065.0,2017-2018,69,2,27.4,4,0.0,1.0,1.0,0.0,2.0,Moderate
94067.0,2017-2018,44,1,35.8,1,0.0,0.0,0.0,1.0,2.0,Moderate
94068.0,2017-2018,69,1,28.2,3,0.0,1.0,0.0,1.0,2.0,Moderate
94069.0,2017-2018,61,1,31.3,3,0.0,1.0,0.0,0.0,1.0,High
94071.0,2017-2018,33,1,26.5,6,1.0,0.0,1.0,0.0,2.0,Low
94073.0,2017-2018,69,1,34.9,2,1.0,1.0,1.0,1.0,1.0,High
94074.0,2017-2018,29,1,20.6,3,0.0,0.0,0.0,0.0,2.0,Moderate
94080.0,2017-2018,79,2,22.3,3,1.0,1.0,1.0,0.0,2.0,Low
94081.0,2017-2018,80,1,24.7,6,,0.0,1.0,0.0,1.0,High
94082.0,2017-2018,69,2,22.3,3,0.0,1.0,1.0,0.0,2.0,Low
94084.0,2017-2018,61,2,29.0,6,0.0,1.0,1.0,0.0,3.0,Moderate
94086.0,2017-2018,80,2,25.2,3,0.0,1.0,0.0,1.0,2.0,Low
94092.0,2017-2018,52,1,27.1,1,0.0,1.0,0.0,0.0,2.0,Low
94093.0,2017-2018,36,1,34.4,3,1.0,0.0,1.0,1.0,1.0,High
94095.0,2017-2018,78,2,29.0,4,0.0,1.0,0.0,0.0,2.0,Low
94096.0,2017-2018,80,1,26.7,3,0.0,1.0,0.0,1.0,2.0,Low
94097.0,2017-2018,62,2,35.7,3,1.0,0.0,1.0,1.0,3.0,Moderate
94098.0,2017-2018,23,2,30.3,4,0.0,0.0,1.0,0.0,2.0,Low
94099.0,2017-2018,20,2,34.5,7,1.0,0.0,1.0,0.0,2.0,Low
94101.0,2017-2018,64,2,29.7,6,1.0,1.0,1.0,0.0,2.0,Moderate
94105.0,2017-2018,46,2,28.0,1,1.0,0.0,1.0,2.0,2.0,Low
94108.0,2017-2018,64,1,26.4,1,0.0,0.0,0.0,1.0,2.0,Moderate
94112.0,2017-2018,28,1,28.0,1,0.0,0.0,1.0,1.0,2.0,Low
94113.0,2017-2018,60,2,23.4,3,1.0,0.0,0.0,0.0,1.0,High
94114.0,2017-2018,20,1,17.2,4,1.0,0.0,1.0,0.0,2.0,Low
94116.0,2017-2018,60,2,25.1,3,1.0,1.0,1.0,0.0,2.0,Low
94117.0,2017-2018,57,2,74.8,3,0.0,0.0,0.0,2.0,1.0,High
94118.0,2017-2018,50,2,26.8,2,0.0,0.0,1.0,0.0,2.0,Low
94119.0,2017-2018,57,1,23.5,4,1.0,1.0,0.0,0.0,2.0,Moderate
94122.0,2017-2018,33,1,25.6,2,0.0,0.0,1.0,1.0,2.0,Low
94124.0,2017-2018,55,1,27.8,2,0.0,0.0,0.0,0.0,2.0,Moderate
94126.0,2017-2018,62,2,33.6,4,1.0,1.0,1.0,0.0,1.0,High
94127.0,2017-2018,34,2,25.5,6,1.0,0.0,0.0,0.0,2.0,Low
94128.0,2017-2018,35,1,38.3,4,1.0,0.0,1.0,0.0,2.0,Moderate
94130.0,2017-2018,27,2,26.5,4,0.0,0.0,1.0,0.0,2.0,Low
94131.0,2017-2018,39,2,45.1,3,1.0,0.0,0.0,0.0,2.0,High
94133.0,2017-2018,28,1,23.9,1,1.0,0.0,1.0,0.0,2.0,Moderate
94134.0,2017-2018,61,2,28.7,2,1.0,0.0,0.0,0.0,2.0,Moderate
94135.0,2017-2018,37,2,26.0,2,1.0,1.0,0.0,2.0,2.0,Low
94137.0,2017-2018,49,2,24.5,4,0.0,1.0,0.0,0.0,2.0,Low
94138.0,2017-2018,72,2,25.2,6,1.0,1.0,0.0,0.0,1.0,High
94139.0,2017-2018,49,2,32.0,2,0.0,0.0,0.0,2.0,2.0,Moderate
94141.0,2017-2018,71,1,24.4,4,1.0,1.0,0.0,0.0,2.0,Moderate
94150.0,2017-2018,68,1,34.2,3,1.0,1.0,0.0,0.0,1.0,High
94151.0,2017-2018,23,1,27.9,2,1.0,0.0,1.0,0.0,2.0,Low
94152.0,2017-2018,64,2,21.3,3,1.0,0.0,1.0,0.0,2.0,Low
94154.0,2017-2018,80,2,23.4,3,0.0,0.0,0.0,0.0,2.0,Moderate
94155.0,2017-2018,56,1,38.0,6,1.0,1.0,1.0,0.0,1.0,High
94156.0,2017-2018,63,2,28.8,1,1.0,0.0,0.0,1.0,2.0,Moderate
94157.0,2017-2018,60,2,18.3,6,0.0,0.0,0.0,0.0,2.0,Moderate
94158.0,2017-2018,66,1,36.1,1,1.0,0.0,0.0,1.0,1.0,High
94160.0,2017-2018,22,2,23.1,3,0.0,0.0,1.0,0.0,2.0,Low
94161.0,2017-2018,53,1,21.9,6,0.0,0.0,0.0,1.0,2.0,Low
94162.0,2017-2018,64,1,24.0,2,0.0,0.0,0.0,0.0,2.0,Moderate
94163.0,2017-2018,35,1,24.6,3,0.0,0.0,0.0,2.0,2.0,Low
94166.0,2017-2018,28,1,31.6,3,0.0,0.0,1.0,0.0,2.0,Low
94168.0,2017-2018,66,2,32.4,2,0.0,1.0,1.0,1.0,2.0,Low
94169.0,2017-2018,26,1,25.9,6,0.0,0.0,1.0,1.0,2.0,Low
94173.0,2017-2018,68,2,33.6,4,1.0,1.0,0.0,1.0,2.0,Moderate
94174.0,2017-2018,45,2,25.8,1,0.0,0.0,1.0,0.0,2.0,Moderate
94175.0,2017-2018,77,1,26.1,3,1.0,1.0,1.0,1.0,2.0,Low
94176.0,2017-2018,24,2,27.7,3,0.0,0.0,1.0,0.0,2.0,Low
94177.0,2017-2018,59,2,25.9,1,0.0,0.0,0.0,0.0,2.0,Moderate
94178.0,2017-2018,34,1,43.5,3,1.0,1.0,0.0,2.0,2.0,Low
94179.0,2017-2018,72,1,49.7,3,1.0,1.0,0.0,1.0,1.0,High
94181.0,2017-2018,36,2,31.8,6,1.0,1.0,0.0,0.0,2.0,Moderate
94182.0,2017-2018,59,2,23.2,3,0.0,0.0,1.0,0.0,2.0,Low
94183.0,2017-2018,49,1,44.5,3,1.0,0.0,0.0,0.0,2.0,Moderate
94187.0,2017-2018,54,2,29.6,6,0.0,0.0,0.0,0.0,2.0,Moderate
94189.0,2017-2018,21,2,40.1,1,1.0,0.0,0.0,0.0,2.0,Low
94190.0,2017-2018,43,1,25.7,6,0.0,0.0,1.0,2.0,2.0,Moderate
94192.0,2017-2018,54,2,41.8,3,1.0,0.0,0.0,2.0,1.0,High
94193.0,2017-2018,58,2,41.1,4,1.0,1.0,1.0,0.0,2.0,Moderate
94198.0,2017-2018,63,2,28.4,1,0.0,0.0,0.0,2.0,2.0,Moderate
94199.0,2017-2018,69,1,21.8,6,1.0,1.0,0.0,1.0,1.0,High
94200.0,2017-2018,26,2,37.8,2,0.0,0.0,0.0,0.0,2.0,Low
94201.0,2017-2018,77,1,23.5,6,0.0,1.0,0.0,1.0,2.0,Moderate
94202.0,2017-2018,70,1,36.8,3,1.0,0.0,1.0,0.0,2.0,Moderate
94205.0,2017-2018,73,2,37.2,3,1.0,1.0,1.0,0.0,2.0,Low
94206.0,2017-2018,56,1,27.2,6,0.0,0.0,1.0,0.0,2.0,Low
94207.0,2017-2018,62,1,30.8,4,0.0,0.0,0.0,2.0,2.0,Low
94208.0,2017-2018,45,2,46.0,4,1.0,1.0,1.0,0.0,3.0,Moderate
94210.0,2017-2018,80,1,24.2,4,1.0,0.0,0.0,0.0,2.0,Moderate
94211.0,2017-2018,23,2,18.6,3,0.0,0.0,1.0,0.0,2.0,Low
94212.0,2017-2018,67,2,22.0,6,1.0,0.0,1.0,0.0,2.0,Low
94216.0,2017-2018,67,2,30.2,4,1.0,1.0,0.0,0.0,1.0,High
94219.0,2017-2018,23,2,22.7,1,0.0,0.0,1.0,0.0,2.0,Low
94221.0,2017-2018,27,2,23.7,4,1.0,0.0,1.0,0.0,2.0,Low
94223.0,2017-2018,43,2,29.3,2,1.0,0.0,0.0,1.0,2.0,Moderate
94224.0,2017-2018,23,1,36.0,2,1.0,0.0,0.0,1.0,2.0,Moderate
94227.0,2017-2018,80,1,32.3,3,0.0,1.0,1.0,0.0,2.0,Low
94229.0,2017-2018,69,2,40.4,4,1.0,1.0,0.0,1.0,1.0,High
94232.0,2017-2018,70,1,27.5,3,1.0,1.0,0.0,0.0,1.0,High
94233.0,2017-2018,62,1,24.7,1,0.0,0.0,0.0,1.0,2.0,Moderate
94237.0,2017-2018,63,1,36.4,3,0.0,1.0,1.0,0.0,2.0,High
94241.0,2017-2018,30,2,30.1,6,1.0,0.0,1.0,0.0,2.0,Low
94242.0,2017-2018,60,1,25.0,4,1.0,1.0,0.0,2.0,1.0,High
94243.0,2017-2018,80,1,28.2,7,0.0,1.0,0.0,1.0,1.0,High
94245.0,2017-2018,31,2,26.6,3,0.0,0.0,1.0,2.0,2.0,Low
94246.0,2017-2018,48,1,28.4,6,0.0,0.0,1.0,0.0,2.0,Low
94247.0,2017-2018,27,1,45.7,3,0.0,1.0,0.0,1.0,2.0,Moderate
94248.0,2017-2018,38,2,32.0,4,1.0,0.0,0.0,0.0,2.0,Low
94249.0,2017-2018,66,2,33.9,4,0.0,0.0,1.0,0.0,2.0,Moderate
94250.0,2017-2018,23,2,42.4,3,1.0,0.0,1.0,1.0,2.0,Low
94251.0,2017-2018,22,2,24.8,3,0.0,0.0,1.0,2.0,2.0,Low
94253.0,2017-2018,70,2,36.8,7,0.0,0.0,0.0,0.0,2.0,Moderate
94255.0,2017-2018,43,1,31.6,1,1.0,1.0,1.0,0.0,2.0,Low
94258.0,2017-2018,51,1,28.7,3,0.0,0.0,0.0,0.0,2.0,Moderate
94259.0,2017-2018,50,2,23.0,6,0.0,0.0,0.0,0.0,2.0,Moderate
94260.0,2017-2018,48,2,34.5,6,0.0,0.0,0.0,0.0,2.0,Moderate
94261.0,2017-2018,63,2,23.0,6,1.0,0.0,0.0,0.0,2.0,High
94262.0,2017-2018,22,1,19.4,1,1.0,0.0,1.0,0.0,2.0,Low
94265.0,2017-2018,75,1,40.2,7,1.0,1.0,0.0,1.0,1.0,High
94266.0,2017-2018,43,1,26.7,2,1.0,0.0,0.0,1.0,2.0,Low
94267.0,2017-2018,80,2,24.7,6,0.0,1.0,0.0,0.0,2.0,Moderate
94270.0,2017-2018,33,1,24.9,1,1.0,0.0,1.0,0.0,2.0,Moderate
94273.0,2017-2018,63,1,30.1,1,0.0,1.0,0.0,0.0,1.0,High
94274.0,2017-2018,58,2,32.9,2,0.0,0.0,1.0,0.0,2.0,Moderate
94275.0,2017-2018,54,1,31.0,1,0.0,1.0,0.0,0.0,2.0,Low
94276.0,2017-2018,80,1,24.4,6,0.0,1.0,0.0,0.0,2.0,Moderate
94277.0,2017-2018,41,2,28.3,2,0.0,0.0,0.0,0.0,2.0,Low
94278.0,2017-2018,62,1,25.8,6,1.0,1.0,0.0,1.0,1.0,High
94279.0,2017-2018,39,1,24.2,6,1.0,0.0,1.0,0.0,2.0,Low
94281.0,2017-2018,31,2,39.5,7,0.0,0.0,0.0,2.0,2.0,Low
94283.0,2017-2018,60,2,45.4,4,1.0,1.0,1.0,1.0,2.0,High
94284.0,2017-2018,58,2,26.0,4,1.0,0.0,1.0,0.0,2.0,Moderate
94285.0,2017-2018,43,1,43.7,2,1.0,1.0,0.0,2.0,1.0,High
94286.0,2017-2018,75,2,23.3,4,1.0,1.0,1.0,0.0,2.0,Moderate
94287.0,2017-2018,20,1,35.3,3,0.0,0.0,1.0,0.0,2.0,Low
94290.0,2017-2018,35,2,33.3,6,0.0,0.0,1.0,0.0,2.0,Moderate
94291.0,2017-2018,27,2,27.8,1,0.0,0.0,1.0,0.0,2.0,Low
94293.0,2017-2018,64,1,30.0,3,0.0,0.0,0.0,0.0,2.0,Moderate
94295.0,2017-2018,48,2,32.8,6,1.0,0.0,1.0,0.0,2.0,Low
94298.0,2017-2018,80,1,32.5,7,0.0,1.0,1.0,0.0,2.0,Moderate
94300.0,2017-2018,69,2,35.8,3,1.0,1.0,0.0,0.0,2.0,Moderate
94301.0,2017-2018,64,2,26.0,6,1.0,0.0,0.0,0.0,2.0,Low
94302.0,2017-2018,24,2,24.7,6,1.0,0.0,0.0,0.0,2.0,Low
94303.0,2017-2018,65,1,21.0,2,1.0,0.0,1.0,1.0,1.0,High
94304.0,2017-2018,40,1,23.4,6,0.0,0.0,0.0,0.0,2.0,Low
94306.0,2017-2018,22,2,18.5,3,0.0,0.0,1.0,0.0,2.0,Low
94309.0,2017-2018,54,2,31.6,6,0.0,1.0,1.0,0.0,2.0,High
94311.0,2017-2018,41,2,28.6,4,1.0,0.0,0.0,2.0,2.0,Low
94313.0,2017-2018,41,1,47.7,4,1.0,0.0,0.0,0.0,2.0,Low
94314.0,2017-2018,48,1,23.7,6,0.0,0.0,0.0,2.0,2.0,Moderate
94319.0,2017-2018,44,1,26.4,3,0.0,0.0,1.0,1.0,2.0,Moderate
94320.0,2017-2018,33,1,20.0,4,1.0,1.0,1.0,2.0,2.0,Low
94321.0,2017-2018,60,1,33.2,4,,0.0,0.0,1.0,3.0,Moderate
94322.0,2017-2018,20,1,29.1,2,1.0,0.0,0.0,1.0,2.0,Low
94323.0,2017-2018,60,1,28.8,6,1.0,1.0,0.0,0.0,2.0,Low
94324.0,2017-2018,50,2,31.4,3,1.0,1.0,1.0,1.0,2.0,Moderate
94325.0,2017-2018,62,2,44.6,6,1.0,0.0,0.0,0.0,2.0,Low
94326.0,2017-2018,55,1,33.3,3,0.0,0.0,1.0,1.0,2.0,Moderate
94327.0,2017-2018,61,1,,4,0.0,0.0,0.0,2.0,2.0,Low
94328.0,2017-2018,29,2,19.2,6,0.0,0.0,1.0,0.0,2.0,Low
94330.0,2017-2018,57,2,37.3,3,0.0,1.0,1.0,0.0,1.0,High
94335.0,2017-2018,69,1,28.3,6,0.0,1.0,0.0,1.0,2.0,Moderate
94336.0,2017-2018,74,1,28.3,2,1.0,1.0,0.0,0.0,1.0,High
94337.0,2017-2018,44,1,46.2,7,0.0,0.0,0.0,0.0,2.0,Moderate
94339.0,2017-2018,37,1,31.6,2,0.0,0.0,0.0,0.0,2.0,Low
94340.0,2017-2018,25,1,34.4,3,0.0,0.0,1.0,2.0,2.0,Low
94341.0,2017-2018,24,1,29.7,1,1.0,0.0,1.0,0.0,2.0,Moderate
94342.0,2017-2018,57,2,34.6,4,1.0,1.0,0.0,0.0,2.0,Moderate
94343.0,2017-2018,71,1,34.0,1,1.0,0.0,0.0,1.0,1.0,High
94345.0,2017-2018,65,1,43.6,3,1.0,1.0,0.0,1.0,1.0,High
94348.0,2017-2018,80,1,40.2,3,1.0,1.0,0.0,1.0,2.0,Low
94350.0,2017-2018,54,1,28.5,6,0.0,0.0,1.0,0.0,2.0,Moderate
94352.0,2017-2018,70,2,28.7,2,1.0,0.0,1.0,1.0,1.0,High
94356.0,2017-2018,58,1,27.5,4,0.0,0.0,0.0,2.0,2.0,Low
94359.0,2017-2018,36,1,30.9,1,1.0,0.0,0.0,2.0,2.0,Moderate
94360.0,2017-2018,44,1,31.7,2,1.0,1.0,0.0,2.0,2.0,Low
94361.0,2017-2018,38,2,33.2,1,0.0,0.0,0.0,0.0,2.0,Low
94362.0,2017-2018,79,1,27.8,3,1.0,1.0,1.0,1.0,1.0,High
94365.0,2017-2018,22,1,20.2,4,0.0,0.0,0.0,2.0,2.0,Low
94366.0,2017-2018,25,1,25.3,6,1.0,0.0,1.0,0.0,2.0,Moderate
94368.0,2017-2018,33,2,25.5,3,1.0,0.0,0.0,2.0,1.0,High
94372.0,2017-2018,68,1,36.8,4,1.0,1.0,0.0,0.0,2.0,High
94373.0,2017-2018,80,2,25.6,3,0.0,0.0,1.0,0.0,2.0,Low
94374.0,2017-2018,52,2,34.5,1,1.0,0.0,0.0,0.0,2.0,Low
94375.0,2017-2018,30,2,21.7,7,1.0,1.0,0.0,0.0,2.0,Low
94376.0,2017-2018,66,1,28.3,4,0.0,0.0,0.0,2.0,2.0,Moderate
94377.0,2017-2018,33,1,50.0,3,1.0,0.0,0.0,2.0,2.0,Moderate
94379.0,2017-2018,24,2,28.8,3,1.0,0.0,1.0,1.0,2.0,Low
94380.0,2017-2018,63,1,28.6,4,1.0,0.0,0.0,0.0,2.0,Moderate
94381.0,2017-2018,80,2,27.7,4,0.0,0.0,0.0,1.0,2.0,Low
94382.0,2017-2018,32,2,19.0,3,1.0,0.0,1.0,0.0,2.0,Low
94385.0,2017-2018,48,2,26.4,6,0.0,0.0,0.0,0.0,2.0,Low
94386.0,2017-2018,71,2,38.4,3,0.0,1.0,0.0,0.0,3.0,High
94387.0,2017-2018,39,2,49.3,4,0.0,0.0,0.0,0.0,2.0,Moderate
94388.0,2017-2018,33,2,33.1,4,1.0,0.0,1.0,0.0,2.0,Low
94390.0,2017-2018,72,2,35.2,6,0.0,1.0,0.0,0.0,2.0,High
94392.0,2017-2018,25,1,25.1,4,0.0,0.0,1.0,0.0,2.0,Moderate
94393.0,2017-2018,36,1,29.4,2,0.0,0.0,1.0,0.0,2.0,Moderate
94398.0,2017-2018,39,2,30.3,4,1.0,0.0,0.0,2.0,2.0,Moderate
94399.0,2017-2018,62,2,34.5,2,1.0,0.0,0.0,1.0,1.0,High
94401.0,2017-2018,57,1,25.5,3,0.0,0.0,1.0,0.0,2.0,Moderate
94404.0,2017-2018,80,2,22.3,3,1.0,1.0,0.0,1.0,2.0,Moderate
94405.0,2017-2018,39,2,31.1,3,0.0,0.0,0.0,2.0,1.0,High
94406.0,2017-2018,34,2,44.1,4,1.0,0.0,0.0,0.0,2.0,Low
94407.0,2017-2018,76,2,31.3,3,1.0,1.0,0.0,0.0,2.0,Moderate
94408.0,2017-2018,72,1,19.6,3,0.0,0.0,1.0,2.0,2.0,Moderate
94409.0,2017-2018,23,1,19.5,2,1.0,0.0,1.0,0.0,2.0,Low
94410.0,2017-2018,80,2,30.5,4,1.0,1.0,0.0,0.0,2.0,Low
94412.0,2017-2018,80,1,27.9,1,0.0,0.0,0.0,1.0,2.0,Low
94414.0,2017-2018,32,1,41.0,4,0.0,0.0,0.0,2.0,2.0,Moderate
94415.0,2017-2018,37,1,23.1,2,0.0,0.0,0.0,2.0,2.0,Low
94416.0,2017-2018,28,2,33.4,3,1.0,1.0,0.0,2.0,2.0,Low
94418.0,2017-2018,76,2,35.7,3,0.0,1.0,0.0,1.0,2.0,Moderate
94420.0,2017-2018,80,2,30.2,3,0.0,1.0,0.0,0.0,2.0,Moderate
94421.0,2017-2018,75,2,25.7,6,1.0,1.0,1.0,0.0,2.0,Moderate
94424.0,2017-2018,75,2,26.8,4,1.0,1.0,1.0,0.0,2.0,Low
94425.0,2017-2018,75,2,30.1,3,1.0,1.0,0.0,0.0,2.0,Moderate
94427.0,2017-2018,49,2,37.3,6,1.0,0.0,1.0,0.0,3.0,Moderate
94428.0,2017-2018,60,1,42.0,2,0.0,1.0,0.0,0.0,1.0,High
94429.0,2017-2018,61,1,39.5,4,1.0,1.0,1.0,0.0,2.0,Moderate
94430.0,2017-2018,25,2,52.5,7,1.0,0.0,0.0,0.0,2.0,High
94431.0,2017-2018,47,1,55.3,3,1.0,1.0,1.0,1.0,1.0,High
94432.0,2017-2018,71,2,36.1,1,1.0,1.0,0.0,2.0,3.0,High
94433.0,2017-2018,46,1,36.2,4,1.0,1.0,0.0,0.0,1.0,High
94434.0,2017-2018,26,2,27.3,6,1.0,0.0,0.0,0.0,2.0,Low
94436.0,2017-2018,31,2,30.9,4,1.0,0.0,0.0,2.0,2.0,Moderate
94438.0,2017-2018,80,1,24.0,2,0.0,0.0,0.0,1.0,2.0,Moderate
94443.0,2017-2018,32,1,30.2,1,0.0,0.0,0.0,2.0,2.0,Low
94444.0,2017-2018,78,2,41.0,4,1.0,1.0,0.0,1.0,1.0,High
94445.0,2017-2018,53,1,24.6,3,0.0,0.0,0.0,1.0,2.0,Low
94446.0,2017-2018,28,2,31.8,2,0.0,0.0,0.0,0.0,2.0,Low
94448.0,2017-2018,41,1,34.0,3,0.0,1.0,0.0,0.0,2.0,Moderate
94450.0,2017-2018,30,1,32.6,1,1.0,0.0,0.0,0.0,2.0,Moderate
94453.0,2017-2018,20,2,31.0,3,1.0,0.0,1.0,2.0,2.0,Moderate
94457.0,2017-2018,46,2,25.0,3,0.0,0.0,0.0,0.0,2.0,Low
94458.0,2017-2018,56,1,33.9,6,1.0,1.0,1.0,0.0,1.0,High
94459.0,2017-2018,52,2,50.4,4,1.0,1.0,0.0,1.0,2.0,High
94460.0,2017-2018,61,2,28.6,4,1.0,0.0,1.0,0.0,2.0,Low
94463.0,2017-2018,26,2,42.6,4,1.0,0.0,0.0,2.0,2.0,Moderate
94464.0,2017-2018,77,1,37.2,3,0.0,1.0,1.0,0.0,1.0,High
94465.0,2017-2018,31,1,30.9,7,1.0,0.0,0.0,1.0,2.0,Low
94469.0,2017-2018,37,2,38.7,7,0.0,0.0,1.0,0.0,2.0,Low
94470.0,2017-2018,64,1,29.3,3,1.0,1.0,0.0,2.0,2.0,Moderate
94471.0,2017-2018,42,2,29.4,2,0.0,1.0,0.0,0.0,2.0,Low
94473.0,2017-2018,73,2,30.8,3,1.0,0.0,0.0,0.0,2.0,Low
94474.0,2017-2018,55,1,23.0,3,1.0,1.0,1.0,0.0,1.0,High
94475.0,2017-2018,26,2,18.7,1,0.0,0.0,0.0,0.0,2.0,Low
94476.0,2017-2018,55,2,24.2,3,0.0,0.0,1.0,0.0,2.0,Low
94477.0,2017-2018,58,2,17.1,4,0.0,0.0,0.0,0.0,2.0,Moderate
94478.0,2017-2018,37,2,22.6,4,0.0,0.0,1.0,0.0,2.0,Low
94479.0,2017-2018,64,2,33.0,3,1.0,1.0,0.0,1.0,2.0,Low
94481.0,2017-2018,31,2,33.1,7,0.0,0.0,0.0,2.0,2.0,Moderate
94483.0,2017-2018,74,2,31.3,7,0.0,1.0,0.0,0.0,2.0,Moderate
94486.0,2017-2018,44,2,31.2,4,1.0,1.0,0.0,2.0,1.0,High
94487.0,2017-2018,29,1,30.2,4,1.0,0.0,1.0,0.0,2.0,Low
94488.0,2017-2018,38,2,26.4,2,1.0,0.0,1.0,0.0,2.0,Moderate
94490.0,2017-2018,64,2,24.0,3,1.0,1.0,1.0,1.0,2.0,Moderate
94493.0,2017-2018,63,1,27.7,1,1.0,0.0,0.0,0.0,2.0,Moderate
94497.0,2017-2018,45,1,28.9,7,1.0,1.0,0.0,2.0,2.0,Moderate
94499.0,2017-2018,62,1,22.4,4,0.0,1.0,0.0,0.0,2.0,Moderate
94500.0,2017-2018,60,2,35.5,4,0.0,1.0,1.0,0.0,2.0,High
94501.0,2017-2018,41,2,35.3,6,0.0,0.0,1.0,0.0,2.0,Moderate
94503.0,2017-2018,52,2,19.2,4,0.0,0.0,0.0,2.0,2.0,Low
94504.0,2017-2018,28,1,24.3,4,0.0,0.0,1.0,0.0,2.0,Low
94506.0,2017-2018,69,2,36.2,4,0.0,1.0,1.0,0.0,2.0,Low
94507.0,2017-2018,34,1,45.4,4,1.0,0.0,0.0,0.0,2.0,Low
94508.0,2017-2018,34,2,30.8,4,0.0,0.0,1.0,0.0,2.0,Low
94509.0,2017-2018,53,2,26.3,3,0.0,0.0,1.0,0.0,2.0,Moderate
94510.0,2017-2018,49,2,32.6,3,0.0,0.0,0.0,0.0,2.0,Low
94512.0,2017-2018,43,2,25.3,1,1.0,1.0,0.0,0.0,1.0,High
94515.0,2017-2018,58,2,44.6,2,0.0,1.0,0.0,0.0,2.0,High
94519.0,2017-2018,59,1,29.6,3,1.0,0.0,1.0,0.0,2.0,Moderate
94522.0,2017-2018,60,1,31.8,4,1.0,1.0,1.0,2.0,2.0,Moderate
94523.0,2017-2018,65,2,26.5,4,0.0,1.0,0.0,0.0,2.0,Moderate
94525.0,2017-2018,66,2,33.4,3,1.0,1.0,0.0,1.0,3.0,Moderate
94526.0,2017-2018,37,1,31.9,4,0.0,0.0,0.0,2.0,2.0,Low
94527.0,2017-2018,36,1,24.8,1,1.0,0.0,1.0,0.0,2.0,Low
94528.0,2017-2018,34,1,60.6,6,1.0,1.0,0.0,0.0,2.0,Low
94529.0,2017-2018,58,1,21.5,4,0.0,1.0,0.0,2.0,2.0,Moderate
94530.0,2017-2018,22,1,26.1,4,1.0,0.0,1.0,0.0,2.0,Low
94531.0,2017-2018,34,2,29.6,1,1.0,0.0,0.0,0.0,2.0,Moderate
94532.0,2017-2018,36,2,30.2,1,1.0,0.0,0.0,0.0,2.0,Low
94534.0,2017-2018,80,1,28.3,3,1.0,0.0,1.0,0.0,3.0,High
94538.0,2017-2018,42,1,25.7,6,0.0,0.0,1.0,0.0,2.0,Low
94539.0,2017-2018,55,2,30.4,3,1.0,0.0,1.0,2.0,2.0,Low
94541.0,2017-2018,79,2,21.7,4,0.0,1.0,0.0,0.0,2.0,Moderate
94542.0,2017-2018,30,1,,4,1.0,0.0,1.0,0.0,2.0,Moderate
94547.0,2017-2018,67,2,20.3,4,0.0,0.0,0.0,2.0,2.0,Moderate
94549.0,2017-2018,80,1,28.2,3,0.0,1.0,0.0,1.0,2.0,Moderate
94552.0,2017-2018,56,2,24.3,6,1.0,0.0,0.0,0.0,2.0,Moderate
94553.0,2017-2018,72,2,29.0,3,1.0,0.0,1.0,0.0,2.0,High
94554.0,2017-2018,69,1,27.0,1,1.0,1.0,1.0,1.0,1.0,High
94557.0,2017-2018,35,2,34.7,4,0.0,1.0,0.0,0.0,2.0,Low
94558.0,2017-2018,62,2,23.6,1,1.0,0.0,1.0,0.0,1.0,High
94559.0,2017-2018,41,1,36.8,1,1.0,1.0,1.0,0.0,2.0,Low
94560.0,2017-2018,24,2,35.8,3,1.0,0.0,0.0,0.0,2.0,Moderate
94564.0,2017-2018,80,2,25.1,2,1.0,1.0,1.0,0.0,2.0,Moderate
94565.0,2017-2018,45,2,33.3,2,1.0,1.0,1.0,0.0,2.0,Low
94568.0,2017-2018,60,2,29.8,1,0.0,1.0,0.0,0.0,2.0,Moderate
94569.0,2017-2018,27,2,25.2,3,0.0,0.0,1.0,0.0,2.0,Low
94570.0,2017-2018,48,1,33.7,3,1.0,0.0,0.0,2.0,1.0,High
94571.0,2017-2018,80,2,25.6,3,1.0,1.0,1.0,1.0,2.0,Low
94573.0,2017-2018,62,2,26.9,1,0.0,0.0,1.0,0.0,2.0,Low
94575.0,2017-2018,80,2,21.1,3,0.0,0.0,0.0,0.0,2.0,Low
94576.0,2017-2018,33,2,37.1,1,1.0,0.0,0.0,0.0,2.0,Low
94577.0,2017-2018,30,2,19.6,3,0.0,0.0,1.0,0.0,2.0,Moderate
94578.0,2017-2018,71,1,26.6,3,1.0,1.0,0.0,1.0,1.0,High
94579.0,2017-2018,52,1,27.8,4,1.0,0.0,0.0,0.0,3.0,High
94583.0,2017-2018,80,1,21.3,3,1.0,1.0,0.0,2.0,2.0,Moderate
94586.0,2017-2018,74,2,20.0,3,1.0,1.0,1.0,1.0,2.0,Low
94589.0,2017-2018,33,1,30.4,3,0.0,0.0,0.0,0.0,2.0,Low
94590.0,2017-2018,65,2,34.1,2,0.0,1.0,1.0,0.0,2.0,Moderate
94591.0,2017-2018,42,1,28.1,3,1.0,1.0,0.0,2.0,2.0,Low
94594.0,2017-2018,42,2,44.5,4,1.0,0.0,1.0,1.0,2.0,Low
94595.0,2017-2018,28,1,21.7,6,1.0,0.0,1.0,1.0,2.0,Low
94596.0,2017-2018,45,1,24.1,3,0.0,0.0,1.0,0.0,2.0,Moderate
94600.0,2017-2018,77,2,27.9,3,0.0,1.0,0.0,1.0,2.0,Low
94605.0,2017-2018,42,1,31.8,4,1.0,1.0,1.0,0.0,2.0,Moderate
94606.0,2017-2018,57,2,25.7,3,0.0,1.0,0.0,1.0,1.0,High
94607.0,2017-2018,38,1,29.8,3,0.0,1.0,0.0,1.0,2.0,Low
94608.0,2017-2018,24,1,24.4,1,1.0,0.0,1.0,0.0,2.0,Low
94609.0,2017-2018,70,2,24.8,6,1.0,1.0,0.0,0.0,1.0,High
94615.0,2017-2018,47,2,37.4,2,0.0,1.0,1.0,1.0,1.0,High
94616.0,2017-2018,62,1,37.9,1,0.0,1.0,0.0,0.0,2.0,High
94618.0,2017-2018,49,1,32.7,3,1.0,1.0,1.0,1.0,2.0,Moderate
94619.0,2017-2018,61,1,26.6,4,0.0,0.0,0.0,0.0,2.0,Moderate
94623.0,2017-2018,48,2,23.9,3,0.0,0.0,1.0,0.0,2.0,Low
94624.0,2017-2018,38,1,25.7,6,0.0,0.0,0.0,0.0,2.0,Moderate
94625.0,2017-2018,22,1,22.2,4,1.0,0.0,0.0,2.0,2.0,Low
94627.0,2017-2018,59,1,37.4,2,0.0,1.0,0.0,0.0,1.0,High
94631.0,2017-2018,21,2,25.9,4,0.0,0.0,1.0,0.0,2.0,Low
94632.0,2017-2018,70,2,27.9,3,0.0,1.0,0.0,0.0,2.0,Moderate
94633.0,2017-2018,68,2,25.7,3,0.0,0.0,1.0,1.0,2.0,Moderate
94634.0,2017-2018,80,2,25.3,3,0.0,1.0,0.0,0.0,2.0,Moderate
94638.0,2017-2018,35,1,32.9,4,0.0,1.0,1.0,2.0,2.0,Low
94640.0,2017-2018,55,2,31.8,6,0.0,0.0,0.0,0.0,2.0,Moderate
94641.0,2017-2018,70,1,21.7,6,0.0,1.0,1.0,0.0,1.0,High
94642.0,2017-2018,62,2,36.1,3,1.0,1.0,0.0,2.0,1.0,High
94644.0,2017-2018,24,1,18.9,3,0.0,0.0,0.0,0.0,2.0,Low
94647.0,2017-2018,38,2,22.8,6,0.0,0.0,1.0,0.0,2.0,Low
94648.0,2017-2018,45,2,21.2,6,0.0,0.0,0.0,0.0,2.0,Low
94649.0,2017-2018,67,1,34.5,3,0.0,0.0,1.0,1.0,2.0,High
94650.0,2017-2018,65,2,28.8,4,0.0,1.0,1.0,1.0,3.0,Moderate
94651.0,2017-2018,57,2,41.0,3,1.0,0.0,1.0,1.0,2.0,Moderate
94652.0,2017-2018,74,2,28.0,3,0.0,1.0,1.0,0.0,2.0,Moderate
94654.0,2017-2018,61,2,26.4,3,1.0,1.0,1.0,0.0,2.0,Low
94660.0,2017-2018,40,2,32.7,1,1.0,0.0,0.0,0.0,2.0,Low
94663.0,2017-2018,30,2,23.0,7,1.0,0.0,1.0,0.0,2.0,Low
94664.0,2017-2018,41,1,21.7,6,1.0,0.0,1.0,0.0,2.0,Moderate
94666.0,2017-2018,38,2,31.5,4,0.0,0.0,0.0,0.0,2.0,Moderate
94669.0,2017-2018,38,1,25.0,3,0.0,0.0,1.0,1.0,2.0,Low
94670.0,2017-2018,60,1,29.1,4,1.0,1.0,0.0,1.0,2.0,High
94672.0,2017-2018,29,2,35.7,3,1.0,1.0,1.0,0.0,2.0,Low
94673.0,2017-2018,23,2,22.3,4,0.0,0.0,0.0,0.0,2.0,Low
94676.0,2017-2018,67,1,25.9,4,1.0,0.0,1.0,0.0,1.0,High
94677.0,2017-2018,25,2,35.3,3,1.0,0.0,1.0,0.0,2.0,Low
94678.0,2017-2018,58,2,24.2,3,0.0,0.0,1.0,0.0,2.0,Low
94679.0,2017-2018,63,1,31.2,1,1.0,1.0,1.0,1.0,3.0,Moderate
94681.0,2017-2018,60,1,43.0,3,1.0,0.0,1.0,0.0,2.0,Low
94684.0,2017-2018,38,2,29.2,3,1.0,0.0,0.0,0.0,2.0,Moderate
94685.0,2017-2018,47,2,38.5,4,1.0,1.0,0.0,2.0,2.0,Low
94686.0,2017-2018,33,2,25.6,3,1.0,0.0,1.0,2.0,2.0,Moderate
94687.0,2017-2018,35,2,22.2,6,1.0,0.0,1.0,0.0,2.0,Low
94688.0,2017-2018,61,1,31.7,3,1.0,0.0,1.0,0.0,2.0,Moderate
94689.0,2017-2018,22,1,30.9,2,0.0,0.0,0.0,0.0,2.0,Low
94693.0,2017-2018,59,1,36.6,3,0.0,1.0,0.0,0.0,2.0,Low
94695.0,2017-2018,56,2,17.9,3,1.0,0.0,1.0,2.0,2.0,Moderate
94696.0,2017-2018,43,2,22.2,3,1.0,1.0,1.0,0.0,2.0,Low
94697.0,2017-2018,23,2,18.4,3,0.0,0.0,1.0,0.0,2.0,Low
94698.0,2017-2018,59,2,20.5,4,0.0,1.0,0.0,2.0,2.0,Moderate
94704.0,2017-2018,80,2,24.6,4,1.0,1.0,0.0,1.0,1.0,High
94705.0,2017-2018,62,2,36.5,7,1.0,0.0,0.0,0.0,2.0,Moderate
94706.0,2017-2018,43,2,27.1,6,1.0,0.0,1.0,0.0,2.0,Low
94707.0,2017-2018,80,1,,3,1.0,0.0,0.0,1.0,2.0,Low
94708.0,2017-2018,41,1,30.9,3,0.0,0.0,0.0,0.0,2.0,Moderate
94710.0,2017-2018,35,1,25.7,4,0.0,0.0,1.0,2.0,2.0,Moderate
94711.0,2017-2018,64,2,41.4,3,1.0,1.0,1.0,1.0,1.0,High
94713.0,2017-2018,56,2,26.8,4,1.0,1.0,1.0,2.0,2.0,Low
94716.0,2017-2018,76,2,30.5,3,0.0,0.0,1.0,0.0,2.0,Low
94719.0,2017-2018,56,2,31.8,1,1.0,0.0,0.0,0.0,2.0,Low
94720.0,2017-2018,22,1,33.9,4,1.0,0.0,1.0,0.0,2.0,Low
94721.0,2017-2018,30,1,44.6,2,1.0,0.0,1.0,0.0,2.0,Low
94724.0,2017-2018,80,2,,3,1.0,1.0,0.0,0.0,1.0,High
94725.0,2017-2018,56,1,35.6,3,1.0,0.0,1.0,1.0,3.0,Moderate
94726.0,2017-2018,46,2,29.4,3,1.0,1.0,1.0,0.0,1.0,High
94729.0,2017-2018,37,1,33.3,4,0.0,1.0,0.0,2.0,2.0,Moderate
94730.0,2017-2018,62,2,27.3,1,1.0,0.0,0.0,0.0,1.0,High
94731.0,2017-2018,44,2,26.6,4,0.0,0.0,0.0,0.0,2.0,Low
94732.0,2017-2018,45,2,27.3,4,1.0,1.0,0.0,0.0,2.0,High
94735.0,2017-2018,45,2,,2,1.0,1.0,0.0,0.0,1.0,High
94736.0,2017-2018,51,1,25.6,6,0.0,0.0,1.0,0.0,1.0,High
94739.0,2017-2018,57,1,27.2,3,0.0,0.0,1.0,2.0,2.0,Low
94740.0,2017-2018,46,2,21.9,6,1.0,0.0,0.0,1.0,2.0,Low
94744.0,2017-2018,43,1,27.2,4,0.0,0.0,0.0,0.0,2.0,High
94747.0,2017-2018,59,2,24.9,3,0.0,0.0,1.0,2.0,2.0,Low
94748.0,2017-2018,51,2,24.5,4,1.0,0.0,1.0,0.0,2.0,Moderate
94750.0,2017-2018,80,1,34.4,3,1.0,1.0,0.0,1.0,1.0,High
94752.0,2017-2018,73,1,25.9,3,0.0,1.0,0.0,0.0,2.0,Moderate
94753.0,2017-2018,74,2,29.0,6,0.0,1.0,0.0,0.0,1.0,High
94754.0,2017-2018,65,2,35.0,3,1.0,1.0,0.0,0.0,2.0,High
94755.0,2017-2018,74,2,33.5,2,1.0,1.0,0.0,0.0,1.0,High
94760.0,2017-2018,74,2,19.7,4,1.0,1.0,0.0,1.0,2.0,Low
94761.0,2017-2018,24,1,27.6,6,0.0,0.0,1.0,2.0,2.0,Moderate
94763.0,2017-2018,43,1,35.7,4,1.0,1.0,1.0,1.0,1.0,High
94764.0,2017-2018,43,2,41.5,4,1.0,0.0,0.0,2.0,2.0,Moderate
94765.0,2017-2018,55,1,26.2,3,0.0,1.0,1.0,2.0,2.0,Low
94766.0,2017-2018,42,1,33.1,4,1.0,0.0,1.0,0.0,2.0,Moderate
94767.0,2017-2018,69,1,48.4,7,0.0,1.0,0.0,1.0,2.0,Moderate
94768.0,2017-2018,80,1,34.7,3,0.0,1.0,1.0,1.0,2.0,Low
94771.0,2017-2018,42,2,25.5,3,0.0,0.0,0.0,2.0,2.0,Low
94773.0,2017-2018,32,1,30.8,1,0.0,1.0,1.0,0.0,2.0,Low
94775.0,2017-2018,26,2,32.0,4,1.0,0.0,1.0,0.0,2.0,Low
94776.0,2017-2018,72,1,25.4,2,1.0,1.0,0.0,1.0,1.0,High
94777.0,2017-2018,80,2,22.7,3,0.0,1.0,1.0,0.0,2.0,Moderate
94779.0,2017-2018,80,1,29.9,3,1.0,1.0,0.0,1.0,1.0,High
94780.0,2017-2018,74,1,30.1,1,0.0,1.0,0.0,1.0,2.0,Moderate
94783.0,2017-2018,28,2,23.6,6,1.0,0.0,0.0,0.0,2.0,Low
94785.0,2017-2018,55,1,26.6,6,0.0,0.0,1.0,0.0,2.0,Moderate
94786.0,2017-2018,24,2,32.0,3,0.0,0.0,1.0,0.0,2.0,Moderate
94788.0,2017-2018,53,2,21.5,6,1.0,0.0,0.0,0.0,2.0,Moderate
94792.0,2017-2018,66,1,24.6,6,1.0,1.0,0.0,0.0,1.0,High
94793.0,2017-2018,40,1,32.9,1,1.0,0.0,0.0,0.0,2.0,Low
94795.0,2017-2018,27,2,21.0,1,0.0,0.0,1.0,0.0,2.0,Low
94797.0,2017-2018,66,2,25.5,6,0.0,1.0,0.0,0.0,3.0,Moderate
94801.0,2017-2018,45,1,30.9,4,0.0,1.0,1.0,0.0,2.0,Low
94802.0,2017-2018,22,1,31.2,2,1.0,0.0,1.0,0.0,2.0,Low
94805.0,2017-2018,62,1,41.7,7,1.0,1.0,0.0,0.0,1.0,High
94806.0,2017-2018,55,1,29.4,2,0.0,0.0,1.0,1.0,2.0,Low
94808.0,2017-2018,41,2,32.4,4,0.0,0.0,0.0,0.0,2.0,Moderate
94809.0,2017-2018,79,2,,1,0.0,0.0,0.0,0.0,2.0,Low
94810.0,2017-2018,56,1,21.2,7,0.0,1.0,0.0,2.0,2.0,Low
94811.0,2017-2018,68,1,29.0,4,0.0,0.0,0.0,0.0,2.0,Moderate
94812.0,2017-2018,46,1,27.6,6,1.0,0.0,1.0,2.0,2.0,Moderate
94813.0,2017-2018,62,2,26.7,6,0.0,1.0,0.0,0.0,2.0,Low
94819.0,2017-2018,32,2,24.0,1,1.0,0.0,1.0,0.0,2.0,Low
94826.0,2017-2018,66,2,29.8,4,0.0,1.0,1.0,2.0,2.0,Low
94829.0,2017-2018,80,2,30.2,3,0.0,1.0,1.0,0.0,2.0,High
94831.0,2017-2018,64,2,20.3,3,1.0,0.0,0.0,2.0,2.0,Low
94832.0,2017-2018,71,2,29.0,3,1.0,1.0,0.0,0.0,2.0,Low
94834.0,2017-2018,62,2,36.1,3,0.0,1.0,0.0,0.0,1.0,High
94835.0,2017-2018,59,2,32.2,3,0.0,0.0,1.0,1.0,2.0,Moderate
94836.0,2017-2018,71,2,30.5,3,0.0,1.0,0.0,0.0,2.0,Moderate
94837.0,2017-2018,33,2,23.0,1,1.0,0.0,0.0,2.0,2.0,Moderate
94844.0,2017-2018,36,1,27.8,3,,0.0,1.0,0.0,2.0,Moderate
94847.0,2017-2018,80,2,42.0,4,1.0,1.0,0.0,1.0,1.0,High
94848.0,2017-2018,32,2,29.0,2,0.0,0.0,1.0,0.0,2.0,Low
94850.0,2017-2018,46,1,21.2,3,1.0,0.0,0.0,2.0,2.0,Low
94852.0,2017-2018,33,1,35.8,1,1.0,0.0,1.0,0.0,2.0,Low
94854.0,2017-2018,52,2,29.3,3,1.0,1.0,1.0,2.0,2.0,Moderate
94855.0,2017-2018,54,1,19.2,4,0.0,1.0,1.0,2.0,2.0,Moderate
94856.0,2017-2018,77,2,23.3,3,0.0,0.0,0.0,1.0,2.0,Moderate
94857.0,2017-2018,35,2,46.8,2,1.0,0.0,0.0,2.0,2.0,Moderate
94858.0,2017-2018,44,2,38.8,3,0.0,0.0,1.0,1.0,2.0,Low
94860.0,2017-2018,33,2,37.2,4,1.0,0.0,0.0,0.0,2.0,Low
94861.0,2017-2018,56,2,37.6,4,1.0,0.0,0.0,2.0,2.0,Moderate
94862.0,2017-2018,53,2,19.6,6,1.0,0.0,1.0,0.0,2.0,Low
94863.0,2017-2018,51,1,32.9,2,1.0,1.0,0.0,1.0,1.0,High
94867.0,2017-2018,55,1,31.9,3,0.0,0.0,1.0,0.0,2.0,Low
94868.0,2017-2018,59,1,36.9,2,1.0,1.0,0.0,0.0,2.0,Low
94872.0,2017-2018,80,1,22.7,3,1.0,0.0,0.0,1.0,1.0,High
94873.0,2017-2018,21,1,45.3,1,0.0,0.0,1.0,0.0,2.0,Low
94877.0,2017-2018,71,1,35.9,1,1.0,1.0,1.0,1.0,2.0,High
94878.0,2017-2018,37,2,32.5,4,1.0,0.0,1.0,0.0,2.0,Low
94879.0,2017-2018,48,2,32.3,7,0.0,0.0,1.0,1.0,2.0,Low
94882.0,2017-2018,55,2,24.2,6,1.0,0.0,0.0,0.0,1.0,High
94883.0,2017-2018,59,1,24.6,4,0.0,1.0,0.0,1.0,2.0,Low
94885.0,2017-2018,64,1,36.7,4,0.0,1.0,1.0,1.0,1.0,High
94887.0,2017-2018,80,1,32.4,3,0.0,1.0,0.0,0.0,2.0,Low
94889.0,2017-2018,41,2,37.3,1,1.0,0.0,1.0,0.0,2.0,Low
94890.0,2017-2018,57,1,25.2,3,1.0,0.0,0.0,1.0,2.0,Moderate
94891.0,2017-2018,40,2,27.2,4,0.0,1.0,0.0,0.0,2.0,Low
94892.0,2017-2018,61,1,19.2,3,0.0,0.0,0.0,2.0,2.0,Low
94893.0,2017-2018,48,2,32.4,7,0.0,0.0,0.0,0.0,2.0,Low
94894.0,2017-2018,50,1,38.5,3,0.0,0.0,1.0,0.0,2.0,Moderate
94895.0,2017-2018,23,2,16.1,2,,0.0,1.0,0.0,2.0,Low
94896.0,2017-2018,50,2,34.2,4,1.0,0.0,0.0,0.0,2.0,Moderate
94898.0,2017-2018,74,2,40.6,3,1.0,1.0,0.0,0.0,1.0,High
94899.0,2017-2018,32,2,31.4,4,1.0,0.0,0.0,0.0,2.0,Moderate
94902.0,2017-2018,67,2,21.7,6,0.0,0.0,0.0,0.0,2.0,High
94903.0,2017-2018,49,1,38.4,4,0.0,1.0,1.0,0.0,2.0,Low
94906.0,2017-2018,46,1,27.7,3,0.0,0.0,1.0,1.0,2.0,Low
94907.0,2017-2018,80,2,32.5,3,1.0,1.0,0.0,0.0,1.0,High
94908.0,2017-2018,56,2,38.4,4,0.0,1.0,0.0,0.0,2.0,High
94909.0,2017-2018,59,1,32.4,3,0.0,1.0,0.0,1.0,2.0,Moderate
94916.0,2017-2018,26,2,33.1,4,1.0,1.0,1.0,0.0,2.0,Low
94918.0,2017-2018,71,1,33.4,2,0.0,0.0,1.0,1.0,1.0,High
94920.0,2017-2018,58,2,37.8,4,1.0,1.0,1.0,1.0,2.0,Moderate
94921.0,2017-2018,61,2,27.9,6,0.0,1.0,1.0,0.0,2.0,Moderate
94922.0,2017-2018,66,1,23.2,4,1.0,0.0,1.0,1.0,2.0,Moderate
94924.0,2017-2018,29,2,31.7,3,0.0,1.0,1.0,2.0,2.0,Low
94926.0,2017-2018,37,1,21.8,3,1.0,0.0,1.0,2.0,2.0,Low
94927.0,2017-2018,28,2,42.7,6,1.0,1.0,1.0,0.0,2.0,Low
94929.0,2017-2018,78,1,23.3,3,0.0,1.0,1.0,1.0,2.0,Low
94930.0,2017-2018,50,2,48.1,4,1.0,1.0,0.0,0.0,1.0,High
94931.0,2017-2018,63,2,32.5,3,0.0,0.0,0.0,1.0,2.0,Low
94933.0,2017-2018,54,2,40.8,1,0.0,0.0,0.0,0.0,2.0,High
94935.0,2017-2018,41,2,28.8,7,1.0,0.0,1.0,1.0,2.0,Low
94936.0,2017-2018,25,2,35.5,4,0.0,0.0,0.0,0.0,2.0,Low
94937.0,2017-2018,59,1,20.5,3,1.0,0.0,1.0,2.0,2.0,Low
94938.0,2017-2018,61,1,31.8,4,1.0,1.0,0.0,1.0,2.0,Low
94939.0,2017-2018,31,1,20.8,7,0.0,0.0,0.0,2.0,2.0,Low
94940.0,2017-2018,80,2,33.7,7,0.0,1.0,0.0,1.0,2.0,Moderate
94941.0,2017-2018,28,1,33.5,4,0.0,0.0,1.0,0.0,2.0,Moderate
94945.0,2017-2018,29,1,38.7,1,1.0,0.0,0.0,0.0,2.0,Moderate
94946.0,2017-2018,23,1,35.7,3,1.0,0.0,1.0,2.0,2.0,High
94950.0,2017-2018,80,2,21.8,3,0.0,0.0,0.0,0.0,2.0,Low
94952.0,2017-2018,63,2,38.2,3,1.0,1.0,0.0,0.0,2.0,Moderate
94953.0,2017-2018,59,2,52.0,3,0.0,0.0,0.0,1.0,2.0,Moderate
94954.0,2017-2018,34,1,26.0,4,0.0,0.0,1.0,0.0,2.0,Moderate
94957.0,2017-2018,43,1,33.0,3,1.0,0.0,1.0,1.0,2.0,Moderate
94958.0,2017-2018,58,2,21.2,6,0.0,1.0,1.0,0.0,2.0,Low
94959.0,2017-2018,48,1,31.2,4,0.0,1.0,0.0,0.0,2.0,Low
94960.0,2017-2018,26,1,21.2,3,0.0,0.0,1.0,2.0,2.0,Low
94962.0,2017-2018,57,2,19.9,6,0.0,1.0,1.0,0.0,2.0,Low
94964.0,2017-2018,48,1,29.4,1,1.0,0.0,0.0,2.0,2.0,Moderate
94966.0,2017-2018,44,1,27.5,7,1.0,1.0,1.0,1.0,1.0,High
94967.0,2017-2018,40,2,34.8,4,0.0,0.0,1.0,0.0,2.0,Low
94968.0,2017-2018,24,1,21.7,4,1.0,0.0,0.0,0.0,2.0,Moderate
94969.0,2017-2018,80,1,29.6,3,0.0,0.0,0.0,0.0,2.0,Low
94970.0,2017-2018,55,1,29.0,1,0.0,0.0,0.0,2.0,2.0,Moderate
94972.0,2017-2018,39,2,30.8,3,1.0,0.0,1.0,2.0,2.0,Moderate
94975.0,2017-2018,56,1,24.0,4,0.0,0.0,1.0,0.0,2.0,Moderate
94977.0,2017-2018,75,2,30.1,3,1.0,1.0,0.0,0.0,2.0,Moderate
94979.0,2017-2018,66,1,38.1,4,0.0,1.0,1.0,0.0,2.0,Moderate
94980.0,2017-2018,60,2,26.3,4,1.0,1.0,0.0,0.0,1.0,High
94982.0,2017-2018,32,2,20.8,4,0.0,0.0,1.0,0.0,2.0,Low
94984.0,2017-2018,62,1,,2,0.0,0.0,1.0,0.0,2.0,Low
94986.0,2017-2018,62,1,35.3,3,1.0,1.0,1.0,0.0,2.0,Moderate
94987.0,2017-2018,63,2,49.1,3,1.0,1.0,0.0,0.0,1.0,High
94989.0,2017-2018,35,1,25.1,7,1.0,0.0,1.0,2.0,2.0,Low
94990.0,2017-2018,56,1,29.9,4,1.0,0.0,1.0,2.0,2.0,High
94991.0,2017-2018,26,1,25.5,4,0.0,0.0,1.0,2.0,2.0,Low
94993.0,2017-2018,80,2,25.6,3,0.0,0.0,0.0,0.0,2.0,Low
94995.0,2017-2018,58,1,29.1,7,1.0,0.0,1.0,0.0,2.0,High
94997.0,2017-2018,44,2,19.6,2,0.0,0.0,0.0,0.0,2.0,Moderate
94998.0,2017-2018,45,1,27.3,3,0.0,0.0,0.0,0.0,2.0,Low
95000.0,2017-2018,76,2,33.8,6,0.0,1.0,1.0,0.0,2.0,High
95001.0,2017-2018,80,2,30.3,3,0.0,1.0,0.0,1.0,1.0,High
95002.0,2017-2018,26,1,28.9,1,0.0,0.0,0.0,2.0,2.0,Low
95004.0,2017-2018,80,1,27.2,3,1.0,1.0,0.0,1.0,2.0,Moderate
95005.0,2017-2018,46,1,45.0,7,1.0,0.0,1.0,0.0,2.0,Low
95007.0,2017-2018,79,1,24.4,3,0.0,0.0,1.0,1.0,2.0,Low
95011.0,2017-2018,65,2,37.3,3,0.0,1.0,0.0,2.0,1.0,High
95013.0,2017-2018,56,1,33.4,3,1.0,1.0,1.0,0.0,1.0,High
95014.0,2017-2018,35,1,33.5,1,1.0,0.0,0.0,0.0,2.0,Low
95016.0,2017-2018,73,1,34.1,3,0.0,1.0,0.0,1.0,2.0,High
95019.0,2017-2018,40,1,24.3,3,0.0,0.0,0.0,2.0,2.0,Low
95020.0,2017-2018,80,2,26.1,4,1.0,1.0,0.0,1.0,1.0,High
95025.0,2017-2018,57,1,37.4,3,0.0,1.0,0.0,0.0,2.0,Moderate
95026.0,2017-2018,20,1,24.2,4,0.0,0.0,1.0,0.0,2.0,Moderate
95027.0,2017-2018,76,2,22.6,6,0.0,0.0,1.0,1.0,3.0,Moderate
95028.0,2017-2018,30,1,30.4,3,0.0,0.0,0.0,1.0,2.0,Low
95029.0,2017-2018,43,2,32.9,4,0.0,0.0,1.0,0.0,2.0,Low
95030.0,2017-2018,63,1,25.1,7,0.0,1.0,0.0,1.0,2.0,Moderate
95031.0,2017-2018,54,2,43.8,3,1.0,1.0,0.0,1.0,1.0,High
95033.0,2017-2018,49,2,24.0,6,1.0,1.0,0.0,0.0,1.0,High
95034.0,2017-2018,61,2,23.7,3,0.0,0.0,1.0,0.0,2.0,Low
95035.0,2017-2018,42,1,41.7,7,0.0,0.0,0.0,1.0,1.0,High
95036.0,2017-2018,80,1,36.6,3,0.0,1.0,0.0,1.0,2.0,Moderate
95037.0,2017-2018,20,2,26.2,1,0.0,0.0,1.0,0.0,2.0,Low
95039.0,2017-2018,23,2,22.1,3,0.0,0.0,1.0,0.0,2.0,Low
95040.0,2017-2018,26,2,50.6,3,1.0,0.0,1.0,1.0,2.0,Low
95041.0,2017-2018,60,2,24.3,2,1.0,0.0,1.0,0.0,1.0,High
95042.0,2017-2018,65,2,32.0,2,0.0,1.0,0.0,0.0,1.0,High
95043.0,2017-2018,64,1,22.2,6,,0.0,0.0,2.0,2.0,Low
95044.0,2017-2018,67,2,40.0,3,1.0,1.0,1.0,1.0,2.0,Moderate
95045.0,2017-2018,69,2,28.5,3,1.0,1.0,1.0,0.0,2.0,Moderate
95046.0,2017-2018,63,2,25.9,4,1.0,1.0,0.0,1.0,2.0,Moderate
95047.0,2017-2018,74,1,31.2,3,1.0,0.0,1.0,1.0,1.0,High
95048.0,2017-2018,23,1,26.5,3,0.0,0.0,0.0,1.0,2.0,Moderate
95051.0,2017-2018,52,1,47.0,4,1.0,1.0,1.0,2.0,1.0,High
95052.0,2017-2018,40,2,31.8,6,0.0,0.0,0.0,0.0,2.0,Low
95053.0,2017-2018,50,1,25.4,3,1.0,1.0,0.0,2.0,1.0,High
95055.0,2017-2018,40,1,54.4,1,1.0,0.0,1.0,1.0,2.0,Moderate
95056.0,2017-2018,34,2,41.1,7,1.0,0.0,1.0,2.0,2.0,Moderate
95057.0,2017-2018,71,1,28.9,3,0.0,0.0,0.0,0.0,1.0,High
95058.0,2017-2018,36,2,63.4,3,1.0,0.0,0.0,0.0,1.0,High
95059.0,2017-2018,53,1,33.1,3,0.0,1.0,0.0,0.0,2.0,Low
95060.0,2017-2018,44,2,24.3,6,0.0,1.0,0.0,0.0,3.0,Moderate
95061.0,2017-2018,45,1,25.3,1,1.0,0.0,0.0,2.0,2.0,Moderate
95062.0,2017-2018,61,1,24.0,4,1.0,1.0,0.0,0.0,3.0,Moderate
95063.0,2017-2018,46,2,29.5,3,1.0,0.0,0.0,0.0,2.0,Low
95064.0,2017-2018,27,1,25.1,4,0.0,0.0,1.0,2.0,2.0,Low
95066.0,2017-2018,73,2,22.4,2,1.0,1.0,0.0,0.0,3.0,Moderate
95067.0,2017-2018,55,2,51.2,4,1.0,0.0,1.0,0.0,3.0,Moderate
95068.0,2017-2018,80,2,26.3,3,0.0,1.0,1.0,1.0,1.0,High
95069.0,2017-2018,26,1,24.4,3,0.0,0.0,1.0,2.0,2.0,Low
95070.0,2017-2018,61,1,37.6,2,1.0,0.0,0.0,2.0,1.0,High
95071.0,2017-2018,38,2,28.1,3,1.0,1.0,0.0,0.0,2.0,Low
95073.0,2017-2018,71,2,43.4,1,0.0,0.0,1.0,1.0,1.0,High
95074.0,2017-2018,37,2,27.3,4,0.0,0.0,1.0,0.0,2.0,Low
95075.0,2017-2018,70,1,14.9,3,0.0,0.0,0.0,2.0,2.0,Low
95077.0,2017-2018,47,1,25.0,6,0.0,0.0,1.0,2.0,2.0,Moderate
95080.0,2017-2018,28,1,31.0,2,0.0,0.0,1.0,1.0,2.0,Low
95083.0,2017-2018,37,1,42.9,3,1.0,1.0,0.0,0.0,2.0,Moderate
95088.0,2017-2018,50,2,33.1,1,1.0,0.0,1.0,0.0,2.0,Moderate
95089.0,2017-2018,31,2,32.8,4,0.0,1.0,0.0,2.0,2.0,High
95091.0,2017-2018,62,1,24.2,4,1.0,1.0,0.0,2.0,2.0,Low
95093.0,2017-2018,51,2,28.9,1,1.0,0.0,0.0,0.0,2.0,Moderate
95094.0,2017-2018,37,2,28.4,2,0.0,0.0,0.0,0.0,2.0,Moderate
95095.0,2017-2018,80,2,34.5,3,1.0,1.0,1.0,1.0,2.0,Moderate
95096.0,2017-2018,21,1,36.9,1,0.0,0.0,1.0,0.0,2.0,Low
95097.0,2017-2018,66,2,27.3,3,0.0,0.0,1.0,0.0,2.0,Moderate
95098.0,2017-2018,68,1,35.1,2,1.0,1.0,1.0,1.0,2.0,Moderate
95099.0,2017-2018,70,2,19.8,6,0.0,0.0,1.0,0.0,2.0,Moderate
95101.0,2017-2018,80,2,29.2,3,0.0,0.0,0.0,0.0,2.0,Low
95102.0,2017-2018,61,2,29.0,6,1.0,0.0,1.0,0.0,2.0,Moderate
95103.0,2017-2018,39,1,28.9,2,0.0,0.0,1.0,0.0,2.0,Low
95105.0,2017-2018,67,1,28.6,3,1.0,1.0,1.0,1.0,1.0,High
95110.0,2017-2018,67,2,27.9,1,1.0,1.0,0.0,1.0,2.0,Low
95113.0,2017-2018,20,2,32.6,1,1.0,0.0,1.0,0.0,2.0,Low
95114.0,2017-2018,34,1,35.7,1,1.0,0.0,0.0,0.0,2.0,Moderate
95115.0,2017-2018,33,2,20.9,4,0.0,0.0,0.0,0.0,2.0,Low
95116.0,2017-2018,62,1,18.9,3,0.0,0.0,1.0,0.0,2.0,Low
95118.0,2017-2018,57,1,26.3,6,0.0,1.0,0.0,0.0,2.0,Moderate
95121.0,2017-2018,66,2,30.7,1,1.0,1.0,1.0,0.0,2.0,Low
95123.0,2017-2018,50,2,35.2,2,1.0,0.0,1.0,0.0,3.0,Moderate
95124.0,2017-2018,58,1,16.8,4,1.0,1.0,0.0,2.0,2.0,Low
95126.0,2017-2018,59,2,28.0,6,0.0,1.0,0.0,0.0,1.0,High
95128.0,2017-2018,33,2,33.9,4,1.0,0.0,0.0,2.0,2.0,Low
95129.0,2017-2018,60,1,56.3,1,1.0,0.0,1.0,1.0,1.0,High
95131.0,2017-2018,60,1,25.2,3,1.0,0.0,0.0,0.0,2.0,Moderate
95134.0,2017-2018,37,1,27.1,1,1.0,0.0,0.0,0.0,2.0,Low
95135.0,2017-2018,78,1,,3,0.0,1.0,1.0,1.0,2.0,Low
95137.0,2017-2018,53,2,22.1,3,0.0,0.0,0.0,0.0,2.0,Low
95138.0,2017-2018,71,2,21.0,3,1.0,1.0,0.0,2.0,2.0,Moderate
95140.0,2017-2018,42,2,29.8,1,0.0,1.0,0.0,0.0,2.0,Low
95143.0,2017-2018,51,2,21.5,1,1.0,0.0,1.0,1.0,2.0,Low
95148.0,2017-2018,56,2,35.4,4,1.0,0.0,0.0,0.0,2.0,High
95149.0,2017-2018,48,2,44.9,3,1.0,1.0,0.0,0.0,2.0,Moderate
95151.0,2017-2018,80,2,34.5,3,1.0,0.0,1.0,0.0,1.0,High
95152.0,2017-2018,59,1,26.6,4,0.0,1.0,1.0,0.0,2.0,Moderate
95153.0,2017-2018,23,2,43.4,3,0.0,0.0,0.0,2.0,2.0,Low
95155.0,2017-2018,62,1,24.9,1,1.0,1.0,1.0,1.0,1.0,High
95157.0,2017-2018,54,1,28.9,4,1.0,0.0,0.0,0.0,2.0,Moderate
95160.0,2017-2018,66,2,29.0,4,1.0,1.0,1.0,0.0,1.0,High
95163.0,2017-2018,68,1,27.1,6,1.0,1.0,1.0,1.0,2.0,Moderate
95165.0,2017-2018,39,2,27.5,4,1.0,1.0,0.0,0.0,2.0,Low
95168.0,2017-2018,59,2,24.7,4,1.0,1.0,0.0,0.0,2.0,High
95169.0,2017-2018,61,2,25.9,6,0.0,1.0,1.0,0.0,2.0,Low
95170.0,2017-2018,67,2,34.0,6,1.0,0.0,0.0,0.0,2.0,High
95171.0,2017-2018,41,2,40.2,3,1.0,0.0,0.0,2.0,1.0,High
95172.0,2017-2018,71,2,26.6,1,0.0,1.0,0.0,0.0,1.0,High
95173.0,2017-2018,80,1,37.6,4,1.0,1.0,0.0,1.0,1.0,High
95174.0,2017-2018,25,2,29.4,7,0.0,0.0,1.0,2.0,2.0,Low
95177.0,2017-2018,57,2,23.8,6,0.0,0.0,0.0,0.0,2.0,Low
95179.0,2017-2018,31,2,47.0,3,1.0,0.0,0.0,0.0,2.0,Low
95181.0,2017-2018,39,1,21.3,3,0.0,0.0,1.0,1.0,2.0,Low
95182.0,2017-2018,56,1,34.7,2,0.0,1.0,0.0,0.0,2.0,Low
95184.0,2017-2018,21,2,29.4,3,1.0,0.0,1.0,0.0,2.0,Low
95186.0,2017-2018,28,2,27.2,6,0.0,0.0,1.0,0.0,2.0,Moderate
95189.0,2017-2018,66,1,36.0,4,1.0,0.0,1.0,1.0,2.0,Moderate
95190.0,2017-2018,28,2,19.0,1,0.0,0.0,1.0,1.0,2.0,Low
95191.0,2017-2018,54,2,35.3,1,1.0,1.0,0.0,0.0,1.0,High
95197.0,2017-2018,34,1,36.5,3,0.0,1.0,0.0,2.0,2.0,Low
95199.0,2017-2018,61,2,38.6,4,0.0,1.0,0.0,0.0,2.0,High
95200.0,2017-2018,23,2,25.1,1,0.0,0.0,0.0,2.0,2.0,Low
95202.0,2017-2018,23,2,25.1,3,0.0,0.0,1.0,0.0,2.0,Low
95203.0,2017-2018,54,1,25.4,4,0.0,1.0,1.0,1.0,2.0,Moderate
95206.0,2017-2018,47,1,19.2,4,1.0,0.0,0.0,0.0,2.0,Moderate
95207.0,2017-2018,71,2,26.3,4,0.0,1.0,0.0,2.0,2.0,Moderate
95208.0,2017-2018,78,1,26.1,1,0.0,0.0,1.0,1.0,2.0,Low
95209.0,2017-2018,73,2,24.6,4,1.0,1.0,0.0,1.0,1.0,High
95210.0,2017-2018,44,2,28.1,3,0.0,0.0,0.0,0.0,2.0,Moderate
95211.0,2017-2018,22,2,19.8,1,1.0,0.0,1.0,0.0,2.0,Low
95213.0,2017-2018,25,1,23.8,1,1.0,0.0,1.0,1.0,2.0,Moderate
95214.0,2017-2018,70,1,26.3,4,0.0,0.0,0.0,1.0,2.0,Moderate
95215.0,2017-2018,52,2,37.1,3,1.0,0.0,0.0,2.0,1.0,High
95216.0,2017-2018,50,1,25.9,6,0.0,1.0,1.0,2.0,2.0,Moderate
95220.0,2017-2018,61,2,29.3,1,0.0,0.0,0.0,0.0,2.0,Low
95221.0,2017-2018,35,2,24.2,7,1.0,0.0,0.0,2.0,2.0,Low
95222.0,2017-2018,72,2,35.2,2,0.0,1.0,1.0,1.0,2.0,Low
95224.0,2017-2018,73,1,24.5,7,1.0,1.0,1.0,2.0,2.0,Moderate
95227.0,2017-2018,22,1,26.9,6,0.0,0.0,1.0,0.0,2.0,Low
95228.0,2017-2018,46,1,25.9,3,0.0,1.0,1.0,0.0,2.0,Low
95231.0,2017-2018,32,1,28.7,7,1.0,1.0,0.0,2.0,2.0,Low
95232.0,2017-2018,23,2,35.6,4,0.0,0.0,0.0,0.0,2.0,Moderate
95233.0,2017-2018,21,2,38.2,1,1.0,0.0,0.0,0.0,2.0,Moderate
95236.0,2017-2018,76,2,23.9,1,1.0,0.0,0.0,0.0,2.0,Moderate
95237.0,2017-2018,29,1,22.6,3,0.0,0.0,1.0,0.0,2.0,Low
95238.0,2017-2018,78,1,27.4,4,0.0,1.0,0.0,1.0,2.0,Moderate
95239.0,2017-2018,23,2,30.7,1,1.0,0.0,1.0,0.0,1.0,High
95242.0,2017-2018,58,2,28.1,4,1.0,1.0,1.0,0.0,2.0,Moderate
95243.0,2017-2018,68,2,30.4,4,1.0,0.0,0.0,0.0,2.0,Low
95244.0,2017-2018,48,2,27.8,4,1.0,1.0,0.0,0.0,1.0,High
95247.0,2017-2018,64,2,36.1,6,,1.0,0.0,1.0,1.0,High
95249.0,2017-2018,70,2,33.8,3,1.0,1.0,0.0,2.0,1.0,High
95250.0,2017-2018,44,1,28.8,6,1.0,0.0,0.0,0.0,2.0,Low
95251.0,2017-2018,38,2,40.6,3,1.0,0.0,0.0,0.0,2.0,Low
95252.0,2017-2018,70,1,28.2,3,0.0,0.0,0.0,2.0,1.0,High
95255.0,2017-2018,24,2,26.4,3,1.0,0.0,1.0,0.0,2.0,Low
95256.0,2017-2018,66,2,26.5,3,1.0,0.0,0.0,2.0,2.0,Moderate
95257.0,2017-2018,39,2,26.9,4,0.0,0.0,0.0,0.0,2.0,Moderate
95258.0,2017-2018,62,1,37.4,2,0.0,0.0,0.0,1.0,1.0,High
95259.0,2017-2018,80,1,22.3,3,0.0,0.0,1.0,0.0,2.0,Moderate
95260.0,2017-2018,26,1,24.2,3,0.0,0.0,1.0,0.0,2.0,Low
95261.0,2017-2018,24,2,47.7,2,0.0,0.0,0.0,0.0,2.0,Low
95262.0,2017-2018,24,2,29.1,7,1.0,0.0,0.0,0.0,2.0,Moderate
95265.0,2017-2018,46,2,,1,1.0,1.0,1.0,0.0,1.0,High
95266.0,2017-2018,58,2,34.5,3,0.0,0.0,1.0,0.0,2.0,Low
95268.0,2017-2018,70,1,30.2,3,1.0,0.0,0.0,0.0,2.0,Low
95272.0,2017-2018,80,2,19.9,3,0.0,0.0,0.0,0.0,2.0,Moderate
95273.0,2017-2018,62,1,30.9,1,0.0,0.0,1.0,2.0,2.0,Low
95274.0,2017-2018,48,2,43.6,3,1.0,1.0,0.0,1.0,1.0,High
95275.0,2017-2018,41,2,21.4,7,1.0,0.0,0.0,0.0,2.0,Low
95276.0,2017-2018,33,1,32.2,3,0.0,0.0,1.0,1.0,2.0,Moderate
95278.0,2017-2018,43,2,33.2,2,1.0,0.0,0.0,0.0,2.0,High
95279.0,2017-2018,36,1,24.0,6,0.0,0.0,0.0,1.0,2.0,Moderate
95280.0,2017-2018,42,2,31.0,3,1.0,0.0,1.0,2.0,2.0,Low
95281.0,2017-2018,61,2,33.4,4,1.0,1.0,1.0,0.0,1.0,High
95284.0,2017-2018,41,2,36.9,2,0.0,0.0,0.0,0.0,2.0,Moderate
95287.0,2017-2018,56,2,20.8,6,1.0,0.0,0.0,0.0,2.0,Moderate
95288.0,2017-2018,34,1,29.6,3,0.0,0.0,0.0,0.0,2.0,Low
95289.0,2017-2018,56,2,32.5,1,0.0,1.0,1.0,0.0,2.0,Low
95296.0,2017-2018,40,1,27.4,6,0.0,0.0,1.0,0.0,2.0,Moderate
95298.0,2017-2018,60,1,26.6,4,1.0,1.0,0.0,2.0,2.0,Moderate
95302.0,2017-2018,45,2,29.3,1,0.0,1.0,0.0,0.0,2.0,Low
95308.0,2017-2018,64,2,27.4,4,1.0,0.0,1.0,0.0,2.0,Moderate
95310.0,2017-2018,52,1,32.4,1,0.0,0.0,1.0,1.0,1.0,High
95312.0,2017-2018,25,1,29.2,6,0.0,0.0,1.0,0.0,2.0,Moderate
95313.0,2017-2018,54,2,23.6,3,1.0,0.0,1.0,0.0,2.0,Low
95315.0,2017-2018,63,2,45.0,7,0.0,0.0,0.0,1.0,2.0,Low
95316.0,2017-2018,43,1,41.8,3,1.0,1.0,0.0,1.0,2.0,Low
95318.0,2017-2018,60,2,35.9,3,1.0,0.0,0.0,0.0,2.0,Low
95319.0,2017-2018,55,2,29.4,1,1.0,0.0,0.0,0.0,2.0,Low
95321.0,2017-2018,65,1,29.4,4,0.0,0.0,0.0,2.0,2.0,Low
95323.0,2017-2018,21,1,20.4,6,1.0,0.0,1.0,0.0,2.0,Low
95324.0,2017-2018,70,1,26.2,2,0.0,1.0,1.0,0.0,1.0,High
95325.0,2017-2018,68,1,26.5,2,1.0,0.0,0.0,0.0,1.0,High
95326.0,2017-2018,72,1,28.9,3,,1.0,1.0,1.0,1.0,High
95329.0,2017-2018,47,1,24.5,6,1.0,0.0,1.0,0.0,2.0,Low
95330.0,2017-2018,77,2,25.1,4,1.0,1.0,0.0,0.0,1.0,High
95332.0,2017-2018,75,2,28.7,4,1.0,1.0,0.0,0.0,1.0,High
95333.0,2017-2018,39,1,31.0,4,1.0,1.0,1.0,0.0,2.0,High
95334.0,2017-2018,60,2,32.3,2,0.0,1.0,0.0,0.0,2.0,Moderate
95338.0,2017-2018,72,1,26.7,2,1.0,0.0,1.0,1.0,1.0,High
95342.0,2017-2018,31,2,21.6,3,0.0,0.0,1.0,0.0,2.0,Low
95346.0,2017-2018,61,2,30.0,4,1.0,1.0,0.0,0.0,2.0,Low
95348.0,2017-2018,39,2,33.3,2,1.0,0.0,0.0,0.0,2.0,Moderate
95351.0,2017-2018,25,2,31.9,6,0.0,1.0,1.0,0.0,2.0,Low
95352.0,2017-2018,50,2,22.3,3,0.0,0.0,1.0,1.0,2.0,Moderate
95353.0,2017-2018,39,2,36.2,1,1.0,0.0,0.0,2.0,2.0,Moderate
95356.0,2017-2018,61,1,24.7,6,0.0,1.0,0.0,0.0,2.0,Moderate
95357.0,2017-2018,56,2,36.1,4,1.0,1.0,1.0,1.0,2.0,Low
95358.0,2017-2018,70,2,38.7,6,1.0,1.0,0.0,1.0,1.0,High
95360.0,2017-2018,69,1,25.5,3,1.0,0.0,1.0,1.0,2.0,Low
95361.0,2017-2018,72,1,35.2,3,1.0,1.0,0.0,2.0,1.0,High
95362.0,2017-2018,42,2,25.0,1,0.0,0.0,0.0,0.0,2.0,Low
95364.0,2017-2018,41,1,30.8,6,1.0,1.0,1.0,0.0,2.0,Low
95366.0,2017-2018,44,2,49.1,1,0.0,0.0,1.0,0.0,2.0,Moderate
95367.0,2017-2018,55,2,41.2,1,1.0,0.0,1.0,0.0,2.0,Low
95372.0,2017-2018,80,1,32.3,3,0.0,1.0,1.0,1.0,1.0,High
95374.0,2017-2018,27,1,24.7,1,1.0,0.0,0.0,2.0,2.0,Low
95375.0,2017-2018,56,1,26.3,7,1.0,1.0,1.0,0.0,2.0,Moderate
95377.0,2017-2018,63,1,33.8,3,0.0,1.0,0.0,0.0,2.0,Moderate
95378.0,2017-2018,80,2,16.7,4,0.0,1.0,0.0,1.0,2.0,Low
95379.0,2017-2018,59,1,18.2,4,1.0,1.0,0.0,2.0,2.0,Low
95380.0,2017-2018,62,1,28.0,3,1.0,0.0,1.0,0.0,2.0,Low
95382.0,2017-2018,60,1,31.9,4,1.0,1.0,1.0,0.0,2.0,Moderate
95385.0,2017-2018,28,2,24.3,6,0.0,0.0,1.0,0.0,2.0,Low
95389.0,2017-2018,20,1,25.3,3,0.0,0.0,1.0,0.0,2.0,Low
95391.0,2017-2018,44,2,26.4,1,0.0,0.0,1.0,0.0,2.0,Moderate
95392.0,2017-2018,21,1,34.4,3,0.0,0.0,1.0,0.0,2.0,Low
95393.0,2017-2018,28,2,34.2,6,0.0,0.0,1.0,0.0,2.0,Low
95394.0,2017-2018,47,1,29.0,1,1.0,0.0,0.0,2.0,2.0,Moderate
95397.0,2017-2018,68,1,28.4,3,0.0,1.0,0.0,1.0,2.0,Low
95401.0,2017-2018,80,2,19.2,3,,0.0,0.0,1.0,2.0,Moderate
95402.0,2017-2018,28,1,31.1,4,0.0,0.0,1.0,0.0,2.0,Low
95403.0,2017-2018,49,2,23.9,3,1.0,0.0,0.0,2.0,2.0,Low
95405.0,2017-2018,53,1,25.3,6,0.0,1.0,1.0,0.0,2.0,Low
95406.0,2017-2018,80,1,27.8,3,0.0,0.0,1.0,0.0,2.0,Moderate
95410.0,2017-2018,76,1,24.8,4,0.0,0.0,0.0,0.0,2.0,Moderate
95411.0,2017-2018,71,1,53.7,4,1.0,1.0,0.0,1.0,1.0,High
95412.0,2017-2018,60,1,33.6,4,1.0,1.0,0.0,2.0,2.0,Moderate
95413.0,2017-2018,51,2,28.6,3,0.0,0.0,1.0,0.0,2.0,Low
95414.0,2017-2018,27,1,29.4,1,1.0,0.0,0.0,0.0,2.0,Low
95415.0,2017-2018,36,2,22.4,3,1.0,0.0,1.0,0.0,2.0,Low
95416.0,2017-2018,36,2,19.4,6,0.0,0.0,1.0,0.0,2.0,Low
95417.0,2017-2018,63,1,34.3,1,1.0,1.0,0.0,1.0,1.0,High
95418.0,2017-2018,59,1,26.2,4,1.0,1.0,0.0,0.0,2.0,Low
95419.0,2017-2018,68,1,25.2,6,0.0,1.0,0.0,0.0,2.0,Moderate
95421.0,2017-2018,78,1,32.6,3,0.0,1.0,0.0,1.0,2.0,Low
95422.0,2017-2018,39,2,32.6,3,0.0,0.0,1.0,1.0,2.0,Low
95423.0,2017-2018,33,2,26.3,6,1.0,0.0,0.0,0.0,3.0,Moderate
95424.0,2017-2018,40,1,33.8,3,0.0,0.0,1.0,0.0,2.0,Low
95425.0,2017-2018,22,1,22.3,1,0.0,0.0,1.0,2.0,2.0,Low
95427.0,2017-2018,62,1,25.6,4,1.0,1.0,0.0,1.0,2.0,Low
95429.0,2017-2018,60,2,29.7,1,1.0,0.0,0.0,0.0,1.0,High
95431.0,2017-2018,66,2,61.6,3,1.0,1.0,0.0,1.0,1.0,High
95434.0,2017-2018,78,2,27.7,2,1.0,1.0,0.0,0.0,1.0,High
95436.0,2017-2018,43,2,24.0,1,0.0,0.0,1.0,0.0,2.0,Low
95437.0,2017-2018,23,1,28.0,6,0.0,0.0,0.0,0.0,2.0,Moderate
95442.0,2017-2018,33,2,25.2,3,0.0,1.0,0.0,0.0,2.0,Low
95444.0,2017-2018,37,2,25.0,3,1.0,0.0,1.0,2.0,2.0,Low
95445.0,2017-2018,24,2,24.8,2,0.0,0.0,1.0,0.0,2.0,Moderate
95446.0,2017-2018,42,1,25.9,1,1.0,0.0,1.0,1.0,2.0,Moderate
95447.0,2017-2018,70,2,35.8,1,1.0,1.0,0.0,0.0,1.0,High
95448.0,2017-2018,80,1,32.0,3,0.0,1.0,0.0,1.0,3.0,Moderate
95449.0,2017-2018,55,1,31.0,2,1.0,1.0,1.0,0.0,2.0,Moderate
95450.0,2017-2018,38,1,21.1,4,0.0,1.0,0.0,0.0,2.0,Moderate
95452.0,2017-2018,38,1,39.9,3,1.0,1.0,0.0,2.0,2.0,Moderate
95453.0,2017-2018,39,1,28.3,1,1.0,1.0,0.0,0.0,2.0,Moderate
95454.0,2017-2018,60,1,29.2,1,0.0,1.0,0.0,1.0,3.0,Moderate
95455.0,2017-2018,47,1,33.5,2,0.0,0.0,0.0,1.0,2.0,Moderate
95459.0,2017-2018,63,1,23.2,1,0.0,0.0,1.0,0.0,2.0,Moderate
95465.0,2017-2018,56,2,32.3,1,0.0,1.0,0.0,0.0,2.0,Moderate
95466.0,2017-2018,52,1,30.6,3,0.0,0.0,1.0,0.0,2.0,Low
95467.0,2017-2018,80,2,25.9,3,1.0,1.0,0.0,0.0,2.0,Low
95468.0,2017-2018,63,1,25.3,3,0.0,0.0,0.0,0.0,2.0,Low
95469.0,2017-2018,28,1,18.7,3,0.0,0.0,1.0,1.0,2.0,Moderate
95471.0,2017-2018,80,1,23.0,3,0.0,1.0,1.0,1.0,2.0,Moderate
95472.0,2017-2018,34,1,28.0,3,1.0,1.0,1.0,0.0,2.0,Low
95473.0,2017-2018,36,1,21.9,3,0.0,0.0,0.0,2.0,2.0,Low
95474.0,2017-2018,34,2,40.5,4,1.0,0.0,0.0,0.0,2.0,Moderate
95479.0,2017-2018,57,2,22.5,3,0.0,0.0,1.0,1.0,2.0,Low
95480.0,2017-2018,71,1,27.3,3,0.0,0.0,1.0,0.0,2.0,Moderate
95484.0,2017-2018,80,1,26.3,4,,0.0,1.0,0.0,2.0,Moderate
95486.0,2017-2018,36,2,29.8,4,0.0,1.0,1.0,0.0,2.0,Moderate
95488.0,2017-2018,21,2,38.1,3,0.0,0.0,1.0,0.0,2.0,Low
95492.0,2017-2018,80,2,40.4,3,0.0,1.0,0.0,0.0,2.0,High
95493.0,2017-2018,25,1,32.1,3,1.0,0.0,0.0,1.0,2.0,Low
95494.0,2017-2018,22,2,23.9,2,1.0,0.0,0.0,0.0,2.0,Low
95495.0,2017-2018,75,1,29.3,3,0.0,0.0,0.0,1.0,2.0,Low
95499.0,2017-2018,52,1,30.4,4,1.0,1.0,0.0,2.0,2.0,Low
95500.0,2017-2018,61,2,42.0,3,1.0,0.0,0.0,0.0,1.0,High
95501.0,2017-2018,25,2,38.5,3,1.0,0.0,0.0,2.0,2.0,Low
95503.0,2017-2018,52,1,42.1,1,1.0,1.0,1.0,0.0,2.0,Moderate
95504.0,2017-2018,61,2,55.5,3,0.0,0.0,0.0,0.0,2.0,High
95505.0,2017-2018,29,1,23.7,3,1.0,1.0,1.0,2.0,2.0,Moderate
95506.0,2017-2018,48,1,27.9,6,1.0,0.0,1.0,2.0,2.0,High
95508.0,2017-2018,63,1,25.3,4,1.0,1.0,0.0,1.0,2.0,Moderate
95509.0,2017-2018,51,2,28.0,3,0.0,1.0,0.0,0.0,2.0,Moderate
95510.0,2017-2018,51,2,23.8,6,1.0,1.0,0.0,0.0,2.0,Low
95514.0,2017-2018,35,1,28.5,1,0.0,0.0,1.0,0.0,2.0,Moderate
95515.0,2017-2018,69,1,33.5,4,,1.0,1.0,1.0,3.0,High
95519.0,2017-2018,53,2,30.2,3,1.0,1.0,0.0,0.0,2.0,Moderate
95522.0,2017-2018,22,2,28.2,3,0.0,0.0,1.0,0.0,2.0,Low
95524.0,2017-2018,62,2,27.8,1,0.0,0.0,0.0,0.0,1.0,High
95525.0,2017-2018,51,2,27.0,4,1.0,1.0,1.0,0.0,2.0,Moderate
95526.0,2017-2018,80,2,31.4,7,1.0,1.0,0.0,1.0,2.0,High
95527.0,2017-2018,58,1,28.5,3,1.0,1.0,0.0,2.0,2.0,Low
95528.0,2017-2018,75,2,25.7,3,1.0,0.0,0.0,0.0,2.0,Moderate
95531.0,2017-2018,58,1,31.3,3,0.0,1.0,1.0,1.0,2.0,Moderate
95533.0,2017-2018,68,1,30.4,3,1.0,1.0,1.0,1.0,2.0,Low
95534.0,2017-2018,67,2,34.3,2,1.0,1.0,0.0,0.0,2.0,Moderate
95535.0,2017-2018,46,1,40.5,7,1.0,0.0,0.0,2.0,2.0,Low
95537.0,2017-2018,48,1,29.0,6,1.0,1.0,0.0,0.0,2.0,Moderate
95539.0,2017-2018,69,1,26.8,4,1.0,1.0,1.0,2.0,2.0,Low
95540.0,2017-2018,68,1,29.8,1,0.0,1.0,1.0,0.0,2.0,Low
95541.0,2017-2018,65,2,41.2,1,1.0,1.0,1.0,0.0,2.0,Moderate
95542.0,2017-2018,56,2,27.9,4,1.0,1.0,1.0,2.0,2.0,Low
95543.0,2017-2018,28,2,24.2,6,0.0,0.0,1.0,0.0,2.0,Low
95544.0,2017-2018,29,1,34.9,3,1.0,1.0,1.0,1.0,2.0,Low
95547.0,2017-2018,57,1,23.8,7,1.0,1.0,1.0,2.0,1.0,High
95548.0,2017-2018,28,1,18.8,3,0.0,0.0,1.0,2.0,2.0,Low
95549.0,2017-2018,53,2,40.6,1,1.0,0.0,1.0,0.0,1.0,High
95550.0,2017-2018,62,1,30.7,3,1.0,1.0,0.0,1.0,1.0,High
95551.0,2017-2018,57,2,26.4,1,0.0,0.0,0.0,0.0,2.0,Moderate
95553.0,2017-2018,79,1,27.3,4,1.0,1.0,1.0,0.0,1.0,High
95556.0,2017-2018,41,1,25.2,2,1.0,0.0,1.0,2.0,2.0,Moderate
95557.0,2017-2018,79,2,21.6,4,0.0,1.0,0.0,0.0,3.0,Moderate
95559.0,2017-2018,42,2,29.9,3,1.0,0.0,0.0,2.0,2.0,Moderate
95561.0,2017-2018,63,1,38.4,4,1.0,0.0,1.0,0.0,2.0,Low
95563.0,2017-2018,46,2,23.4,3,1.0,1.0,1.0,1.0,2.0,Low
95565.0,2017-2018,29,1,26.9,6,0.0,0.0,1.0,0.0,2.0,Low
95566.0,2017-2018,78,2,39.7,3,1.0,1.0,0.0,0.0,2.0,Moderate
95568.0,2017-2018,34,2,16.5,6,0.0,0.0,1.0,0.0,2.0,Low
95569.0,2017-2018,23,2,30.3,4,0.0,0.0,0.0,0.0,2.0,Low
95571.0,2017-2018,54,2,27.8,3,1.0,1.0,0.0,2.0,1.0,High
95572.0,2017-2018,75,1,26.6,3,1.0,0.0,0.0,1.0,1.0,High
95573.0,2017-2018,23,1,31.7,3,0.0,0.0,0.0,1.0,2.0,Low
95574.0,2017-2018,36,2,31.2,3,0.0,0.0,1.0,2.0,2.0,Low
95575.0,2017-2018,64,1,20.8,4,1.0,1.0,0.0,1.0,2.0,Moderate
95576.0,2017-2018,73,2,27.3,3,1.0,1.0,0.0,0.0,2.0,Moderate
95577.0,2017-2018,63,2,29.8,3,0.0,0.0,0.0,2.0,2.0,Moderate
95578.0,2017-2018,62,2,22.7,6,1.0,0.0,1.0,0.0,2.0,Moderate
95579.0,2017-2018,54,1,,4,0.0,1.0,0.0,0.0,2.0,Low
95581.0,2017-2018,44,2,26.4,6,1.0,0.0,0.0,0.0,2.0,Low
95582.0,2017-2018,32,2,27.3,6,0.0,0.0,1.0,0.0,2.0,Low
95583.0,2017-2018,69,2,25.1,1,1.0,0.0,0.0,1.0,2.0,Moderate
95586.0,2017-2018,26,2,19.6,4,1.0,0.0,1.0,0.0,2.0,Low
95587.0,2017-2018,29,2,35.9,3,1.0,0.0,1.0,0.0,2.0,Moderate
95588.0,2017-2018,72,1,18.9,4,0.0,0.0,0.0,0.0,2.0,Low
95589.0,2017-2018,63,2,26.1,4,1.0,1.0,1.0,0.0,1.0,High
95590.0,2017-2018,61,1,27.8,2,0.0,1.0,0.0,1.0,2.0,Moderate
95591.0,2017-2018,36,2,21.0,6,1.0,0.0,0.0,0.0,2.0,Moderate
95593.0,2017-2018,70,1,23.2,3,0.0,0.0,1.0,1.0,2.0,Low
95594.0,2017-2018,50,1,31.9,6,1.0,0.0,1.0,0.0,1.0,High
95595.0,2017-2018,43,2,51.0,3,0.0,0.0,0.0,1.0,2.0,Moderate
95597.0,2017-2018,71,1,33.0,3,0.0,0.0,1.0,1.0,2.0,Moderate
95598.0,2017-2018,22,1,28.9,2,1.0,0.0,1.0,0.0,2.0,Low
95599.0,2017-2018,47,1,34.3,3,0.0,0.0,1.0,1.0,2.0,Low
95600.0,2017-2018,74,1,,7,1.0,1.0,0.0,0.0,1.0,High
95601.0,2017-2018,69,1,35.3,3,1.0,1.0,1.0,1.0,2.0,Moderate
95602.0,2017-2018,21,1,32.9,1,0.0,0.0,0.0,1.0,2.0,Low
95606.0,2017-2018,25,1,31.7,1,0.0,0.0,0.0,0.0,2.0,Low
95607.0,2017-2018,42,1,23.9,3,0.0,0.0,1.0,2.0,2.0,Moderate
95608.0,2017-2018,67,1,26.1,4,0.0,1.0,0.0,1.0,2.0,Low
95609.0,2017-2018,22,2,32.5,3,1.0,0.0,1.0,0.0,2.0,Low
95610.0,2017-2018,41,2,29.6,2,0.0,0.0,1.0,0.0,2.0,Low
95611.0,2017-2018,53,1,18.6,7,0.0,0.0,1.0,2.0,2.0,Low
95612.0,2017-2018,24,1,31.5,7,1.0,0.0,0.0,0.0,2.0,Low
95615.0,2017-2018,78,1,26.2,4,1.0,1.0,0.0,0.0,1.0,High
95617.0,2017-2018,60,1,29.8,4,1.0,0.0,1.0,0.0,2.0,Low
95621.0,2017-2018,73,1,25.4,6,0.0,1.0,1.0,0.0,1.0,High
95622.0,2017-2018,42,2,20.7,3,0.0,0.0,0.0,2.0,2.0,Low
95623.0,2017-2018,60,2,23.1,6,1.0,1.0,0.0,0.0,3.0,Moderate
95625.0,2017-2018,43,1,22.2,6,1.0,0.0,1.0,1.0,2.0,Moderate
95626.0,2017-2018,76,1,34.5,1,1.0,1.0,0.0,1.0,1.0,High
95629.0,2017-2018,80,2,,3,0.0,1.0,0.0,0.0,2.0,Low
95630.0,2017-2018,80,2,37.6,4,1.0,1.0,0.0,2.0,2.0,Low
95633.0,2017-2018,64,2,29.2,1,1.0,1.0,0.0,0.0,1.0,High
95636.0,2017-2018,51,2,28.2,2,0.0,0.0,1.0,0.0,2.0,Low
95637.0,2017-2018,74,1,34.0,3,1.0,1.0,0.0,0.0,1.0,High
95639.0,2017-2018,31,1,25.2,1,1.0,0.0,1.0,0.0,2.0,Low
95641.0,2017-2018,50,2,48.4,7,1.0,1.0,0.0,2.0,1.0,High
95643.0,2017-2018,20,1,18.4,3,1.0,0.0,1.0,0.0,2.0,Low
95644.0,2017-2018,62,2,33.3,1,1.0,1.0,0.0,0.0,1.0,High
95645.0,2017-2018,67,2,25.0,1,0.0,0.0,1.0,0.0,2.0,Moderate
95648.0,2017-2018,72,1,27.7,3,1.0,0.0,0.0,1.0,2.0,Low
95649.0,2017-2018,48,1,31.3,4,1.0,1.0,0.0,2.0,1.0,High
95651.0,2017-2018,80,1,,3,,0.0,0.0,0.0,1.0,High
95652.0,2017-2018,44,2,23.0,1,1.0,0.0,1.0,0.0,2.0,Low
95654.0,2017-2018,72,1,28.4,3,1.0,1.0,1.0,0.0,3.0,Moderate
95655.0,2017-2018,22,1,31.2,3,1.0,0.0,0.0,0.0,2.0,Moderate
95656.0,2017-2018,78,1,32.1,7,1.0,1.0,0.0,1.0,1.0,High
95657.0,2017-2018,31,1,21.6,3,0.0,0.0,1.0,0.0,2.0,Low
95658.0,2017-2018,29,1,27.8,3,1.0,0.0,0.0,0.0,2.0,Low
95659.0,2017-2018,46,1,26.6,4,0.0,0.0,0.0,1.0,2.0,Moderate
95662.0,2017-2018,44,2,28.5,3,0.0,0.0,1.0,1.0,2.0,Low
95663.0,2017-2018,43,1,28.0,1,0.0,0.0,1.0,2.0,2.0,Low
95664.0,2017-2018,47,1,29.8,3,0.0,0.0,0.0,2.0,2.0,Low
95665.0,2017-2018,23,1,27.5,3,1.0,0.0,1.0,0.0,2.0,Moderate
95666.0,2017-2018,33,1,42.6,3,0.0,0.0,0.0,0.0,2.0,Low
95668.0,2017-2018,68,2,31.2,1,0.0,0.0,1.0,1.0,2.0,Low
95669.0,2017-2018,56,2,27.4,3,1.0,1.0,1.0,1.0,2.0,Low
95671.0,2017-2018,66,2,30.8,1,1.0,0.0,0.0,1.0,2.0,Low
95672.0,2017-2018,75,1,31.0,4,1.0,1.0,0.0,1.0,1.0,High
95673.0,2017-2018,80,1,27.2,4,0.0,1.0,1.0,2.0,2.0,Moderate
95674.0,2017-2018,49,1,26.1,4,1.0,1.0,1.0,0.0,2.0,High
95675.0,2017-2018,66,1,30.4,2,0.0,0.0,1.0,0.0,2.0,Moderate
95676.0,2017-2018,53,1,31.7,2,1.0,0.0,0.0,0.0,2.0,Low
95678.0,2017-2018,34,1,28.5,4,0.0,0.0,1.0,0.0,2.0,Moderate
95680.0,2017-2018,45,2,31.8,3,1.0,1.0,0.0,0.0,2.0,Low
95681.0,2017-2018,80,2,26.6,3,0.0,1.0,0.0,0.0,2.0,Moderate
95684.0,2017-2018,30,1,27.7,3,0.0,0.0,1.0,0.0,2.0,Low
95685.0,2017-2018,30,1,44.9,3,0.0,0.0,0.0,1.0,2.0,Moderate
95687.0,2017-2018,80,1,24.6,4,1.0,1.0,0.0,1.0,1.0,High
95689.0,2017-2018,60,2,36.0,4,0.0,1.0,1.0,1.0,2.0,Moderate
95690.0,2017-2018,54,1,26.2,6,1.0,0.0,0.0,2.0,2.0,High
95692.0,2017-2018,69,2,21.9,3,1.0,0.0,1.0,1.0,2.0,Low
95694.0,2017-2018,50,2,29.5,6,0.0,0.0,1.0,0.0,2.0,Low
95696.0,2017-2018,26,1,23.9,4,0.0,0.0,1.0,0.0,2.0,Low
95698.0,2017-2018,55,2,33.9,6,1.0,1.0,0.0,0.0,2.0,Moderate
95699.0,2017-2018,22,2,25.0,4,0.0,0.0,1.0,0.0,2.0,Low
95700.0,2017-2018,59,2,31.8,2,0.0,0.0,0.0,0.0,2.0,High
95703.0,2017-2018,24,2,34.3,4,0.0,1.0,1.0,0.0,2.0,Moderate
95704.0,2017-2018,50,1,26.4,6,1.0,0.0,0.0,0.0,1.0,High
95708.0,2017-2018,52,1,31.9,3,0.0,0.0,0.0,1.0,2.0,Low
95710.0,2017-2018,61,1,33.4,6,1.0,1.0,0.0,0.0,1.0,High
95711.0,2017-2018,54,1,27.5,1,0.0,0.0,1.0,0.0,2.0,Moderate
95713.0,2017-2018,64,1,33.7,4,1.0,1.0,0.0,1.0,1.0,High
95714.0,2017-2018,63,2,49.3,4,0.0,1.0,0.0,0.0,1.0,High
95716.0,2017-2018,38,2,27.1,2,1.0,0.0,0.0,0.0,1.0,High
95717.0,2017-2018,76,1,26.6,3,1.0,1.0,0.0,1.0,2.0,Low
95718.0,2017-2018,63,1,26.9,3,0.0,0.0,0.0,2.0,2.0,Moderate
95719.0,2017-2018,22,1,20.5,3,0.0,0.0,0.0,1.0,2.0,Low
95720.0,2017-2018,59,2,21.9,3,1.0,0.0,1.0,1.0,2.0,Low
95722.0,2017-2018,38,1,32.8,1,0.0,0.0,1.0,1.0,2.0,Moderate
95723.0,2017-2018,80,2,29.6,3,1.0,1.0,0.0,0.0,2.0,Moderate
95725.0,2017-2018,70,1,43.2,3,1.0,1.0,0.0,1.0,1.0,High
95726.0,2017-2018,32,2,24.5,4,0.0,0.0,1.0,0.0,2.0,Low
95727.0,2017-2018,52,1,25.0,3,0.0,1.0,1.0,0.0,2.0,Moderate
95729.0,2017-2018,71,2,46.2,1,1.0,1.0,1.0,0.0,2.0,Low
95731.0,2017-2018,47,2,27.5,6,0.0,0.0,1.0,0.0,1.0,High
95733.0,2017-2018,22,1,15.7,1,0.0,0.0,0.0,0.0,2.0,Low
95734.0,2017-2018,71,2,32.0,3,0.0,1.0,1.0,2.0,2.0,Low
95736.0,2017-2018,58,1,21.5,3,0.0,0.0,0.0,2.0,2.0,Low
95738.0,2017-2018,49,2,37.7,7,1.0,1.0,1.0,1.0,2.0,Moderate
95743.0,2017-2018,58,2,,1,0.0,0.0,0.0,1.0,2.0,Moderate
95744.0,2017-2018,57,2,26.0,6,0.0,0.0,1.0,0.0,2.0,Moderate
95745.0,2017-2018,60,2,33.6,4,1.0,1.0,1.0,1.0,2.0,Low
95748.0,2017-2018,43,1,27.4,4,0.0,0.0,1.0,0.0,2.0,Moderate
95752.0,2017-2018,80,1,23.3,2,1.0,0.0,0.0,0.0,2.0,Low
95754.0,2017-2018,33,1,36.4,3,1.0,0.0,0.0,0.0,2.0,Low
95756.0,2017-2018,26,1,19.7,3,1.0,0.0,0.0,2.0,2.0,Moderate
95759.0,2017-2018,63,2,45.1,4,1.0,1.0,0.0,1.0,2.0,High
95761.0,2017-2018,51,1,24.0,2,0.0,0.0,1.0,0.0,2.0,Moderate
95762.0,2017-2018,32,1,27.9,4,0.0,0.0,1.0,0.0,2.0,Low
95763.0,2017-2018,75,1,29.9,3,1.0,1.0,0.0,1.0,1.0,High
95765.0,2017-2018,51,1,25.1,1,1.0,0.0,0.0,1.0,2.0,Moderate
95767.0,2017-2018,60,1,54.6,3,0.0,1.0,0.0,1.0,1.0,High
95768.0,2017-2018,23,1,25.0,2,0.0,0.0,0.0,1.0,2.0,Low
95769.0,2017-2018,61,1,35.4,4,1.0,1.0,0.0,1.0,2.0,Low
95770.0,2017-2018,50,1,39.8,4,1.0,0.0,0.0,1.0,1.0,High
95771.0,2017-2018,63,2,38.6,4,1.0,1.0,1.0,1.0,2.0,High
95772.0,2017-2018,64,2,27.4,6,0.0,1.0,0.0,0.0,2.0,Moderate
95773.0,2017-2018,66,2,36.5,4,0.0,1.0,0.0,2.0,1.0,High
95775.0,2017-2018,37,2,28.4,6,1.0,0.0,0.0,0.0,2.0,Moderate
95777.0,2017-2018,78,2,26.9,3,1.0,1.0,0.0,1.0,1.0,High
95778.0,2017-2018,35,2,22.4,4,0.0,0.0,1.0,0.0,2.0,Moderate
95780.0,2017-2018,78,2,27.9,1,0.0,1.0,0.0,1.0,2.0,Moderate
95785.0,2017-2018,51,1,24.7,3,1.0,1.0,0.0,2.0,2.0,Low
95787.0,2017-2018,27,1,36.8,1,0.0,0.0,1.0,0.0,2.0,Moderate
95788.0,2017-2018,28,2,27.1,3,1.0,0.0,1.0,0.0,2.0,Low
95789.0,2017-2018,48,2,28.5,3,0.0,0.0,0.0,1.0,2.0,Low
95791.0,2017-2018,33,1,35.8,2,0.0,0.0,1.0,0.0,2.0,Moderate
95792.0,2017-2018,23,1,28.7,3,0.0,0.0,1.0,0.0,2.0,Moderate
95793.0,2017-2018,26,2,18.7,1,0.0,0.0,0.0,0.0,2.0,Low
95794.0,2017-2018,63,1,24.0,6,1.0,0.0,1.0,2.0,3.0,High
95798.0,2017-2018,76,2,31.8,3,1.0,1.0,0.0,0.0,1.0,High
95799.0,2017-2018,25,2,24.8,3,0.0,0.0,0.0,1.0,2.0,Low
95802.0,2017-2018,68,1,26.2,3,0.0,1.0,1.0,1.0,1.0,High
95803.0,2017-2018,38,1,31.1,3,0.0,1.0,1.0,0.0,2.0,Moderate
95807.0,2017-2018,34,2,45.5,3,,0.0,1.0,0.0,2.0,Low
95809.0,2017-2018,59,2,33.1,2,0.0,1.0,0.0,1.0,1.0,High
95811.0,2017-2018,24,2,17.2,1,1.0,0.0,1.0,0.0,2.0,Low
95812.0,2017-2018,63,2,24.3,4,0.0,0.0,1.0,0.0,2.0,Moderate
95813.0,2017-2018,80,1,23.0,3,1.0,0.0,1.0,0.0,2.0,Moderate
95814.0,2017-2018,45,1,39.4,4,1.0,1.0,1.0,0.0,1.0,High
95819.0,2017-2018,80,1,35.5,3,0.0,0.0,0.0,1.0,3.0,Moderate
95820.0,2017-2018,37,1,42.0,4,1.0,0.0,1.0,0.0,3.0,Moderate
95822.0,2017-2018,66,1,23.4,6,0.0,0.0,1.0,0.0,2.0,Low
95824.0,2017-2018,66,1,31.8,2,1.0,1.0,0.0,1.0,1.0,High
95825.0,2017-2018,45,2,32.7,3,1.0,0.0,1.0,0.0,1.0,High
95828.0,2017-2018,80,1,28.6,4,0.0,1.0,1.0,0.0,2.0,Moderate
95829.0,2017-2018,70,1,26.7,3,0.0,1.0,1.0,2.0,2.0,Moderate
95831.0,2017-2018,63,2,32.8,6,1.0,1.0,0.0,0.0,1.0,High
95833.0,2017-2018,61,1,29.4,2,0.0,1.0,1.0,1.0,2.0,Moderate
95835.0,2017-2018,48,2,31.0,2,0.0,0.0,0.0,0.0,2.0,Moderate
95836.0,2017-2018,55,2,39.4,3,1.0,0.0,0.0,0.0,2.0,Low
95838.0,2017-2018,80,1,35.2,1,1.0,0.0,0.0,0.0,1.0,High
95839.0,2017-2018,44,1,29.0,4,0.0,0.0,0.0,0.0,2.0,Low
95841.0,2017-2018,27,1,32.9,1,1.0,0.0,0.0,0.0,2.0,Low
95843.0,2017-2018,73,1,26.7,1,0.0,0.0,0.0,1.0,2.0,Low
95844.0,2017-2018,70,2,28.8,3,1.0,1.0,1.0,0.0,2.0,Low
95846.0,2017-2018,80,1,23.2,4,0.0,0.0,0.0,1.0,2.0,Moderate
95848.0,2017-2018,52,2,23.3,6,1.0,0.0,1.0,0.0,2.0,Low
95849.0,2017-2018,40,2,24.4,2,0.0,0.0,0.0,0.0,2.0,Low
95850.0,2017-2018,27,2,40.4,4,1.0,0.0,1.0,0.0,3.0,Moderate
95851.0,2017-2018,28,1,31.0,1,0.0,0.0,0.0,0.0,2.0,Moderate
95853.0,2017-2018,24,2,42.3,2,0.0,0.0,1.0,2.0,2.0,Low
95854.0,2017-2018,28,1,38.8,3,0.0,0.0,1.0,2.0,2.0,Low
95855.0,2017-2018,40,2,,2,1.0,1.0,1.0,0.0,2.0,Low
95858.0,2017-2018,32,1,27.7,6,0.0,0.0,1.0,0.0,2.0,Moderate
95860.0,2017-2018,51,2,20.4,3,0.0,0.0,0.0,2.0,2.0,Low
95862.0,2017-2018,80,1,19.7,3,1.0,1.0,0.0,1.0,2.0,Low
95863.0,2017-2018,80,2,35.8,4,1.0,1.0,0.0,2.0,2.0,Moderate
95864.0,2017-2018,73,1,21.5,4,1.0,0.0,0.0,1.0,2.0,Low
95865.0,2017-2018,47,2,38.2,4,1.0,1.0,0.0,1.0,2.0,Low
95866.0,2017-2018,80,2,26.8,1,0.0,1.0,0.0,1.0,2.0,Moderate
95867.0,2017-2018,34,2,48.4,3,1.0,1.0,1.0,2.0,2.0,Moderate
95868.0,2017-2018,80,1,29.3,3,0.0,1.0,0.0,1.0,2.0,Low
95869.0,2017-2018,66,1,26.3,4,0.0,0.0,1.0,1.0,2.0,Moderate
95870.0,2017-2018,20,2,36.8,4,0.0,0.0,0.0,0.0,2.0,Low
95873.0,2017-2018,76,1,28.1,3,1.0,1.0,0.0,1.0,1.0,High
95875.0,2017-2018,67,2,35.7,1,1.0,1.0,1.0,0.0,2.0,Low
95877.0,2017-2018,62,1,23.8,3,0.0,0.0,1.0,1.0,2.0,Low
95880.0,2017-2018,69,2,40.1,3,1.0,0.0,0.0,1.0,2.0,Moderate
95881.0,2017-2018,64,2,25.1,1,1.0,0.0,1.0,1.0,2.0,Low
95882.0,2017-2018,26,1,21.8,4,1.0,0.0,1.0,1.0,2.0,Low
95883.0,2017-2018,31,2,46.7,1,0.0,0.0,0.0,2.0,2.0,Moderate
95886.0,2017-2018,57,2,23.3,6,1.0,1.0,0.0,0.0,2.0,High
95891.0,2017-2018,56,1,22.8,3,0.0,1.0,1.0,2.0,2.0,Moderate
95896.0,2017-2018,32,2,21.1,4,0.0,0.0,0.0,0.0,2.0,Low
95899.0,2017-2018,62,1,29.1,6,0.0,0.0,0.0,0.0,2.0,Low
95900.0,2017-2018,31,1,29.4,3,0.0,0.0,1.0,0.0,2.0,Low
95902.0,2017-2018,61,2,35.0,4,0.0,1.0,0.0,0.0,2.0,Low
95903.0,2017-2018,21,1,26.5,1,0.0,0.0,1.0,0.0,2.0,Low
95904.0,2017-2018,53,2,23.9,6,1.0,0.0,1.0,0.0,2.0,Moderate
95908.0,2017-2018,69,1,31.2,2,0.0,1.0,0.0,1.0,2.0,Moderate
95910.0,2017-2018,50,1,27.7,6,0.0,0.0,0.0,2.0,2.0,Moderate
95911.0,2017-2018,38,2,25.6,1,0.0,0.0,0.0,0.0,2.0,Low
95912.0,2017-2018,50,1,27.1,3,0.0,0.0,1.0,0.0,2.0,Low
95913.0,2017-2018,80,2,20.4,3,0.0,0.0,1.0,0.0,2.0,Low
95914.0,2017-2018,47,2,49.0,3,1.0,1.0,0.0,1.0,2.0,Low
95915.0,2017-2018,57,1,35.2,3,1.0,0.0,1.0,1.0,2.0,Moderate
95917.0,2017-2018,74,2,35.4,7,1.0,1.0,0.0,1.0,2.0,Moderate
95919.0,2017-2018,47,1,47.7,3,1.0,1.0,1.0,1.0,2.0,Moderate
95922.0,2017-2018,25,1,27.4,3,0.0,0.0,1.0,1.0,2.0,Low
95924.0,2017-2018,65,2,36.9,4,1.0,0.0,1.0,0.0,2.0,Moderate
95928.0,2017-2018,56,2,26.8,6,1.0,1.0,0.0,0.0,2.0,Low
95931.0,2017-2018,69,2,36.1,3,1.0,1.0,0.0,0.0,2.0,Moderate
95936.0,2017-2018,63,2,39.2,4,0.0,0.0,0.0,0.0,2.0,Moderate
95939.0,2017-2018,76,1,32.9,3,0.0,1.0,1.0,0.0,2.0,High
95944.0,2017-2018,54,1,42.8,6,1.0,1.0,0.0,1.0,1.0,High
95945.0,2017-2018,70,2,29.3,3,0.0,1.0,0.0,0.0,2.0,Moderate
95950.0,2017-2018,45,1,22.8,3,0.0,0.0,0.0,2.0,2.0,Low
95951.0,2017-2018,24,1,24.1,3,0.0,0.0,1.0,0.0,2.0,Low
95952.0,2017-2018,68,1,27.9,3,0.0,0.0,1.0,2.0,2.0,Low
95955.0,2017-2018,22,2,38.0,3,0.0,0.0,0.0,0.0,2.0,Moderate
95962.0,2017-2018,32,1,57.7,3,0.0,0.0,0.0,1.0,2.0,Low
95964.0,2017-2018,80,2,26.9,3,0.0,0.0,1.0,0.0,2.0,Low
95966.0,2017-2018,66,1,32.3,3,1.0,1.0,1.0,0.0,2.0,Moderate
95968.0,2017-2018,49,2,20.2,6,1.0,0.0,1.0,1.0,2.0,Moderate
95969.0,2017-2018,48,1,37.6,3,1.0,1.0,0.0,0.0,2.0,Low
95971.0,2017-2018,71,2,48.0,1,1.0,1.0,0.0,0.0,2.0,High
95973.0,2017-2018,21,2,25.4,2,0.0,0.0,0.0,0.0,2.0,Low
95976.0,2017-2018,65,2,31.9,7,1.0,1.0,0.0,2.0,1.0,High
95977.0,2017-2018,26,2,21.9,4,0.0,0.0,1.0,2.0,2.0,Moderate
95978.0,2017-2018,57,1,21.7,7,1.0,1.0,0.0,0.0,1.0,High
95979.0,2017-2018,66,1,20.4,4,0.0,1.0,0.0,0.0,2.0,Moderate
95981.0,2017-2018,69,1,27.2,6,,0.0,0.0,0.0,1.0,High
95983.0,2017-2018,78,2,33.8,3,0.0,1.0,0.0,0.0,2.0,Moderate
95985.0,2017-2018,62,1,24.1,3,1.0,0.0,0.0,0.0,1.0,High
95986.0,2017-2018,48,1,32.2,4,0.0,1.0,1.0,0.0,2.0,Moderate
95987.0,2017-2018,80,1,,3,1.0,0.0,1.0,1.0,2.0,Low
95988.0,2017-2018,80,1,35.6,3,0.0,0.0,0.0,0.0,2.0,Moderate
95990.0,2017-2018,28,2,21.3,3,1.0,0.0,1.0,1.0,2.0,Moderate
95991.0,2017-2018,43,1,27.3,6,0.0,0.0,0.0,0.0,2.0,High
95992.0,2017-2018,79,2,31.9,3,0.0,0.0,1.0,1.0,1.0,High
95993.0,2017-2018,80,2,24.9,3,1.0,1.0,0.0,0.0,2.0,Low
95995.0,2017-2018,47,2,29.0,6,0.0,0.0,0.0,0.0,2.0,Low
95996.0,2017-2018,42,2,39.2,4,0.0,0.0,0.0,0.0,2.0,Low
95997.0,2017-2018,61,2,30.9,4,1.0,1.0,0.0,0.0,2.0,Moderate
95998.0,2017-2018,29,1,30.1,1,1.0,0.0,1.0,0.0,2.0,Moderate
96000.0,2017-2018,29,1,18.8,4,0.0,0.0,0.0,2.0,2.0,Low
96001.0,2017-2018,64,1,50.7,3,1.0,1.0,1.0,0.0,2.0,Moderate
96002.0,2017-2018,34,2,40.1,1,1.0,0.0,0.0,0.0,2.0,Moderate
96003.0,2017-2018,49,2,31.6,1,0.0,1.0,0.0,0.0,2.0,Low
96004.0,2017-2018,55,1,17.1,3,0.0,0.0,0.0,2.0,2.0,Moderate
96006.0,2017-2018,38,2,32.7,6,1.0,0.0,0.0,0.0,2.0,Low
96008.0,2017-2018,52,1,29.5,4,0.0,0.0,1.0,1.0,2.0,Moderate
96010.0,2017-2018,64,1,19.4,4,0.0,0.0,0.0,2.0,2.0,Low
96011.0,2017-2018,32,2,24.2,1,0.0,0.0,1.0,0.0,2.0,Low
96014.0,2017-2018,36,2,17.9,6,0.0,0.0,0.0,0.0,2.0,Low
96016.0,2017-2018,80,1,28.0,3,1.0,1.0,0.0,1.0,1.0,High
96017.0,2017-2018,64,1,24.3,2,0.0,0.0,1.0,1.0,2.0,Low
96019.0,2017-2018,80,2,24.3,3,1.0,1.0,1.0,0.0,1.0,High
96020.0,2017-2018,80,2,28.0,3,1.0,0.0,0.0,0.0,2.0,Moderate
96022.0,2017-2018,56,1,28.8,1,0.0,0.0,0.0,0.0,2.0,Moderate
96023.0,2017-2018,73,2,31.1,1,1.0,0.0,0.0,0.0,2.0,Moderate
96025.0,2017-2018,40,1,29.9,7,1.0,1.0,1.0,0.0,2.0,Low
96027.0,2017-2018,80,2,27.7,3,0.0,0.0,0.0,1.0,2.0,Low
96029.0,2017-2018,31,1,29.6,6,1.0,0.0,1.0,1.0,2.0,Low
96030.0,2017-2018,59,1,26.1,4,1.0,0.0,0.0,1.0,2.0,Low
96031.0,2017-2018,24,2,23.4,2,0.0,0.0,1.0,0.0,2.0,Low
96033.0,2017-2018,60,2,34.7,4,,1.0,0.0,2.0,2.0,Moderate
96034.0,2017-2018,57,1,25.4,3,0.0,0.0,1.0,1.0,2.0,Low
96035.0,2017-2018,20,2,22.6,6,0.0,0.0,0.0,0.0,2.0,Low
96037.0,2017-2018,60,1,41.4,3,1.0,1.0,0.0,1.0,1.0,High
96038.0,2017-2018,55,2,22.4,6,1.0,0.0,1.0,0.0,1.0,High
96041.0,2017-2018,80,1,21.8,4,,1.0,1.0,1.0,1.0,High
96044.0,2017-2018,61,2,42.8,4,1.0,1.0,1.0,0.0,2.0,High
96048.0,2017-2018,47,1,27.5,2,1.0,1.0,0.0,2.0,2.0,Low
96049.0,2017-2018,69,1,29.2,2,1.0,1.0,1.0,1.0,2.0,Moderate
96050.0,2017-2018,46,2,31.2,3,1.0,1.0,1.0,0.0,2.0,Moderate
96056.0,2017-2018,20,1,24.4,1,0.0,0.0,1.0,0.0,2.0,Low
96061.0,2017-2018,67,1,26.8,3,1.0,0.0,0.0,2.0,1.0,High
96063.0,2017-2018,27,2,20.0,6,0.0,0.0,1.0,2.0,2.0,Low
96064.0,2017-2018,49,1,24.8,6,0.0,0.0,1.0,1.0,2.0,Low
96065.0,2017-2018,66,1,27.0,4,1.0,0.0,0.0,0.0,2.0,Low
96066.0,2017-2018,52,1,21.5,7,1.0,1.0,0.0,2.0,2.0,Low
96067.0,2017-2018,42,2,56.6,3,1.0,0.0,0.0,1.0,2.0,Low
96070.0,2017-2018,45,1,24.8,6,1.0,0.0,1.0,0.0,1.0,High
96074.0,2017-2018,34,2,38.1,3,0.0,0.0,1.0,1.0,2.0,Moderate
96077.0,2017-2018,80,1,22.0,3,0.0,0.0,1.0,2.0,2.0,Moderate
96079.0,2017-2018,52,1,33.1,1,0.0,0.0,0.0,0.0,2.0,Moderate
96082.0,2017-2018,37,1,33.5,3,1.0,0.0,0.0,0.0,2.0,Low
96084.0,2017-2018,34,2,54.6,4,1.0,0.0,0.0,0.0,2.0,Moderate
96085.0,2017-2018,25,1,31.4,3,1.0,0.0,0.0,0.0,2.0,Low
96086.0,2017-2018,65,1,37.1,3,1.0,1.0,1.0,1.0,2.0,High
96087.0,2017-2018,68,1,24.9,2,1.0,0.0,1.0,0.0,2.0,Low
96088.0,2017-2018,20,1,20.4,4,0.0,0.0,1.0,0.0,2.0,Low
96089.0,2017-2018,76,1,30.9,3,0.0,1.0,1.0,1.0,1.0,High
96090.0,2017-2018,63,1,32.9,3,1.0,1.0,1.0,2.0,2.0,Low
96091.0,2017-2018,54,2,33.2,2,0.0,0.0,1.0,0.0,2.0,Low
96092.0,2017-2018,22,1,19.0,2,1.0,0.0,1.0,0.0,2.0,Low
96093.0,2017-2018,20,2,39.0,3,,0.0,1.0,0.0,2.0,Low
96094.0,2017-2018,52,2,41.0,4,1.0,1.0,0.0,0.0,3.0,High
96096.0,2017-2018,52,1,34.4,3,0.0,0.0,1.0,2.0,2.0,Low
96097.0,2017-2018,58,1,26.2,3,0.0,0.0,1.0,2.0,2.0,Low
96098.0,2017-2018,42,1,37.8,1,1.0,1.0,0.0,0.0,1.0,High
96099.0,2017-2018,63,1,23.4,6,0.0,0.0,0.0,2.0,2.0,Low
96100.0,2017-2018,65,1,23.1,7,0.0,1.0,0.0,0.0,2.0,Low
96101.0,2017-2018,52,1,,6,1.0,0.0,0.0,0.0,2.0,Moderate
96103.0,2017-2018,23,2,43.2,6,1.0,0.0,1.0,0.0,2.0,Low
96105.0,2017-2018,24,2,21.0,2,0.0,0.0,1.0,0.0,2.0,Low
96108.0,2017-2018,47,2,37.6,1,1.0,1.0,1.0,0.0,2.0,Low
96111.0,2017-2018,31,2,36.0,4,0.0,0.0,1.0,0.0,2.0,Low
96112.0,2017-2018,73,1,40.2,3,1.0,0.0,0.0,1.0,2.0,High
96114.0,2017-2018,68,1,,4,1.0,0.0,1.0,0.0,2.0,High
96115.0,2017-2018,71,2,,2,1.0,1.0,1.0,0.0,1.0,High
96116.0,2017-2018,54,2,27.2,3,1.0,0.0,1.0,0.0,2.0,Low
96117.0,2017-2018,68,1,26.4,2,1.0,1.0,1.0,0.0,2.0,Moderate
96120.0,2017-2018,60,1,24.8,4,1.0,0.0,1.0,2.0,2.0,Moderate
96121.0,2017-2018,65,2,31.3,3,0.0,0.0,0.0,0.0,2.0,Low
96122.0,2017-2018,54,2,24.3,6,1.0,0.0,1.0,0.0,3.0,Moderate
96123.0,2017-2018,35,2,36.0,1,1.0,0.0,1.0,0.0,2.0,Low
96124.0,2017-2018,52,2,27.5,6,0.0,0.0,0.0,0.0,1.0,High
96125.0,2017-2018,28,2,22.2,3,0.0,0.0,1.0,0.0,2.0,Low
96130.0,2017-2018,61,1,26.7,6,0.0,0.0,0.0,0.0,2.0,Moderate
96133.0,2017-2018,32,1,45.0,4,0.0,0.0,1.0,0.0,2.0,Moderate
96134.0,2017-2018,65,2,26.8,6,1.0,1.0,1.0,0.0,1.0,High
96135.0,2017-2018,73,2,39.1,4,0.0,1.0,0.0,0.0,2.0,Low
96136.0,2017-2018,62,1,26.9,1,0.0,0.0,0.0,0.0,2.0,Moderate
96137.0,2017-2018,48,2,36.6,3,1.0,1.0,0.0,2.0,1.0,High
96138.0,2017-2018,34,1,31.1,3,0.0,0.0,1.0,0.0,2.0,Low
96139.0,2017-2018,27,1,23.5,2,0.0,0.0,0.0,1.0,2.0,Low
96140.0,2017-2018,54,1,29.5,2,1.0,0.0,0.0,0.0,1.0,High
96141.0,2017-2018,60,1,28.8,2,0.0,0.0,1.0,1.0,2.0,Low
96143.0,2017-2018,55,1,30.4,6,1.0,1.0,0.0,0.0,3.0,Moderate
96144.0,2017-2018,64,2,33.2,4,0.0,1.0,0.0,1.0,2.0,Moderate
96145.0,2017-2018,78,2,36.6,3,1.0,0.0,0.0,0.0,2.0,Moderate
96147.0,2017-2018,31,1,,3,0.0,0.0,1.0,0.0,2.0,Moderate
96149.0,2017-2018,63,2,26.2,6,1.0,0.0,1.0,2.0,1.0,High
96150.0,2017-2018,23,1,17.7,3,1.0,0.0,0.0,0.0,2.0,Moderate
96151.0,2017-2018,57,1,29.1,3,,1.0,1.0,0.0,3.0,High
96152.0,2017-2018,61,1,35.2,1,0.0,0.0,0.0,0.0,2.0,Moderate
96156.0,2017-2018,46,1,23.9,6,0.0,0.0,1.0,0.0,2.0,Moderate
96158.0,2017-2018,26,1,41.1,4,0.0,0.0,1.0,2.0,2.0,Low
96159.0,2017-2018,61,2,45.8,4,1.0,1.0,1.0,0.0,2.0,Moderate
96160.0,2017-2018,58,2,23.7,1,1.0,0.0,1.0,0.0,2.0,Low
96162.0,2017-2018,60,2,34.3,2,0.0,0.0,0.0,0.0,2.0,Low
96163.0,2017-2018,35,2,33.2,6,0.0,0.0,1.0,0.0,2.0,Moderate
96164.0,2017-2018,64,2,25.8,6,1.0,0.0,1.0,0.0,1.0,High
96165.0,2017-2018,64,2,29.8,6,0.0,1.0,0.0,0.0,2.0,High
96169.0,2017-2018,63,2,26.3,4,1.0,1.0,0.0,2.0,1.0,High
96170.0,2017-2018,72,2,28.3,1,1.0,1.0,0.0,1.0,1.0,High
96171.0,2017-2018,80,2,30.0,3,0.0,0.0,0.0,0.0,2.0,Moderate
96172.0,2017-2018,80,2,27.5,3,0.0,0.0,1.0,1.0,2.0,Moderate
96175.0,2017-2018,39,1,33.4,4,1.0,1.0,1.0,2.0,2.0,Moderate
96178.0,2017-2018,63,1,26.3,4,0.0,1.0,0.0,0.0,2.0,Moderate
96179.0,2017-2018,64,1,28.6,3,0.0,0.0,1.0,1.0,2.0,Low
96181.0,2017-2018,74,1,31.9,3,0.0,0.0,0.0,1.0,1.0,High
96184.0,2017-2018,80,1,24.6,3,1.0,1.0,0.0,0.0,2.0,Moderate
96185.0,2017-2018,75,2,35.2,3,1.0,1.0,0.0,0.0,1.0,High
96186.0,2017-2018,45,1,40.0,4,1.0,0.0,1.0,0.0,3.0,Moderate
96188.0,2017-2018,55,2,32.2,4,1.0,1.0,1.0,0.0,2.0,Low
96189.0,2017-2018,50,1,43.7,7,1.0,1.0,0.0,1.0,1.0,High
96190.0,2017-2018,54,1,22.8,6,0.0,0.0,0.0,0.0,2.0,Moderate
96191.0,2017-2018,39,2,32.9,1,1.0,0.0,0.0,0.0,1.0,High
96195.0,2017-2018,80,1,34.6,3,0.0,1.0,0.0,0.0,1.0,High
96196.0,2017-2018,34,2,59.1,3,1.0,0.0,0.0,0.0,2.0,Low
96198.0,2017-2018,29,2,19.7,4,0.0,0.0,0.0,0.0,2.0,Low
96205.0,2017-2018,52,1,26.1,4,0.0,0.0,0.0,0.0,2.0,Moderate
96210.0,2017-2018,80,1,30.0,3,1.0,0.0,0.0,0.0,1.0,High
96211.0,2017-2018,32,1,36.4,3,0.0,0.0,1.0,0.0,2.0,Low
96216.0,2017-2018,56,2,26.8,4,0.0,0.0,1.0,0.0,2.0,Low
96217.0,2017-2018,71,1,34.0,3,0.0,0.0,1.0,1.0,2.0,Low
96219.0,2017-2018,41,2,42.2,4,1.0,1.0,1.0,0.0,2.0,Moderate
96220.0,2017-2018,33,1,25.9,6,0.0,0.0,1.0,0.0,2.0,Low
96221.0,2017-2018,66,1,34.3,3,0.0,1.0,0.0,1.0,2.0,Moderate
96222.0,2017-2018,40,2,26.3,3,1.0,0.0,0.0,2.0,2.0,Low
96223.0,2017-2018,70,1,19.7,4,1.0,1.0,1.0,2.0,1.0,High
96224.0,2017-2018,59,2,23.4,3,0.0,0.0,1.0,0.0,2.0,Low
96226.0,2017-2018,31,1,31.2,4,0.0,0.0,1.0,2.0,2.0,Moderate
96229.0,2017-2018,24,2,17.7,3,0.0,0.0,0.0,2.0,2.0,Low
96230.0,2017-2018,60,1,39.3,3,1.0,1.0,1.0,0.0,2.0,Low
96234.0,2017-2018,40,1,39.3,7,0.0,0.0,1.0,0.0,2.0,Moderate
96236.0,2017-2018,78,2,20.8,4,1.0,1.0,1.0,0.0,1.0,High
96237.0,2017-2018,58,2,21.8,3,1.0,1.0,0.0,2.0,2.0,Moderate
96239.0,2017-2018,69,2,35.2,3,0.0,1.0,0.0,0.0,2.0,Low
96240.0,2017-2018,42,2,27.9,6,1.0,0.0,1.0,0.0,2.0,Low
96242.0,2017-2018,64,1,23.7,4,1.0,0.0,0.0,2.0,2.0,Low
96243.0,2017-2018,29,2,26.3,3,0.0,0.0,1.0,0.0,2.0,Low
96244.0,2017-2018,38,2,25.1,1,0.0,0.0,1.0,0.0,2.0,Low
96245.0,2017-2018,60,2,33.0,1,1.0,1.0,1.0,0.0,1.0,High
96249.0,2017-2018,58,2,28.9,1,0.0,0.0,0.0,0.0,1.0,High
96250.0,2017-2018,42,1,32.6,3,0.0,0.0,0.0,1.0,2.0,Low
96252.0,2017-2018,79,2,22.0,1,1.0,1.0,1.0,0.0,2.0,Moderate
96253.0,2017-2018,47,2,31.1,3,1.0,0.0,1.0,0.0,2.0,Low
96257.0,2017-2018,32,2,28.4,1,1.0,0.0,0.0,0.0,1.0,High
96264.0,2017-2018,45,2,,4,1.0,0.0,1.0,0.0,2.0,Low
96265.0,2017-2018,66,1,26.4,4,1.0,1.0,0.0,2.0,1.0,High
96266.0,2017-2018,53,2,24.0,6,0.0,0.0,1.0,0.0,1.0,High
96268.0,2017-2018,80,1,29.9,7,0.0,1.0,0.0,0.0,1.0,High
96269.0,2017-2018,33,2,28.8,1,0.0,0.0,0.0,0.0,2.0,Moderate
96270.0,2017-2018,25,1,26.8,2,1.0,0.0,1.0,0.0,2.0,Low
96271.0,2017-2018,70,1,23.4,6,1.0,0.0,1.0,0.0,2.0,Low
96272.0,2017-2018,29,1,25.5,6,1.0,1.0,1.0,0.0,2.0,Low
96275.0,2017-2018,31,2,26.5,3,0.0,0.0,1.0,0.0,2.0,Low
96276.0,2017-2018,49,1,38.3,4,1.0,1.0,1.0,0.0,1.0,High
96279.0,2017-2018,54,2,33.4,3,1.0,0.0,0.0,2.0,1.0,High
96282.0,2017-2018,49,1,35.8,3,0.0,1.0,0.0,1.0,2.0,Moderate
96283.0,2017-2018,46,1,26.2,3,0.0,0.0,1.0,1.0,2.0,Moderate
96284.0,2017-2018,71,1,33.5,3,1.0,1.0,1.0,1.0,2.0,Moderate
96287.0,2017-2018,74,2,35.4,2,0.0,1.0,1.0,1.0,1.0,High
96290.0,2017-2018,73,2,31.5,4,0.0,1.0,0.0,0.0,2.0,Moderate
96291.0,2017-2018,53,2,49.8,4,0.0,0.0,0.0,0.0,2.0,Moderate
96293.0,2017-2018,64,1,26.2,6,0.0,0.0,1.0,2.0,2.0,Low
96295.0,2017-2018,31,1,25.3,3,1.0,1.0,1.0,2.0,2.0,Moderate
96296.0,2017-2018,72,2,21.2,3,1.0,0.0,0.0,2.0,2.0,Moderate
96297.0,2017-2018,32,2,26.8,3,1.0,0.0,1.0,0.0,2.0,Low
96299.0,2017-2018,29,1,20.9,3,0.0,0.0,1.0,2.0,2.0,Low
96301.0,2017-2018,54,1,27.7,4,1.0,1.0,0.0,0.0,2.0,High
96302.0,2017-2018,72,1,28.2,3,0.0,1.0,0.0,1.0,2.0,Low
96304.0,2017-2018,60,2,36.2,4,1.0,1.0,0.0,0.0,2.0,Moderate
96306.0,2017-2018,80,2,34.2,4,0.0,1.0,0.0,0.0,2.0,Moderate
96308.0,2017-2018,53,1,30.9,1,1.0,0.0,0.0,1.0,2.0,Moderate
96309.0,2017-2018,76,2,20.7,6,1.0,1.0,0.0,1.0,1.0,High
96310.0,2017-2018,54,1,27.2,6,0.0,0.0,1.0,0.0,2.0,Moderate
96312.0,2017-2018,31,2,27.7,3,0.0,1.0,0.0,1.0,2.0,Moderate
96313.0,2017-2018,29,2,23.7,6,0.0,0.0,0.0,0.0,2.0,Low
96317.0,2017-2018,68,1,39.0,4,0.0,1.0,1.0,2.0,3.0,Moderate
96318.0,2017-2018,41,2,25.9,3,0.0,0.0,0.0,2.0,2.0,Low
96319.0,2017-2018,70,2,33.6,3,1.0,1.0,0.0,0.0,2.0,Moderate
96320.0,2017-2018,46,1,30.2,3,1.0,1.0,0.0,0.0,2.0,Low
96321.0,2017-2018,69,1,16.7,3,1.0,1.0,0.0,2.0,2.0,Moderate
96322.0,2017-2018,34,2,24.0,6,0.0,0.0,0.0,0.0,2.0,Low
96323.0,2017-2018,63,1,27.9,4,0.0,1.0,0.0,0.0,3.0,High
96325.0,2017-2018,26,2,33.3,7,1.0,0.0,1.0,1.0,2.0,Low
96329.0,2017-2018,42,2,23.4,1,0.0,0.0,0.0,0.0,2.0,Moderate
96330.0,2017-2018,64,1,28.1,7,1.0,1.0,0.0,1.0,1.0,High
96332.0,2017-2018,49,1,18.3,3,1.0,0.0,1.0,2.0,2.0,Moderate
96333.0,2017-2018,60,2,26.1,2,0.0,0.0,1.0,0.0,1.0,High
96335.0,2017-2018,80,1,32.6,3,0.0,1.0,0.0,1.0,1.0,High
96336.0,2017-2018,74,1,26.2,4,1.0,1.0,1.0,1.0,1.0,High
96337.0,2017-2018,20,1,29.4,1,0.0,0.0,1.0,0.0,2.0,Low
96339.0,2017-2018,71,2,22.8,4,0.0,1.0,1.0,0.0,2.0,Low
96340.0,2017-2018,49,1,30.2,3,1.0,0.0,0.0,1.0,1.0,High
96342.0,2017-2018,80,2,29.4,3,0.0,1.0,0.0,0.0,1.0,High
96344.0,2017-2018,42,2,36.4,1,,0.0,0.0,1.0,2.0,Low
96346.0,2017-2018,29,1,37.1,4,0.0,0.0,0.0,0.0,2.0,Moderate
96348.0,2017-2018,54,1,20.4,7,0.0,0.0,0.0,2.0,2.0,Low
96349.0,2017-2018,76,1,36.4,3,1.0,1.0,1.0,2.0,1.0,High
96351.0,2017-2018,60,1,26.8,3,0.0,0.0,1.0,0.0,2.0,Low
96352.0,2017-2018,67,1,28.1,4,1.0,1.0,0.0,0.0,1.0,High
96355.0,2017-2018,20,2,17.5,1,0.0,0.0,0.0,0.0,2.0,Low
96357.0,2017-2018,69,1,23.8,4,0.0,0.0,0.0,1.0,2.0,Moderate
96358.0,2017-2018,48,2,29.1,3,1.0,0.0,0.0,2.0,2.0,Moderate
96360.0,2017-2018,72,2,27.6,3,0.0,1.0,1.0,0.0,2.0,Moderate
96362.0,2017-2018,61,2,27.3,3,1.0,1.0,1.0,0.0,2.0,Low
96365.0,2017-2018,39,2,26.1,3,1.0,0.0,1.0,1.0,2.0,Low
96366.0,2017-2018,61,2,49.6,2,1.0,1.0,0.0,1.0,1.0,High
96367.0,2017-2018,58,1,28.3,4,0.0,0.0,0.0,2.0,2.0,Moderate
96368.0,2017-2018,31,2,41.7,7,0.0,0.0,1.0,2.0,2.0,Low
96370.0,2017-2018,77,2,22.0,3,0.0,0.0,1.0,0.0,2.0,Moderate
96372.0,2017-2018,50,1,25.9,6,0.0,0.0,1.0,2.0,1.0,High
96373.0,2017-2018,53,1,34.7,4,1.0,0.0,1.0,2.0,2.0,Moderate
96375.0,2017-2018,80,1,25.2,3,0.0,,0.0,0.0,1.0,High
96377.0,2017-2018,52,2,21.5,6,0.0,0.0,1.0,0.0,2.0,Low
96379.0,2017-2018,21,2,23.4,1,1.0,0.0,1.0,0.0,2.0,Low
96380.0,2017-2018,43,1,32.2,4,0.0,0.0,0.0,2.0,3.0,Moderate
96382.0,2017-2018,29,1,22.0,4,0.0,0.0,1.0,0.0,2.0,Low
96385.0,2017-2018,59,2,31.0,4,0.0,0.0,1.0,0.0,2.0,Moderate
96386.0,2017-2018,62,1,22.1,2,1.0,0.0,0.0,2.0,2.0,Low
96389.0,2017-2018,77,2,24.6,3,0.0,1.0,1.0,0.0,2.0,Moderate
96390.0,2017-2018,46,1,28.5,1,1.0,1.0,1.0,0.0,2.0,Low
96392.0,2017-2018,28,2,30.3,1,1.0,0.0,0.0,0.0,2.0,Low
96393.0,2017-2018,71,1,27.8,3,0.0,1.0,1.0,0.0,2.0,Low
96396.0,2017-2018,38,1,28.8,1,0.0,0.0,1.0,0.0,2.0,Moderate
96398.0,2017-2018,32,1,27.0,4,1.0,0.0,1.0,0.0,2.0,Low
96399.0,2017-2018,42,1,39.0,7,0.0,0.0,0.0,1.0,2.0,Moderate
96400.0,2017-2018,32,1,28.7,3,0.0,0.0,1.0,0.0,2.0,Low
96403.0,2017-2018,23,1,21.1,1,0.0,0.0,0.0,0.0,2.0,Moderate
96404.0,2017-2018,74,2,28.9,3,0.0,0.0,1.0,0.0,2.0,Low
96405.0,2017-2018,23,2,29.6,2,0.0,0.0,0.0,0.0,2.0,Low
96406.0,2017-2018,73,2,35.3,3,1.0,1.0,0.0,0.0,1.0,High
96408.0,2017-2018,44,2,44.6,4,0.0,1.0,0.0,0.0,2.0,Low
96409.0,2017-2018,80,2,,1,1.0,1.0,0.0,0.0,1.0,High
96411.0,2017-2018,60,2,25.3,4,0.0,0.0,0.0,0.0,2.0,Low
96413.0,2017-2018,71,1,32.4,4,0.0,1.0,0.0,1.0,2.0,Moderate
96415.0,2017-2018,36,1,28.6,2,0.0,1.0,1.0,1.0,2.0,Low
96416.0,2017-2018,42,2,23.5,3,1.0,0.0,0.0,1.0,2.0,Low
96417.0,2017-2018,33,2,22.2,6,1.0,0.0,1.0,0.0,2.0,Low
96420.0,2017-2018,60,1,24.0,6,0.0,0.0,1.0,0.0,2.0,Moderate
96422.0,2017-2018,66,2,28.1,1,1.0,0.0,0.0,0.0,1.0,High
96426.0,2017-2018,80,1,37.9,4,1.0,1.0,1.0,0.0,1.0,High
96428.0,2017-2018,37,2,26.6,7,1.0,0.0,0.0,0.0,2.0,Low
96431.0,2017-2018,47,1,38.8,1,1.0,1.0,0.0,0.0,1.0,High
96432.0,2017-2018,47,2,21.8,7,1.0,0.0,1.0,2.0,2.0,Moderate
96433.0,2017-2018,35,2,34.8,3,0.0,0.0,0.0,1.0,2.0,Low
96436.0,2017-2018,74,1,31.1,3,1.0,1.0,1.0,1.0,1.0,High
96439.0,2017-2018,63,1,24.2,6,1.0,1.0,1.0,2.0,1.0,High
96441.0,2017-2018,61,2,29.1,4,0.0,1.0,1.0,1.0,2.0,Low
96443.0,2017-2018,24,2,19.8,3,0.0,0.0,1.0,0.0,2.0,Low
96444.0,2017-2018,21,2,,6,0.0,0.0,0.0,0.0,2.0,Low
96445.0,2017-2018,66,1,36.4,1,1.0,1.0,0.0,1.0,2.0,Moderate
96446.0,2017-2018,62,2,32.2,3,0.0,1.0,1.0,1.0,2.0,Low
96448.0,2017-2018,50,2,26.8,1,0.0,0.0,1.0,0.0,2.0,Moderate
96449.0,2017-2018,61,2,35.7,2,1.0,1.0,0.0,1.0,1.0,High
96450.0,2017-2018,53,2,32.3,3,1.0,1.0,0.0,0.0,2.0,High
96451.0,2017-2018,80,2,,3,0.0,1.0,0.0,1.0,2.0,Low
96452.0,2017-2018,38,1,28.8,1,0.0,0.0,1.0,0.0,2.0,Moderate
96453.0,2017-2018,24,2,22.6,2,1.0,0.0,0.0,1.0,2.0,Low
96455.0,2017-2018,34,1,42.1,3,0.0,0.0,1.0,2.0,2.0,Low
96456.0,2017-2018,69,2,25.2,3,0.0,0.0,1.0,1.0,2.0,Low
96457.0,2017-2018,58,1,29.9,1,0.0,0.0,0.0,1.0,2.0,Low
96462.0,2017-2018,65,1,23.9,4,0.0,1.0,0.0,2.0,2.0,Low
96463.0,2017-2018,26,1,19.9,1,1.0,0.0,1.0,2.0,2.0,Low
96465.0,2017-2018,41,2,21.9,6,1.0,0.0,0.0,0.0,2.0,Moderate
96466.0,2017-2018,31,2,20.8,4,0.0,0.0,0.0,2.0,2.0,Low
96468.0,2017-2018,66,2,32.4,4,1.0,0.0,0.0,1.0,2.0,Moderate
96469.0,2017-2018,42,2,26.4,1,0.0,0.0,0.0,0.0,2.0,Low
96470.0,2017-2018,47,1,28.2,3,1.0,,0.0,2.0,2.0,Moderate
96471.0,2017-2018,65,1,24.9,4,0.0,1.0,0.0,0.0,2.0,Low
96473.0,2017-2018,79,1,26.1,3,0.0,1.0,0.0,1.0,1.0,High
96474.0,2017-2018,37,2,21.5,6,0.0,0.0,0.0,0.0,2.0,Low
96475.0,2017-2018,51,1,33.7,4,0.0,1.0,0.0,2.0,1.0,High
96476.0,2017-2018,37,2,53.5,4,1.0,0.0,1.0,0.0,2.0,Moderate
96477.0,2017-2018,65,1,39.4,4,0.0,0.0,1.0,1.0,2.0,Low
96479.0,2017-2018,56,2,32.4,3,0.0,1.0,1.0,0.0,2.0,Moderate
96480.0,2017-2018,65,1,20.1,7,1.0,0.0,1.0,1.0,2.0,Moderate
96481.0,2017-2018,29,1,25.7,1,1.0,0.0,0.0,0.0,2.0,Low
96483.0,2017-2018,49,2,24.7,4,0.0,1.0,1.0,0.0,2.0,Moderate
96484.0,2017-2018,27,1,20.8,1,0.0,0.0,0.0,0.0,2.0,Low
96485.0,2017-2018,21,2,31.4,3,1.0,0.0,1.0,0.0,2.0,Low
96486.0,2017-2018,77,1,32.4,3,0.0,0.0,0.0,0.0,2.0,Moderate
96488.0,2017-2018,62,1,29.2,2,1.0,0.0,0.0,0.0,2.0,Low
96489.0,2017-2018,57,2,41.7,1,0.0,1.0,0.0,0.0,1.0,High
96490.0,2017-2018,39,2,22.0,6,0.0,0.0,1.0,0.0,1.0,High
96491.0,2017-2018,53,2,31.5,6,1.0,1.0,0.0,0.0,1.0,High
96495.0,2017-2018,22,1,23.1,4,0.0,1.0,0.0,0.0,2.0,Low
96497.0,2017-2018,22,2,36.8,3,1.0,0.0,1.0,0.0,2.0,Low
96500.0,2017-2018,24,1,20.3,6,0.0,0.0,1.0,0.0,2.0,Low
96501.0,2017-2018,50,1,42.4,2,1.0,1.0,0.0,2.0,1.0,High
96502.0,2017-2018,60,2,27.5,3,1.0,1.0,1.0,1.0,2.0,Low
96503.0,2017-2018,72,2,29.8,2,0.0,1.0,1.0,0.0,2.0,High
96505.0,2017-2018,40,2,42.8,7,0.0,0.0,0.0,2.0,2.0,Low
96507.0,2017-2018,37,2,24.5,6,1.0,0.0,0.0,0.0,2.0,Low
96508.0,2017-2018,46,2,28.3,1,1.0,0.0,0.0,0.0,2.0,Low
96509.0,2017-2018,21,1,30.6,1,0.0,0.0,1.0,0.0,2.0,Low
96510.0,2017-2018,32,2,29.1,3,1.0,0.0,1.0,2.0,2.0,Low
96511.0,2017-2018,41,1,28.5,4,1.0,1.0,0.0,0.0,2.0,Moderate
96512.0,2017-2018,64,1,33.5,3,1.0,1.0,0.0,2.0,2.0,Moderate
96513.0,2017-2018,24,1,17.2,3,1.0,0.0,1.0,0.0,2.0,Low
96514.0,2017-2018,80,2,23.8,4,0.0,1.0,1.0,1.0,2.0,Moderate
96515.0,2017-2018,69,1,19.9,4,0.0,0.0,1.0,2.0,2.0,Moderate
96517.0,2017-2018,54,2,27.0,3,1.0,0.0,1.0,2.0,2.0,Moderate
96519.0,2017-2018,33,2,22.6,4,,0.0,0.0,0.0,2.0,Low
96521.0,2017-2018,62,1,27.1,3,1.0,0.0,0.0,1.0,2.0,Moderate
96522.0,2017-2018,52,2,18.2,3,1.0,0.0,0.0,0.0,3.0,Moderate
96523.0,2017-2018,21,2,38.2,2,1.0,0.0,1.0,0.0,2.0,Low
96525.0,2017-2018,80,1,24.3,3,0.0,0.0,0.0,1.0,2.0,Moderate
96526.0,2017-2018,63,1,,4,1.0,1.0,1.0,0.0,2.0,Low
96529.0,2017-2018,66,1,22.8,6,,0.0,1.0,0.0,1.0,High
96532.0,2017-2018,45,2,40.1,3,1.0,1.0,1.0,2.0,2.0,Moderate
96534.0,2017-2018,48,2,24.0,4,1.0,1.0,0.0,2.0,2.0,Low
96537.0,2017-2018,66,2,26.7,3,0.0,1.0,0.0,2.0,2.0,Moderate
96538.0,2017-2018,51,2,34.6,1,1.0,0.0,1.0,0.0,2.0,Moderate
96540.0,2017-2018,66,1,23.6,2,1.0,0.0,1.0,0.0,2.0,Moderate
96543.0,2017-2018,46,2,24.9,4,0.0,1.0,1.0,1.0,2.0,Moderate
96546.0,2017-2018,44,1,29.5,3,0.0,0.0,0.0,1.0,2.0,Low
96547.0,2017-2018,44,2,30.3,3,1.0,1.0,1.0,0.0,1.0,High
96548.0,2017-2018,28,2,24.1,1,0.0,0.0,0.0,2.0,2.0,Moderate
96551.0,2017-2018,36,2,37.3,7,1.0,1.0,1.0,1.0,2.0,Moderate
96552.0,2017-2018,43,1,27.3,4,0.0,0.0,1.0,0.0,2.0,Low
96553.0,2017-2018,58,1,28.0,6,1.0,1.0,1.0,0.0,2.0,Moderate
96554.0,2017-2018,31,1,39.6,4,1.0,0.0,0.0,2.0,2.0,Moderate
96555.0,2017-2018,46,1,25.2,4,1.0,0.0,0.0,0.0,1.0,High
96557.0,2017-2018,38,1,27.1,4,1.0,0.0,0.0,2.0,2.0,Moderate
96558.0,2017-2018,29,1,34.0,4,0.0,0.0,0.0,0.0,2.0,Low
96560.0,2017-2018,71,1,18.1,4,0.0,0.0,0.0,2.0,2.0,Moderate
96561.0,2017-2018,53,1,36.5,7,0.0,1.0,1.0,2.0,1.0,High
96566.0,2017-2018,23,1,27.9,3,0.0,0.0,1.0,1.0,2.0,Moderate
96568.0,2017-2018,80,1,23.7,3,0.0,1.0,1.0,0.0,2.0,Low
96569.0,2017-2018,77,1,28.5,3,0.0,1.0,0.0,1.0,2.0,Low
96571.0,2017-2018,58,2,45.7,1,0.0,0.0,0.0,0.0,2.0,Low
96573.0,2017-2018,46,2,27.4,3,0.0,0.0,1.0,0.0,2.0,Moderate
96574.0,2017-2018,39,2,24.1,3,0.0,0.0,1.0,0.0,2.0,Low
96576.0,2017-2018,56,1,31.1,3,1.0,0.0,1.0,1.0,2.0,Moderate
96578.0,2017-2018,54,1,32.1,4,1.0,1.0,1.0,1.0,1.0,High
96580.0,2017-2018,27,1,31.8,3,1.0,0.0,1.0,1.0,2.0,Low
96582.0,2017-2018,47,1,26.7,4,0.0,0.0,1.0,0.0,2.0,Moderate
96583.0,2017-2018,79,1,27.1,4,1.0,0.0,0.0,2.0,2.0,Moderate
96585.0,2017-2018,62,1,25.2,1,1.0,0.0,0.0,0.0,1.0,High
96586.0,2017-2018,65,2,32.2,4,1.0,1.0,0.0,2.0,2.0,Low
96587.0,2017-2018,30,1,61.9,4,0.0,0.0,1.0,2.0,1.0,High
96588.0,2017-2018,40,1,29.5,6,0.0,0.0,0.0,0.0,2.0,Low
96590.0,2017-2018,27,2,40.9,1,0.0,1.0,1.0,0.0,2.0,Moderate
96592.0,2017-2018,80,1,31.4,3,1.0,1.0,1.0,1.0,1.0,High
96593.0,2017-2018,30,1,24.6,3,0.0,1.0,0.0,2.0,2.0,Moderate
96594.0,2017-2018,39,1,47.9,3,1.0,0.0,1.0,1.0,2.0,Low
96595.0,2017-2018,64,2,30.6,2,0.0,,0.0,0.0,1.0,High
96596.0,2017-2018,35,1,28.7,1,1.0,0.0,0.0,2.0,2.0,Moderate
96598.0,2017-2018,67,2,34.9,4,1.0,1.0,0.0,0.0,1.0,High
96599.0,2017-2018,72,1,32.3,3,1.0,1.0,1.0,0.0,2.0,High
96600.0,2017-2018,25,2,42.5,4,1.0,0.0,1.0,2.0,2.0,Low
96602.0,2017-2018,80,1,30.2,3,1.0,0.0,0.0,1.0,2.0,Moderate
96603.0,2017-2018,60,1,40.3,3,1.0,1.0,0.0,0.0,1.0,High
96607.0,2017-2018,71,1,35.2,3,0.0,1.0,0.0,1.0,1.0,High
96608.0,2017-2018,30,1,24.6,3,0.0,0.0,1.0,2.0,2.0,Low
96609.0,2017-2018,36,2,25.2,4,1.0,0.0,0.0,0.0,2.0,Moderate
96610.0,2017-2018,34,2,20.9,6,0.0,0.0,0.0,0.0,2.0,Low
96614.0,2017-2018,79,1,22.0,4,0.0,0.0,0.0,1.0,2.0,High
96615.0,2017-2018,62,1,29.2,1,1.0,1.0,1.0,0.0,2.0,Moderate
96616.0,2017-2018,51,1,25.1,6,0.0,0.0,0.0,1.0,2.0,Moderate
96618.0,2017-2018,36,2,20.6,3,1.0,1.0,1.0,2.0,2.0,Low
96619.0,2017-2018,23,2,14.8,3,1.0,0.0,0.0,2.0,2.0,Low
96622.0,2017-2018,40,2,47.1,4,1.0,0.0,1.0,0.0,2.0,Moderate
96623.0,2017-2018,53,1,28.1,1,0.0,0.0,0.0,1.0,2.0,Low
96624.0,2017-2018,36,1,28.6,6,0.0,1.0,1.0,0.0,2.0,Moderate
96625.0,2017-2018,26,1,24.0,6,1.0,0.0,1.0,0.0,2.0,Low
96626.0,2017-2018,23,1,21.5,6,0.0,0.0,1.0,0.0,2.0,Low
96628.0,2017-2018,32,1,35.7,3,0.0,0.0,0.0,0.0,2.0,Moderate
96629.0,2017-2018,46,2,29.7,4,1.0,0.0,0.0,0.0,2.0,Low
96630.0,2017-2018,41,1,36.2,2,1.0,1.0,1.0,0.0,1.0,High
96631.0,2017-2018,37,1,33.2,2,0.0,0.0,1.0,0.0,2.0,Low
96633.0,2017-2018,65,1,27.6,4,0.0,1.0,0.0,2.0,3.0,Moderate
96634.0,2017-2018,59,1,22.2,1,1.0,1.0,0.0,1.0,1.0,High
96636.0,2017-2018,40,2,28.3,1,0.0,0.0,1.0,0.0,2.0,Low
96638.0,2017-2018,58,1,26.0,3,1.0,0.0,1.0,2.0,2.0,Moderate
96639.0,2017-2018,78,1,26.8,2,0.0,1.0,0.0,1.0,2.0,Moderate
96641.0,2017-2018,35,1,26.0,7,0.0,0.0,1.0,2.0,2.0,Low
96642.0,2017-2018,67,1,24.3,1,1.0,0.0,1.0,1.0,2.0,Low
96644.0,2017-2018,66,1,32.3,1,1.0,1.0,1.0,0.0,2.0,Moderate
96646.0,2017-2018,44,1,26.6,2,1.0,0.0,0.0,0.0,2.0,Low
96649.0,2017-2018,51,1,40.0,4,0.0,1.0,0.0,1.0,2.0,Moderate
96651.0,2017-2018,49,2,41.1,4,1.0,1.0,0.0,2.0,3.0,Moderate
96652.0,2017-2018,63,1,33.5,2,1.0,0.0,0.0,2.0,2.0,Low
96653.0,2017-2018,28,1,30.2,6,0.0,0.0,1.0,0.0,2.0,Low
96654.0,2017-2018,80,1,23.6,3,0.0,0.0,0.0,1.0,2.0,Low
96656.0,2017-2018,24,1,25.0,2,1.0,0.0,1.0,0.0,2.0,Low
96657.0,2017-2018,26,1,26.0,6,0.0,0.0,1.0,0.0,2.0,Low
96658.0,2017-2018,60,1,25.7,4,0.0,0.0,0.0,2.0,2.0,Low
96659.0,2017-2018,58,2,22.5,3,0.0,1.0,1.0,0.0,2.0,Moderate
96660.0,2017-2018,61,2,26.0,3,1.0,0.0,1.0,1.0,2.0,Low
96661.0,2017-2018,24,2,19.8,6,1.0,0.0,1.0,0.0,2.0,Low
96663.0,2017-2018,20,2,21.5,3,0.0,0.0,1.0,0.0,2.0,Low
96666.0,2017-2018,52,1,44.1,1,1.0,1.0,0.0,0.0,2.0,Moderate
96667.0,2017-2018,69,1,34.7,1,1.0,1.0,0.0,1.0,2.0,Moderate
96669.0,2017-2018,55,2,16.7,6,0.0,0.0,0.0,0.0,2.0,Low
96671.0,2017-2018,37,2,24.5,6,0.0,0.0,0.0,0.0,2.0,Low
96672.0,2017-2018,32,1,26.1,6,0.0,0.0,1.0,1.0,2.0,Moderate
96674.0,2017-2018,30,1,29.7,2,0.0,0.0,0.0,0.0,2.0,Moderate
96677.0,2017-2018,25,2,34.4,3,1.0,0.0,0.0,2.0,2.0,Low
96679.0,2017-2018,30,2,19.1,3,0.0,0.0,1.0,1.0,2.0,Low
96681.0,2017-2018,33,2,32.5,7,0.0,0.0,0.0,0.0,2.0,Moderate
96683.0,2017-2018,41,2,,2,0.0,1.0,0.0,1.0,1.0,High
96687.0,2017-2018,80,2,29.2,3,1.0,0.0,0.0,1.0,1.0,High
96688.0,2017-2018,58,1,33.2,4,1.0,1.0,1.0,0.0,1.0,High
96692.0,2017-2018,29,1,26.2,2,0.0,0.0,1.0,0.0,2.0,Low
96694.0,2017-2018,39,1,23.0,3,0.0,1.0,0.0,2.0,2.0,Low
96695.0,2017-2018,25,2,27.9,3,1.0,0.0,1.0,0.0,2.0,Low
96697.0,2017-2018,25,1,22.8,3,1.0,0.0,1.0,1.0,2.0,Low
96698.0,2017-2018,40,1,39.7,3,0.0,0.0,0.0,1.0,2.0,Low
96699.0,2017-2018,59,2,35.6,3,0.0,0.0,0.0,0.0,2.0,Low
96700.0,2017-2018,68,1,32.0,3,1.0,0.0,0.0,1.0,2.0,Moderate
96701.0,2017-2018,74,1,24.2,2,0.0,0.0,0.0,1.0,2.0,Low
96704.0,2017-2018,80,2,31.8,4,1.0,1.0,0.0,1.0,2.0,Moderate
96705.0,2017-2018,40,1,27.5,3,0.0,0.0,1.0,1.0,2.0,Low
96706.0,2017-2018,40,1,28.4,3,1.0,0.0,0.0,2.0,2.0,Moderate
96707.0,2017-2018,64,2,25.4,7,1.0,1.0,0.0,2.0,2.0,Moderate
96708.0,2017-2018,52,2,29.2,3,1.0,1.0,1.0,0.0,2.0,Low
96711.0,2017-2018,36,2,25.7,1,1.0,0.0,0.0,2.0,2.0,Low
96712.0,2017-2018,80,2,32.9,3,1.0,1.0,0.0,0.0,2.0,Moderate
96718.0,2017-2018,80,1,26.2,3,0.0,0.0,0.0,0.0,2.0,Low
96719.0,2017-2018,50,2,43.3,4,0.0,0.0,0.0,2.0,2.0,Moderate
96720.0,2017-2018,80,1,35.0,3,0.0,0.0,0.0,1.0,2.0,Moderate
96721.0,2017-2018,32,2,51.8,1,1.0,1.0,1.0,1.0,3.0,High
96722.0,2017-2018,68,1,51.5,3,1.0,1.0,0.0,0.0,2.0,Moderate
96723.0,2017-2018,38,2,19.5,3,0.0,0.0,0.0,2.0,2.0,Low
96725.0,2017-2018,33,2,32.4,2,0.0,0.0,0.0,0.0,3.0,Moderate
96726.0,2017-2018,61,2,63.4,4,0.0,0.0,0.0,1.0,3.0,Moderate
96727.0,2017-2018,76,2,36.6,2,1.0,1.0,0.0,0.0,1.0,High
96730.0,2017-2018,53,2,28.2,2,0.0,0.0,1.0,0.0,2.0,Low
96731.0,2017-2018,41,1,35.8,4,0.0,0.0,0.0,1.0,2.0,Moderate
96732.0,2017-2018,57,1,34.0,3,1.0,1.0,0.0,1.0,1.0,High
96736.0,2017-2018,72,1,30.0,4,0.0,1.0,1.0,1.0,1.0,High
96737.0,2017-2018,34,2,20.5,6,1.0,0.0,0.0,0.0,3.0,Moderate
96739.0,2017-2018,20,1,31.3,6,0.0,0.0,1.0,0.0,2.0,Low
96740.0,2017-2018,27,1,34.1,6,1.0,0.0,1.0,0.0,1.0,High
96743.0,2017-2018,33,1,42.9,3,0.0,1.0,1.0,2.0,2.0,Moderate
96744.0,2017-2018,33,1,47.9,1,1.0,0.0,1.0,0.0,2.0,High
96745.0,2017-2018,52,2,52.8,4,1.0,1.0,0.0,0.0,2.0,Moderate
96748.0,2017-2018,37,2,43.2,1,0.0,0.0,1.0,0.0,2.0,Low
96750.0,2017-2018,53,2,37.6,3,1.0,0.0,0.0,1.0,2.0,Moderate
96752.0,2017-2018,54,2,,1,1.0,0.0,0.0,0.0,2.0,Moderate
96753.0,2017-2018,78,1,24.7,4,1.0,0.0,1.0,0.0,2.0,Low
96754.0,2017-2018,79,2,23.8,6,0.0,1.0,0.0,0.0,2.0,Moderate
96756.0,2017-2018,23,2,33.1,3,0.0,,1.0,1.0,2.0,Moderate
96758.0,2017-2018,47,1,41.0,4,1.0,1.0,0.0,2.0,1.0,High
96760.0,2017-2018,48,1,37.1,3,1.0,0.0,1.0,0.0,3.0,Moderate
96764.0,2017-2018,27,1,20.9,6,1.0,0.0,0.0,0.0,2.0,Low
96766.0,2017-2018,52,2,35.2,4,1.0,0.0,0.0,0.0,2.0,Low
96768.0,2017-2018,56,2,26.0,2,0.0,0.0,1.0,1.0,2.0,Moderate
96770.0,2017-2018,78,2,27.1,3,1.0,1.0,0.0,0.0,2.0,Moderate
96771.0,2017-2018,67,2,27.3,2,1.0,0.0,0.0,0.0,2.0,Moderate
96774.0,2017-2018,28,2,22.1,6,0.0,0.0,0.0,0.0,2.0,Low
96775.0,2017-2018,80,2,20.1,3,0.0,1.0,0.0,1.0,2.0,Moderate
96777.0,2017-2018,60,1,44.0,3,0.0,0.0,0.0,1.0,2.0,Low
96780.0,2017-2018,80,1,23.4,3,0.0,1.0,1.0,1.0,2.0,Moderate
96783.0,2017-2018,58,2,24.1,2,0.0,1.0,0.0,0.0,2.0,Moderate
96784.0,2017-2018,74,1,24.7,1,1.0,0.0,0.0,1.0,1.0,High
96785.0,2017-2018,80,2,,2,0.0,1.0,0.0,0.0,2.0,Low
96787.0,2017-2018,79,2,24.1,3,1.0,0.0,1.0,0.0,2.0,Moderate
96788.0,2017-2018,29,2,39.5,4,1.0,0.0,1.0,1.0,2.0,Low
96789.0,2017-2018,80,2,28.2,2,0.0,0.0,0.0,0.0,1.0,High
96790.0,2017-2018,34,1,,1,1.0,1.0,1.0,1.0,1.0,High
96792.0,2017-2018,61,2,26.5,4,1.0,0.0,1.0,1.0,2.0,Moderate
96793.0,2017-2018,54,1,34.9,4,0.0,0.0,0.0,0.0,2.0,Moderate
96795.0,2017-2018,22,1,39.6,3,0.0,0.0,0.0,1.0,2.0,Low
96798.0,2017-2018,70,1,35.6,4,0.0,1.0,0.0,1.0,1.0,High
96799.0,2017-2018,75,1,26.9,7,0.0,1.0,0.0,0.0,1.0,High
96800.0,2017-2018,53,1,30.6,4,0.0,1.0,1.0,0.0,2.0,Moderate
96804.0,2017-2018,67,1,41.1,4,1.0,1.0,1.0,0.0,2.0,Moderate
96805.0,2017-2018,64,2,37.8,2,0.0,1.0,1.0,0.0,2.0,Moderate
96809.0,2017-2018,80,1,27.5,4,0.0,1.0,0.0,0.0,2.0,Moderate
96810.0,2017-2018,39,2,27.8,6,1.0,0.0,1.0,1.0,2.0,Moderate
96811.0,2017-2018,35,2,30.8,4,0.0,0.0,0.0,0.0,2.0,Low
96812.0,2017-2018,72,1,24.2,6,1.0,0.0,1.0,0.0,1.0,High
96813.0,2017-2018,30,1,28.3,6,1.0,0.0,0.0,0.0,2.0,Low
96815.0,2017-2018,77,1,28.2,3,0.0,1.0,1.0,0.0,2.0,Low
96816.0,2017-2018,60,2,25.6,4,1.0,1.0,0.0,0.0,1.0,High
96818.0,2017-2018,49,1,22.8,4,0.0,0.0,1.0,2.0,2.0,Low
96820.0,2017-2018,47,1,28.3,3,0.0,0.0,1.0,1.0,2.0,Low
96821.0,2017-2018,21,1,24.4,6,0.0,0.0,1.0,0.0,2.0,Low
96826.0,2017-2018,29,1,27.5,6,0.0,0.0,1.0,2.0,2.0,Moderate
96827.0,2017-2018,73,1,26.3,3,0.0,1.0,0.0,1.0,2.0,Low
96829.0,2017-2018,38,2,32.5,3,0.0,1.0,0.0,2.0,2.0,Low
96830.0,2017-2018,63,1,30.4,3,0.0,0.0,0.0,0.0,2.0,Low
96833.0,2017-2018,34,2,56.4,4,1.0,1.0,1.0,2.0,1.0,High
96834.0,2017-2018,77,1,35.2,2,,1.0,0.0,1.0,1.0,High
96835.0,2017-2018,68,2,26.9,3,1.0,0.0,1.0,0.0,2.0,Moderate
96836.0,2017-2018,59,2,40.4,4,1.0,1.0,0.0,1.0,1.0,High
96838.0,2017-2018,32,2,28.1,6,1.0,0.0,1.0,0.0,2.0,Moderate
96839.0,2017-2018,22,2,44.9,7,1.0,0.0,1.0,1.0,2.0,Moderate
96840.0,2017-2018,67,1,28.4,6,0.0,0.0,1.0,0.0,2.0,Moderate
96841.0,2017-2018,74,1,20.3,3,0.0,0.0,0.0,1.0,2.0,Moderate
96842.0,2017-2018,75,2,32.9,3,1.0,1.0,1.0,0.0,2.0,Moderate
96844.0,2017-2018,55,1,23.6,6,1.0,1.0,0.0,1.0,2.0,High
96847.0,2017-2018,44,2,20.6,4,0.0,0.0,0.0,0.0,2.0,Moderate
96848.0,2017-2018,56,2,49.1,4,0.0,0.0,1.0,2.0,2.0,Moderate
96851.0,2017-2018,61,2,28.9,2,0.0,1.0,0.0,0.0,1.0,High
96852.0,2017-2018,35,1,37.5,1,1.0,0.0,1.0,1.0,2.0,Moderate
96854.0,2017-2018,38,2,19.9,3,0.0,0.0,1.0,0.0,2.0,Low
96855.0,2017-2018,80,2,34.7,4,1.0,1.0,0.0,0.0,1.0,High
96860.0,2017-2018,22,2,27.8,3,0.0,0.0,1.0,0.0,2.0,Low
96862.0,2017-2018,51,2,34.7,3,1.0,1.0,0.0,0.0,2.0,Low
96863.0,2017-2018,56,1,30.9,3,1.0,1.0,1.0,0.0,2.0,Low
96865.0,2017-2018,28,2,22.7,4,1.0,0.0,1.0,1.0,2.0,Low
96866.0,2017-2018,80,1,25.8,6,1.0,1.0,1.0,0.0,1.0,High
96868.0,2017-2018,42,2,23.7,3,0.0,0.0,0.0,0.0,2.0,Low
96869.0,2017-2018,49,1,42.1,4,1.0,1.0,1.0,2.0,1.0,High
96871.0,2017-2018,72,1,29.4,3,0.0,1.0,1.0,1.0,2.0,Moderate
96873.0,2017-2018,80,2,44.0,4,1.0,1.0,0.0,0.0,1.0,High
96874.0,2017-2018,55,2,25.7,1,1.0,0.0,1.0,0.0,2.0,Moderate
96875.0,2017-2018,56,2,49.8,4,0.0,1.0,1.0,0.0,2.0,Low
96876.0,2017-2018,60,2,31.3,4,1.0,1.0,1.0,0.0,1.0,High
96877.0,2017-2018,60,1,32.5,4,0.0,0.0,1.0,0.0,2.0,High
96878.0,2017-2018,80,1,31.2,3,0.0,1.0,0.0,0.0,2.0,Moderate
96879.0,2017-2018,25,2,31.6,3,1.0,0.0,1.0,0.0,2.0,Low
96882.0,2017-2018,44,2,35.6,6,0.0,0.0,0.0,0.0,2.0,Moderate
96884.0,2017-2018,55,2,27.3,6,0.0,0.0,0.0,0.0,2.0,Moderate
96885.0,2017-2018,24,1,30.0,1,0.0,1.0,0.0,1.0,2.0,Moderate
96887.0,2017-2018,57,2,28.0,3,1.0,1.0,1.0,0.0,2.0,Moderate
96890.0,2017-2018,20,1,21.6,4,1.0,0.0,1.0,2.0,2.0,Low
96891.0,2017-2018,41,1,27.1,4,1.0,1.0,1.0,2.0,2.0,Low
96892.0,2017-2018,65,2,31.9,3,0.0,1.0,1.0,0.0,2.0,Low
96893.0,2017-2018,42,1,29.8,2,0.0,0.0,0.0,0.0,2.0,Moderate
96894.0,2017-2018,48,1,39.4,2,0.0,1.0,0.0,0.0,2.0,Moderate
96895.0,2017-2018,60,2,26.6,2,0.0,0.0,0.0,0.0,2.0,Moderate
96896.0,2017-2018,80,2,23.1,4,,1.0,0.0,0.0,1.0,High
96898.0,2017-2018,56,1,30.7,2,0.0,0.0,1.0,0.0,2.0,Low
96899.0,2017-2018,21,1,25.5,4,0.0,0.0,1.0,0.0,2.0,Low
96900.0,2017-2018,24,1,28.2,2,0.0,0.0,0.0,0.0,2.0,Low
96901.0,2017-2018,33,2,26.2,1,0.0,0.0,1.0,0.0,2.0,Low
96902.0,2017-2018,75,1,24.1,3,1.0,1.0,1.0,1.0,2.0,Moderate
96903.0,2017-2018,51,1,24.2,6,1.0,0.0,0.0,2.0,1.0,High
96906.0,2017-2018,74,1,31.7,3,0.0,1.0,1.0,0.0,2.0,Low
96907.0,2017-2018,35,2,35.9,3,0.0,0.0,1.0,1.0,2.0,Low
96908.0,2017-2018,73,2,27.5,7,1.0,0.0,0.0,1.0,1.0,High
96912.0,2017-2018,50,1,34.0,4,0.0,1.0,1.0,0.0,2.0,Moderate
96913.0,2017-2018,25,2,26.1,6,1.0,0.0,1.0,0.0,2.0,Low
96915.0,2017-2018,49,1,28.7,3,1.0,0.0,1.0,1.0,1.0,High
96916.0,2017-2018,69,2,38.1,1,0.0,0.0,1.0,0.0,2.0,Moderate
96921.0,2017-2018,57,1,44.2,3,1.0,1.0,0.0,0.0,2.0,Low
96922.0,2017-2018,57,1,30.7,3,0.0,1.0,1.0,0.0,3.0,Moderate
96925.0,2017-2018,27,1,37.2,2,0.0,0.0,1.0,2.0,2.0,High
96926.0,2017-2018,59,1,22.4,3,1.0,0.0,1.0,0.0,2.0,Moderate
96927.0,2017-2018,70,1,32.4,3,0.0,1.0,1.0,1.0,2.0,Moderate
96928.0,2017-2018,71,1,23.7,4,1.0,1.0,0.0,0.0,1.0,High
96930.0,2017-2018,70,1,22.8,3,0.0,0.0,1.0,1.0,2.0,Low
96933.0,2017-2018,59,1,23.2,3,0.0,0.0,0.0,1.0,2.0,Moderate
96934.0,2017-2018,55,2,15.5,4,1.0,1.0,0.0,2.0,2.0,Moderate
96935.0,2017-2018,41,1,38.7,3,1.0,1.0,0.0,2.0,2.0,Moderate
96938.0,2017-2018,65,2,26.8,1,1.0,1.0,0.0,1.0,2.0,Moderate
96939.0,2017-2018,32,2,30.4,3,1.0,0.0,0.0,2.0,2.0,Low
96940.0,2017-2018,59,2,22.1,3,1.0,0.0,1.0,0.0,2.0,Low
96941.0,2017-2018,39,2,37.1,4,0.0,0.0,0.0,0.0,2.0,Low
96944.0,2017-2018,70,2,27.9,1,0.0,0.0,0.0,0.0,2.0,High
96946.0,2017-2018,77,1,30.0,1,1.0,1.0,0.0,1.0,1.0,High
96948.0,2017-2018,33,1,56.5,4,0.0,1.0,0.0,0.0,2.0,Low
96951.0,2017-2018,36,2,33.8,3,0.0,1.0,0.0,0.0,2.0,Moderate
96952.0,2017-2018,63,2,22.6,3,1.0,0.0,1.0,1.0,2.0,Low
96953.0,2017-2018,60,2,32.3,3,1.0,1.0,0.0,0.0,2.0,Low
96954.0,2017-2018,55,1,29.8,1,1.0,0.0,1.0,1.0,1.0,High
96955.0,2017-2018,64,1,27.7,6,0.0,1.0,0.0,0.0,1.0,High
96956.0,2017-2018,70,1,27.9,3,0.0,0.0,0.0,1.0,2.0,Low
96958.0,2017-2018,24,2,39.1,4,0.0,0.0,1.0,0.0,2.0,Moderate
96959.0,2017-2018,33,1,24.9,6,1.0,0.0,0.0,0.0,2.0,Low
96960.0,2017-2018,47,2,43.9,4,1.0,1.0,1.0,2.0,2.0,Moderate
96962.0,2017-2018,71,2,25.5,6,1.0,1.0,0.0,0.0,2.0,Moderate
96964.0,2017-2018,65,2,27.3,4,1.0,0.0,1.0,1.0,2.0,Low
96965.0,2017-2018,52,1,30.6,2,0.0,1.0,0.0,0.0,2.0,Low
96966.0,2017-2018,25,2,26.3,3,1.0,0.0,1.0,2.0,2.0,Moderate
96967.0,2017-2018,21,2,19.3,6,0.0,0.0,0.0,0.0,2.0,Low
96969.0,2017-2018,38,1,26.9,1,1.0,0.0,0.0,1.0,2.0,Low
96970.0,2017-2018,49,2,21.8,6,1.0,0.0,0.0,0.0,1.0,High
96972.0,2017-2018,62,2,23.9,4,0.0,1.0,0.0,0.0,2.0,Low
96975.0,2017-2018,30,2,24.7,4,0.0,0.0,0.0,0.0,2.0,Low
96976.0,2017-2018,63,1,25.2,3,0.0,1.0,1.0,0.0,2.0,Moderate
96978.0,2017-2018,60,1,25.8,4,0.0,1.0,1.0,2.0,2.0,Moderate
96979.0,2017-2018,34,2,33.5,2,0.0,1.0,0.0,0.0,2.0,Low
96983.0,2017-2018,80,1,31.8,3,0.0,1.0,0.0,0.0,2.0,Moderate
96984.0,2017-2018,38,2,35.0,4,0.0,0.0,1.0,1.0,2.0,Low
96985.0,2017-2018,80,2,33.6,3,0.0,1.0,0.0,1.0,2.0,Moderate
96989.0,2017-2018,64,2,33.9,4,0.0,0.0,0.0,0.0,2.0,High
96990.0,2017-2018,30,1,30.1,2,0.0,0.0,0.0,0.0,2.0,Moderate
96992.0,2017-2018,28,1,28.0,4,1.0,0.0,1.0,0.0,2.0,Low
96993.0,2017-2018,52,1,44.9,3,1.0,1.0,1.0,0.0,2.0,Moderate
96994.0,2017-2018,61,1,46.5,2,1.0,0.0,0.0,1.0,2.0,Moderate
96996.0,2017-2018,38,2,30.4,2,1.0,0.0,1.0,0.0,2.0,Low
96998.0,2017-2018,68,2,42.7,7,1.0,1.0,0.0,2.0,1.0,High
97000.0,2017-2018,33,1,25.7,6,0.0,0.0,1.0,0.0,2.0,Low
97003.0,2017-2018,20,1,20.0,3,0.0,0.0,0.0,2.0,2.0,Low
97009.0,2017-2018,30,1,23.9,4,0.0,0.0,0.0,2.0,2.0,Low
97011.0,2017-2018,26,2,28.6,3,1.0,0.0,0.0,2.0,2.0,Low
97013.0,2017-2018,50,1,32.8,1,0.0,1.0,0.0,2.0,2.0,Moderate
97015.0,2017-2018,72,2,37.9,4,1.0,1.0,1.0,1.0,1.0,High
97017.0,2017-2018,66,2,30.2,3,1.0,0.0,0.0,0.0,2.0,Moderate
97018.0,2017-2018,27,1,23.1,4,1.0,0.0,1.0,2.0,2.0,Moderate
97019.0,2017-2018,44,1,26.0,2,1.0,1.0,0.0,0.0,1.0,High
97021.0,2017-2018,27,1,26.8,3,0.0,0.0,1.0,2.0,2.0,Low
97022.0,2017-2018,46,1,26.3,2,1.0,1.0,0.0,0.0,2.0,Low
97023.0,2017-2018,80,2,19.3,1,1.0,1.0,0.0,1.0,2.0,Low
97024.0,2017-2018,55,2,23.2,3,1.0,0.0,0.0,0.0,2.0,Low
97025.0,2017-2018,36,2,25.8,1,0.0,0.0,0.0,1.0,1.0,High
97026.0,2017-2018,80,2,26.4,3,0.0,1.0,0.0,0.0,1.0,High
97027.0,2017-2018,26,2,25.0,6,0.0,0.0,0.0,0.0,2.0,Low
97029.0,2017-2018,55,1,25.8,6,1.0,1.0,1.0,1.0,2.0,Moderate
97030.0,2017-2018,57,2,32.9,2,0.0,0.0,1.0,0.0,2.0,Moderate
97031.0,2017-2018,70,1,30.1,4,1.0,0.0,1.0,1.0,2.0,Low
97032.0,2017-2018,50,1,26.5,3,0.0,0.0,1.0,1.0,2.0,Low
97034.0,2017-2018,31,2,21.8,3,0.0,0.0,1.0,2.0,2.0,Low
97035.0,2017-2018,36,2,30.7,4,1.0,0.0,0.0,0.0,2.0,Low
97036.0,2017-2018,28,2,22.8,4,0.0,0.0,0.0,0.0,2.0,Low
97037.0,2017-2018,32,1,25.2,6,0.0,0.0,1.0,0.0,2.0,Low
97038.0,2017-2018,53,2,17.3,3,0.0,0.0,0.0,2.0,2.0,Low
97039.0,2017-2018,76,1,27.6,6,1.0,1.0,1.0,1.0,1.0,High
97040.0,2017-2018,58,2,28.1,4,1.0,1.0,1.0,0.0,1.0,High
97041.0,2017-2018,26,2,32.7,4,0.0,0.0,0.0,0.0,2.0,Low
97042.0,2017-2018,33,2,22.6,3,1.0,0.0,1.0,0.0,2.0,Low
97044.0,2017-2018,30,2,16.5,6,0.0,0.0,1.0,0.0,2.0,Low
97046.0,2017-2018,61,1,29.9,4,1.0,1.0,0.0,1.0,2.0,Moderate
97048.0,2017-2018,34,2,33.7,4,0.0,0.0,0.0,2.0,2.0,Low
97049.0,2017-2018,52,1,26.8,6,0.0,1.0,0.0,2.0,2.0,Low
97051.0,2017-2018,68,1,20.4,6,0.0,1.0,1.0,1.0,2.0,Moderate
97054.0,2017-2018,40,1,28.5,3,1.0,1.0,1.0,2.0,2.0,Low
97055.0,2017-2018,53,1,33.6,1,1.0,1.0,0.0,0.0,2.0,Low
97056.0,2017-2018,72,2,32.0,7,1.0,1.0,1.0,0.0,1.0,High
97057.0,2017-2018,26,2,22.3,6,0.0,0.0,1.0,0.0,2.0,Low
97058.0,2017-2018,80,2,45.2,3,1.0,0.0,0.0,0.0,1.0,High
97059.0,2017-2018,44,1,36.3,4,0.0,0.0,0.0,2.0,2.0,Low
97060.0,2017-2018,20,1,29.4,4,0.0,0.0,1.0,0.0,2.0,Low
97063.0,2017-2018,51,1,18.2,4,0.0,0.0,0.0,2.0,2.0,Low
97064.0,2017-2018,24,1,32.1,1,1.0,0.0,1.0,0.0,2.0,Low
97065.0,2017-2018,42,1,33.0,4,0.0,0.0,0.0,0.0,2.0,High
97067.0,2017-2018,59,1,24.7,6,0.0,0.0,1.0,0.0,2.0,Moderate
97071.0,2017-2018,31,2,34.8,4,1.0,0.0,0.0,1.0,2.0,Low
97077.0,2017-2018,52,2,49.0,4,1.0,1.0,1.0,0.0,2.0,Moderate
97078.0,2017-2018,28,2,19.1,4,1.0,0.0,1.0,0.0,2.0,Low
97080.0,2017-2018,80,2,20.6,3,0.0,1.0,0.0,0.0,2.0,Moderate
97088.0,2017-2018,60,1,26.7,3,0.0,1.0,0.0,2.0,2.0,Moderate
97092.0,2017-2018,31,2,53.2,4,0.0,1.0,1.0,0.0,2.0,Low
97093.0,2017-2018,35,2,36.3,4,0.0,0.0,1.0,0.0,2.0,Moderate
97094.0,2017-2018,30,2,23.2,6,1.0,0.0,0.0,0.0,2.0,Low
97095.0,2017-2018,44,2,29.2,7,1.0,1.0,1.0,2.0,2.0,Moderate
97096.0,2017-2018,69,2,31.9,3,1.0,1.0,0.0,2.0,2.0,Moderate
97097.0,2017-2018,53,1,42.3,1,0.0,1.0,0.0,1.0,1.0,High
97099.0,2017-2018,77,2,32.4,3,0.0,1.0,1.0,0.0,1.0,High
97100.0,2017-2018,22,2,39.6,3,0.0,0.0,1.0,0.0,2.0,Moderate
97102.0,2017-2018,70,2,20.1,2,0.0,0.0,0.0,0.0,2.0,Low
97103.0,2017-2018,31,2,40.5,2,1.0,0.0,1.0,2.0,2.0,Low
97104.0,2017-2018,38,1,32.5,1,1.0,0.0,0.0,0.0,2.0,Moderate
97105.0,2017-2018,56,1,28.8,7,0.0,1.0,1.0,0.0,2.0,Low
97106.0,2017-2018,20,2,18.8,3,0.0,0.0,0.0,0.0,2.0,Low
97107.0,2017-2018,49,1,31.9,7,1.0,0.0,1.0,0.0,2.0,Low
97108.0,2017-2018,51,1,30.7,6,1.0,1.0,1.0,1.0,2.0,Moderate
97109.0,2017-2018,74,2,36.8,3,1.0,1.0,0.0,1.0,1.0,High
97111.0,2017-2018,43,1,27.9,6,1.0,0.0,1.0,0.0,2.0,Low
97115.0,2017-2018,65,1,30.0,1,1.0,1.0,0.0,1.0,1.0,High
97116.0,2017-2018,23,2,30.3,1,1.0,0.0,1.0,1.0,2.0,Low
97117.0,2017-2018,63,2,24.5,1,1.0,1.0,0.0,0.0,1.0,High
97118.0,2017-2018,72,1,36.4,3,1.0,1.0,1.0,1.0,2.0,Moderate
97120.0,2017-2018,80,2,30.3,3,0.0,1.0,1.0,0.0,2.0,Moderate
97121.0,2017-2018,44,2,35.0,7,0.0,0.0,0.0,0.0,2.0,Low
97122.0,2017-2018,29,2,39.1,4,1.0,1.0,0.0,1.0,2.0,Low
97123.0,2017-2018,45,2,21.4,6,1.0,0.0,1.0,0.0,2.0,Low
97124.0,2017-2018,62,2,27.5,3,1.0,1.0,1.0,1.0,2.0,Low
97125.0,2017-2018,57,1,33.4,4,0.0,0.0,1.0,0.0,2.0,Moderate
97128.0,2017-2018,29,2,37.9,1,0.0,0.0,0.0,0.0,2.0,Moderate
97129.0,2017-2018,40,2,22.4,6,0.0,0.0,1.0,0.0,2.0,Low
97131.0,2017-2018,53,2,28.6,4,1.0,0.0,1.0,0.0,2.0,Moderate
97133.0,2017-2018,65,2,25.8,6,,1.0,0.0,2.0,1.0,High
97137.0,2017-2018,39,2,22.3,4,1.0,0.0,0.0,2.0,2.0,Low
97138.0,2017-2018,47,2,22.8,3,0.0,0.0,1.0,0.0,2.0,Low
97139.0,2017-2018,29,1,23.2,1,1.0,0.0,1.0,1.0,2.0,Low
97140.0,2017-2018,43,2,29.6,1,1.0,0.0,0.0,0.0,2.0,High
97142.0,2017-2018,44,2,32.5,1,1.0,0.0,1.0,0.0,2.0,High
97143.0,2017-2018,61,1,34.4,1,1.0,0.0,0.0,0.0,1.0,High
97145.0,2017-2018,46,2,65.8,3,0.0,1.0,1.0,0.0,2.0,Low
97147.0,2017-2018,37,2,23.5,2,0.0,0.0,0.0,0.0,2.0,Low
97149.0,2017-2018,66,2,22.1,2,0.0,0.0,1.0,1.0,2.0,Moderate
97150.0,2017-2018,58,1,28.0,4,1.0,0.0,0.0,1.0,2.0,Moderate
97152.0,2017-2018,45,2,29.1,3,0.0,0.0,1.0,0.0,2.0,Low
97153.0,2017-2018,30,1,34.7,3,1.0,0.0,1.0,0.0,2.0,Moderate
97155.0,2017-2018,52,1,34.4,3,0.0,1.0,0.0,0.0,2.0,Low
97156.0,2017-2018,45,2,33.7,6,0.0,1.0,1.0,0.0,3.0,Moderate
97157.0,2017-2018,23,1,20.7,1,0.0,1.0,1.0,1.0,2.0,Low
97161.0,2017-2018,60,1,,7,0.0,1.0,0.0,1.0,2.0,Moderate
97163.0,2017-2018,55,1,24.3,6,0.0,0.0,0.0,0.0,2.0,Moderate
97164.0,2017-2018,62,1,15.1,3,,0.0,0.0,2.0,2.0,Low
97165.0,2017-2018,66,2,37.2,4,0.0,1.0,0.0,1.0,2.0,Moderate
97166.0,2017-2018,40,2,28.0,1,0.0,0.0,0.0,1.0,2.0,Moderate
97168.0,2017-2018,54,1,22.8,3,1.0,0.0,0.0,2.0,2.0,Moderate
97169.0,2017-2018,67,2,33.0,4,1.0,1.0,0.0,0.0,2.0,High
97171.0,2017-2018,74,2,23.8,1,0.0,1.0,0.0,0.0,1.0,High
97174.0,2017-2018,26,2,21.9,7,1.0,0.0,1.0,0.0,2.0,Moderate
97176.0,2017-2018,58,2,37.1,2,0.0,0.0,1.0,0.0,2.0,Moderate
97177.0,2017-2018,41,1,40.1,1,0.0,1.0,1.0,2.0,2.0,Moderate
97178.0,2017-2018,55,2,38.9,4,,0.0,0.0,0.0,2.0,Moderate
97180.0,2017-2018,80,2,27.9,3,0.0,0.0,0.0,0.0,2.0,Low
97181.0,2017-2018,65,1,28.8,2,1.0,0.0,1.0,0.0,1.0,High
97183.0,2017-2018,27,2,25.1,2,1.0,0.0,1.0,0.0,2.0,Low
97186.0,2017-2018,46,1,35.3,6,1.0,1.0,0.0,1.0,1.0,High
97188.0,2017-2018,80,2,,3,0.0,1.0,0.0,0.0,2.0,Low
97189.0,2017-2018,71,1,37.1,4,0.0,1.0,0.0,1.0,1.0,High
97191.0,2017-2018,44,2,32.8,1,0.0,0.0,1.0,2.0,2.0,Low
97192.0,2017-2018,67,2,30.2,2,0.0,1.0,0.0,0.0,2.0,Low
97193.0,2017-2018,28,1,32.7,1,1.0,1.0,1.0,0.0,2.0,Low
97194.0,2017-2018,69,1,25.2,6,0.0,1.0,1.0,1.0,1.0,High
97197.0,2017-2018,61,2,34.9,4,1.0,0.0,1.0,0.0,2.0,Low
97198.0,2017-2018,73,2,26.4,3,0.0,1.0,0.0,2.0,2.0,Moderate
97200.0,2017-2018,56,1,22.2,4,1.0,0.0,1.0,1.0,2.0,Moderate
97201.0,2017-2018,60,1,21.3,4,0.0,0.0,0.0,2.0,2.0,Low
97204.0,2017-2018,80,2,28.3,3,0.0,0.0,0.0,1.0,2.0,Low
97206.0,2017-2018,69,1,27.4,3,1.0,0.0,1.0,1.0,2.0,Moderate
97208.0,2017-2018,30,1,23.9,7,0.0,0.0,1.0,0.0,2.0,Low
97209.0,2017-2018,71,2,28.3,3,0.0,0.0,0.0,0.0,2.0,Low
97210.0,2017-2018,47,1,29.8,1,0.0,0.0,0.0,1.0,1.0,High
97211.0,2017-2018,54,2,,1,1.0,1.0,1.0,2.0,2.0,Low
97215.0,2017-2018,71,2,24.8,2,1.0,,1.0,0.0,1.0,High
97216.0,2017-2018,69,2,52.6,6,1.0,1.0,0.0,1.0,1.0,High
97217.0,2017-2018,29,2,22.9,4,0.0,0.0,0.0,0.0,2.0,Low
97221.0,2017-2018,78,1,22.9,1,1.0,1.0,1.0,1.0,2.0,Moderate
97222.0,2017-2018,53,2,52.4,4,1.0,1.0,0.0,0.0,1.0,High
97223.0,2017-2018,26,1,25.1,4,0.0,0.0,1.0,0.0,2.0,Low
97224.0,2017-2018,72,2,24.7,3,0.0,1.0,1.0,0.0,2.0,Moderate
97225.0,2017-2018,80,2,41.5,3,,1.0,0.0,2.0,2.0,Moderate
97228.0,2017-2018,49,1,29.7,3,1.0,0.0,0.0,2.0,2.0,Moderate
97229.0,2017-2018,80,2,25.9,3,0.0,1.0,1.0,1.0,2.0,Moderate
97231.0,2017-2018,27,2,31.0,6,0.0,0.0,1.0,2.0,2.0,Moderate
97233.0,2017-2018,69,1,25.6,6,1.0,1.0,0.0,1.0,1.0,High
97234.0,2017-2018,32,2,35.0,7,1.0,1.0,0.0,0.0,2.0,Low
97235.0,2017-2018,35,2,29.4,3,1.0,0.0,0.0,2.0,2.0,Moderate
97236.0,2017-2018,45,1,25.2,6,0.0,1.0,1.0,0.0,2.0,Moderate
97237.0,2017-2018,80,2,29.6,3,1.0,1.0,0.0,1.0,1.0,High
97242.0,2017-2018,75,1,28.5,3,0.0,1.0,0.0,0.0,2.0,Moderate
97245.0,2017-2018,39,1,25.7,3,0.0,1.0,1.0,1.0,2.0,Low
97247.0,2017-2018,45,1,27.2,1,1.0,0.0,1.0,1.0,2.0,Moderate
97248.0,2017-2018,68,2,25.8,2,1.0,0.0,0.0,0.0,2.0,Moderate
97249.0,2017-2018,20,2,32.0,4,1.0,0.0,1.0,0.0,2.0,Low
97250.0,2017-2018,32,1,23.2,3,0.0,0.0,1.0,0.0,2.0,Low
97251.0,2017-2018,41,1,28.2,4,1.0,1.0,1.0,0.0,2.0,Low
97252.0,2017-2018,69,2,34.7,3,0.0,1.0,0.0,0.0,2.0,Moderate
97253.0,2017-2018,57,2,31.6,4,1.0,1.0,1.0,0.0,2.0,Moderate
97255.0,2017-2018,29,1,25.1,4,0.0,0.0,0.0,0.0,2.0,Moderate
97256.0,2017-2018,57,1,21.7,3,0.0,1.0,1.0,2.0,2.0,Moderate
97257.0,2017-2018,26,2,41.0,1,0.0,0.0,1.0,0.0,2.0,Low
97259.0,2017-2018,57,1,24.5,4,0.0,0.0,0.0,0.0,2.0,Low
97260.0,2017-2018,45,2,30.5,2,0.0,0.0,1.0,0.0,2.0,High
97263.0,2017-2018,41,2,20.6,6,0.0,0.0,1.0,0.0,2.0,Low
97264.0,2017-2018,67,2,37.4,1,1.0,0.0,0.0,0.0,1.0,High
97266.0,2017-2018,43,1,26.7,7,0.0,0.0,1.0,0.0,2.0,Low
97268.0,2017-2018,80,1,27.6,3,1.0,1.0,0.0,1.0,1.0,High
97270.0,2017-2018,36,2,29.5,4,1.0,0.0,0.0,1.0,2.0,Moderate
97272.0,2017-2018,80,2,27.4,4,1.0,1.0,0.0,1.0,3.0,Moderate
97274.0,2017-2018,80,1,27.9,7,0.0,1.0,1.0,0.0,2.0,Moderate
97275.0,2017-2018,39,2,20.9,4,1.0,0.0,0.0,2.0,2.0,Low
97277.0,2017-2018,47,1,35.9,1,1.0,0.0,1.0,0.0,2.0,Moderate
97278.0,2017-2018,27,2,31.9,4,0.0,0.0,0.0,1.0,2.0,Moderate
97280.0,2017-2018,48,1,31.3,1,0.0,0.0,0.0,1.0,1.0,High
97282.0,2017-2018,65,2,29.2,4,0.0,1.0,0.0,0.0,2.0,Low
97284.0,2017-2018,52,2,27.7,3,1.0,1.0,1.0,2.0,2.0,Low
97289.0,2017-2018,48,2,28.7,3,0.0,0.0,1.0,0.0,2.0,Moderate
97293.0,2017-2018,27,2,28.3,1,0.0,0.0,0.0,1.0,2.0,Moderate
97297.0,2017-2018,62,2,34.8,1,0.0,1.0,0.0,0.0,2.0,Low
97299.0,2017-2018,59,1,27.8,3,0.0,0.0,0.0,2.0,2.0,Moderate
97301.0,2017-2018,64,1,28.8,4,0.0,1.0,1.0,0.0,2.0,Low
97304.0,2017-2018,26,2,36.8,1,0.0,0.0,0.0,1.0,2.0,Moderate
97305.0,2017-2018,64,1,29.2,3,0.0,0.0,0.0,1.0,2.0,Moderate
97306.0,2017-2018,20,2,32.6,1,1.0,0.0,0.0,0.0,2.0,Moderate
97307.0,2017-2018,63,1,41.9,3,1.0,1.0,0.0,0.0,1.0,High
97308.0,2017-2018,51,2,32.9,3,1.0,1.0,0.0,1.0,2.0,Moderate
97314.0,2017-2018,29,2,32.6,7,1.0,0.0,0.0,0.0,2.0,Low
97316.0,2017-2018,27,1,35.9,1,1.0,0.0,0.0,1.0,2.0,Low
97319.0,2017-2018,32,1,33.1,3,0.0,1.0,1.0,2.0,2.0,Low
97320.0,2017-2018,65,1,17.7,4,1.0,1.0,0.0,2.0,2.0,Low
97321.0,2017-2018,37,1,25.5,6,1.0,0.0,1.0,0.0,2.0,Low
97322.0,2017-2018,32,2,36.2,4,1.0,1.0,1.0,0.0,2.0,Moderate
97323.0,2017-2018,67,2,24.3,6,1.0,1.0,1.0,0.0,2.0,Moderate
97325.0,2017-2018,27,2,24.4,1,1.0,0.0,0.0,0.0,2.0,Low
97326.0,2017-2018,64,1,25.4,6,0.0,0.0,0.0,2.0,2.0,Moderate
97327.0,2017-2018,76,1,28.3,4,0.0,1.0,0.0,2.0,2.0,Low
97330.0,2017-2018,72,1,40.9,3,1.0,1.0,0.0,0.0,1.0,High
97332.0,2017-2018,80,2,23.9,3,0.0,1.0,0.0,2.0,2.0,Low
97333.0,2017-2018,48,2,20.7,6,0.0,0.0,1.0,0.0,2.0,Low
97334.0,2017-2018,72,2,23.0,3,,0.0,1.0,1.0,2.0,Low
97336.0,2017-2018,58,2,18.4,6,0.0,1.0,1.0,0.0,2.0,Low
97337.0,2017-2018,71,1,30.7,4,0.0,1.0,0.0,1.0,2.0,Moderate
97338.0,2017-2018,37,2,33.7,7,,0.0,1.0,2.0,2.0,Moderate
97339.0,2017-2018,80,1,25.8,3,0.0,0.0,0.0,1.0,2.0,Low
97343.0,2017-2018,57,2,28.3,3,0.0,0.0,1.0,1.0,2.0,Low
97348.0,2017-2018,68,2,25.7,6,0.0,1.0,0.0,0.0,2.0,Low
97349.0,2017-2018,31,2,29.5,6,1.0,0.0,0.0,0.0,2.0,Moderate
97352.0,2017-2018,45,1,22.7,3,0.0,0.0,1.0,0.0,2.0,Moderate
97353.0,2017-2018,80,1,21.2,3,0.0,0.0,1.0,1.0,2.0,Low
97354.0,2017-2018,31,2,39.1,2,1.0,1.0,1.0,2.0,2.0,Low
97356.0,2017-2018,29,2,35.7,1,0.0,0.0,0.0,0.0,2.0,Low
97357.0,2017-2018,62,1,43.3,4,1.0,1.0,0.0,1.0,2.0,Moderate
97360.0,2017-2018,63,1,40.8,4,0.0,1.0,0.0,0.0,2.0,Low
97361.0,2017-2018,54,1,31.5,7,1.0,0.0,0.0,0.0,2.0,Moderate
97362.0,2017-2018,22,1,24.5,3,0.0,0.0,1.0,0.0,2.0,Low
97364.0,2017-2018,33,2,21.5,6,0.0,0.0,0.0,0.0,2.0,Low
97365.0,2017-2018,49,2,22.1,3,0.0,0.0,0.0,2.0,2.0,Low
97367.0,2017-2018,61,2,31.8,3,0.0,1.0,0.0,2.0,2.0,Moderate
97370.0,2017-2018,62,2,34.8,2,0.0,0.0,0.0,1.0,2.0,Low
97371.0,2017-2018,57,2,28.2,3,1.0,0.0,1.0,0.0,2.0,Low
97373.0,2017-2018,41,2,34.2,3,1.0,0.0,1.0,2.0,2.0,Low
97374.0,2017-2018,65,1,43.3,3,1.0,1.0,0.0,1.0,2.0,Low
97375.0,2017-2018,71,1,37.3,7,1.0,0.0,0.0,1.0,1.0,High
97379.0,2017-2018,38,1,26.7,2,0.0,0.0,1.0,0.0,2.0,Low
97380.0,2017-2018,22,1,,6,0.0,0.0,0.0,0.0,2.0,Moderate
97381.0,2017-2018,69,1,40.0,4,1.0,1.0,0.0,1.0,2.0,Moderate
97382.0,2017-2018,36,1,26.7,6,0.0,0.0,1.0,0.0,2.0,Moderate
97383.0,2017-2018,54,1,26.2,3,1.0,0.0,1.0,0.0,2.0,Moderate
97384.0,2017-2018,31,1,26.5,1,1.0,0.0,1.0,1.0,2.0,Low
97386.0,2017-2018,60,1,41.5,7,1.0,1.0,0.0,0.0,1.0,High
97388.0,2017-2018,66,2,39.1,4,0.0,0.0,0.0,1.0,1.0,High
97389.0,2017-2018,80,1,24.2,4,1.0,1.0,0.0,1.0,2.0,Moderate
97390.0,2017-2018,76,1,35.8,3,1.0,1.0,1.0,0.0,2.0,Moderate
97391.0,2017-2018,67,1,29.5,1,1.0,0.0,1.0,0.0,2.0,Low
97396.0,2017-2018,47,1,24.2,4,1.0,1.0,0.0,0.0,2.0,Low
97397.0,2017-2018,80,2,22.9,3,0.0,1.0,1.0,0.0,2.0,Low
97398.0,2017-2018,69,1,26.9,6,0.0,1.0,0.0,1.0,2.0,Moderate
97402.0,2017-2018,23,2,19.6,6,0.0,0.0,1.0,0.0,2.0,Low
97403.0,2017-2018,80,1,25.4,6,0.0,1.0,0.0,0.0,1.0,High
97407.0,2017-2018,55,1,40.8,4,1.0,1.0,0.0,1.0,2.0,Moderate
97408.0,2017-2018,67,1,35.3,3,1.0,1.0,0.0,1.0,2.0,Moderate
97409.0,2017-2018,32,1,27.2,6,1.0,0.0,1.0,0.0,2.0,Low
97410.0,2017-2018,46,2,20.0,1,0.0,0.0,1.0,0.0,2.0,Moderate
97412.0,2017-2018,73,1,30.0,3,0.0,1.0,0.0,1.0,2.0,Moderate
97415.0,2017-2018,54,1,25.8,6,0.0,0.0,1.0,0.0,1.0,High
97417.0,2017-2018,77,2,23.3,6,0.0,0.0,0.0,0.0,1.0,High
97418.0,2017-2018,47,2,30.5,3,1.0,0.0,0.0,2.0,2.0,Moderate
97419.0,2017-2018,55,2,22.5,6,0.0,0.0,0.0,0.0,2.0,Moderate
97420.0,2017-2018,51,1,27.2,2,0.0,0.0,1.0,0.0,2.0,Moderate
97422.0,2017-2018,80,1,21.4,3,0.0,1.0,0.0,1.0,2.0,Moderate
97423.0,2017-2018,32,2,39.3,2,0.0,0.0,0.0,0.0,2.0,Moderate
97424.0,2017-2018,38,2,38.1,3,0.0,0.0,0.0,1.0,2.0,Moderate
97428.0,2017-2018,77,1,32.2,3,0.0,1.0,0.0,1.0,2.0,High
97429.0,2017-2018,51,1,24.9,3,0.0,1.0,0.0,2.0,2.0,Moderate
97430.0,2017-2018,32,1,33.4,1,0.0,0.0,0.0,0.0,2.0,Moderate
97436.0,2017-2018,45,1,27.0,6,0.0,0.0,0.0,0.0,2.0,Moderate
97437.0,2017-2018,48,1,26.5,6,0.0,1.0,1.0,0.0,2.0,Low
97441.0,2017-2018,61,1,23.8,4,1.0,1.0,0.0,1.0,3.0,Moderate
97443.0,2017-2018,56,2,29.7,3,0.0,0.0,1.0,1.0,2.0,Moderate
97444.0,2017-2018,58,1,21.9,1,1.0,1.0,1.0,1.0,1.0,High
97445.0,2017-2018,51,1,30.4,4,1.0,0.0,1.0,2.0,2.0,Moderate
97446.0,2017-2018,52,1,26.1,1,1.0,0.0,0.0,0.0,2.0,Low
97449.0,2017-2018,37,2,35.1,7,0.0,0.0,0.0,2.0,2.0,Moderate
97450.0,2017-2018,27,2,43.7,4,1.0,0.0,1.0,0.0,2.0,Moderate
97451.0,2017-2018,34,2,28.4,2,1.0,0.0,0.0,0.0,2.0,Low
97452.0,2017-2018,47,2,29.6,6,0.0,0.0,1.0,0.0,2.0,Moderate
97455.0,2017-2018,80,2,35.3,3,0.0,0.0,1.0,0.0,3.0,High
97456.0,2017-2018,38,2,26.5,4,1.0,0.0,1.0,0.0,2.0,Low
97458.0,2017-2018,35,2,34.7,3,0.0,0.0,1.0,0.0,2.0,Low
97460.0,2017-2018,61,2,22.1,4,1.0,0.0,0.0,0.0,2.0,Low
97462.0,2017-2018,50,1,29.9,2,1.0,1.0,1.0,0.0,2.0,Moderate
97463.0,2017-2018,34,2,17.5,6,0.0,0.0,1.0,2.0,2.0,Low
97464.0,2017-2018,55,1,39.8,3,1.0,1.0,0.0,0.0,1.0,High
97465.0,2017-2018,38,1,28.1,1,0.0,0.0,0.0,0.0,2.0,Moderate
97468.0,2017-2018,46,1,22.7,3,0.0,0.0,0.0,2.0,2.0,Low
97469.0,2017-2018,28,2,25.4,4,1.0,0.0,1.0,0.0,2.0,Low
97471.0,2017-2018,80,2,28.1,3,0.0,1.0,0.0,0.0,1.0,High
97472.0,2017-2018,57,1,21.7,6,0.0,0.0,0.0,1.0,2.0,Low
97473.0,2017-2018,53,1,21.1,6,0.0,0.0,1.0,0.0,2.0,Moderate
97474.0,2017-2018,20,1,33.5,3,1.0,0.0,0.0,0.0,2.0,Low
97478.0,2017-2018,47,2,29.9,1,1.0,0.0,0.0,0.0,1.0,High
97481.0,2017-2018,80,1,30.7,1,1.0,1.0,0.0,0.0,2.0,Low
97482.0,2017-2018,70,2,50.3,3,1.0,1.0,1.0,1.0,1.0,High
97484.0,2017-2018,56,1,28.9,4,0.0,1.0,1.0,1.0,2.0,Moderate
97485.0,2017-2018,33,2,23.5,3,0.0,0.0,0.0,1.0,2.0,Low
97486.0,2017-2018,69,2,38.5,4,1.0,1.0,0.0,0.0,2.0,High
97487.0,2017-2018,53,2,28.3,6,0.0,0.0,1.0,0.0,2.0,Moderate
97488.0,2017-2018,80,2,45.0,3,1.0,1.0,0.0,0.0,2.0,Moderate
97492.0,2017-2018,45,1,21.8,3,0.0,0.0,1.0,2.0,1.0,High
97495.0,2017-2018,43,2,64.2,4,1.0,0.0,0.0,1.0,3.0,Moderate
97497.0,2017-2018,24,1,26.6,4,0.0,0.0,1.0,0.0,2.0,Low
97500.0,2017-2018,74,2,60.6,4,0.0,1.0,0.0,2.0,2.0,Low
97501.0,2017-2018,54,2,35.6,2,0.0,0.0,0.0,0.0,2.0,Moderate
97505.0,2017-2018,73,1,25.7,3,,1.0,0.0,0.0,1.0,High
97506.0,2017-2018,69,1,27.8,7,1.0,1.0,1.0,2.0,1.0,High
97507.0,2017-2018,20,2,21.6,2,0.0,0.0,1.0,0.0,2.0,Low
97509.0,2017-2018,47,2,39.1,3,0.0,1.0,1.0,1.0,2.0,Low
97510.0,2017-2018,61,2,35.8,4,0.0,1.0,0.0,1.0,2.0,Moderate
97512.0,2017-2018,80,1,23.3,3,0.0,0.0,0.0,0.0,1.0,High
97513.0,2017-2018,54,1,35.6,4,1.0,0.0,0.0,2.0,2.0,Low
97516.0,2017-2018,62,2,31.3,2,0.0,0.0,0.0,0.0,2.0,Moderate
97518.0,2017-2018,80,1,25.8,3,0.0,1.0,0.0,1.0,2.0,Low
97520.0,2017-2018,57,2,46.3,4,1.0,1.0,0.0,1.0,2.0,Moderate
97521.0,2017-2018,53,1,47.5,1,0.0,0.0,0.0,1.0,2.0,Moderate
97522.0,2017-2018,20,2,21.9,1,0.0,0.0,0.0,0.0,2.0,Low
97523.0,2017-2018,80,1,28.3,3,0.0,1.0,1.0,1.0,2.0,Moderate
97524.0,2017-2018,44,2,20.2,3,0.0,0.0,1.0,0.0,2.0,Low
97526.0,2017-2018,33,2,29.1,3,0.0,1.0,0.0,2.0,2.0,Low
97527.0,2017-2018,63,1,31.9,4,0.0,0.0,1.0,1.0,2.0,Moderate
97531.0,2017-2018,23,2,31.2,2,0.0,0.0,0.0,0.0,2.0,Low
97532.0,2017-2018,28,1,22.0,4,0.0,0.0,0.0,0.0,2.0,Low
97533.0,2017-2018,30,1,23.4,6,0.0,0.0,1.0,0.0,2.0,Low
97535.0,2017-2018,63,2,29.6,2,1.0,0.0,1.0,1.0,2.0,Moderate
97536.0,2017-2018,80,1,26.0,3,0.0,0.0,0.0,1.0,2.0,Low
97537.0,2017-2018,39,2,36.2,2,0.0,1.0,0.0,1.0,2.0,Moderate
97538.0,2017-2018,54,2,33.6,2,1.0,1.0,0.0,0.0,2.0,Moderate
97539.0,2017-2018,41,1,36.5,3,1.0,0.0,0.0,1.0,1.0,High
97541.0,2017-2018,38,1,,4,1.0,1.0,0.0,0.0,2.0,High
97548.0,2017-2018,50,2,24.4,7,0.0,0.0,0.0,0.0,2.0,Moderate
97550.0,2017-2018,47,2,23.6,3,0.0,0.0,1.0,0.0,2.0,Low
97554.0,2017-2018,49,1,25.4,3,0.0,1.0,0.0,1.0,2.0,Low
97555.0,2017-2018,48,2,29.8,1,1.0,0.0,0.0,0.0,2.0,Moderate
97557.0,2017-2018,64,2,31.4,3,1.0,1.0,0.0,0.0,1.0,High
97558.0,2017-2018,56,2,24.8,3,0.0,0.0,1.0,2.0,2.0,Moderate
97560.0,2017-2018,55,1,26.5,1,1.0,0.0,1.0,0.0,2.0,Moderate
97561.0,2017-2018,46,1,32.4,4,0.0,0.0,1.0,0.0,2.0,Low
97563.0,2017-2018,61,2,26.0,1,1.0,1.0,0.0,2.0,2.0,Moderate
97568.0,2017-2018,41,1,32.0,2,1.0,1.0,1.0,1.0,2.0,Moderate
97569.0,2017-2018,42,1,29.4,4,0.0,0.0,1.0,1.0,2.0,Moderate
97570.0,2017-2018,50,2,30.6,6,1.0,1.0,0.0,0.0,2.0,Moderate
97571.0,2017-2018,54,1,18.4,3,0.0,0.0,0.0,2.0,2.0,Low
97572.0,2017-2018,50,1,29.1,3,0.0,0.0,0.0,0.0,2.0,Moderate
97573.0,2017-2018,62,2,24.5,6,0.0,0.0,1.0,0.0,2.0,Moderate
97574.0,2017-2018,44,2,22.8,6,0.0,1.0,0.0,0.0,2.0,Low
97575.0,2017-2018,24,2,18.7,3,0.0,0.0,1.0,0.0,2.0,Low
97576.0,2017-2018,32,1,36.5,1,0.0,0.0,0.0,1.0,2.0,Low
97577.0,2017-2018,56,2,30.0,3,1.0,0.0,0.0,0.0,2.0,Moderate
97578.0,2017-2018,41,1,25.3,1,1.0,0.0,0.0,1.0,2.0,Moderate
97580.0,2017-2018,26,1,25.6,1,1.0,0.0,1.0,1.0,2.0,Low
97582.0,2017-2018,63,1,27.9,1,1.0,0.0,0.0,0.0,1.0,High
97585.0,2017-2018,21,1,26.6,3,0.0,0.0,1.0,1.0,2.0,Moderate
97588.0,2017-2018,56,1,24.1,6,1.0,0.0,1.0,1.0,2.0,High
97591.0,2017-2018,29,1,24.3,3,1.0,0.0,1.0,2.0,2.0,Low
97592.0,2017-2018,63,1,24.9,6,0.0,0.0,1.0,0.0,2.0,High
97593.0,2017-2018,60,2,43.3,4,1.0,1.0,1.0,0.0,2.0,Moderate
97594.0,2017-2018,56,2,19.7,6,0.0,0.0,0.0,0.0,2.0,Low
97595.0,2017-2018,36,1,18.1,7,0.0,0.0,0.0,2.0,2.0,Low
97597.0,2017-2018,77,2,26.2,4,0.0,0.0,0.0,0.0,2.0,Moderate
97598.0,2017-2018,40,2,33.6,1,1.0,0.0,1.0,0.0,2.0,Moderate
97600.0,2017-2018,23,2,25.7,6,1.0,0.0,1.0,0.0,2.0,Low
97601.0,2017-2018,22,2,37.1,2,0.0,0.0,0.0,0.0,2.0,Low
97602.0,2017-2018,40,2,30.6,4,1.0,0.0,0.0,0.0,2.0,Moderate
97605.0,2017-2018,67,2,24.8,3,0.0,0.0,0.0,2.0,2.0,Moderate
97606.0,2017-2018,80,2,24.7,4,1.0,1.0,0.0,0.0,2.0,Moderate
97608.0,2017-2018,79,1,24.2,6,0.0,1.0,0.0,1.0,1.0,High
97609.0,2017-2018,66,1,25.1,7,1.0,0.0,1.0,2.0,1.0,High
97610.0,2017-2018,28,1,25.0,2,0.0,0.0,1.0,0.0,2.0,Low
97611.0,2017-2018,68,1,24.9,7,1.0,1.0,0.0,1.0,1.0,High
97617.0,2017-2018,30,1,18.3,4,0.0,0.0,1.0,2.0,2.0,Low
97618.0,2017-2018,64,1,29.9,1,0.0,0.0,0.0,1.0,2.0,Moderate
97619.0,2017-2018,65,1,30.4,3,0.0,1.0,0.0,1.0,1.0,High
97620.0,2017-2018,41,2,45.8,7,1.0,1.0,0.0,0.0,2.0,High
97623.0,2017-2018,71,2,30.7,6,0.0,1.0,1.0,0.0,3.0,High
97624.0,2017-2018,32,2,20.2,6,,0.0,1.0,0.0,2.0,Low
97626.0,2017-2018,73,2,30.1,3,0.0,0.0,0.0,0.0,2.0,Moderate
97627.0,2017-2018,34,2,52.2,3,0.0,0.0,1.0,0.0,2.0,Moderate
97629.0,2017-2018,33,2,22.3,3,0.0,1.0,1.0,1.0,2.0,Low
97630.0,2017-2018,78,2,29.1,3,1.0,1.0,0.0,0.0,1.0,High
97635.0,2017-2018,56,2,29.5,2,1.0,0.0,0.0,0.0,2.0,Moderate
97638.0,2017-2018,51,1,26.0,4,0.0,0.0,0.0,1.0,2.0,Low
97639.0,2017-2018,60,1,,3,1.0,1.0,0.0,2.0,2.0,Moderate
97640.0,2017-2018,41,1,33.7,1,1.0,0.0,1.0,0.0,2.0,Moderate
97641.0,2017-2018,49,2,24.5,3,1.0,0.0,0.0,0.0,2.0,Moderate
97642.0,2017-2018,74,1,34.9,3,,1.0,0.0,1.0,2.0,Moderate
97643.0,2017-2018,40,2,39.0,3,1.0,0.0,0.0,0.0,2.0,Moderate
97644.0,2017-2018,24,1,42.3,2,0.0,0.0,1.0,0.0,2.0,High
97648.0,2017-2018,32,2,46.5,3,1.0,0.0,1.0,0.0,2.0,Low
97650.0,2017-2018,69,2,30.4,4,1.0,1.0,0.0,0.0,2.0,Moderate
97656.0,2017-2018,60,1,37.0,6,1.0,1.0,0.0,0.0,1.0,High
97657.0,2017-2018,60,2,20.6,3,0.0,0.0,1.0,0.0,2.0,Low
97659.0,2017-2018,46,1,27.9,2,1.0,1.0,0.0,2.0,2.0,Moderate
97661.0,2017-2018,38,2,,4,0.0,1.0,1.0,0.0,2.0,Low
97662.0,2017-2018,73,1,26.1,3,0.0,1.0,1.0,0.0,2.0,Moderate
97666.0,2017-2018,69,1,32.8,4,0.0,0.0,1.0,2.0,2.0,Moderate
97667.0,2017-2018,62,2,43.8,4,0.0,1.0,0.0,2.0,2.0,Moderate
97668.0,2017-2018,77,1,56.0,3,0.0,1.0,0.0,1.0,1.0,High
97670.0,2017-2018,27,2,31.9,7,0.0,0.0,1.0,0.0,2.0,Low
97671.0,2017-2018,20,2,33.3,2,1.0,0.0,0.0,0.0,2.0,Low
97672.0,2017-2018,45,2,33.2,1,1.0,0.0,0.0,0.0,2.0,Moderate
97675.0,2017-2018,41,2,26.1,4,1.0,0.0,0.0,0.0,2.0,Moderate
97676.0,2017-2018,63,1,26.6,6,0.0,1.0,0.0,2.0,2.0,High
97683.0,2017-2018,49,2,27.6,1,0.0,1.0,0.0,0.0,2.0,Low
97684.0,2017-2018,47,2,50.8,3,0.0,1.0,0.0,0.0,2.0,Moderate
97685.0,2017-2018,23,1,39.2,2,1.0,0.0,1.0,0.0,2.0,Moderate
97688.0,2017-2018,56,2,43.2,4,1.0,1.0,1.0,0.0,1.0,High
97689.0,2017-2018,60,1,34.6,3,0.0,0.0,1.0,0.0,2.0,Moderate
97691.0,2017-2018,29,2,31.7,4,0.0,0.0,0.0,0.0,2.0,Moderate
97692.0,2017-2018,31,1,27.8,2,0.0,0.0,1.0,0.0,2.0,Low
97693.0,2017-2018,80,1,,4,0.0,0.0,0.0,2.0,2.0,Low
97695.0,2017-2018,52,2,28.7,6,1.0,1.0,0.0,1.0,1.0,High
97697.0,2017-2018,67,1,22.3,4,0.0,1.0,0.0,1.0,2.0,Low
97698.0,2017-2018,47,2,,2,1.0,0.0,1.0,0.0,2.0,Moderate
97699.0,2017-2018,55,2,26.6,1,1.0,0.0,0.0,0.0,2.0,Moderate
97701.0,2017-2018,42,1,41.8,3,0.0,0.0,0.0,0.0,3.0,Moderate
97702.0,2017-2018,21,2,31.5,4,1.0,0.0,0.0,0.0,2.0,Low
97703.0,2017-2018,35,1,36.4,2,0.0,0.0,1.0,1.0,2.0,Moderate
97704.0,2017-2018,54,2,36.6,4,0.0,0.0,1.0,0.0,2.0,Moderate
97705.0,2017-2018,33,2,24.0,4,0.0,0.0,0.0,0.0,2.0,Low
97706.0,2017-2018,50,1,30.8,1,0.0,0.0,1.0,2.0,1.0,High
97708.0,2017-2018,76,1,30.7,4,0.0,0.0,0.0,1.0,2.0,Moderate
97709.0,2017-2018,22,2,32.8,3,1.0,0.0,1.0,2.0,2.0,Low
97711.0,2017-2018,80,2,23.0,3,0.0,1.0,0.0,0.0,2.0,Low
97712.0,2017-2018,69,2,32.9,4,1.0,1.0,0.0,1.0,1.0,High
97713.0,2017-2018,80,2,23.8,4,1.0,0.0,0.0,1.0,2.0,Low
97714.0,2017-2018,47,1,32.1,7,0.0,0.0,0.0,0.0,2.0,Moderate
97716.0,2017-2018,29,2,22.7,3,0.0,0.0,1.0,2.0,2.0,Low
97719.0,2017-2018,80,1,27.2,7,0.0,1.0,0.0,1.0,2.0,Low
97722.0,2017-2018,24,2,19.7,4,0.0,0.0,1.0,0.0,2.0,Low
97724.0,2017-2018,80,1,,3,0.0,0.0,0.0,0.0,3.0,High
97726.0,2017-2018,39,2,29.3,1,0.0,1.0,1.0,0.0,2.0,Low
97727.0,2017-2018,53,1,45.3,4,1.0,1.0,0.0,2.0,2.0,Moderate
97728.0,2017-2018,79,1,21.7,3,0.0,0.0,0.0,2.0,2.0,Low
97735.0,2017-2018,30,1,34.5,1,0.0,0.0,0.0,2.0,2.0,Low
97737.0,2017-2018,57,1,23.2,3,0.0,0.0,1.0,1.0,2.0,Low
97739.0,2017-2018,36,2,18.8,4,1.0,0.0,1.0,2.0,2.0,Moderate
97740.0,2017-2018,52,2,28.8,7,0.0,0.0,0.0,2.0,2.0,Moderate
97741.0,2017-2018,36,2,22.8,3,0.0,0.0,0.0,2.0,2.0,Moderate
97744.0,2017-2018,55,1,21.1,6,0.0,0.0,1.0,0.0,2.0,Low
97745.0,2017-2018,66,1,23.3,3,1.0,0.0,0.0,0.0,2.0,Moderate
97746.0,2017-2018,71,1,25.8,3,0.0,1.0,1.0,0.0,2.0,Low
97747.0,2017-2018,47,1,26.1,4,1.0,0.0,1.0,0.0,2.0,Moderate
97748.0,2017-2018,50,2,22.2,6,1.0,0.0,1.0,0.0,2.0,Moderate
97750.0,2017-2018,67,1,28.5,4,1.0,1.0,0.0,2.0,2.0,High
97751.0,2017-2018,54,2,26.8,2,1.0,0.0,0.0,1.0,2.0,Moderate
97752.0,2017-2018,77,1,38.3,3,0.0,1.0,0.0,1.0,1.0,High
97753.0,2017-2018,62,1,39.4,3,0.0,0.0,1.0,0.0,2.0,Low
97756.0,2017-2018,23,2,59.7,1,0.0,0.0,1.0,1.0,2.0,Moderate
97758.0,2017-2018,54,2,43.4,4,1.0,1.0,0.0,0.0,2.0,Moderate
97760.0,2017-2018,55,2,41.8,2,0.0,0.0,0.0,0.0,2.0,High
97761.0,2017-2018,56,2,25.3,4,1.0,0.0,1.0,0.0,3.0,Moderate
97762.0,2017-2018,50,2,33.6,3,1.0,1.0,0.0,0.0,2.0,Low
97763.0,2017-2018,21,2,19.0,3,0.0,0.0,1.0,1.0,2.0,Low
97764.0,2017-2018,45,1,25.3,4,0.0,0.0,0.0,0.0,2.0,Low
97765.0,2017-2018,53,2,24.3,6,0.0,1.0,0.0,0.0,2.0,Moderate
97766.0,2017-2018,65,1,31.9,7,1.0,1.0,0.0,2.0,2.0,Moderate
97768.0,2017-2018,56,2,28.0,7,0.0,0.0,0.0,1.0,2.0,Moderate
97769.0,2017-2018,80,1,27.3,3,0.0,1.0,1.0,1.0,2.0,Low
97770.0,2017-2018,61,2,42.4,3,1.0,1.0,0.0,1.0,2.0,Moderate
97771.0,2017-2018,31,2,42.7,3,1.0,0.0,0.0,0.0,2.0,Low
97773.0,2017-2018,26,2,29.4,4,1.0,0.0,1.0,2.0,2.0,Low
97774.0,2017-2018,33,1,20.3,1,0.0,0.0,1.0,0.0,2.0,Moderate
97775.0,2017-2018,67,1,26.7,7,1.0,1.0,1.0,1.0,1.0,High
97776.0,2017-2018,58,2,33.2,2,1.0,0.0,0.0,0.0,2.0,Moderate
97777.0,2017-2018,60,1,28.0,4,1.0,0.0,1.0,1.0,2.0,Moderate
97779.0,2017-2018,46,2,32.7,4,0.0,0.0,1.0,0.0,2.0,Low
97782.0,2017-2018,39,2,24.8,4,0.0,1.0,1.0,1.0,2.0,Low
97783.0,2017-2018,46,2,46.4,4,1.0,0.0,0.0,0.0,2.0,Moderate
97784.0,2017-2018,31,1,26.9,3,1.0,0.0,0.0,2.0,2.0,Low
97787.0,2017-2018,52,1,23.4,7,0.0,0.0,0.0,1.0,2.0,Moderate
97788.0,2017-2018,73,1,29.5,7,0.0,0.0,0.0,1.0,2.0,Low
97790.0,2017-2018,60,1,29.1,1,0.0,0.0,1.0,0.0,2.0,Low
97794.0,2017-2018,45,2,24.4,6,0.0,0.0,1.0,0.0,2.0,Low
97795.0,2017-2018,33,2,23.8,3,0.0,0.0,1.0,1.0,2.0,Low
97801.0,2017-2018,80,1,25.3,3,0.0,0.0,1.0,1.0,2.0,Moderate
97802.0,2017-2018,71,1,34.4,3,0.0,1.0,0.0,0.0,1.0,High
97809.0,2017-2018,71,1,37.6,7,1.0,1.0,1.0,1.0,1.0,High
97810.0,2017-2018,57,1,24.9,7,1.0,0.0,1.0,2.0,2.0,Low
97811.0,2017-2018,26,2,31.7,4,1.0,0.0,1.0,0.0,2.0,Low
97813.0,2017-2018,60,2,32.4,3,0.0,0.0,1.0,1.0,2.0,Moderate
97817.0,2017-2018,64,2,19.3,6,0.0,0.0,0.0,0.0,2.0,Low
97822.0,2017-2018,42,2,26.6,4,0.0,0.0,1.0,0.0,2.0,Low
97823.0,2017-2018,29,1,30.5,2,1.0,0.0,1.0,2.0,2.0,Low
97827.0,2017-2018,50,1,27.4,6,1.0,0.0,1.0,1.0,2.0,Moderate
97828.0,2017-2018,74,1,25.7,1,0.0,0.0,1.0,0.0,2.0,Low
97829.0,2017-2018,24,1,62.0,4,1.0,0.0,0.0,0.0,2.0,Low
97830.0,2017-2018,60,1,35.5,3,0.0,1.0,0.0,1.0,1.0,High
97832.0,2017-2018,73,1,27.8,3,1.0,1.0,0.0,1.0,2.0,Low
97835.0,2017-2018,49,2,33.7,4,0.0,0.0,1.0,0.0,2.0,Low
97840.0,2017-2018,32,1,25.5,6,1.0,1.0,1.0,0.0,2.0,Low
97841.0,2017-2018,44,2,33.4,3,0.0,0.0,0.0,0.0,2.0,Low
97845.0,2017-2018,47,1,29.6,7,1.0,1.0,0.0,2.0,1.0,High
97847.0,2017-2018,65,2,23.3,3,1.0,0.0,1.0,1.0,2.0,Low
97848.0,2017-2018,30,2,21.2,4,0.0,0.0,0.0,0.0,2.0,Low
97850.0,2017-2018,64,2,37.5,2,1.0,1.0,0.0,0.0,2.0,Moderate
97851.0,2017-2018,23,1,25.8,4,1.0,0.0,1.0,0.0,2.0,Moderate
97853.0,2017-2018,20,2,26.2,6,0.0,0.0,0.0,0.0,2.0,Low
97859.0,2017-2018,60,1,22.2,6,1.0,0.0,0.0,1.0,1.0,High
97861.0,2017-2018,47,2,32.4,3,0.0,0.0,0.0,0.0,2.0,Low
97866.0,2017-2018,39,1,36.1,3,1.0,1.0,1.0,0.0,2.0,Moderate
97869.0,2017-2018,80,2,29.4,3,1.0,1.0,0.0,1.0,2.0,Moderate
97871.0,2017-2018,64,2,36.2,2,0.0,0.0,0.0,0.0,3.0,High
97874.0,2017-2018,55,2,28.2,3,1.0,0.0,0.0,0.0,2.0,Moderate
97876.0,2017-2018,58,1,30.2,3,0.0,0.0,0.0,1.0,2.0,Moderate
97877.0,2017-2018,29,2,25.0,4,0.0,0.0,0.0,0.0,2.0,Low
97878.0,2017-2018,49,2,30.9,4,1.0,1.0,1.0,0.0,1.0,High
97883.0,2017-2018,71,2,25.8,3,0.0,1.0,1.0,0.0,2.0,Moderate
97886.0,2017-2018,54,2,20.9,6,1.0,1.0,0.0,0.0,2.0,Moderate
97891.0,2017-2018,69,1,23.3,6,1.0,1.0,1.0,0.0,1.0,High
97894.0,2017-2018,67,2,31.9,2,0.0,1.0,0.0,1.0,2.0,Low
97895.0,2017-2018,63,1,23.1,3,1.0,1.0,1.0,0.0,1.0,High
97896.0,2017-2018,57,2,22.1,7,1.0,0.0,0.0,2.0,2.0,Moderate
97897.0,2017-2018,58,1,41.2,6,0.0,1.0,0.0,0.0,2.0,Low
97899.0,2017-2018,29,1,34.8,4,1.0,1.0,1.0,0.0,2.0,Low
97901.0,2017-2018,45,1,24.5,3,0.0,0.0,1.0,0.0,2.0,Moderate
97902.0,2017-2018,62,1,27.3,2,1.0,1.0,1.0,1.0,1.0,High
97903.0,2017-2018,78,2,34.1,3,0.0,1.0,1.0,0.0,2.0,Low
97904.0,2017-2018,34,1,27.0,4,0.0,0.0,1.0,0.0,2.0,Low
97905.0,2017-2018,64,2,31.4,4,1.0,1.0,0.0,2.0,1.0,High
97908.0,2017-2018,62,1,28.0,3,0.0,0.0,0.0,1.0,2.0,Low
97909.0,2017-2018,45,2,34.2,6,1.0,1.0,0.0,0.0,3.0,Moderate
97915.0,2017-2018,42,2,28.7,1,0.0,0.0,1.0,0.0,1.0,High
97916.0,2017-2018,73,2,48.5,3,1.0,0.0,0.0,0.0,2.0,Moderate
97919.0,2017-2018,70,2,24.2,4,0.0,0.0,0.0,0.0,2.0,High
97923.0,2017-2018,43,2,19.4,3,0.0,0.0,0.0,2.0,2.0,Low
97924.0,2017-2018,41,1,22.1,3,0.0,0.0,1.0,1.0,2.0,Low
97926.0,2017-2018,80,1,25.8,3,1.0,0.0,0.0,0.0,2.0,Moderate
97928.0,2017-2018,56,1,26.0,1,1.0,0.0,1.0,0.0,2.0,Moderate
97929.0,2017-2018,76,2,29.7,3,1.0,1.0,0.0,0.0,1.0,High
97930.0,2017-2018,32,1,29.0,7,1.0,1.0,1.0,0.0,2.0,Moderate
97934.0,2017-2018,25,1,24.5,3,1.0,0.0,0.0,1.0,2.0,Moderate
97935.0,2017-2018,22,1,21.5,2,0.0,0.0,0.0,0.0,2.0,Low
97937.0,2017-2018,61,2,19.0,6,0.0,0.0,1.0,0.0,2.0,Moderate
97938.0,2017-2018,35,1,86.2,4,1.0,0.0,1.0,0.0,2.0,Moderate
97940.0,2017-2018,29,1,24.4,6,0.0,0.0,1.0,1.0,2.0,Moderate
97941.0,2017-2018,28,2,27.7,1,0.0,0.0,1.0,0.0,2.0,Low
97944.0,2017-2018,63,2,26.3,3,0.0,0.0,0.0,2.0,2.0,Moderate
97945.0,2017-2018,28,2,30.6,1,0.0,0.0,1.0,0.0,2.0,Low
97946.0,2017-2018,34,2,31.1,3,0.0,0.0,0.0,1.0,2.0,Low
97947.0,2017-2018,80,2,29.0,3,0.0,0.0,0.0,0.0,2.0,Moderate
97948.0,2017-2018,32,2,18.5,3,0.0,0.0,0.0,2.0,2.0,Low
97949.0,2017-2018,30,2,22.4,3,1.0,0.0,1.0,0.0,2.0,Low
97950.0,2017-2018,69,2,27.9,4,0.0,1.0,1.0,2.0,2.0,Moderate
97951.0,2017-2018,24,2,21.5,6,1.0,0.0,1.0,0.0,2.0,Low
97952.0,2017-2018,57,1,27.3,6,0.0,0.0,0.0,0.0,2.0,High
97954.0,2017-2018,67,2,35.6,1,0.0,1.0,0.0,0.0,2.0,High
97955.0,2017-2018,65,1,27.5,3,1.0,1.0,1.0,1.0,2.0,Moderate
97956.0,2017-2018,80,1,29.2,3,1.0,1.0,1.0,1.0,2.0,Low
97958.0,2017-2018,24,2,34.0,4,0.0,0.0,1.0,0.0,2.0,Moderate
97959.0,2017-2018,80,1,,3,1.0,0.0,0.0,1.0,3.0,High
97960.0,2017-2018,27,2,28.2,6,0.0,0.0,1.0,0.0,2.0,Low
97963.0,2017-2018,29,1,26.5,3,0.0,0.0,1.0,2.0,2.0,Moderate
97964.0,2017-2018,74,1,29.1,4,0.0,1.0,1.0,0.0,1.0,High
97965.0,2017-2018,32,1,43.3,6,1.0,0.0,0.0,0.0,2.0,Low
97966.0,2017-2018,54,2,25.8,3,0.0,0.0,1.0,0.0,2.0,Low
97967.0,2017-2018,40,2,27.3,1,0.0,0.0,1.0,0.0,2.0,Low
97969.0,2017-2018,62,2,34.5,1,1.0,1.0,1.0,0.0,2.0,Moderate
97970.0,2017-2018,61,2,32.9,4,1.0,1.0,0.0,1.0,2.0,Moderate
97971.0,2017-2018,71,1,33.4,3,0.0,0.0,1.0,1.0,2.0,Low
97972.0,2017-2018,30,2,47.6,4,0.0,0.0,0.0,1.0,2.0,Moderate
97973.0,2017-2018,64,1,27.9,1,1.0,1.0,1.0,0.0,1.0,High
97974.0,2017-2018,44,2,24.5,6,0.0,0.0,0.0,0.0,2.0,Moderate
97976.0,2017-2018,62,1,28.4,2,0.0,0.0,0.0,0.0,2.0,Low
97977.0,2017-2018,40,1,41.3,4,0.0,0.0,0.0,2.0,2.0,Low
97978.0,2017-2018,41,2,41.7,4,0.0,0.0,1.0,2.0,1.0,High
97980.0,2017-2018,78,1,27.4,1,1.0,1.0,0.0,0.0,1.0,High
97982.0,2017-2018,52,2,34.8,3,0.0,0.0,1.0,0.0,2.0,Low
97983.0,2017-2018,61,1,33.5,2,0.0,1.0,1.0,0.0,1.0,High
97985.0,2017-2018,80,2,28.8,4,0.0,1.0,0.0,0.0,2.0,Low
97986.0,2017-2018,29,2,44.2,4,1.0,0.0,1.0,2.0,2.0,Moderate
97987.0,2017-2018,58,2,21.5,3,0.0,1.0,1.0,0.0,2.0,Low
97995.0,2017-2018,47,1,29.9,1,0.0,0.0,0.0,0.0,2.0,Moderate
97996.0,2017-2018,75,2,26.2,6,0.0,1.0,0.0,0.0,2.0,Moderate
97997.0,2017-2018,70,2,31.8,3,1.0,1.0,0.0,0.0,2.0,Moderate
97999.0,2017-2018,80,2,39.4,4,0.0,1.0,1.0,1.0,2.0,Moderate
98005.0,2017-2018,67,1,28.1,3,0.0,1.0,0.0,0.0,1.0,High
98006.0,2017-2018,36,1,25.2,4,1.0,1.0,1.0,1.0,2.0,Low
98007.0,2017-2018,31,1,25.1,4,0.0,0.0,1.0,0.0,2.0,Low
98008.0,2017-2018,80,2,27.9,3,1.0,0.0,1.0,0.0,2.0,Low
98009.0,2017-2018,57,1,21.4,3,1.0,0.0,1.0,2.0,2.0,Low
98010.0,2017-2018,27,2,22.2,6,0.0,0.0,0.0,0.0,2.0,Low
98014.0,2017-2018,59,2,35.8,3,0.0,1.0,0.0,1.0,2.0,High
98015.0,2017-2018,49,1,23.8,4,1.0,0.0,0.0,2.0,2.0,Low
98016.0,2017-2018,69,2,29.7,4,1.0,1.0,0.0,2.0,1.0,High
98018.0,2017-2018,22,1,21.1,4,0.0,0.0,1.0,2.0,2.0,Low
98019.0,2017-2018,80,1,28.9,7,0.0,1.0,0.0,1.0,1.0,High
98023.0,2017-2018,37,2,35.9,4,1.0,0.0,1.0,0.0,2.0,Low
98024.0,2017-2018,61,2,40.5,2,0.0,1.0,0.0,0.0,2.0,Moderate
98028.0,2017-2018,34,2,33.0,3,0.0,0.0,1.0,2.0,2.0,Low
98029.0,2017-2018,66,2,23.7,6,0.0,0.0,1.0,0.0,2.0,Moderate
98030.0,2017-2018,24,2,24.4,4,1.0,0.0,0.0,0.0,2.0,Low
98031.0,2017-2018,31,1,31.4,7,1.0,1.0,1.0,2.0,2.0,Low
98032.0,2017-2018,72,1,25.6,3,1.0,1.0,1.0,1.0,1.0,High
98033.0,2017-2018,42,2,26.8,4,1.0,0.0,1.0,0.0,3.0,Moderate
98034.0,2017-2018,43,1,31.5,4,1.0,0.0,1.0,0.0,2.0,Low
98035.0,2017-2018,35,2,31.8,1,0.0,0.0,1.0,0.0,2.0,Low
98036.0,2017-2018,38,2,32.8,6,0.0,0.0,1.0,0.0,2.0,Low
98040.0,2017-2018,65,1,25.8,6,1.0,1.0,0.0,1.0,1.0,High
98041.0,2017-2018,55,2,36.0,1,1.0,0.0,0.0,2.0,2.0,Low
98043.0,2017-2018,61,1,27.2,4,0.0,0.0,1.0,1.0,2.0,Moderate
98045.0,2017-2018,40,2,25.0,6,0.0,0.0,1.0,0.0,2.0,Moderate
98046.0,2017-2018,49,2,38.0,3,1.0,1.0,0.0,2.0,2.0,Moderate
98047.0,2017-2018,53,1,27.8,1,0.0,0.0,1.0,1.0,2.0,Moderate
98048.0,2017-2018,30,2,20.9,6,0.0,0.0,1.0,0.0,2.0,Low
98049.0,2017-2018,67,1,24.1,6,0.0,1.0,1.0,1.0,3.0,Moderate
98052.0,2017-2018,26,2,25.9,4,0.0,0.0,0.0,0.0,2.0,Low
98054.0,2017-2018,43,1,,3,0.0,0.0,0.0,1.0,1.0,High
98056.0,2017-2018,34,2,33.9,3,0.0,0.0,1.0,2.0,2.0,Moderate
98057.0,2017-2018,21,1,43.7,1,0.0,0.0,1.0,0.0,2.0,Low
98058.0,2017-2018,80,2,,1,0.0,1.0,0.0,0.0,2.0,Low
98060.0,2017-2018,80,1,25.3,3,0.0,0.0,1.0,1.0,2.0,Moderate
98062.0,2017-2018,80,2,32.2,3,0.0,1.0,0.0,1.0,3.0,High
98065.0,2017-2018,29,2,19.9,7,1.0,0.0,1.0,0.0,2.0,Low
98071.0,2017-2018,61,2,23.7,3,1.0,0.0,1.0,0.0,2.0,Low
98073.0,2017-2018,23,2,19.5,2,0.0,0.0,0.0,0.0,2.0,Low
98075.0,2017-2018,66,2,24.2,3,1.0,0.0,0.0,0.0,2.0,Low
98077.0,2017-2018,31,1,25.2,3,0.0,0.0,1.0,0.0,2.0,Low
98081.0,2017-2018,56,1,23.3,4,0.0,0.0,0.0,0.0,2.0,Moderate
98082.0,2017-2018,46,2,34.9,3,1.0,0.0,1.0,0.0,1.0,High
98083.0,2017-2018,54,2,22.8,4,1.0,1.0,0.0,0.0,2.0,Low
98084.0,2017-2018,80,2,,3,0.0,1.0,0.0,0.0,1.0,High
98085.0,2017-2018,59,1,31.2,2,1.0,1.0,1.0,2.0,3.0,Moderate
98087.0,2017-2018,74,2,27.0,3,0.0,1.0,1.0,0.0,2.0,Low
98088.0,2017-2018,33,1,30.1,3,0.0,1.0,1.0,0.0,2.0,Moderate
98092.0,2017-2018,41,1,32.5,1,1.0,0.0,1.0,2.0,2.0,High
98094.0,2017-2018,45,2,38.9,1,1.0,0.0,1.0,0.0,3.0,High
98095.0,2017-2018,80,2,28.6,3,0.0,1.0,1.0,0.0,2.0,Moderate
98096.0,2017-2018,36,2,26.5,2,0.0,0.0,0.0,2.0,2.0,Low
98097.0,2017-2018,29,1,34.5,3,1.0,1.0,1.0,0.0,2.0,Low
98099.0,2017-2018,54,1,24.6,3,0.0,0.0,0.0,0.0,2.0,Moderate
98100.0,2017-2018,33,1,39.5,3,0.0,1.0,0.0,0.0,2.0,Moderate
98101.0,2017-2018,48,1,28.9,6,1.0,0.0,1.0,0.0,1.0,High
98102.0,2017-2018,35,2,29.1,6,1.0,0.0,0.0,0.0,2.0,Moderate
98103.0,2017-2018,37,1,23.3,4,0.0,0.0,1.0,2.0,2.0,Low
98106.0,2017-2018,76,2,32.0,2,1.0,0.0,0.0,0.0,2.0,Moderate
98107.0,2017-2018,61,1,32.0,1,0.0,1.0,0.0,2.0,2.0,Moderate
98109.0,2017-2018,77,1,23.4,6,,0.0,0.0,0.0,1.0,High
98110.0,2017-2018,74,1,29.7,6,0.0,1.0,0.0,2.0,2.0,Low
98113.0,2017-2018,25,2,44.3,3,1.0,1.0,0.0,1.0,2.0,Low
98114.0,2017-2018,52,2,24.3,4,0.0,0.0,0.0,2.0,2.0,Low
98119.0,2017-2018,30,2,32.5,3,1.0,0.0,1.0,0.0,2.0,Low
98120.0,2017-2018,41,2,40.4,3,0.0,0.0,0.0,2.0,2.0,Low
98121.0,2017-2018,73,1,26.3,3,0.0,1.0,0.0,1.0,1.0,High
98124.0,2017-2018,31,1,24.8,3,1.0,0.0,1.0,2.0,2.0,Low
98125.0,2017-2018,76,2,25.4,3,0.0,0.0,1.0,0.0,2.0,Low
98130.0,2017-2018,68,1,36.8,3,0.0,1.0,1.0,0.0,2.0,Moderate
98131.0,2017-2018,40,2,38.5,4,0.0,1.0,0.0,0.0,2.0,Moderate
98133.0,2017-2018,80,2,29.8,3,0.0,0.0,0.0,0.0,2.0,Low
98134.0,2017-2018,62,1,23.8,1,0.0,1.0,1.0,2.0,2.0,Moderate
98135.0,2017-2018,42,2,48.2,3,1.0,0.0,0.0,2.0,2.0,Moderate
98137.0,2017-2018,78,2,24.4,6,1.0,1.0,1.0,0.0,2.0,Moderate
98138.0,2017-2018,40,1,29.9,6,1.0,0.0,1.0,2.0,2.0,Moderate
98139.0,2017-2018,60,1,25.6,1,1.0,0.0,1.0,0.0,1.0,High
98141.0,2017-2018,56,2,34.7,1,1.0,1.0,0.0,0.0,2.0,Moderate
98142.0,2017-2018,65,1,,4,1.0,1.0,0.0,2.0,2.0,Low
98143.0,2017-2018,80,2,19.9,3,0.0,1.0,1.0,2.0,2.0,Low
98144.0,2017-2018,45,2,23.5,3,1.0,0.0,1.0,0.0,2.0,Low
98145.0,2017-2018,24,2,21.9,3,0.0,0.0,1.0,0.0,2.0,Low
98147.0,2017-2018,29,1,28.8,3,1.0,0.0,1.0,0.0,2.0,Moderate
98148.0,2017-2018,37,2,21.7,3,0.0,0.0,1.0,2.0,2.0,Low
98152.0,2017-2018,62,1,25.4,4,1.0,1.0,0.0,2.0,3.0,Moderate
98153.0,2017-2018,55,1,22.6,6,1.0,0.0,1.0,0.0,2.0,Low
98156.0,2017-2018,46,2,30.2,1,0.0,0.0,0.0,0.0,2.0,High
98158.0,2017-2018,69,1,19.1,4,0.0,0.0,0.0,2.0,2.0,Low
98161.0,2017-2018,43,2,35.5,3,1.0,0.0,1.0,2.0,2.0,Low
98162.0,2017-2018,70,2,25.5,2,1.0,1.0,0.0,2.0,2.0,Moderate
98165.0,2017-2018,55,1,35.1,3,0.0,1.0,0.0,1.0,1.0,High
98168.0,2017-2018,55,2,23.3,1,1.0,0.0,1.0,0.0,2.0,Moderate
98169.0,2017-2018,28,2,32.2,2,1.0,0.0,1.0,0.0,2.0,Low
98172.0,2017-2018,62,1,26.4,1,1.0,0.0,0.0,1.0,2.0,Low
98173.0,2017-2018,71,2,34.5,1,1.0,0.0,1.0,0.0,3.0,Moderate
98174.0,2017-2018,48,1,37.8,4,1.0,0.0,0.0,0.0,2.0,Moderate
98175.0,2017-2018,69,2,34.8,4,0.0,1.0,0.0,1.0,1.0,High
98178.0,2017-2018,47,1,26.6,3,0.0,0.0,1.0,0.0,2.0,Low
98180.0,2017-2018,49,1,39.3,1,1.0,0.0,0.0,0.0,2.0,High
98187.0,2017-2018,32,2,22.7,2,0.0,0.0,0.0,0.0,2.0,Low
98189.0,2017-2018,43,1,23.5,3,,0.0,1.0,0.0,2.0,Moderate
98194.0,2017-2018,60,2,34.7,6,1.0,1.0,0.0,0.0,2.0,Low
98195.0,2017-2018,28,1,22.5,4,0.0,1.0,1.0,2.0,2.0,Moderate
98197.0,2017-2018,69,1,31.1,4,0.0,1.0,1.0,2.0,2.0,Low
98198.0,2017-2018,80,1,32.2,3,1.0,0.0,1.0,0.0,2.0,Moderate
98202.0,2017-2018,50,1,34.7,4,0.0,0.0,1.0,1.0,2.0,Moderate
98203.0,2017-2018,35,1,27.4,3,1.0,0.0,1.0,0.0,2.0,Moderate
98204.0,2017-2018,60,1,21.7,3,0.0,0.0,0.0,1.0,2.0,Low
98205.0,2017-2018,80,2,30.5,3,1.0,1.0,1.0,0.0,3.0,Moderate
98207.0,2017-2018,46,1,35.0,7,,1.0,1.0,2.0,2.0,Low
98208.0,2017-2018,39,2,23.3,3,0.0,1.0,1.0,2.0,2.0,Moderate
98209.0,2017-2018,58,1,26.8,3,1.0,0.0,0.0,0.0,2.0,Low
98211.0,2017-2018,74,1,28.9,2,1.0,0.0,0.0,1.0,2.0,Moderate
98214.0,2017-2018,37,2,28.7,6,0.0,0.0,0.0,0.0,2.0,Low
98215.0,2017-2018,51,2,30.4,3,1.0,0.0,0.0,0.0,2.0,Low
98216.0,2017-2018,47,1,27.4,2,0.0,0.0,1.0,0.0,2.0,Low
98218.0,2017-2018,33,2,18.7,1,1.0,0.0,0.0,0.0,2.0,Low
98220.0,2017-2018,50,1,45.2,4,0.0,1.0,1.0,1.0,2.0,Moderate
98222.0,2017-2018,26,2,22.8,3,0.0,0.0,1.0,0.0,2.0,Low
98223.0,2017-2018,52,1,35.1,4,1.0,0.0,1.0,0.0,2.0,High
98225.0,2017-2018,26,1,37.0,4,1.0,1.0,1.0,1.0,2.0,Low
98227.0,2017-2018,61,2,28.5,1,0.0,1.0,0.0,1.0,2.0,Low
98228.0,2017-2018,52,2,64.7,4,1.0,1.0,1.0,0.0,1.0,High
98230.0,2017-2018,61,2,18.8,2,0.0,1.0,0.0,0.0,2.0,Low
98236.0,2017-2018,80,2,21.8,6,1.0,0.0,0.0,0.0,1.0,High
98238.0,2017-2018,44,2,30.9,7,1.0,0.0,0.0,0.0,2.0,Moderate
98241.0,2017-2018,32,1,25.0,6,1.0,0.0,1.0,0.0,2.0,Moderate
98242.0,2017-2018,53,2,30.7,4,1.0,0.0,1.0,1.0,1.0,High
98243.0,2017-2018,35,1,33.2,6,1.0,0.0,0.0,2.0,2.0,Moderate
98244.0,2017-2018,80,1,17.3,3,0.0,0.0,0.0,2.0,2.0,Low
98250.0,2017-2018,80,1,26.4,3,0.0,1.0,1.0,1.0,1.0,High
98251.0,2017-2018,47,1,34.4,3,1.0,0.0,1.0,0.0,2.0,Moderate
98253.0,2017-2018,59,2,25.5,6,0.0,1.0,0.0,0.0,2.0,Moderate
98256.0,2017-2018,25,2,28.5,4,0.0,0.0,1.0,0.0,2.0,Low
98257.0,2017-2018,71,1,20.3,3,1.0,0.0,1.0,2.0,2.0,Moderate
98258.0,2017-2018,73,1,28.3,3,0.0,0.0,0.0,1.0,2.0,Moderate
98259.0,2017-2018,52,2,67.7,4,1.0,1.0,1.0,0.0,2.0,High
98262.0,2017-2018,59,1,26.6,3,0.0,0.0,1.0,0.0,2.0,Moderate
98264.0,2017-2018,72,1,33.5,3,0.0,0.0,1.0,0.0,2.0,High
98266.0,2017-2018,41,2,35.9,2,1.0,0.0,1.0,2.0,2.0,Low
98267.0,2017-2018,49,1,25.3,4,0.0,1.0,0.0,1.0,2.0,Low
98269.0,2017-2018,76,1,19.9,7,0.0,0.0,0.0,2.0,2.0,Moderate
98270.0,2017-2018,62,2,43.2,4,1.0,1.0,0.0,1.0,1.0,High
98271.0,2017-2018,50,1,28.8,6,0.0,0.0,1.0,0.0,2.0,Moderate
98272.0,2017-2018,55,1,41.7,2,0.0,1.0,0.0,1.0,2.0,High
98274.0,2017-2018,52,2,43.1,3,1.0,0.0,1.0,0.0,2.0,Low
98280.0,2017-2018,31,2,27.4,6,1.0,0.0,1.0,0.0,2.0,High
98284.0,2017-2018,38,2,53.7,3,0.0,1.0,0.0,1.0,2.0,Low
98285.0,2017-2018,24,2,22.8,6,0.0,0.0,1.0,0.0,2.0,Low
98287.0,2017-2018,61,2,35.6,4,1.0,1.0,0.0,0.0,1.0,High
98288.0,2017-2018,64,1,32.0,3,0.0,0.0,0.0,0.0,2.0,Moderate
98289.0,2017-2018,71,1,29.9,4,0.0,1.0,0.0,1.0,2.0,Moderate
98292.0,2017-2018,42,2,,4,1.0,1.0,0.0,0.0,2.0,Low
98293.0,2017-2018,52,2,36.3,4,1.0,1.0,1.0,1.0,1.0,High
98295.0,2017-2018,23,2,27.1,1,0.0,0.0,0.0,0.0,2.0,Low
98298.0,2017-2018,28,2,44.1,7,1.0,0.0,1.0,1.0,2.0,Low
98299.0,2017-2018,64,1,28.9,6,1.0,0.0,0.0,1.0,2.0,Moderate
98300.0,2017-2018,48,2,34.6,3,1.0,0.0,0.0,1.0,2.0,Moderate
98301.0,2017-2018,68,2,31.5,4,0.0,1.0,1.0,0.0,1.0,High
98302.0,2017-2018,29,1,31.3,1,0.0,0.0,0.0,2.0,2.0,Low
98303.0,2017-2018,34,2,28.4,4,1.0,0.0,0.0,0.0,2.0,Low
98304.0,2017-2018,79,2,20.7,3,0.0,0.0,1.0,1.0,2.0,Moderate
98308.0,2017-2018,35,1,25.5,1,1.0,0.0,1.0,0.0,2.0,Low
98309.0,2017-2018,73,2,23.2,3,,1.0,0.0,0.0,1.0,High
98310.0,2017-2018,47,2,40.5,1,1.0,0.0,0.0,0.0,2.0,Low
98314.0,2017-2018,25,1,36.8,4,1.0,1.0,0.0,2.0,2.0,Low
98316.0,2017-2018,63,2,31.6,3,0.0,0.0,0.0,2.0,2.0,Low
98318.0,2017-2018,40,1,34.5,3,0.0,1.0,1.0,0.0,2.0,Moderate
98320.0,2017-2018,48,2,36.9,4,0.0,1.0,1.0,0.0,2.0,Moderate
98322.0,2017-2018,29,2,42.4,3,0.0,1.0,0.0,2.0,3.0,Moderate
98323.0,2017-2018,31,2,19.9,3,0.0,0.0,1.0,0.0,2.0,Low
98326.0,2017-2018,55,2,20.2,4,0.0,0.0,0.0,0.0,2.0,Low
98328.0,2017-2018,30,2,26.1,6,1.0,0.0,1.0,0.0,2.0,Low
98331.0,2017-2018,64,2,19.0,6,0.0,1.0,1.0,0.0,2.0,Low
98332.0,2017-2018,34,2,35.9,3,0.0,0.0,0.0,0.0,2.0,Low
98333.0,2017-2018,36,1,26.9,2,0.0,0.0,0.0,2.0,2.0,Low
98334.0,2017-2018,62,1,29.3,6,0.0,1.0,1.0,0.0,2.0,Moderate
98336.0,2017-2018,41,2,34.7,4,0.0,1.0,1.0,0.0,3.0,Moderate
98338.0,2017-2018,54,1,20.1,3,0.0,0.0,1.0,0.0,1.0,High
98339.0,2017-2018,80,1,35.9,3,0.0,1.0,0.0,1.0,2.0,Moderate
98341.0,2017-2018,71,1,19.1,3,0.0,0.0,0.0,2.0,2.0,High
98343.0,2017-2018,31,2,22.8,4,1.0,0.0,1.0,0.0,2.0,High
98344.0,2017-2018,80,1,,3,0.0,1.0,0.0,1.0,1.0,High
98345.0,2017-2018,22,1,30.8,6,1.0,0.0,1.0,1.0,2.0,Low
98347.0,2017-2018,80,1,19.7,3,0.0,1.0,1.0,1.0,2.0,Low
98350.0,2017-2018,36,2,41.8,1,1.0,0.0,1.0,1.0,1.0,High
98351.0,2017-2018,38,2,25.7,1,0.0,0.0,1.0,0.0,2.0,Low
98353.0,2017-2018,68,2,21.9,6,0.0,0.0,1.0,0.0,2.0,Low
98354.0,2017-2018,57,2,43.7,4,0.0,1.0,1.0,0.0,2.0,Moderate
98355.0,2017-2018,53,2,24.8,6,0.0,0.0,0.0,0.0,2.0,Moderate
98357.0,2017-2018,21,1,19.5,4,0.0,0.0,1.0,0.0,2.0,Low
98358.0,2017-2018,33,1,26.4,4,1.0,0.0,1.0,0.0,2.0,Moderate
98360.0,2017-2018,71,1,28.5,3,1.0,1.0,0.0,0.0,1.0,High
98364.0,2017-2018,37,1,30.8,3,0.0,0.0,1.0,0.0,2.0,Low
98366.0,2017-2018,80,2,,4,0.0,1.0,0.0,1.0,2.0,Low
98368.0,2017-2018,80,1,28.3,3,1.0,0.0,0.0,0.0,1.0,High
98369.0,2017-2018,69,1,24.3,3,0.0,1.0,1.0,1.0,1.0,High
98370.0,2017-2018,20,1,19.3,4,0.0,0.0,1.0,0.0,2.0,Moderate
98371.0,2017-2018,63,2,56.1,4,0.0,1.0,0.0,0.0,1.0,High
98372.0,2017-2018,70,1,19.1,7,1.0,1.0,0.0,2.0,2.0,Moderate
98373.0,2017-2018,62,2,30.2,3,0.0,0.0,1.0,0.0,2.0,Low
98374.0,2017-2018,42,2,34.6,3,0.0,0.0,0.0,2.0,2.0,Moderate
98376.0,2017-2018,20,1,16.7,2,0.0,0.0,0.0,0.0,2.0,Low
98379.0,2017-2018,63,2,37.8,4,1.0,0.0,1.0,1.0,1.0,High
98381.0,2017-2018,40,1,27.7,6,1.0,0.0,1.0,0.0,2.0,Moderate
98383.0,2017-2018,69,1,28.0,1,0.0,0.0,0.0,0.0,2.0,High
98384.0,2017-2018,54,2,24.9,1,1.0,0.0,0.0,0.0,2.0,Low
98385.0,2017-2018,61,1,37.3,3,1.0,1.0,1.0,0.0,2.0,Moderate
98390.0,2017-2018,65,2,32.1,4,1.0,1.0,1.0,1.0,1.0,High
98391.0,2017-2018,80,2,24.8,3,0.0,0.0,0.0,0.0,2.0,Low
98392.0,2017-2018,47,1,24.0,4,0.0,0.0,1.0,0.0,2.0,Moderate
98393.0,2017-2018,80,2,32.1,3,0.0,1.0,0.0,0.0,2.0,High
98394.0,2017-2018,38,2,25.0,2,0.0,0.0,1.0,0.0,2.0,Low
98395.0,2017-2018,24,2,22.5,3,0.0,0.0,0.0,2.0,2.0,Low
98399.0,2017-2018,54,1,27.5,6,1.0,0.0,1.0,0.0,2.0,Moderate
98401.0,2017-2018,41,1,29.2,4,1.0,0.0,1.0,0.0,2.0,Low
98402.0,2017-2018,22,1,,1,1.0,0.0,0.0,1.0,2.0,Moderate
98403.0,2017-2018,27,1,25.4,6,0.0,0.0,1.0,0.0,2.0,Low
98412.0,2017-2018,67,2,34.3,4,1.0,1.0,1.0,0.0,1.0,High
98413.0,2017-2018,80,1,29.5,6,1.0,1.0,1.0,1.0,1.0,High
98414.0,2017-2018,70,2,,7,1.0,1.0,1.0,0.0,2.0,Low
98416.0,2017-2018,25,2,20.7,6,0.0,0.0,1.0,0.0,2.0,Low
98417.0,2017-2018,79,2,22.1,3,0.0,0.0,1.0,0.0,2.0,Moderate
98420.0,2017-2018,27,2,20.0,3,0.0,0.0,1.0,0.0,2.0,Low
98421.0,2017-2018,62,1,24.3,6,0.0,1.0,1.0,0.0,3.0,High
98422.0,2017-2018,63,2,27.3,3,0.0,0.0,1.0,0.0,2.0,Moderate
98423.0,2017-2018,80,2,22.4,4,0.0,1.0,0.0,0.0,2.0,Moderate
98424.0,2017-2018,80,1,24.8,4,,1.0,0.0,2.0,2.0,Moderate
98426.0,2017-2018,28,1,22.1,4,0.0,0.0,1.0,2.0,2.0,Low
98428.0,2017-2018,25,2,27.0,3,1.0,1.0,1.0,2.0,2.0,Low
98429.0,2017-2018,80,2,27.1,3,0.0,1.0,1.0,0.0,2.0,Moderate
98431.0,2017-2018,69,2,31.0,4,1.0,1.0,0.0,1.0,2.0,High
98433.0,2017-2018,71,1,36.9,3,0.0,1.0,1.0,0.0,2.0,Moderate
98435.0,2017-2018,21,2,24.5,4,1.0,0.0,1.0,0.0,2.0,Low
98436.0,2017-2018,36,1,28.0,4,0.0,0.0,0.0,2.0,2.0,Moderate
98437.0,2017-2018,32,2,25.2,4,0.0,0.0,0.0,2.0,2.0,Moderate
98438.0,2017-2018,62,2,35.9,1,0.0,1.0,0.0,0.0,1.0,High
98441.0,2017-2018,22,1,53.8,3,1.0,1.0,0.0,2.0,2.0,Low
98442.0,2017-2018,22,2,35.3,4,0.0,0.0,1.0,2.0,2.0,Low
98443.0,2017-2018,21,2,24.0,3,0.0,0.0,0.0,2.0,2.0,Low
98444.0,2017-2018,59,2,37.9,3,1.0,0.0,0.0,2.0,2.0,Moderate
98445.0,2017-2018,25,2,26.1,2,1.0,0.0,1.0,2.0,2.0,Low
98447.0,2017-2018,32,1,53.5,3,1.0,0.0,0.0,0.0,2.0,Moderate
98448.0,2017-2018,24,2,43.0,4,1.0,0.0,1.0,0.0,2.0,Moderate
98452.0,2017-2018,52,1,22.1,6,0.0,1.0,0.0,1.0,2.0,Moderate
98454.0,2017-2018,63,2,31.8,1,1.0,1.0,0.0,0.0,2.0,Low
98456.0,2017-2018,36,1,22.0,4,0.0,0.0,0.0,0.0,2.0,Low
98457.0,2017-2018,80,1,17.5,4,0.0,0.0,0.0,2.0,2.0,Moderate
98458.0,2017-2018,24,1,27.7,2,1.0,0.0,0.0,0.0,2.0,Low
98460.0,2017-2018,27,2,32.8,1,0.0,0.0,0.0,0.0,2.0,Low
98461.0,2017-2018,54,2,18.5,6,0.0,1.0,0.0,0.0,2.0,Moderate
98462.0,2017-2018,71,1,29.4,1,0.0,1.0,0.0,1.0,2.0,Low
98463.0,2017-2018,66,2,30.3,3,1.0,0.0,0.0,1.0,2.0,Low
98469.0,2017-2018,41,1,28.0,6,0.0,0.0,1.0,0.0,2.0,Low
98470.0,2017-2018,38,2,29.0,2,0.0,1.0,1.0,0.0,2.0,Moderate
98473.0,2017-2018,65,2,35.5,2,0.0,1.0,1.0,0.0,3.0,Moderate
98474.0,2017-2018,35,1,20.4,4,1.0,1.0,1.0,0.0,2.0,Moderate
98475.0,2017-2018,22,1,35.9,1,0.0,0.0,1.0,0.0,2.0,Moderate
98479.0,2017-2018,27,1,24.3,6,0.0,0.0,1.0,0.0,2.0,Moderate
98481.0,2017-2018,60,1,29.8,7,0.0,1.0,0.0,2.0,2.0,Low
98483.0,2017-2018,26,2,20.7,3,1.0,0.0,1.0,0.0,2.0,Low
98485.0,2017-2018,21,1,22.0,7,0.0,0.0,0.0,0.0,2.0,Low
98489.0,2017-2018,55,2,35.1,4,1.0,1.0,0.0,1.0,1.0,High
98490.0,2017-2018,24,1,32.2,3,1.0,0.0,1.0,0.0,2.0,Low
98491.0,2017-2018,61,2,58.8,3,1.0,0.0,0.0,1.0,2.0,Moderate
98494.0,2017-2018,25,2,23.6,7,1.0,0.0,1.0,0.0,2.0,Moderate
98495.0,2017-2018,48,1,24.9,3,0.0,0.0,1.0,0.0,2.0,Moderate
98496.0,2017-2018,46,2,33.9,4,0.0,1.0,1.0,0.0,2.0,Low
98498.0,2017-2018,74,2,23.4,3,1.0,0.0,0.0,1.0,1.0,High
98500.0,2017-2018,56,2,28.8,2,1.0,1.0,0.0,0.0,2.0,High
98501.0,2017-2018,68,2,30.0,2,1.0,0.0,0.0,0.0,1.0,High
98502.0,2017-2018,80,2,39.6,3,0.0,1.0,0.0,0.0,3.0,High
98506.0,2017-2018,64,2,39.4,4,0.0,0.0,0.0,0.0,2.0,Moderate
98508.0,2017-2018,62,1,26.0,6,1.0,0.0,1.0,0.0,3.0,Moderate
98509.0,2017-2018,28,2,33.6,3,1.0,0.0,0.0,2.0,1.0,High
98512.0,2017-2018,32,2,41.7,4,1.0,0.0,1.0,0.0,1.0,High
98514.0,2017-2018,32,1,40.2,3,1.0,0.0,1.0,2.0,2.0,Moderate
98517.0,2017-2018,80,2,28.3,3,1.0,1.0,0.0,0.0,2.0,Low
98521.0,2017-2018,40,1,30.7,4,1.0,1.0,1.0,2.0,2.0,Moderate
98523.0,2017-2018,40,1,39.8,3,0.0,0.0,0.0,1.0,2.0,Low
98524.0,2017-2018,49,2,36.1,4,1.0,1.0,1.0,2.0,2.0,Moderate
98526.0,2017-2018,67,1,24.3,3,0.0,0.0,1.0,1.0,2.0,Moderate
98527.0,2017-2018,30,2,19.9,4,0.0,0.0,0.0,0.0,2.0,Low
98528.0,2017-2018,32,1,33.6,3,1.0,1.0,0.0,2.0,2.0,Low
98529.0,2017-2018,70,2,23.3,3,0.0,0.0,0.0,2.0,2.0,Low
98530.0,2017-2018,60,1,33.0,6,1.0,1.0,1.0,0.0,1.0,High
98531.0,2017-2018,20,2,21.1,3,0.0,0.0,1.0,0.0,2.0,Low
98535.0,2017-2018,80,2,21.9,3,1.0,1.0,0.0,0.0,2.0,Moderate
98536.0,2017-2018,77,2,24.8,3,0.0,1.0,0.0,0.0,2.0,Moderate
98537.0,2017-2018,59,2,32.0,1,1.0,1.0,0.0,0.0,2.0,Moderate
98540.0,2017-2018,63,1,16.4,6,0.0,0.0,0.0,2.0,2.0,Low
98541.0,2017-2018,68,2,33.7,1,1.0,1.0,1.0,0.0,2.0,Low
98542.0,2017-2018,54,2,31.7,4,1.0,1.0,1.0,0.0,3.0,Moderate
98544.0,2017-2018,29,2,21.9,3,0.0,0.0,1.0,1.0,2.0,Low
98545.0,2017-2018,36,2,24.3,2,0.0,0.0,0.0,0.0,2.0,Low
98548.0,2017-2018,43,1,29.1,2,1.0,1.0,1.0,1.0,2.0,Moderate
98549.0,2017-2018,63,2,30.6,1,0.0,0.0,0.0,1.0,2.0,Moderate
98550.0,2017-2018,40,1,40.8,4,1.0,1.0,1.0,0.0,2.0,Low
98551.0,2017-2018,32,2,27.9,6,1.0,0.0,0.0,0.0,2.0,Low
98553.0,2017-2018,40,2,22.9,2,1.0,0.0,1.0,0.0,2.0,Low
98554.0,2017-2018,63,2,22.3,2,,1.0,1.0,0.0,1.0,High
98555.0,2017-2018,21,1,34.9,2,0.0,0.0,1.0,0.0,2.0,Low
98556.0,2017-2018,48,1,23.6,6,0.0,1.0,1.0,0.0,2.0,Moderate
98557.0,2017-2018,80,1,21.8,4,1.0,1.0,0.0,2.0,2.0,Moderate
98558.0,2017-2018,63,2,28.3,4,1.0,0.0,0.0,0.0,2.0,High
98561.0,2017-2018,44,1,36.1,4,0.0,0.0,1.0,2.0,2.0,Moderate
98562.0,2017-2018,67,2,29.2,4,0.0,1.0,0.0,0.0,2.0,Moderate
98564.0,2017-2018,39,2,24.2,3,0.0,0.0,1.0,0.0,2.0,Low
98565.0,2017-2018,57,2,22.1,3,1.0,0.0,0.0,2.0,2.0,Moderate
98568.0,2017-2018,78,1,30.3,3,1.0,0.0,0.0,1.0,2.0,Moderate
98569.0,2017-2018,65,1,21.8,2,0.0,0.0,0.0,2.0,2.0,Moderate
98571.0,2017-2018,28,2,30.1,4,0.0,0.0,1.0,1.0,2.0,Low
98574.0,2017-2018,56,2,25.1,4,1.0,1.0,0.0,2.0,2.0,Low
98579.0,2017-2018,36,2,25.2,6,0.0,0.0,0.0,0.0,3.0,Moderate
98581.0,2017-2018,67,2,35.5,3,1.0,0.0,0.0,1.0,1.0,High
98585.0,2017-2018,51,2,19.0,1,1.0,0.0,0.0,0.0,2.0,Low
98586.0,2017-2018,72,1,20.6,3,1.0,0.0,0.0,2.0,1.0,High
98589.0,2017-2018,21,2,52.8,1,0.0,1.0,1.0,2.0,2.0,Low
98592.0,2017-2018,68,2,24.5,6,1.0,1.0,0.0,0.0,2.0,Moderate
98594.0,2017-2018,38,2,43.0,1,0.0,0.0,1.0,0.0,2.0,Low
98595.0,2017-2018,50,2,28.6,1,0.0,0.0,1.0,0.0,2.0,Moderate
98597.0,2017-2018,66,2,36.5,1,1.0,1.0,1.0,0.0,2.0,Moderate
98598.0,2017-2018,65,1,22.1,4,0.0,0.0,0.0,2.0,2.0,Moderate
98599.0,2017-2018,80,1,25.9,3,0.0,0.0,0.0,1.0,1.0,High
98600.0,2017-2018,80,1,19.1,3,0.0,1.0,0.0,0.0,2.0,Moderate
98601.0,2017-2018,41,2,29.5,4,1.0,1.0,0.0,1.0,2.0,Moderate
98602.0,2017-2018,64,2,33.8,1,1.0,1.0,0.0,0.0,1.0,High
98603.0,2017-2018,69,2,35.0,7,1.0,1.0,1.0,0.0,2.0,Moderate
98605.0,2017-2018,55,2,50.8,4,1.0,1.0,0.0,2.0,2.0,Moderate
98606.0,2017-2018,47,1,28.1,4,1.0,0.0,1.0,1.0,2.0,Low
98609.0,2017-2018,62,2,27.1,1,0.0,0.0,1.0,0.0,2.0,Moderate
98610.0,2017-2018,77,1,36.4,3,0.0,1.0,1.0,1.0,1.0,High
98611.0,2017-2018,59,2,27.1,2,1.0,1.0,0.0,0.0,2.0,Moderate
98614.0,2017-2018,59,2,24.2,6,0.0,0.0,1.0,0.0,2.0,Low
98615.0,2017-2018,60,1,29.7,4,1.0,1.0,1.0,2.0,1.0,High
98616.0,2017-2018,44,2,19.4,6,0.0,0.0,0.0,0.0,2.0,Low
98617.0,2017-2018,55,2,30.6,7,0.0,0.0,0.0,1.0,2.0,Low
98622.0,2017-2018,59,2,33.7,4,0.0,1.0,0.0,0.0,2.0,Moderate
98624.0,2017-2018,53,1,31.3,4,0.0,0.0,1.0,0.0,2.0,Low
98627.0,2017-2018,53,1,24.2,6,0.0,1.0,1.0,1.0,2.0,Low
98628.0,2017-2018,48,1,28.8,1,1.0,0.0,0.0,0.0,2.0,Moderate
98629.0,2017-2018,45,1,27.4,3,1.0,0.0,0.0,2.0,2.0,Low
98630.0,2017-2018,64,1,36.0,4,0.0,1.0,0.0,0.0,2.0,Moderate
98631.0,2017-2018,43,2,25.9,3,1.0,0.0,0.0,2.0,2.0,Low
98634.0,2017-2018,75,2,26.1,2,0.0,0.0,1.0,0.0,1.0,High
98638.0,2017-2018,65,1,23.6,4,1.0,1.0,0.0,2.0,1.0,High
98641.0,2017-2018,67,1,26.3,3,1.0,1.0,1.0,0.0,1.0,High
98645.0,2017-2018,75,2,29.7,3,0.0,1.0,0.0,0.0,2.0,Low
98646.0,2017-2018,43,2,30.7,1,1.0,0.0,0.0,2.0,2.0,Low
98648.0,2017-2018,80,2,31.0,3,0.0,0.0,0.0,0.0,2.0,Moderate
98649.0,2017-2018,75,1,24.0,3,0.0,0.0,1.0,0.0,2.0,Low
98650.0,2017-2018,72,1,28.2,4,0.0,1.0,0.0,0.0,2.0,Moderate
98651.0,2017-2018,73,2,30.1,4,1.0,1.0,0.0,0.0,2.0,Low
98653.0,2017-2018,57,1,35.6,4,1.0,1.0,1.0,1.0,1.0,High
98656.0,2017-2018,54,1,31.5,3,1.0,1.0,0.0,0.0,1.0,High
98657.0,2017-2018,55,1,26.4,2,1.0,0.0,1.0,0.0,2.0,Low
98661.0,2017-2018,31,2,15.7,4,1.0,0.0,1.0,2.0,2.0,Low
98662.0,2017-2018,66,2,29.4,1,1.0,1.0,1.0,0.0,2.0,Low
98666.0,2017-2018,53,1,29.6,4,1.0,1.0,1.0,0.0,2.0,Moderate
98667.0,2017-2018,80,2,26.7,3,0.0,0.0,1.0,1.0,2.0,Low
98669.0,2017-2018,63,1,35.8,3,1.0,1.0,0.0,0.0,1.0,High
98673.0,2017-2018,55,2,27.8,6,1.0,1.0,1.0,0.0,2.0,Moderate
98675.0,2017-2018,61,1,22.9,6,1.0,0.0,1.0,1.0,1.0,High
98677.0,2017-2018,23,1,38.8,3,0.0,0.0,0.0,0.0,2.0,Low
98679.0,2017-2018,65,1,24.0,1,0.0,1.0,0.0,1.0,1.0,High
98680.0,2017-2018,37,2,42.0,4,0.0,0.0,1.0,0.0,2.0,Low
98681.0,2017-2018,80,2,30.1,4,1.0,1.0,1.0,0.0,2.0,High
98682.0,2017-2018,64,1,28.2,2,1.0,0.0,1.0,0.0,1.0,High
98684.0,2017-2018,71,1,27.3,3,0.0,0.0,0.0,2.0,2.0,Low
98685.0,2017-2018,64,2,28.0,7,1.0,1.0,1.0,2.0,1.0,High
98687.0,2017-2018,30,2,26.3,3,0.0,0.0,1.0,1.0,2.0,Low
98689.0,2017-2018,35,1,30.4,3,0.0,0.0,1.0,2.0,2.0,Moderate
98690.0,2017-2018,80,1,36.0,4,0.0,1.0,1.0,0.0,2.0,Moderate
98691.0,2017-2018,56,1,29.1,2,0.0,0.0,0.0,0.0,2.0,Moderate
98692.0,2017-2018,25,1,23.9,4,0.0,0.0,1.0,0.0,2.0,Low
98693.0,2017-2018,56,2,30.7,1,1.0,1.0,0.0,0.0,2.0,Low
98694.0,2017-2018,54,2,36.1,3,0.0,0.0,1.0,0.0,2.0,Moderate
98698.0,2017-2018,27,2,20.7,6,0.0,0.0,1.0,0.0,2.0,Low
98699.0,2017-2018,68,2,24.5,2,0.0,0.0,0.0,0.0,2.0,Moderate
98701.0,2017-2018,74,2,28.6,3,1.0,1.0,0.0,0.0,1.0,High
98703.0,2017-2018,69,2,44.9,4,1.0,1.0,1.0,0.0,1.0,High
98705.0,2017-2018,61,1,25.6,6,1.0,1.0,0.0,0.0,2.0,Low
98707.0,2017-2018,63,2,25.9,4,1.0,0.0,0.0,2.0,2.0,Moderate
98708.0,2017-2018,43,1,19.0,3,0.0,0.0,0.0,2.0,2.0,Low
98710.0,2017-2018,24,1,41.2,1,1.0,0.0,1.0,0.0,2.0,Low
98711.0,2017-2018,53,1,31.6,7,0.0,0.0,1.0,2.0,2.0,Moderate
98713.0,2017-2018,59,2,27.6,7,1.0,0.0,0.0,0.0,2.0,Moderate
98714.0,2017-2018,40,2,42.4,1,1.0,0.0,1.0,1.0,2.0,Low
98716.0,2017-2018,41,2,44.3,4,1.0,0.0,1.0,0.0,2.0,High
98717.0,2017-2018,64,1,23.7,6,1.0,1.0,1.0,0.0,2.0,Moderate
98718.0,2017-2018,35,2,28.2,2,0.0,0.0,1.0,1.0,2.0,Low
98721.0,2017-2018,55,2,35.0,4,1.0,1.0,1.0,0.0,2.0,Low
98722.0,2017-2018,57,2,48.4,4,1.0,1.0,0.0,0.0,1.0,High
98724.0,2017-2018,22,1,33.0,2,0.0,0.0,1.0,2.0,2.0,Low
98725.0,2017-2018,68,1,27.3,6,0.0,0.0,0.0,0.0,2.0,High
98726.0,2017-2018,38,1,25.5,3,0.0,0.0,1.0,0.0,2.0,Moderate
98728.0,2017-2018,41,1,29.7,6,0.0,0.0,1.0,0.0,2.0,Moderate
98729.0,2017-2018,30,2,20.0,6,1.0,0.0,1.0,0.0,2.0,Low
98732.0,2017-2018,66,1,28.1,3,1.0,1.0,0.0,0.0,1.0,High
98733.0,2017-2018,36,2,30.0,3,1.0,0.0,1.0,1.0,2.0,Low
98734.0,2017-2018,32,1,35.0,3,1.0,0.0,0.0,1.0,3.0,Moderate
98740.0,2017-2018,31,1,26.3,6,1.0,0.0,1.0,0.0,2.0,Moderate
98741.0,2017-2018,64,2,35.1,3,1.0,0.0,1.0,1.0,3.0,High
98742.0,2017-2018,80,2,29.0,1,1.0,1.0,1.0,0.0,1.0,High
98743.0,2017-2018,61,1,28.0,6,0.0,1.0,1.0,0.0,1.0,High
98744.0,2017-2018,64,2,32.1,4,0.0,0.0,0.0,0.0,2.0,Moderate
98745.0,2017-2018,60,2,23.9,4,1.0,1.0,1.0,0.0,1.0,High
98746.0,2017-2018,60,2,33.5,3,1.0,1.0,0.0,2.0,1.0,High
98747.0,2017-2018,21,1,21.7,4,0.0,0.0,1.0,0.0,2.0,Moderate
98748.0,2017-2018,50,1,18.4,3,0.0,0.0,1.0,2.0,2.0,Low
98749.0,2017-2018,37,1,31.0,3,0.0,1.0,1.0,2.0,2.0,Low
98751.0,2017-2018,42,1,21.1,6,0.0,0.0,0.0,0.0,2.0,Low
98752.0,2017-2018,68,1,37.9,4,1.0,1.0,0.0,1.0,1.0,High
98755.0,2017-2018,68,2,25.3,3,1.0,0.0,1.0,1.0,1.0,High
98756.0,2017-2018,80,1,24.8,3,1.0,1.0,0.0,1.0,2.0,Low
98757.0,2017-2018,41,1,27.2,3,0.0,0.0,0.0,1.0,2.0,Low
98759.0,2017-2018,80,1,21.7,1,0.0,0.0,0.0,0.0,3.0,High
98762.0,2017-2018,28,1,35.3,3,1.0,0.0,0.0,0.0,2.0,Moderate
98763.0,2017-2018,51,2,29.8,4,0.0,0.0,1.0,0.0,2.0,Low
98767.0,2017-2018,63,2,24.8,6,,0.0,0.0,0.0,2.0,Moderate
98768.0,2017-2018,76,2,33.4,4,0.0,1.0,0.0,1.0,2.0,Moderate
98769.0,2017-2018,41,1,25.2,6,0.0,0.0,0.0,0.0,2.0,Low
98770.0,2017-2018,46,2,52.4,4,1.0,0.0,0.0,0.0,2.0,Moderate
98772.0,2017-2018,59,1,27.4,3,1.0,0.0,1.0,1.0,2.0,Moderate
98775.0,2017-2018,26,1,30.6,7,0.0,1.0,1.0,0.0,2.0,Moderate
98776.0,2017-2018,45,2,42.6,3,1.0,0.0,0.0,0.0,2.0,Low
98778.0,2017-2018,42,1,21.5,6,0.0,0.0,1.0,0.0,2.0,Low
98780.0,2017-2018,45,1,38.1,4,0.0,0.0,0.0,2.0,2.0,Moderate
98781.0,2017-2018,55,2,35.4,3,1.0,0.0,0.0,1.0,2.0,Moderate
98782.0,2017-2018,43,2,29.3,4,0.0,0.0,0.0,0.0,2.0,Low
98783.0,2017-2018,40,2,44.2,3,0.0,1.0,1.0,1.0,2.0,High
98784.0,2017-2018,25,2,35.4,7,0.0,0.0,1.0,0.0,2.0,Low
98788.0,2017-2018,20,2,37.9,1,1.0,0.0,1.0,0.0,2.0,Low
98789.0,2017-2018,53,2,25.5,2,1.0,0.0,0.0,0.0,2.0,Moderate
98790.0,2017-2018,44,1,34.3,7,1.0,0.0,0.0,2.0,1.0,High
98791.0,2017-2018,54,1,21.6,3,0.0,0.0,1.0,0.0,2.0,Low
98793.0,2017-2018,46,2,22.9,6,1.0,0.0,0.0,0.0,2.0,Moderate
98796.0,2017-2018,21,2,22.8,4,0.0,0.0,1.0,0.0,2.0,Low
98797.0,2017-2018,55,2,22.2,3,1.0,0.0,0.0,0.0,2.0,Moderate
98799.0,2017-2018,32,2,43.5,3,0.0,0.0,1.0,0.0,2.0,Low
98803.0,2017-2018,45,1,44.8,1,1.0,1.0,0.0,0.0,2.0,Low
98804.0,2017-2018,39,2,31.4,6,1.0,1.0,0.0,0.0,2.0,Moderate
98806.0,2017-2018,72,2,31.8,2,0.0,1.0,0.0,0.0,2.0,High
98807.0,2017-2018,29,2,30.0,1,1.0,0.0,1.0,0.0,2.0,Low
98810.0,2017-2018,55,2,38.1,4,1.0,0.0,0.0,2.0,2.0,Moderate
98812.0,2017-2018,31,2,23.4,6,0.0,0.0,0.0,0.0,2.0,Low
98813.0,2017-2018,67,1,28.5,6,1.0,1.0,1.0,0.0,2.0,Moderate
98814.0,2017-2018,69,1,28.8,1,1.0,1.0,1.0,1.0,1.0,High
98815.0,2017-2018,75,2,20.8,3,1.0,0.0,0.0,0.0,2.0,Low
98817.0,2017-2018,21,2,19.8,3,1.0,0.0,1.0,0.0,2.0,Low
98819.0,2017-2018,58,2,46.1,4,0.0,1.0,0.0,0.0,3.0,High
98820.0,2017-2018,63,1,33.8,3,0.0,0.0,0.0,1.0,2.0,Low
98821.0,2017-2018,35,2,27.9,3,0.0,0.0,1.0,0.0,2.0,Low
98822.0,2017-2018,39,1,28.1,3,0.0,0.0,1.0,2.0,2.0,Low
98823.0,2017-2018,51,2,34.0,2,1.0,1.0,1.0,0.0,2.0,High
98824.0,2017-2018,24,1,30.8,7,0.0,0.0,0.0,2.0,2.0,Low
98827.0,2017-2018,80,2,26.8,7,0.0,0.0,0.0,1.0,2.0,Moderate
98828.0,2017-2018,29,2,39.0,4,0.0,0.0,1.0,0.0,2.0,Moderate
98830.0,2017-2018,66,1,33.2,7,1.0,1.0,0.0,1.0,1.0,High
98832.0,2017-2018,48,2,26.9,4,1.0,0.0,1.0,0.0,2.0,Moderate
98833.0,2017-2018,75,2,25.9,3,1.0,0.0,0.0,1.0,2.0,Moderate
98834.0,2017-2018,55,2,20.4,3,0.0,1.0,0.0,2.0,2.0,Low
98837.0,2017-2018,80,1,,3,0.0,1.0,0.0,1.0,2.0,Moderate
98838.0,2017-2018,70,2,23.0,3,0.0,0.0,0.0,2.0,2.0,Low
98839.0,2017-2018,32,2,28.6,6,1.0,0.0,1.0,0.0,2.0,Low
98840.0,2017-2018,50,2,35.1,7,1.0,0.0,0.0,0.0,2.0,Moderate
98842.0,2017-2018,79,1,21.1,3,1.0,1.0,0.0,1.0,2.0,Low
98843.0,2017-2018,56,1,22.6,3,1.0,0.0,1.0,2.0,2.0,Moderate
98844.0,2017-2018,76,1,27.1,4,0.0,1.0,0.0,0.0,1.0,High
98845.0,2017-2018,50,2,29.8,6,1.0,0.0,1.0,0.0,2.0,High
98846.0,2017-2018,47,2,29.1,3,0.0,0.0,0.0,2.0,2.0,Low
98847.0,2017-2018,52,1,35.3,3,1.0,0.0,1.0,0.0,2.0,Low
98848.0,2017-2018,78,2,22.4,6,1.0,1.0,1.0,0.0,2.0,Moderate
98851.0,2017-2018,23,2,21.6,7,0.0,0.0,1.0,0.0,2.0,Low
98853.0,2017-2018,73,1,25.1,3,0.0,0.0,1.0,0.0,2.0,Moderate
98854.0,2017-2018,22,1,28.7,1,1.0,0.0,1.0,0.0,9.0,Low
98857.0,2017-2018,58,1,24.3,6,1.0,0.0,0.0,1.0,2.0,Moderate
98858.0,2017-2018,65,2,33.4,4,0.0,1.0,0.0,2.0,2.0,Low
98864.0,2017-2018,62,1,33.7,6,1.0,0.0,1.0,0.0,3.0,High
98865.0,2017-2018,36,1,22.3,3,0.0,0.0,1.0,0.0,2.0,Low
98867.0,2017-2018,60,1,29.2,4,0.0,1.0,1.0,1.0,2.0,Low
98868.0,2017-2018,20,1,23.5,4,0.0,0.0,1.0,0.0,2.0,Low
98869.0,2017-2018,75,1,24.6,6,0.0,1.0,1.0,0.0,1.0,High
98870.0,2017-2018,24,2,26.2,3,0.0,0.0,0.0,2.0,2.0,Low
98872.0,2017-2018,44,2,39.7,4,1.0,1.0,0.0,0.0,2.0,Low
98876.0,2017-2018,22,1,22.0,4,1.0,0.0,1.0,0.0,2.0,Moderate
98877.0,2017-2018,39,1,23.0,6,1.0,1.0,1.0,0.0,2.0,Low
98878.0,2017-2018,42,2,30.3,1,0.0,0.0,1.0,0.0,2.0,Low
98880.0,2017-2018,48,1,31.4,1,0.0,0.0,0.0,0.0,2.0,Low
98884.0,2017-2018,76,1,29.0,3,0.0,0.0,1.0,1.0,1.0,High
98891.0,2017-2018,53,2,28.8,2,1.0,1.0,0.0,0.0,2.0,Moderate
98892.0,2017-2018,55,1,22.5,3,0.0,1.0,1.0,2.0,2.0,Low
98893.0,2017-2018,69,1,29.5,2,0.0,1.0,0.0,0.0,1.0,High
98894.0,2017-2018,35,1,25.5,6,0.0,0.0,0.0,2.0,2.0,Moderate
98895.0,2017-2018,38,1,32.9,4,0.0,1.0,1.0,2.0,2.0,Moderate
98898.0,2017-2018,80,1,27.5,3,0.0,1.0,1.0,1.0,2.0,Moderate
98899.0,2017-2018,66,2,34.7,3,1.0,1.0,1.0,0.0,2.0,Moderate
98900.0,2017-2018,36,1,26.7,3,0.0,0.0,1.0,0.0,2.0,Low
98901.0,2017-2018,65,1,34.9,4,1.0,1.0,0.0,1.0,1.0,High
98902.0,2017-2018,56,2,18.9,6,0.0,0.0,1.0,0.0,2.0,Low
98903.0,2017-2018,73,2,34.2,2,0.0,1.0,0.0,1.0,2.0,Moderate
98904.0,2017-2018,51,2,19.1,3,1.0,0.0,1.0,0.0,2.0,Low
98905.0,2017-2018,63,1,25.4,3,0.0,1.0,0.0,2.0,2.0,Moderate
98906.0,2017-2018,33,1,23.8,2,0.0,0.0,0.0,2.0,2.0,Low
98907.0,2017-2018,56,1,24.6,1,0.0,0.0,1.0,0.0,2.0,Moderate
98909.0,2017-2018,68,1,25.9,2,0.0,0.0,1.0,1.0,2.0,Moderate
98910.0,2017-2018,22,1,21.6,4,1.0,0.0,1.0,0.0,2.0,Low
98912.0,2017-2018,37,1,22.3,4,0.0,0.0,0.0,2.0,2.0,Low
98914.0,2017-2018,63,2,30.2,3,0.0,1.0,0.0,1.0,2.0,Moderate
98916.0,2017-2018,67,1,20.6,4,1.0,1.0,1.0,1.0,2.0,Moderate
98917.0,2017-2018,56,2,28.9,3,0.0,0.0,1.0,0.0,2.0,Low
98918.0,2017-2018,24,1,19.6,4,0.0,0.0,0.0,0.0,2.0,Low
98920.0,2017-2018,23,1,28.9,3,1.0,1.0,0.0,2.0,2.0,Moderate
98921.0,2017-2018,26,2,39.0,3,0.0,0.0,1.0,0.0,2.0,Low
98922.0,2017-2018,80,1,20.9,3,0.0,0.0,1.0,0.0,2.0,Moderate
98923.0,2017-2018,48,2,41.0,4,1.0,1.0,0.0,2.0,2.0,Moderate
98924.0,2017-2018,60,1,22.5,2,1.0,0.0,0.0,1.0,2.0,Moderate
98925.0,2017-2018,21,2,37.8,1,0.0,0.0,1.0,0.0,2.0,Moderate
98926.0,2017-2018,48,2,21.9,6,0.0,0.0,1.0,0.0,2.0,Low
98928.0,2017-2018,64,1,31.4,1,1.0,1.0,1.0,1.0,1.0,High
98929.0,2017-2018,62,1,34.9,1,1.0,1.0,0.0,1.0,1.0,High
98931.0,2017-2018,68,2,28.4,4,1.0,1.0,1.0,0.0,2.0,Low
98932.0,2017-2018,45,1,35.1,2,0.0,1.0,1.0,0.0,2.0,Moderate
98933.0,2017-2018,46,2,19.7,3,0.0,0.0,1.0,0.0,2.0,Low
98934.0,2017-2018,80,2,28.0,3,0.0,1.0,0.0,1.0,1.0,High
98935.0,2017-2018,25,1,37.4,4,0.0,0.0,1.0,0.0,2.0,Low
98936.0,2017-2018,27,1,19.6,3,1.0,0.0,0.0,2.0,2.0,Low
98940.0,2017-2018,64,2,27.9,1,1.0,1.0,0.0,0.0,3.0,Moderate
98941.0,2017-2018,59,2,23.6,6,1.0,1.0,0.0,0.0,2.0,Moderate
98944.0,2017-2018,27,1,37.6,3,0.0,0.0,1.0,0.0,2.0,Low
98945.0,2017-2018,43,1,39.0,3,1.0,0.0,0.0,0.0,2.0,Low
98946.0,2017-2018,65,2,33.0,3,1.0,1.0,0.0,0.0,1.0,High
98947.0,2017-2018,48,1,23.4,6,0.0,0.0,1.0,2.0,2.0,Moderate
98948.0,2017-2018,33,1,34.9,3,0.0,1.0,1.0,1.0,2.0,Moderate
98951.0,2017-2018,52,2,34.1,4,1.0,1.0,0.0,1.0,1.0,High
98952.0,2017-2018,24,1,29.1,6,,0.0,1.0,0.0,2.0,High
98955.0,2017-2018,21,1,32.0,3,1.0,0.0,0.0,0.0,2.0,Low
98957.0,2017-2018,74,1,30.7,3,1.0,1.0,0.0,1.0,2.0,Moderate
98958.0,2017-2018,23,2,17.9,3,0.0,0.0,0.0,1.0,2.0,Low
98959.0,2017-2018,75,1,26.7,1,,1.0,1.0,1.0,1.0,High
98960.0,2017-2018,35,1,36.3,3,0.0,1.0,0.0,1.0,2.0,Moderate
98961.0,2017-2018,77,2,22.2,1,0.0,0.0,0.0,0.0,2.0,Low
98964.0,2017-2018,80,1,25.8,3,0.0,0.0,0.0,1.0,2.0,Moderate
98965.0,2017-2018,67,2,40.6,1,1.0,1.0,0.0,1.0,1.0,High
98966.0,2017-2018,68,2,29.9,6,1.0,1.0,0.0,1.0,2.0,Moderate
98968.0,2017-2018,33,1,36.0,3,1.0,0.0,0.0,1.0,2.0,Low
98971.0,2017-2018,28,2,32.8,4,0.0,0.0,1.0,2.0,2.0,Low
98972.0,2017-2018,67,2,24.3,3,1.0,0.0,0.0,0.0,2.0,Moderate
98976.0,2017-2018,57,2,24.4,6,1.0,1.0,0.0,0.0,2.0,Low
98977.0,2017-2018,67,2,25.7,2,1.0,0.0,0.0,2.0,1.0,High
98980.0,2017-2018,54,1,31.6,1,0.0,0.0,0.0,2.0,2.0,Low
98981.0,2017-2018,31,1,15.5,4,0.0,0.0,1.0,1.0,2.0,Moderate
98982.0,2017-2018,25,2,21.4,4,1.0,0.0,0.0,0.0,2.0,Low
98983.0,2017-2018,57,1,,4,0.0,0.0,0.0,2.0,2.0,High
98985.0,2017-2018,31,2,18.8,6,1.0,0.0,1.0,0.0,2.0,Low
98988.0,2017-2018,59,2,37.4,1,1.0,1.0,0.0,0.0,1.0,High
98989.0,2017-2018,76,2,42.1,3,1.0,0.0,0.0,1.0,1.0,High
98990.0,2017-2018,64,1,,3,1.0,1.0,0.0,2.0,1.0,High
98992.0,2017-2018,56,1,42.6,1,1.0,0.0,1.0,2.0,2.0,Low
98994.0,2017-2018,30,1,34.1,7,0.0,1.0,0.0,0.0,2.0,Moderate
98995.0,2017-2018,55,2,26.0,2,1.0,0.0,1.0,1.0,2.0,Low
98996.0,2017-2018,69,2,26.6,4,1.0,1.0,0.0,0.0,1.0,High
98997.0,2017-2018,73,1,22.8,4,1.0,0.0,1.0,1.0,2.0,Moderate
98998.0,2017-2018,51,2,38.0,4,0.0,0.0,1.0,0.0,2.0,Moderate
99001.0,2017-2018,37,1,28.4,7,1.0,0.0,0.0,0.0,2.0,Low
99002.0,2017-2018,73,1,31.2,6,,1.0,0.0,1.0,1.0,High
99005.0,2017-2018,26,2,38.3,4,1.0,0.0,1.0,0.0,2.0,Low
99007.0,2017-2018,26,1,27.4,3,0.0,0.0,1.0,0.0,2.0,Low
99009.0,2017-2018,38,2,27.1,3,0.0,0.0,1.0,0.0,2.0,Low
99011.0,2017-2018,77,1,18.5,3,0.0,0.0,0.0,2.0,2.0,Moderate
99012.0,2017-2018,51,2,26.7,2,0.0,0.0,1.0,1.0,2.0,Low
99014.0,2017-2018,68,1,33.4,3,1.0,1.0,1.0,1.0,2.0,Moderate
99016.0,2017-2018,36,1,22.9,2,0.0,0.0,1.0,0.0,2.0,Low
99018.0,2017-2018,68,2,31.9,3,0.0,0.0,1.0,0.0,2.0,Moderate
99019.0,2017-2018,41,2,46.5,1,1.0,0.0,0.0,2.0,2.0,Moderate
99023.0,2017-2018,32,1,23.8,3,1.0,0.0,0.0,0.0,2.0,Moderate
99024.0,2017-2018,38,2,23.2,6,1.0,0.0,1.0,1.0,2.0,Low
99025.0,2017-2018,45,2,22.0,3,0.0,0.0,0.0,0.0,2.0,Low
99026.0,2017-2018,75,2,23.1,6,1.0,1.0,1.0,0.0,2.0,Moderate
99028.0,2017-2018,42,2,35.1,1,1.0,0.0,0.0,2.0,2.0,Low
99029.0,2017-2018,46,1,23.9,4,0.0,1.0,1.0,1.0,3.0,High
99033.0,2017-2018,56,1,28.2,3,1.0,1.0,1.0,2.0,2.0,Low
99036.0,2017-2018,44,1,33.1,3,0.0,0.0,0.0,0.0,2.0,Moderate
99038.0,2017-2018,27,2,33.8,4,1.0,0.0,0.0,2.0,2.0,Low
99042.0,2017-2018,63,1,20.1,4,1.0,0.0,0.0,2.0,2.0,Low
99044.0,2017-2018,71,2,37.7,3,0.0,1.0,1.0,0.0,2.0,Low
99047.0,2017-2018,80,2,22.2,3,0.0,1.0,0.0,0.0,2.0,Moderate
99056.0,2017-2018,80,2,28.2,3,1.0,1.0,0.0,0.0,2.0,High
99057.0,2017-2018,61,1,25.6,4,0.0,0.0,0.0,0.0,2.0,Low
99058.0,2017-2018,64,2,21.0,6,1.0,0.0,0.0,0.0,2.0,Moderate
99060.0,2017-2018,55,1,41.3,3,1.0,1.0,1.0,0.0,1.0,High
99062.0,2017-2018,29,2,27.2,2,1.0,0.0,1.0,0.0,2.0,Low
99063.0,2017-2018,41,1,25.5,4,1.0,0.0,0.0,2.0,2.0,Moderate
99064.0,2017-2018,60,2,33.8,7,0.0,1.0,0.0,2.0,1.0,High
99067.0,2017-2018,39,1,21.8,3,0.0,0.0,0.0,0.0,2.0,Low
99068.0,2017-2018,76,1,21.5,4,0.0,1.0,1.0,2.0,1.0,High
99069.0,2017-2018,80,2,37.8,4,0.0,1.0,0.0,1.0,1.0,High
99070.0,2017-2018,70,1,25.8,4,0.0,1.0,0.0,0.0,2.0,Low
99074.0,2017-2018,67,1,26.7,7,0.0,0.0,0.0,2.0,2.0,Low
99081.0,2017-2018,59,1,22.1,4,1.0,1.0,0.0,2.0,2.0,Moderate
99083.0,2017-2018,78,1,20.2,3,0.0,0.0,0.0,0.0,2.0,Moderate
99084.0,2017-2018,80,2,33.3,3,0.0,0.0,0.0,0.0,2.0,Low
99087.0,2017-2018,66,1,25.2,2,0.0,0.0,0.0,1.0,2.0,Low
99089.0,2017-2018,25,2,24.5,4,1.0,0.0,1.0,0.0,2.0,Low
99095.0,2017-2018,47,2,19.6,6,1.0,0.0,1.0,0.0,2.0,Low
99098.0,2017-2018,39,2,29.1,1,0.0,0.0,0.0,0.0,2.0,Moderate
99099.0,2017-2018,45,2,37.4,1,1.0,1.0,0.0,2.0,1.0,High
99100.0,2017-2018,75,1,36.5,4,1.0,1.0,0.0,1.0,1.0,High
99101.0,2017-2018,80,2,31.2,6,,1.0,0.0,0.0,2.0,Moderate
99102.0,2017-2018,50,1,29.5,1,0.0,1.0,0.0,0.0,2.0,Low
99103.0,2017-2018,39,1,27.2,6,1.0,0.0,1.0,0.0,2.0,Low
99104.0,2017-2018,63,2,24.6,3,0.0,0.0,1.0,0.0,2.0,Low
99105.0,2017-2018,39,2,23.6,6,1.0,0.0,0.0,0.0,3.0,Moderate
99108.0,2017-2018,51,1,25.8,3,0.0,1.0,0.0,2.0,2.0,Low
99110.0,2017-2018,20,2,20.1,1,0.0,0.0,1.0,0.0,2.0,Low
99111.0,2017-2018,48,2,24.2,4,0.0,0.0,0.0,2.0,2.0,Low
99114.0,2017-2018,41,1,27.0,2,0.0,0.0,1.0,0.0,2.0,Moderate
99116.0,2017-2018,53,2,20.3,6,0.0,0.0,1.0,0.0,2.0,Moderate
99117.0,2017-2018,72,2,30.0,6,0.0,1.0,1.0,0.0,2.0,Moderate
99121.0,2017-2018,20,2,33.1,1,1.0,0.0,0.0,0.0,2.0,Moderate
99123.0,2017-2018,29,1,17.7,6,0.0,0.0,1.0,0.0,2.0,Low
99125.0,2017-2018,20,2,22.1,6,1.0,0.0,1.0,0.0,2.0,Low
99127.0,2017-2018,67,2,22.1,6,0.0,1.0,1.0,0.0,2.0,Moderate
99128.0,2017-2018,36,1,25.0,4,0.0,0.0,1.0,0.0,2.0,Low
99130.0,2017-2018,59,1,40.7,4,0.0,0.0,0.0,0.0,2.0,Moderate
99131.0,2017-2018,56,2,52.6,3,1.0,1.0,0.0,0.0,1.0,High
99133.0,2017-2018,74,1,33.5,3,1.0,0.0,0.0,1.0,2.0,Moderate
99134.0,2017-2018,71,1,19.0,4,0.0,1.0,1.0,2.0,2.0,Moderate
99136.0,2017-2018,40,1,26.6,4,1.0,0.0,1.0,0.0,2.0,Moderate
99138.0,2017-2018,31,1,23.8,4,1.0,1.0,1.0,0.0,2.0,Moderate
99140.0,2017-2018,62,2,29.5,4,1.0,0.0,0.0,1.0,3.0,Moderate
99144.0,2017-2018,78,2,,4,0.0,1.0,0.0,0.0,2.0,Moderate
99148.0,2017-2018,78,2,23.0,3,0.0,0.0,0.0,2.0,2.0,Low
99151.0,2017-2018,22,2,26.3,3,1.0,0.0,1.0,0.0,2.0,Low
99152.0,2017-2018,72,2,46.0,3,0.0,1.0,0.0,1.0,2.0,Moderate
99153.0,2017-2018,53,2,22.6,7,1.0,1.0,0.0,2.0,1.0,High
99154.0,2017-2018,24,1,30.9,7,1.0,0.0,0.0,0.0,2.0,Low
99155.0,2017-2018,28,1,23.8,4,0.0,0.0,1.0,0.0,2.0,Low
99156.0,2017-2018,61,1,22.4,6,0.0,0.0,0.0,2.0,2.0,Low
99157.0,2017-2018,62,2,21.0,6,1.0,0.0,0.0,0.0,1.0,High
99159.0,2017-2018,57,2,25.5,3,0.0,0.0,0.0,1.0,2.0,Low
99160.0,2017-2018,43,2,30.2,7,1.0,0.0,0.0,1.0,2.0,Moderate
99167.0,2017-2018,50,2,30.7,4,1.0,1.0,1.0,0.0,2.0,Moderate
99168.0,2017-2018,40,2,22.9,2,0.0,0.0,1.0,0.0,2.0,Low
99169.0,2017-2018,60,1,23.9,4,0.0,0.0,0.0,2.0,2.0,Low
99171.0,2017-2018,37,1,28.4,2,0.0,0.0,0.0,0.0,2.0,Low
99172.0,2017-2018,68,1,27.4,4,0.0,1.0,0.0,0.0,3.0,Moderate
99174.0,2017-2018,65,2,32.0,1,1.0,1.0,0.0,0.0,2.0,Moderate
99175.0,2017-2018,69,1,23.0,4,1.0,1.0,1.0,2.0,2.0,Low
99176.0,2017-2018,63,2,25.2,6,0.0,1.0,1.0,0.0,2.0,High
99178.0,2017-2018,68,1,28.3,4,1.0,1.0,0.0,1.0,1.0,High
99179.0,2017-2018,80,2,19.3,4,1.0,1.0,0.0,0.0,1.0,High
99181.0,2017-2018,29,1,23.9,3,0.0,0.0,0.0,0.0,2.0,Low
99182.0,2017-2018,34,2,28.3,2,0.0,0.0,0.0,0.0,2.0,Low
99183.0,2017-2018,68,1,34.3,4,1.0,1.0,1.0,2.0,1.0,High
99186.0,2017-2018,26,1,31.9,1,0.0,0.0,0.0,1.0,2.0,Low
99187.0,2017-2018,42,1,36.8,3,,0.0,1.0,2.0,2.0,Low
99188.0,2017-2018,80,1,25.1,3,0.0,0.0,0.0,0.0,1.0,High
99190.0,2017-2018,53,2,26.6,2,0.0,0.0,0.0,0.0,2.0,Low
99191.0,2017-2018,80,2,25.6,3,0.0,1.0,0.0,1.0,2.0,Moderate
99193.0,2017-2018,44,2,37.3,6,0.0,1.0,1.0,0.0,2.0,Moderate
99194.0,2017-2018,30,2,31.8,4,0.0,0.0,0.0,0.0,2.0,Moderate
99195.0,2017-2018,43,1,51.0,3,0.0,0.0,1.0,1.0,2.0,Moderate
99197.0,2017-2018,28,2,22.6,2,0.0,0.0,0.0,1.0,2.0,Low
99198.0,2017-2018,22,2,28.9,1,1.0,0.0,0.0,0.0,2.0,Low
99200.0,2017-2018,49,2,36.7,4,1.0,1.0,1.0,2.0,1.0,High
99204.0,2017-2018,65,2,28.4,1,1.0,0.0,1.0,0.0,2.0,High
99207.0,2017-2018,24,2,29.6,4,0.0,0.0,0.0,0.0,2.0,Low
99208.0,2017-2018,41,1,29.1,1,0.0,0.0,1.0,0.0,2.0,Low
99209.0,2017-2018,80,2,21.8,6,1.0,0.0,0.0,1.0,2.0,Moderate
99210.0,2017-2018,71,1,42.4,3,1.0,1.0,0.0,0.0,1.0,High
99212.0,2017-2018,33,1,25.1,4,1.0,0.0,0.0,0.0,2.0,Low
99220.0,2017-2018,78,2,29.0,4,1.0,1.0,0.0,2.0,2.0,Moderate
99222.0,2017-2018,66,2,28.8,4,0.0,0.0,1.0,0.0,1.0,High
99224.0,2017-2018,46,2,35.9,4,0.0,0.0,1.0,0.0,2.0,Moderate
99226.0,2017-2018,47,2,29.6,2,1.0,0.0,0.0,1.0,2.0,Low
99227.0,2017-2018,52,1,30.9,1,1.0,1.0,0.0,2.0,2.0,Low
99230.0,2017-2018,61,2,33.4,7,1.0,0.0,1.0,0.0,2.0,Moderate
99231.0,2017-2018,37,2,29.7,3,0.0,0.0,0.0,0.0,2.0,Low
99232.0,2017-2018,30,1,37.9,3,0.0,0.0,0.0,2.0,2.0,Low
99233.0,2017-2018,20,2,20.8,1,1.0,0.0,0.0,2.0,2.0,Low
99234.0,2017-2018,33,1,33.0,3,0.0,0.0,1.0,2.0,2.0,Low
99237.0,2017-2018,44,2,25.6,6,1.0,1.0,0.0,0.0,2.0,Moderate
99239.0,2017-2018,78,2,48.0,3,1.0,1.0,0.0,1.0,3.0,Moderate
99240.0,2017-2018,54,2,18.0,4,1.0,0.0,0.0,2.0,2.0,Low
99241.0,2017-2018,71,1,33.7,4,0.0,1.0,0.0,2.0,1.0,High
99242.0,2017-2018,46,2,27.0,1,0.0,0.0,1.0,0.0,2.0,Low
99243.0,2017-2018,80,1,29.1,1,0.0,0.0,0.0,0.0,1.0,High
99246.0,2017-2018,39,2,31.3,4,1.0,0.0,0.0,0.0,2.0,Moderate
99247.0,2017-2018,23,1,33.0,3,0.0,0.0,0.0,0.0,2.0,Moderate
99248.0,2017-2018,66,1,24.2,6,0.0,1.0,1.0,0.0,2.0,Moderate
99251.0,2017-2018,45,1,29.3,3,0.0,0.0,1.0,0.0,2.0,Moderate
99255.0,2017-2018,56,2,57.2,4,1.0,0.0,0.0,1.0,2.0,Low
99256.0,2017-2018,69,1,29.0,1,1.0,1.0,0.0,1.0,2.0,Low
99257.0,2017-2018,49,2,32.8,1,1.0,0.0,1.0,0.0,2.0,Moderate
99258.0,2017-2018,49,1,34.4,4,0.0,0.0,1.0,2.0,2.0,Low
99259.0,2017-2018,80,2,21.7,6,1.0,0.0,0.0,0.0,1.0,High
99260.0,2017-2018,48,2,39.6,3,1.0,1.0,0.0,0.0,1.0,High
99262.0,2017-2018,63,1,25.5,4,1.0,1.0,0.0,0.0,3.0,Moderate
99263.0,2017-2018,50,2,22.8,6,1.0,0.0,0.0,0.0,2.0,Low
99265.0,2017-2018,67,2,37.9,1,0.0,0.0,0.0,0.0,1.0,High
99269.0,2017-2018,79,1,20.4,3,0.0,1.0,0.0,1.0,2.0,Low
99270.0,2017-2018,62,2,30.6,7,1.0,1.0,0.0,0.0,1.0,High
99271.0,2017-2018,56,2,18.1,6,1.0,0.0,1.0,0.0,2.0,Low
99274.0,2017-2018,53,2,28.6,2,1.0,0.0,0.0,0.0,2.0,Moderate
99277.0,2017-2018,58,1,26.0,1,0.0,0.0,0.0,2.0,2.0,Moderate
99278.0,2017-2018,35,1,29.7,4,0.0,0.0,1.0,0.0,2.0,Moderate
99279.0,2017-2018,34,2,33.5,1,1.0,0.0,0.0,1.0,2.0,Moderate
99280.0,2017-2018,31,1,36.9,3,0.0,1.0,0.0,2.0,2.0,Low
99282.0,2017-2018,42,2,39.5,4,1.0,1.0,0.0,2.0,1.0,High
99283.0,2017-2018,68,1,25.4,6,1.0,1.0,1.0,1.0,1.0,High
99284.0,2017-2018,37,1,18.4,2,0.0,0.0,0.0,2.0,2.0,Low
99285.0,2017-2018,61,2,33.6,1,1.0,0.0,0.0,0.0,2.0,High
99287.0,2017-2018,57,1,38.8,1,1.0,0.0,1.0,0.0,1.0,High
99289.0,2017-2018,64,2,37.3,3,1.0,0.0,0.0,0.0,2.0,Moderate
99290.0,2017-2018,61,1,24.1,3,0.0,0.0,0.0,1.0,2.0,Low
99291.0,2017-2018,42,1,31.2,4,1.0,0.0,1.0,0.0,1.0,High
99292.0,2017-2018,29,1,16.4,3,0.0,1.0,0.0,0.0,2.0,Low
99293.0,2017-2018,75,1,22.2,4,0.0,1.0,1.0,1.0,2.0,Moderate
99296.0,2017-2018,77,2,20.8,3,0.0,0.0,1.0,1.0,2.0,Moderate
99297.0,2017-2018,32,1,30.6,3,0.0,0.0,0.0,2.0,2.0,Low
99298.0,2017-2018,59,2,20.6,7,1.0,0.0,0.0,2.0,2.0,Low
99299.0,2017-2018,62,2,34.6,1,1.0,1.0,0.0,0.0,2.0,Moderate
99300.0,2017-2018,44,2,27.6,2,1.0,0.0,0.0,0.0,2.0,Low
99303.0,2017-2018,68,2,26.3,4,0.0,1.0,1.0,0.0,2.0,Low
99304.0,2017-2018,29,1,33.8,1,1.0,0.0,1.0,0.0,2.0,Low
99305.0,2017-2018,50,1,31.7,2,0.0,0.0,0.0,0.0,1.0,High
99308.0,2017-2018,26,1,22.5,4,1.0,0.0,0.0,2.0,2.0,Low
99309.0,2017-2018,80,2,24.2,3,1.0,0.0,0.0,0.0,1.0,High
99310.0,2017-2018,74,2,39.4,2,0.0,0.0,0.0,0.0,2.0,Moderate
99311.0,2017-2018,80,1,32.7,3,0.0,1.0,1.0,0.0,1.0,High
99312.0,2017-2018,70,1,32.1,3,1.0,0.0,0.0,0.0,2.0,Moderate
99313.0,2017-2018,64,2,24.6,3,1.0,0.0,0.0,0.0,2.0,Moderate
99315.0,2017-2018,22,1,20.9,4,0.0,0.0,1.0,0.0,1.0,High
99316.0,2017-2018,47,1,27.6,1,1.0,0.0,0.0,0.0,2.0,Moderate
99318.0,2017-2018,28,2,21.4,4,1.0,1.0,0.0,0.0,2.0,Low
99320.0,2017-2018,30,2,20.9,6,0.0,0.0,1.0,0.0,2.0,Low
99321.0,2017-2018,45,1,25.4,6,0.0,1.0,1.0,1.0,2.0,Moderate
99322.0,2017-2018,35,2,31.1,4,0.0,0.0,0.0,0.0,2.0,Moderate
99327.0,2017-2018,59,1,38.2,4,0.0,1.0,0.0,1.0,2.0,High
99329.0,2017-2018,60,1,26.5,6,0.0,0.0,1.0,1.0,2.0,Low
99330.0,2017-2018,35,1,26.6,3,0.0,1.0,1.0,0.0,2.0,Low
99332.0,2017-2018,63,2,34.6,1,1.0,1.0,0.0,0.0,1.0,High
99333.0,2017-2018,73,2,24.3,6,1.0,1.0,0.0,0.0,1.0,High
99335.0,2017-2018,46,1,24.0,7,0.0,0.0,0.0,2.0,2.0,Low
99338.0,2017-2018,37,2,26.5,1,0.0,0.0,0.0,2.0,2.0,Low
99339.0,2017-2018,21,2,36.8,1,1.0,0.0,0.0,0.0,2.0,Low
99340.0,2017-2018,52,2,19.7,3,0.0,0.0,0.0,2.0,2.0,Moderate
99341.0,2017-2018,63,2,29.9,3,0.0,1.0,0.0,0.0,3.0,Moderate
99343.0,2017-2018,80,2,31.5,4,0.0,1.0,0.0,2.0,1.0,High
99344.0,2017-2018,45,1,28.8,6,1.0,0.0,1.0,0.0,2.0,Moderate
99345.0,2017-2018,52,1,31.0,1,0.0,0.0,0.0,0.0,2.0,High
99346.0,2017-2018,26,1,23.2,6,1.0,0.0,0.0,0.0,2.0,Low
99348.0,2017-2018,80,2,31.7,3,0.0,0.0,0.0,2.0,2.0,Moderate
99349.0,2017-2018,37,1,48.3,3,0.0,0.0,0.0,0.0,2.0,Low
99351.0,2017-2018,80,1,36.9,3,1.0,0.0,1.0,1.0,1.0,High
99353.0,2017-2018,30,2,48.9,4,0.0,0.0,0.0,0.0,2.0,Low
99358.0,2017-2018,43,1,23.5,6,1.0,0.0,1.0,1.0,2.0,Low
99359.0,2017-2018,37,2,28.7,6,0.0,0.0,0.0,0.0,2.0,Low
99361.0,2017-2018,34,1,29.1,3,0.0,0.0,0.0,1.0,2.0,Moderate
99364.0,2017-2018,52,1,25.0,7,1.0,0.0,0.0,2.0,2.0,Moderate
99366.0,2017-2018,47,2,40.6,1,1.0,1.0,0.0,2.0,2.0,Moderate
99370.0,2017-2018,48,2,38.5,4,0.0,0.0,0.0,1.0,2.0,Low
99372.0,2017-2018,67,2,19.2,3,0.0,0.0,1.0,0.0,2.0,Low
99374.0,2017-2018,60,2,24.5,3,0.0,0.0,0.0,2.0,2.0,Low
99376.0,2017-2018,53,1,33.2,7,1.0,1.0,0.0,2.0,1.0,High
99377.0,2017-2018,80,2,29.1,2,1.0,1.0,0.0,0.0,2.0,Moderate
99378.0,2017-2018,36,2,28.2,1,0.0,0.0,1.0,0.0,2.0,Low
99380.0,2017-2018,80,2,,3,0.0,0.0,1.0,1.0,2.0,Low
99381.0,2017-2018,80,2,,2,0.0,1.0,0.0,0.0,2.0,Low
99383.0,2017-2018,75,2,27.9,4,0.0,1.0,0.0,0.0,2.0,Moderate
99385.0,2017-2018,68,2,24.3,3,0.0,0.0,1.0,0.0,2.0,Moderate
99387.0,2017-2018,80,2,26.7,3,1.0,0.0,0.0,0.0,2.0,Low
99388.0,2017-2018,55,2,48.9,4,1.0,1.0,0.0,0.0,3.0,High
99389.0,2017-2018,59,2,36.0,3,0.0,1.0,1.0,2.0,2.0,Low
99390.0,2017-2018,41,2,27.1,7,1.0,0.0,0.0,1.0,2.0,Moderate
99391.0,2017-2018,72,1,26.4,4,0.0,0.0,1.0,2.0,2.0,Low
99392.0,2017-2018,48,2,22.3,4,0.0,0.0,0.0,2.0,2.0,Low
99393.0,2017-2018,70,1,29.2,2,0.0,1.0,0.0,0.0,2.0,Moderate
99394.0,2017-2018,20,1,22.7,4,0.0,0.0,1.0,2.0,2.0,Low
99396.0,2017-2018,22,2,32.9,1,0.0,0.0,1.0,0.0,2.0,Moderate
99400.0,2017-2018,26,2,32.2,1,0.0,0.0,0.0,0.0,2.0,Low
99401.0,2017-2018,22,2,20.0,6,0.0,0.0,1.0,0.0,2.0,Low
99402.0,2017-2018,60,1,41.5,4,1.0,1.0,1.0,0.0,2.0,Low
99404.0,2017-2018,34,2,25.0,2,0.0,0.0,1.0,0.0,2.0,Low
99405.0,2017-2018,54,1,42.8,7,1.0,0.0,0.0,1.0,2.0,Moderate
99407.0,2017-2018,49,2,49.9,4,1.0,1.0,0.0,0.0,2.0,Moderate
99410.0,2017-2018,52,2,37.4,3,1.0,1.0,0.0,0.0,1.0,High
99412.0,2017-2018,70,1,28.4,2,1.0,1.0,1.0,1.0,2.0,High
99415.0,2017-2018,73,2,30.7,4,1.0,1.0,1.0,0.0,2.0,High
99416.0,2017-2018,45,1,24.5,2,0.0,1.0,1.0,0.0,2.0,Moderate
99418.0,2017-2018,61,2,25.2,4,1.0,1.0,0.0,0.0,2.0,Moderate
99419.0,2017-2018,46,1,25.7,1,0.0,0.0,0.0,0.0,2.0,Low
99420.0,2017-2018,51,2,34.0,4,1.0,1.0,0.0,0.0,2.0,Moderate
99421.0,2017-2018,61,1,40.8,4,0.0,1.0,0.0,1.0,3.0,Moderate
99422.0,2017-2018,57,1,26.6,7,0.0,0.0,1.0,0.0,2.0,Low
99424.0,2017-2018,54,1,35.4,4,1.0,0.0,0.0,2.0,2.0,Moderate
99425.0,2017-2018,57,2,35.5,4,1.0,1.0,1.0,0.0,2.0,High
99427.0,2017-2018,45,2,40.6,3,0.0,0.0,0.0,0.0,2.0,High
99429.0,2017-2018,62,2,32.0,4,1.0,1.0,1.0,2.0,2.0,Moderate
99430.0,2017-2018,36,1,37.2,1,1.0,0.0,0.0,2.0,2.0,Moderate
99431.0,2017-2018,48,2,29.0,7,1.0,0.0,1.0,0.0,2.0,Low
99434.0,2017-2018,34,1,23.6,6,0.0,0.0,0.0,0.0,2.0,Low
99435.0,2017-2018,20,1,24.1,2,1.0,0.0,1.0,0.0,2.0,Low
99436.0,2017-2018,22,2,33.5,4,1.0,0.0,0.0,1.0,2.0,Moderate
99437.0,2017-2018,80,2,25.1,3,0.0,1.0,0.0,1.0,2.0,Low
99438.0,2017-2018,41,2,29.2,6,1.0,1.0,1.0,0.0,2.0,Moderate
99439.0,2017-2018,34,2,20.2,7,0.0,0.0,1.0,0.0,2.0,Low
99440.0,2017-2018,55,2,27.1,6,1.0,1.0,0.0,0.0,1.0,High
99441.0,2017-2018,65,2,25.5,2,0.0,0.0,1.0,0.0,2.0,Moderate
99442.0,2017-2018,35,2,24.1,3,0.0,0.0,0.0,2.0,2.0,Low
99443.0,2017-2018,57,1,42.7,3,1.0,0.0,1.0,0.0,1.0,High
99444.0,2017-2018,52,1,35.5,7,1.0,1.0,1.0,1.0,1.0,High
99446.0,2017-2018,29,2,25.3,3,0.0,0.0,1.0,0.0,2.0,Low
99448.0,2017-2018,49,1,24.5,7,1.0,0.0,0.0,2.0,2.0,Low
99449.0,2017-2018,41,1,34.1,4,0.0,1.0,0.0,0.0,2.0,Moderate
99452.0,2017-2018,63,2,18.6,3,0.0,1.0,0.0,2.0,2.0,Moderate
99453.0,2017-2018,29,2,24.0,2,0.0,,0.0,0.0,2.0,Low
99454.0,2017-2018,57,1,30.5,4,1.0,1.0,0.0,0.0,1.0,High
99456.0,2017-2018,26,1,24.3,6,1.0,0.0,1.0,0.0,2.0,Moderate
99457.0,2017-2018,40,1,25.0,1,1.0,0.0,1.0,0.0,2.0,Low
99459.0,2017-2018,20,2,41.7,2,0.0,0.0,0.0,2.0,2.0,Low
99460.0,2017-2018,30,1,24.1,2,0.0,0.0,1.0,0.0,2.0,Low
99461.0,2017-2018,61,1,23.5,1,0.0,0.0,1.0,0.0,2.0,Moderate
99463.0,2017-2018,23,2,30.7,2,0.0,0.0,0.0,0.0,2.0,Low
99464.0,2017-2018,48,1,26.9,3,0.0,0.0,0.0,2.0,2.0,Moderate
99465.0,2017-2018,70,2,27.3,2,0.0,0.0,1.0,0.0,2.0,Low
99466.0,2017-2018,29,2,42.0,2,0.0,0.0,0.0,0.0,2.0,Moderate
99469.0,2017-2018,59,1,36.2,3,0.0,0.0,0.0,0.0,2.0,Moderate
99470.0,2017-2018,56,2,49.2,4,1.0,0.0,0.0,0.0,2.0,High
99473.0,2017-2018,41,1,25.6,3,1.0,0.0,1.0,0.0,2.0,Moderate
99474.0,2017-2018,63,2,38.8,3,0.0,1.0,0.0,1.0,2.0,Low
99475.0,2017-2018,60,1,30.1,4,1.0,1.0,1.0,0.0,2.0,Moderate
99477.0,2017-2018,63,1,28.5,1,1.0,1.0,1.0,1.0,2.0,Moderate
99479.0,2017-2018,58,2,42.8,1,1.0,1.0,1.0,0.0,1.0,High
99481.0,2017-2018,32,2,26.8,3,1.0,0.0,1.0,2.0,2.0,Low
99483.0,2017-2018,74,1,24.0,3,1.0,1.0,1.0,0.0,2.0,Moderate
99484.0,2017-2018,51,2,41.7,2,0.0,1.0,0.0,2.0,2.0,Moderate
99486.0,2017-2018,62,1,23.6,6,1.0,0.0,1.0,1.0,3.0,High
99488.0,2017-2018,57,1,24.8,1,0.0,0.0,1.0,0.0,2.0,Moderate
99489.0,2017-2018,51,1,29.1,6,1.0,0.0,0.0,0.0,2.0,Low
99492.0,2017-2018,80,1,28.6,3,0.0,1.0,1.0,1.0,2.0,Low
99494.0,2017-2018,46,2,28.7,1,0.0,0.0,0.0,2.0,2.0,Low
99495.0,2017-2018,43,2,20.3,3,1.0,0.0,1.0,2.0,2.0,Low
99496.0,2017-2018,43,2,25.4,4,1.0,0.0,0.0,0.0,1.0,High
99497.0,2017-2018,56,2,25.7,6,0.0,1.0,1.0,0.0,2.0,Moderate
99498.0,2017-2018,32,1,28.9,6,1.0,0.0,1.0,1.0,1.0,High
99499.0,2017-2018,70,1,26.4,6,1.0,1.0,1.0,1.0,2.0,Low
99500.0,2017-2018,61,1,23.5,1,1.0,1.0,0.0,0.0,2.0,Low
99501.0,2017-2018,78,2,28.5,4,1.0,1.0,1.0,1.0,1.0,High
99503.0,2017-2018,61,2,43.4,4,1.0,1.0,1.0,0.0,1.0,High
99505.0,2017-2018,45,2,26.1,3,1.0,1.0,0.0,1.0,2.0,Low
99506.0,2017-2018,69,1,39.2,4,0.0,0.0,1.0,1.0,2.0,Low
99507.0,2017-2018,78,2,27.6,4,1.0,1.0,0.0,1.0,1.0,High
99509.0,2017-2018,73,2,36.8,3,1.0,0.0,0.0,0.0,2.0,Moderate
99510.0,2017-2018,35,2,17.0,6,0.0,0.0,0.0,0.0,2.0,Low
99511.0,2017-2018,55,2,32.8,3,0.0,0.0,0.0,0.0,2.0,Moderate
99512.0,2017-2018,65,2,18.2,4,1.0,1.0,0.0,1.0,2.0,Moderate
99513.0,2017-2018,36,2,30.9,6,1.0,0.0,1.0,0.0,2.0,Moderate
99514.0,2017-2018,73,1,,4,1.0,1.0,0.0,0.0,1.0,High
99517.0,2017-2018,39,2,31.5,1,1.0,0.0,0.0,0.0,2.0,Low
99518.0,2017-2018,80,1,30.1,4,0.0,1.0,1.0,1.0,2.0,High
99519.0,2017-2018,65,2,20.7,3,0.0,0.0,1.0,1.0,2.0,Low
99521.0,2017-2018,77,2,33.4,4,1.0,1.0,0.0,0.0,2.0,Moderate
99522.0,2017-2018,68,1,42.4,2,0.0,1.0,0.0,1.0,2.0,Low
99524.0,2017-2018,80,1,24.6,2,1.0,1.0,0.0,1.0,1.0,High
99525.0,2017-2018,26,2,28.0,3,0.0,0.0,1.0,0.0,2.0,Low
99526.0,2017-2018,29,2,41.6,6,0.0,0.0,1.0,0.0,2.0,Moderate
99531.0,2017-2018,55,2,26.1,1,0.0,1.0,0.0,0.0,2.0,Moderate
99532.0,2017-2018,63,2,23.9,6,0.0,0.0,0.0,0.0,2.0,Moderate
99533.0,2017-2018,73,2,26.5,3,1.0,1.0,1.0,1.0,2.0,Moderate
99534.0,2017-2018,67,2,36.0,6,0.0,1.0,0.0,0.0,2.0,High
99535.0,2017-2018,72,1,29.3,1,1.0,1.0,1.0,1.0,1.0,High
99536.0,2017-2018,36,2,42.7,4,0.0,0.0,1.0,2.0,2.0,Low
99538.0,2017-2018,66,1,30.2,3,0.0,0.0,1.0,0.0,2.0,Moderate
99539.0,2017-2018,22,1,41.0,4,1.0,1.0,0.0,2.0,2.0,Moderate
99540.0,2017-2018,57,1,28.5,7,1.0,0.0,0.0,2.0,2.0,High
99541.0,2017-2018,43,1,34.9,4,0.0,0.0,0.0,0.0,2.0,Moderate
99543.0,2017-2018,69,1,22.5,6,0.0,0.0,1.0,0.0,2.0,Moderate
99545.0,2017-2018,29,1,31.5,1,0.0,0.0,1.0,2.0,2.0,Low
99548.0,2017-2018,66,1,26.2,1,0.0,0.0,0.0,0.0,2.0,Low
99554.0,2017-2018,72,1,32.9,3,0.0,1.0,1.0,1.0,2.0,Low
99556.0,2017-2018,62,2,,3,0.0,0.0,0.0,0.0,2.0,Low
99563.0,2017-2018,52,1,29.1,4,0.0,1.0,0.0,0.0,2.0,Low
99564.0,2017-2018,76,2,23.6,2,0.0,0.0,1.0,0.0,2.0,Low
99565.0,2017-2018,80,1,26.8,4,1.0,1.0,0.0,0.0,2.0,Moderate
99568.0,2017-2018,52,2,18.8,2,0.0,0.0,0.0,0.0,2.0,Low
99573.0,2017-2018,25,1,24.4,4,0.0,0.0,1.0,0.0,2.0,Low
99574.0,2017-2018,63,1,33.4,3,0.0,0.0,0.0,1.0,2.0,Moderate
99575.0,2017-2018,74,2,30.6,3,1.0,0.0,1.0,0.0,1.0,High
99577.0,2017-2018,27,2,30.5,3,0.0,0.0,1.0,0.0,2.0,Low
99580.0,2017-2018,66,1,26.8,3,1.0,1.0,0.0,1.0,2.0,Low
99583.0,2017-2018,23,2,20.5,3,0.0,0.0,1.0,0.0,2.0,Low
99584.0,2017-2018,21,1,30.4,1,0.0,0.0,0.0,0.0,2.0,Moderate
99585.0,2017-2018,35,1,28.0,4,1.0,1.0,0.0,1.0,2.0,Moderate
99589.0,2017-2018,56,1,35.5,4,1.0,1.0,1.0,1.0,2.0,Low
99590.0,2017-2018,54,2,35.9,3,0.0,1.0,0.0,0.0,2.0,Low
99593.0,2017-2018,34,1,22.4,7,0.0,0.0,1.0,1.0,2.0,Low
99596.0,2017-2018,48,1,28.4,6,0.0,0.0,0.0,0.0,2.0,Low
99597.0,2017-2018,80,1,31.0,3,0.0,1.0,0.0,1.0,1.0,High
99599.0,2017-2018,48,2,27.8,3,1.0,0.0,1.0,0.0,2.0,Moderate
99600.0,2017-2018,55,2,29.4,4,0.0,0.0,0.0,0.0,2.0,Low
99602.0,2017-2018,64,2,41.8,1,0.0,0.0,0.0,2.0,1.0,High
99603.0,2017-2018,70,1,35.4,3,0.0,1.0,0.0,1.0,3.0,Moderate
99604.0,2017-2018,80,1,24.6,3,0.0,,0.0,1.0,2.0,Moderate
99605.0,2017-2018,46,1,42.2,3,1.0,0.0,1.0,0.0,1.0,High
99606.0,2017-2018,70,2,46.3,1,0.0,1.0,1.0,1.0,1.0,High
99609.0,2017-2018,46,1,42.2,4,1.0,1.0,1.0,1.0,2.0,Low
99610.0,2017-2018,65,1,34.7,2,1.0,1.0,0.0,1.0,1.0,High
99613.0,2017-2018,38,1,27.6,4,0.0,0.0,1.0,0.0,2.0,Moderate
99615.0,2017-2018,63,2,44.7,3,1.0,1.0,0.0,2.0,1.0,High
99616.0,2017-2018,39,2,63.5,3,1.0,1.0,0.0,0.0,2.0,High
99618.0,2017-2018,46,1,20.4,4,1.0,0.0,0.0,2.0,2.0,Low
99619.0,2017-2018,50,1,29.8,1,1.0,0.0,1.0,0.0,2.0,Low
99621.0,2017-2018,63,1,26.3,1,1.0,0.0,0.0,1.0,1.0,High
99622.0,2017-2018,61,2,35.4,3,0.0,0.0,0.0,0.0,2.0,Moderate
99624.0,2017-2018,45,1,27.2,3,1.0,0.0,0.0,0.0,2.0,Low
99625.0,2017-2018,68,1,28.3,3,1.0,0.0,1.0,0.0,2.0,Low
99628.0,2017-2018,52,2,21.4,1,1.0,0.0,1.0,0.0,2.0,Low
99630.0,2017-2018,73,1,31.3,3,0.0,0.0,0.0,0.0,1.0,High
99631.0,2017-2018,40,1,22.4,6,1.0,0.0,1.0,0.0,1.0,High
99633.0,2017-2018,60,1,36.7,1,1.0,0.0,1.0,0.0,3.0,Moderate
99635.0,2017-2018,65,2,41.4,4,1.0,1.0,0.0,0.0,2.0,Moderate
99636.0,2017-2018,53,2,49.1,1,1.0,1.0,0.0,0.0,2.0,Low
99637.0,2017-2018,30,1,27.1,6,1.0,0.0,1.0,0.0,2.0,Moderate
99641.0,2017-2018,23,1,22.7,4,0.0,1.0,1.0,0.0,2.0,Moderate
99643.0,2017-2018,80,2,23.5,3,1.0,1.0,0.0,1.0,1.0,High
99645.0,2017-2018,80,2,30.3,4,0.0,1.0,0.0,1.0,2.0,Moderate
99647.0,2017-2018,76,1,28.5,3,1.0,1.0,0.0,1.0,1.0,High
99653.0,2017-2018,53,1,27.4,2,1.0,0.0,0.0,1.0,2.0,Low
99655.0,2017-2018,38,1,27.0,4,1.0,1.0,0.0,0.0,2.0,Low
99658.0,2017-2018,66,2,36.3,1,0.0,1.0,0.0,0.0,1.0,High
99659.0,2017-2018,41,2,24.6,6,0.0,0.0,1.0,0.0,2.0,Moderate
99660.0,2017-2018,75,1,,3,1.0,1.0,0.0,1.0,1.0,High
99661.0,2017-2018,48,2,24.7,4,1.0,1.0,1.0,2.0,2.0,Low
99662.0,2017-2018,65,2,36.1,4,1.0,1.0,0.0,0.0,1.0,High
99665.0,2017-2018,46,2,30.0,6,1.0,0.0,1.0,0.0,1.0,High
99668.0,2017-2018,63,1,27.7,4,0.0,0.0,1.0,2.0,2.0,Moderate
99670.0,2017-2018,66,1,31.7,4,0.0,1.0,0.0,2.0,1.0,High
99672.0,2017-2018,32,2,24.0,6,0.0,0.0,0.0,0.0,2.0,Moderate
99674.0,2017-2018,71,1,30.3,3,0.0,0.0,1.0,1.0,2.0,Low
99675.0,2017-2018,53,2,45.1,3,1.0,1.0,0.0,0.0,1.0,High
99676.0,2017-2018,51,2,25.6,2,1.0,0.0,0.0,0.0,2.0,Low
99678.0,2017-2018,38,2,24.8,6,0.0,0.0,1.0,0.0,2.0,Low
99679.0,2017-2018,61,1,30.1,2,0.0,1.0,1.0,1.0,2.0,High
99680.0,2017-2018,62,1,23.8,4,0.0,1.0,0.0,2.0,2.0,Low
99682.0,2017-2018,80,1,25.8,3,1.0,0.0,0.0,0.0,1.0,High
99683.0,2017-2018,80,2,33.9,3,0.0,1.0,0.0,1.0,1.0,High
99684.0,2017-2018,64,2,23.9,6,0.0,1.0,0.0,0.0,2.0,Low
99686.0,2017-2018,40,1,22.2,4,1.0,0.0,0.0,0.0,2.0,High
99689.0,2017-2018,28,1,23.7,3,0.0,0.0,1.0,2.0,2.0,Low
99691.0,2017-2018,44,2,23.6,1,1.0,0.0,0.0,0.0,2.0,Low
99694.0,2017-2018,48,1,32.8,3,1.0,1.0,0.0,1.0,1.0,High
99695.0,2017-2018,37,2,48.9,3,0.0,0.0,1.0,2.0,2.0,Moderate
99698.0,2017-2018,74,2,34.8,4,1.0,1.0,1.0,0.0,1.0,High
99700.0,2017-2018,70,1,25.6,3,0.0,0.0,1.0,1.0,2.0,Moderate
99702.0,2017-2018,65,1,20.2,4,0.0,0.0,1.0,1.0,2.0,Moderate
99703.0,2017-2018,80,2,25.2,3,0.0,0.0,1.0,0.0,2.0,Low
99705.0,2017-2018,40,2,35.6,2,0.0,0.0,0.0,0.0,2.0,Low
99708.0,2017-2018,63,2,26.8,2,0.0,0.0,0.0,1.0,2.0,Low
99709.0,2017-2018,26,1,23.1,6,0.0,0.0,1.0,0.0,2.0,Low
99710.0,2017-2018,30,2,21.8,7,0.0,0.0,1.0,0.0,2.0,Low
99711.0,2017-2018,58,2,28.0,6,0.0,1.0,0.0,0.0,2.0,High
99714.0,2017-2018,35,2,37.2,3,0.0,0.0,1.0,0.0,2.0,Low
99715.0,2017-2018,24,2,47.4,4,1.0,0.0,0.0,0.0,2.0,Moderate
99716.0,2017-2018,35,1,29.1,1,1.0,0.0,1.0,0.0,2.0,Moderate
99717.0,2017-2018,60,2,29.3,4,1.0,0.0,1.0,2.0,2.0,Low
99719.0,2017-2018,60,2,19.6,7,0.0,0.0,0.0,2.0,2.0,Moderate
99720.0,2017-2018,53,1,25.7,6,1.0,1.0,1.0,0.0,1.0,High
99721.0,2017-2018,20,2,24.7,4,0.0,0.0,0.0,0.0,2.0,Low
99724.0,2017-2018,56,1,27.4,3,0.0,0.0,0.0,1.0,2.0,Moderate
99726.0,2017-2018,77,2,25.5,3,1.0,1.0,0.0,0.0,2.0,Moderate
99727.0,2017-2018,78,2,25.5,3,1.0,1.0,0.0,2.0,2.0,Moderate
99736.0,2017-2018,62,1,31.4,4,1.0,0.0,0.0,0.0,3.0,High
99740.0,2017-2018,64,1,21.9,3,0.0,0.0,1.0,0.0,2.0,Low
99741.0,2017-2018,80,1,28.4,3,0.0,1.0,1.0,0.0,2.0,Moderate
99742.0,2017-2018,79,1,33.5,7,1.0,0.0,0.0,1.0,3.0,High
99743.0,2017-2018,80,2,31.3,3,1.0,1.0,0.0,0.0,1.0,High
99744.0,2017-2018,51,2,22.6,3,1.0,1.0,0.0,2.0,2.0,Low
99745.0,2017-2018,33,1,32.3,6,1.0,1.0,1.0,2.0,2.0,Moderate
99747.0,2017-2018,80,2,36.1,3,0.0,1.0,0.0,0.0,2.0,Low
99749.0,2017-2018,33,2,39.5,4,0.0,0.0,1.0,1.0,2.0,Low
99751.0,2017-2018,27,2,33.8,3,1.0,0.0,1.0,2.0,2.0,Low
99754.0,2017-2018,36,1,28.5,3,0.0,0.0,1.0,2.0,2.0,Low
99758.0,2017-2018,80,2,27.8,3,0.0,0.0,0.0,1.0,2.0,Low
99759.0,2017-2018,50,1,38.2,1,1.0,0.0,1.0,0.0,1.0,High
99760.0,2017-2018,67,1,37.5,4,0.0,1.0,0.0,1.0,2.0,Low
99761.0,2017-2018,20,2,20.4,2,1.0,0.0,0.0,0.0,2.0,Low
99762.0,2017-2018,55,2,28.1,1,0.0,0.0,1.0,0.0,2.0,Low
99763.0,2017-2018,54,2,24.1,1,1.0,0.0,0.0,1.0,1.0,High
99765.0,2017-2018,46,2,26.0,1,1.0,1.0,0.0,0.0,2.0,Low
99766.0,2017-2018,49,1,25.2,6,1.0,0.0,1.0,0.0,1.0,High
99768.0,2017-2018,28,2,43.3,3,1.0,0.0,0.0,2.0,2.0,High
99772.0,2017-2018,43,2,51.3,4,0.0,0.0,0.0,0.0,2.0,Moderate
99774.0,2017-2018,80,2,,6,0.0,1.0,0.0,0.0,2.0,Moderate
99776.0,2017-2018,71,1,36.6,1,1.0,1.0,0.0,1.0,1.0,High
99777.0,2017-2018,21,1,28.3,3,0.0,1.0,1.0,0.0,2.0,Moderate
99778.0,2017-2018,46,1,22.4,7,0.0,0.0,1.0,0.0,2.0,Low
99779.0,2017-2018,41,2,,1,0.0,0.0,0.0,2.0,2.0,Moderate
99782.0,2017-2018,53,2,23.6,1,0.0,0.0,0.0,2.0,2.0,Moderate
99783.0,2017-2018,35,1,34.1,1,1.0,0.0,1.0,1.0,1.0,High
99785.0,2017-2018,80,2,34.6,3,0.0,0.0,0.0,1.0,2.0,Moderate
99786.0,2017-2018,44,1,30.1,3,0.0,0.0,0.0,0.0,2.0,Low
99790.0,2017-2018,24,1,24.8,6,1.0,0.0,1.0,0.0,2.0,Low
99792.0,2017-2018,69,1,27.2,7,0.0,0.0,0.0,1.0,2.0,Low
99793.0,2017-2018,26,2,29.0,3,1.0,0.0,1.0,0.0,2.0,Low
99795.0,2017-2018,21,2,52.0,2,0.0,0.0,1.0,2.0,2.0,Low
99797.0,2017-2018,65,1,17.5,3,0.0,0.0,0.0,2.0,2.0,Moderate
99798.0,2017-2018,29,1,36.7,3,1.0,1.0,0.0,2.0,2.0,Moderate
99804.0,2017-2018,61,1,29.0,3,1.0,1.0,0.0,1.0,2.0,Moderate
99806.0,2017-2018,70,2,36.2,2,0.0,1.0,0.0,0.0,2.0,Moderate
99807.0,2017-2018,27,1,27.2,1,0.0,0.0,0.0,2.0,2.0,Low
99808.0,2017-2018,39,2,30.6,2,0.0,0.0,0.0,0.0,2.0,Low
99811.0,2017-2018,48,2,34.1,1,1.0,0.0,0.0,0.0,2.0,Moderate
99813.0,2017-2018,48,1,25.8,6,1.0,0.0,1.0,1.0,2.0,High
99815.0,2017-2018,71,2,45.4,4,1.0,0.0,0.0,1.0,1.0,High
99816.0,2017-2018,55,2,41.6,3,1.0,0.0,0.0,0.0,2.0,Low
99817.0,2017-2018,57,2,26.5,4,0.0,0.0,1.0,0.0,2.0,Low
99819.0,2017-2018,50,1,29.1,3,1.0,0.0,0.0,0.0,2.0,Moderate
99820.0,2017-2018,80,1,26.1,3,1.0,0.0,1.0,1.0,1.0,High
99822.0,2017-2018,28,2,19.0,6,0.0,0.0,1.0,0.0,2.0,Low
99824.0,2017-2018,33,2,23.3,6,0.0,0.0,1.0,0.0,2.0,Low
99825.0,2017-2018,67,1,32.5,4,0.0,1.0,1.0,1.0,2.0,Moderate
99831.0,2017-2018,58,1,31.4,4,0.0,0.0,1.0,1.0,2.0,Moderate
99833.0,2017-2018,70,1,26.7,3,1.0,1.0,1.0,1.0,2.0,Moderate
99834.0,2017-2018,44,1,21.2,6,1.0,1.0,1.0,0.0,2.0,Low
99838.0,2017-2018,48,2,36.0,3,0.0,1.0,0.0,0.0,2.0,Low
99839.0,2017-2018,42,1,30.5,4,1.0,1.0,1.0,0.0,2.0,Low
99840.0,2017-2018,74,2,25.4,2,1.0,1.0,0.0,0.0,1.0,High
99841.0,2017-2018,21,1,29.7,6,0.0,0.0,1.0,0.0,2.0,Low
99842.0,2017-2018,47,1,31.4,3,1.0,1.0,0.0,1.0,2.0,Moderate
99844.0,2017-2018,45,1,39.0,4,0.0,0.0,1.0,2.0,2.0,Moderate
99848.0,2017-2018,39,2,23.8,3,1.0,0.0,0.0,2.0,2.0,Low
99851.0,2017-2018,71,2,25.6,6,1.0,1.0,0.0,0.0,1.0,High
99852.0,2017-2018,21,2,29.9,4,1.0,0.0,1.0,0.0,2.0,Low
99854.0,2017-2018,69,2,39.4,3,1.0,1.0,0.0,0.0,1.0,High
99855.0,2017-2018,34,1,38.9,4,0.0,1.0,0.0,0.0,2.0,Moderate
99856.0,2017-2018,54,1,30.8,4,0.0,1.0,0.0,0.0,2.0,Low
99857.0,2017-2018,36,2,36.8,1,1.0,0.0,1.0,0.0,2.0,High
99858.0,2017-2018,58,1,41.1,3,1.0,0.0,1.0,0.0,2.0,Low
99861.0,2017-2018,30,2,20.7,6,0.0,0.0,1.0,1.0,2.0,Low
99864.0,2017-2018,36,2,43.9,3,1.0,0.0,0.0,0.0,2.0,Moderate
99866.0,2017-2018,61,1,47.0,3,1.0,1.0,0.0,1.0,2.0,Moderate
99867.0,2017-2018,29,1,23.8,3,1.0,0.0,0.0,1.0,2.0,Low
99868.0,2017-2018,70,2,39.4,3,0.0,1.0,1.0,0.0,2.0,Moderate
99869.0,2017-2018,24,1,25.5,3,0.0,0.0,0.0,2.0,2.0,Low
99870.0,2017-2018,80,1,31.6,3,1.0,0.0,0.0,0.0,1.0,High
99871.0,2017-2018,25,2,38.1,1,1.0,0.0,1.0,2.0,3.0,Moderate
99872.0,2017-2018,31,2,32.3,3,1.0,0.0,0.0,0.0,2.0,Low
99873.0,2017-2018,49,1,26.0,6,0.0,0.0,0.0,0.0,2.0,Low
99874.0,2017-2018,60,1,23.9,6,,0.0,0.0,2.0,1.0,High
99876.0,2017-2018,25,1,30.6,3,0.0,1.0,0.0,2.0,2.0,Low
99879.0,2017-2018,27,2,19.7,4,1.0,0.0,0.0,0.0,2.0,Low
99881.0,2017-2018,55,2,20.4,6,0.0,0.0,1.0,0.0,2.0,Low
99883.0,2017-2018,51,1,29.2,2,0.0,0.0,1.0,1.0,2.0,Moderate
99884.0,2017-2018,64,1,31.6,3,1.0,1.0,1.0,1.0,1.0,High
99885.0,2017-2018,30,2,24.0,4,0.0,0.0,0.0,0.0,2.0,Low
99886.0,2017-2018,63,2,25.4,3,1.0,1.0,0.0,2.0,2.0,Moderate
99887.0,2017-2018,27,2,26.1,3,0.0,0.0,1.0,0.0,2.0,Moderate
99890.0,2017-2018,68,2,39.6,3,0.0,0.0,0.0,0.0,2.0,Moderate
99891.0,2017-2018,36,2,20.6,3,1.0,0.0,0.0,1.0,2.0,Low
99893.0,2017-2018,41,2,30.4,4,0.0,0.0,0.0,0.0,2.0,Low
99894.0,2017-2018,32,1,29.1,1,0.0,0.0,0.0,1.0,2.0,Low
99895.0,2017-2018,73,1,34.0,2,1.0,0.0,1.0,2.0,2.0,Moderate
99896.0,2017-2018,47,1,29.9,2,0.0,0.0,0.0,0.0,2.0,Moderate
99898.0,2017-2018,33,1,40.6,3,1.0,0.0,1.0,1.0,2.0,Moderate
99899.0,2017-2018,59,1,31.1,3,1.0,0.0,1.0,0.0,2.0,Low
99900.0,2017-2018,50,1,25.6,4,1.0,1.0,0.0,2.0,2.0,Low
99901.0,2017-2018,36,2,43.7,4,0.0,0.0,0.0,0.0,2.0,Moderate
99905.0,2017-2018,45,1,29.8,4,0.0,0.0,1.0,0.0,2.0,Low
99907.0,2017-2018,66,2,26.2,3,1.0,1.0,1.0,0.0,2.0,Moderate
99908.0,2017-2018,63,2,31.6,1,0.0,0.0,0.0,0.0,2.0,Moderate
99909.0,2017-2018,42,1,27.8,2,1.0,0.0,0.0,0.0,2.0,Moderate
99910.0,2017-2018,30,2,23.1,3,0.0,0.0,1.0,2.0,2.0,Low
99913.0,2017-2018,74,1,34.8,2,1.0,1.0,0.0,1.0,2.0,Moderate
99914.0,2017-2018,70,2,34.5,4,0.0,1.0,1.0,0.0,2.0,Moderate
99918.0,2017-2018,33,2,26.1,6,1.0,0.0,1.0,1.0,2.0,Low
99919.0,2017-2018,80,1,20.4,4,0.0,0.0,0.0,0.0,1.0,High
99920.0,2017-2018,36,2,28.4,3,0.0,0.0,0.0,2.0,2.0,Low
99922.0,2017-2018,63,1,29.0,3,1.0,1.0,0.0,2.0,2.0,Moderate
99924.0,2017-2018,21,2,21.3,6,1.0,0.0,1.0,0.0,2.0,Low
99925.0,2017-2018,38,1,27.7,2,0.0,1.0,1.0,0.0,2.0,Low
99926.0,2017-2018,54,2,32.5,1,0.0,0.0,0.0,0.0,2.0,Moderate
99927.0,2017-2018,25,1,47.6,1,1.0,0.0,1.0,0.0,2.0,Moderate
99928.0,2017-2018,29,1,45.0,1,1.0,0.0,0.0,0.0,2.0,Moderate
99929.0,2017-2018,39,1,27.2,3,1.0,1.0,0.0,2.0,2.0,Low
99930.0,2017-2018,63,2,21.5,6,1.0,0.0,0.0,0.0,1.0,High
99931.0,2017-2018,20,2,24.1,6,0.0,0.0,1.0,0.0,2.0,Low
99932.0,2017-2018,31,1,27.4,1,0.0,0.0,0.0,0.0,2.0,Low
99934.0,2017-2018,26,2,57.4,3,1.0,0.0,1.0,0.0,3.0,Moderate
99935.0,2017-2018,42,2,31.4,1,0.0,0.0,0.0,0.0,2.0,Low
99937.0,2017-2018,54,2,27.5,2,1.0,0.0,1.0,0.0,1.0,High
99938.0,2017-2018,37,2,19.7,4,0.0,0.0,0.0,2.0,2.0,Low
99939.0,2017-2018,39,2,24.1,4,1.0,0.0,0.0,0.0,2.0,Low
99941.0,2017-2018,56,2,33.2,6,0.0,0.0,0.0,0.0,3.0,Moderate
99942.0,2017-2018,35,2,26.9,1,1.0,0.0,0.0,0.0,2.0,Moderate
99945.0,2017-2018,74,2,23.2,6,0.0,1.0,0.0,0.0,2.0,Moderate
99947.0,2017-2018,56,2,33.8,4,1.0,0.0,1.0,0.0,2.0,Low
99948.0,2017-2018,80,2,24.3,3,1.0,1.0,0.0,0.0,2.0,Low
99949.0,2017-2018,21,2,33.8,6,0.0,0.0,0.0,0.0,2.0,Low
99950.0,2017-2018,80,1,29.0,4,1.0,1.0,1.0,1.0,2.0,Moderate
99951.0,2017-2018,38,2,27.0,2,0.0,0.0,0.0,0.0,2.0,Low
99952.0,2017-2018,61,1,30.9,3,0.0,1.0,0.0,1.0,2.0,Moderate
99953.0,2017-2018,73,1,27.1,4,0.0,0.0,1.0,2.0,2.0,Moderate
99954.0,2017-2018,71,1,22.4,6,1.0,0.0,1.0,0.0,1.0,High
99959.0,2017-2018,48,1,37.9,4,0.0,0.0,0.0,0.0,2.0,High
99961.0,2017-2018,39,2,24.3,6,1.0,0.0,1.0,1.0,2.0,Moderate
99964.0,2017-2018,21,2,28.2,1,0.0,0.0,0.0,0.0,2.0,Low
99966.0,2017-2018,46,2,23.6,6,0.0,0.0,0.0,0.0,2.0,Low
99969.0,2017-2018,69,1,29.7,4,0.0,1.0,0.0,1.0,2.0,Moderate
99974.0,2017-2018,26,2,20.4,3,0.0,1.0,1.0,2.0,2.0,Low
99977.0,2017-2018,77,2,37.9,4,1.0,1.0,1.0,2.0,2.0,High
99979.0,2017-2018,80,2,20.1,6,0.0,0.0,0.0,0.0,2.0,Low
99983.0,2017-2018,33,2,51.1,4,0.0,1.0,1.0,2.0,2.0,Low
99984.0,2017-2018,54,2,32.3,2,1.0,1.0,1.0,2.0,2.0,Low
99985.0,2017-2018,37,2,24.6,3,0.0,0.0,1.0,0.0,2.0,Low
99986.0,2017-2018,31,2,38.7,1,0.0,0.0,0.0,0.0,2.0,Low
99987.0,2017-2018,58,1,33.1,6,0.0,0.0,1.0,1.0,2.0,Moderate
99989.0,2017-2018,21,2,32.3,1,1.0,0.0,1.0,0.0,2.0,Moderate
99990.0,2017-2018,80,1,33.0,3,1.0,0.0,1.0,0.0,1.0,High
99991.0,2017-2018,64,1,26.0,4,0.0,0.0,1.0,2.0,2.0,Moderate
99992.0,2017-2018,61,2,37.1,4,1.0,1.0,1.0,0.0,2.0,Moderate
99994.0,2017-2018,48,2,29.0,1,1.0,0.0,1.0,0.0,2.0,Moderate
99996.0,2017-2018,51,2,31.4,4,1.0,1.0,1.0,2.0,1.0,High
99997.0,2017-2018,64,2,27.8,1,0.0,0.0,0.0,0.0,2.0,Moderate
99999.0,2017-2018,25,1,28.9,1,0.0,0.0,0.0,0.0,2.0,Low
100000.0,2017-2018,21,2,30.4,4,0.0,0.0,0.0,0.0,2.0,Moderate
100001.0,2017-2018,39,1,30.9,3,0.0,1.0,0.0,2.0,2.0,Low
100004.0,2017-2018,65,2,23.8,2,0.0,1.0,1.0,0.0,2.0,High
100007.0,2017-2018,63,2,24.2,4,1.0,0.0,1.0,0.0,2.0,Moderate
100008.0,2017-2018,56,2,29.9,6,1.0,1.0,1.0,0.0,2.0,Moderate
100010.0,2017-2018,80,1,,3,0.0,0.0,1.0,0.0,2.0,Moderate
100012.0,2017-2018,51,1,45.1,3,0.0,1.0,0.0,0.0,1.0,High
100013.0,2017-2018,43,2,25.0,6,0.0,0.0,1.0,0.0,2.0,Moderate
100015.0,2017-2018,27,1,23.6,3,1.0,0.0,0.0,2.0,2.0,Low
100016.0,2017-2018,36,1,29.5,6,1.0,0.0,1.0,1.0,2.0,Moderate
100018.0,2017-2018,22,1,21.1,3,1.0,0.0,0.0,0.0,2.0,Moderate
100019.0,2017-2018,22,1,19.3,4,1.0,0.0,1.0,1.0,2.0,Low
100020.0,2017-2018,65,1,37.9,3,1.0,,1.0,1.0,1.0,High
100024.0,2017-2018,39,2,31.5,3,0.0,0.0,0.0,2.0,2.0,Low
100025.0,2017-2018,35,2,53.1,3,0.0,0.0,0.0,2.0,2.0,High
100026.0,2017-2018,22,2,29.1,7,0.0,1.0,1.0,0.0,2.0,Moderate
100029.0,2017-2018,20,2,22.7,1,1.0,0.0,1.0,0.0,2.0,Low
100032.0,2017-2018,27,2,20.6,6,0.0,0.0,1.0,0.0,2.0,Low
100033.0,2017-2018,62,2,28.0,1,1.0,0.0,1.0,0.0,2.0,Moderate
100037.0,2017-2018,54,1,29.6,1,1.0,1.0,1.0,1.0,2.0,Low
100039.0,2017-2018,28,1,23.2,3,,0.0,1.0,1.0,3.0,Moderate
100040.0,2017-2018,24,1,34.3,7,0.0,1.0,0.0,1.0,2.0,Moderate
100041.0,2017-2018,47,1,27.1,3,1.0,0.0,1.0,0.0,2.0,Moderate
100043.0,2017-2018,67,2,42.8,4,1.0,1.0,0.0,1.0,2.0,Moderate
100044.0,2017-2018,27,1,23.7,1,0.0,0.0,1.0,2.0,2.0,Low
100046.0,2017-2018,51,1,34.2,7,1.0,1.0,0.0,2.0,2.0,Moderate
100047.0,2017-2018,42,1,26.3,4,0.0,0.0,1.0,1.0,2.0,Moderate
100051.0,2017-2018,66,1,42.9,3,1.0,1.0,0.0,2.0,1.0,High
100053.0,2017-2018,77,2,26.4,6,0.0,1.0,0.0,0.0,2.0,Moderate
100055.0,2017-2018,47,2,32.4,6,0.0,0.0,1.0,1.0,2.0,Moderate
100056.0,2017-2018,57,1,36.9,1,1.0,0.0,1.0,0.0,2.0,High
100061.0,2017-2018,55,2,20.7,6,1.0,0.0,0.0,0.0,2.0,Moderate
100062.0,2017-2018,48,2,28.2,6,0.0,0.0,0.0,0.0,2.0,Low
100064.0,2017-2018,71,2,23.2,2,0.0,0.0,0.0,0.0,2.0,Low
100067.0,2017-2018,69,1,44.5,3,0.0,1.0,1.0,1.0,1.0,High
100068.0,2017-2018,22,2,24.2,3,1.0,0.0,0.0,0.0,2.0,Low
100069.0,2017-2018,20,2,24.7,6,0.0,0.0,1.0,0.0,2.0,Low
100070.0,2017-2018,28,2,22.5,3,0.0,0.0,1.0,2.0,2.0,Low
100071.0,2017-2018,71,1,24.9,3,0.0,0.0,0.0,1.0,2.0,Moderate
100072.0,2017-2018,33,2,20.7,1,1.0,0.0,0.0,0.0,1.0,High
100077.0,2017-2018,32,2,32.2,1,1.0,0.0,0.0,0.0,2.0,Low
100079.0,2017-2018,80,2,24.6,3,0.0,1.0,0.0,0.0,2.0,Moderate
100083.0,2017-2018,80,2,22.3,3,0.0,1.0,0.0,1.0,2.0,Moderate
100085.0,2017-2018,64,1,29.7,3,1.0,0.0,0.0,1.0,2.0,Low
100087.0,2017-2018,30,2,36.6,3,,1.0,0.0,2.0,2.0,Low
100088.0,2017-2018,75,1,27.6,1,0.0,1.0,0.0,1.0,1.0,High
100089.0,2017-2018,24,2,21.0,3,0.0,0.0,0.0,0.0,2.0,Low
100090.0,2017-2018,24,2,26.8,1,0.0,0.0,0.0,0.0,2.0,Low
100092.0,2017-2018,22,1,25.8,7,1.0,0.0,1.0,0.0,2.0,Low
100094.0,2017-2018,66,2,47.2,4,1.0,1.0,0.0,0.0,1.0,High
100095.0,2017-2018,27,2,33.6,2,1.0,0.0,0.0,0.0,9.0,Low
100098.0,2017-2018,61,1,35.5,4,1.0,1.0,1.0,0.0,2.0,Low
100099.0,2017-2018,45,1,31.4,3,0.0,0.0,1.0,0.0,2.0,Moderate
100100.0,2017-2018,32,1,22.6,4,0.0,0.0,1.0,0.0,2.0,Moderate
100102.0,2017-2018,41,1,32.5,6,1.0,0.0,0.0,0.0,2.0,Moderate
100103.0,2017-2018,61,1,33.5,2,0.0,0.0,0.0,0.0,2.0,High
100105.0,2017-2018,50,2,54.5,4,1.0,1.0,0.0,0.0,2.0,Moderate
100107.0,2017-2018,23,1,17.9,4,0.0,0.0,0.0,0.0,2.0,Low
100108.0,2017-2018,27,2,23.7,3,0.0,0.0,1.0,0.0,2.0,Low
100110.0,2017-2018,26,1,24.5,4,0.0,0.0,0.0,0.0,2.0,Low
100111.0,2017-2018,26,1,22.4,1,0.0,0.0,1.0,0.0,2.0,Low
100112.0,2017-2018,57,2,20.9,2,1.0,0.0,1.0,0.0,2.0,Moderate
100113.0,2017-2018,79,1,33.8,3,1.0,1.0,1.0,1.0,1.0,High
100114.0,2017-2018,79,1,27.5,3,1.0,1.0,1.0,1.0,2.0,Moderate
100115.0,2017-2018,47,2,28.4,3,0.0,0.0,0.0,0.0,2.0,Moderate
100116.0,2017-2018,63,2,24.7,2,0.0,0.0,0.0,0.0,2.0,Moderate
100117.0,2017-2018,29,2,26.9,6,0.0,0.0,0.0,0.0,2.0,Low
100118.0,2017-2018,78,1,27.0,4,1.0,1.0,0.0,0.0,1.0,High
100119.0,2017-2018,47,2,44.0,3,1.0,1.0,1.0,0.0,2.0,Moderate
100122.0,2017-2018,65,1,28.1,4,1.0,0.0,1.0,2.0,2.0,Moderate
100123.0,2017-2018,57,1,37.2,3,0.0,1.0,0.0,2.0,1.0,High
100127.0,2017-2018,55,1,33.5,2,1.0,1.0,0.0,1.0,2.0,Moderate
100128.0,2017-2018,47,1,42.1,3,0.0,1.0,1.0,1.0,2.0,Moderate
100129.0,2017-2018,72,1,31.5,1,1.0,0.0,0.0,1.0,1.0,High
100133.0,2017-2018,20,1,17.1,3,0.0,0.0,1.0,2.0,2.0,Low
100136.0,2017-2018,67,1,,3,0.0,1.0,0.0,1.0,1.0,High
100137.0,2017-2018,43,2,35.8,2,1.0,0.0,0.0,0.0,2.0,Low
100142.0,2017-2018,72,1,24.1,3,0.0,0.0,1.0,0.0,2.0,Moderate
100143.0,2017-2018,80,2,36.4,3,1.0,1.0,1.0,0.0,1.0,High
100144.0,2017-2018,33,2,32.0,2,1.0,0.0,1.0,0.0,2.0,Low
100145.0,2017-2018,45,2,27.2,2,1.0,0.0,1.0,0.0,2.0,Low
100148.0,2017-2018,22,2,21.0,2,0.0,0.0,0.0,2.0,2.0,Low
100149.0,2017-2018,80,2,19.8,3,0.0,0.0,0.0,0.0,2.0,Low
100150.0,2017-2018,51,2,28.5,1,0.0,0.0,1.0,0.0,2.0,Low
100151.0,2017-2018,60,1,35.5,1,0.0,0.0,1.0,2.0,1.0,High
100152.0,2017-2018,34,2,29.6,4,1.0,0.0,0.0,2.0,2.0,Low
100154.0,2017-2018,66,1,30.1,1,1.0,1.0,1.0,1.0,1.0,High
100158.0,2017-2018,61,1,35.0,4,0.0,0.0,0.0,1.0,1.0,High
100160.0,2017-2018,26,2,33.4,3,0.0,0.0,0.0,0.0,2.0,Moderate
100162.0,2017-2018,64,2,24.7,2,1.0,0.0,0.0,2.0,2.0,Moderate
100163.0,2017-2018,69,2,30.0,4,0.0,0.0,1.0,0.0,2.0,Moderate
100165.0,2017-2018,56,1,24.6,3,0.0,1.0,0.0,1.0,2.0,Moderate
100167.0,2017-2018,75,1,23.9,1,1.0,1.0,1.0,0.0,2.0,Moderate
100168.0,2017-2018,51,1,27.3,2,1.0,0.0,0.0,2.0,2.0,Low
100171.0,2017-2018,28,2,28.2,1,1.0,0.0,0.0,0.0,2.0,Low
100172.0,2017-2018,42,2,31.6,3,1.0,0.0,1.0,0.0,2.0,Low
100173.0,2017-2018,47,1,26.7,3,0.0,1.0,0.0,2.0,2.0,Moderate
100175.0,2017-2018,33,1,27.0,4,1.0,0.0,1.0,0.0,2.0,Low
100178.0,2017-2018,40,2,32.0,3,0.0,0.0,0.0,2.0,2.0,Low
100180.0,2017-2018,45,1,33.0,4,0.0,0.0,1.0,0.0,2.0,Low
100181.0,2017-2018,37,2,36.7,1,1.0,0.0,1.0,0.0,2.0,Low
100185.0,2017-2018,63,1,27.8,7,0.0,1.0,0.0,1.0,2.0,Low
100186.0,2017-2018,32,1,39.8,6,0.0,0.0,0.0,2.0,2.0,Moderate
100188.0,2017-2018,80,2,26.0,3,0.0,1.0,0.0,0.0,1.0,High
100190.0,2017-2018,32,2,34.4,2,1.0,0.0,1.0,1.0,2.0,Moderate
100191.0,2017-2018,42,2,27.2,3,0.0,0.0,0.0,2.0,2.0,Low
100192.0,2017-2018,56,1,34.7,1,0.0,0.0,0.0,0.0,2.0,Moderate
100194.0,2017-2018,60,1,23.9,4,0.0,1.0,0.0,0.0,2.0,Low
100195.0,2017-2018,32,2,22.3,6,0.0,0.0,1.0,0.0,2.0,Low
100196.0,2017-2018,32,2,23.0,4,0.0,0.0,0.0,0.0,2.0,Low
100200.0,2017-2018,43,2,39.5,7,0.0,0.0,0.0,1.0,2.0,Moderate
100201.0,2017-2018,43,1,27.9,3,0.0,0.0,1.0,2.0,2.0,Moderate
100202.0,2017-2018,22,2,35.0,1,0.0,0.0,1.0,0.0,2.0,Low
100203.0,2017-2018,39,1,18.9,4,0.0,0.0,1.0,2.0,2.0,Low
100204.0,2017-2018,36,2,28.9,2,0.0,0.0,1.0,0.0,2.0,Low
100205.0,2017-2018,48,1,34.3,4,1.0,0.0,0.0,1.0,2.0,Moderate
100206.0,2017-2018,62,2,37.9,2,1.0,1.0,0.0,1.0,1.0,High
100210.0,2017-2018,60,2,37.2,3,1.0,1.0,0.0,1.0,2.0,Moderate
100211.0,2017-2018,41,2,31.1,1,0.0,0.0,0.0,0.0,2.0,Low
100212.0,2017-2018,58,1,19.6,3,0.0,1.0,1.0,2.0,2.0,Moderate
100213.0,2017-2018,66,1,26.1,3,1.0,1.0,0.0,1.0,1.0,High
100214.0,2017-2018,57,1,52.8,4,1.0,1.0,1.0,2.0,2.0,Moderate
100216.0,2017-2018,42,2,21.2,1,0.0,0.0,1.0,0.0,2.0,Low
100219.0,2017-2018,74,1,30.9,4,0.0,1.0,1.0,1.0,2.0,Moderate
100221.0,2017-2018,30,2,22.7,4,1.0,0.0,1.0,0.0,2.0,Moderate
100222.0,2017-2018,65,2,34.4,4,1.0,1.0,0.0,1.0,1.0,High
100228.0,2017-2018,74,2,31.7,3,1.0,1.0,1.0,0.0,1.0,High
100229.0,2017-2018,59,1,34.8,3,0.0,0.0,1.0,0.0,2.0,Moderate
100230.0,2017-2018,59,2,35.0,1,1.0,0.0,0.0,0.0,1.0,High
100231.0,2017-2018,69,2,49.8,1,0.0,0.0,0.0,0.0,2.0,Moderate
100233.0,2017-2018,65,2,35.6,4,1.0,1.0,1.0,0.0,1.0,High
100234.0,2017-2018,30,2,21.5,6,0.0,0.0,0.0,0.0,2.0,Low
100235.0,2017-2018,77,1,25.9,3,1.0,0.0,1.0,0.0,2.0,Moderate
100236.0,2017-2018,61,1,36.1,3,0.0,1.0,0.0,0.0,2.0,Low
100238.0,2017-2018,58,1,30.5,3,0.0,0.0,0.0,0.0,2.0,Moderate
100241.0,2017-2018,36,2,21.3,3,0.0,0.0,1.0,0.0,2.0,Low
100242.0,2017-2018,32,2,22.9,4,0.0,0.0,0.0,0.0,2.0,Low
100243.0,2017-2018,70,1,,7,1.0,1.0,0.0,2.0,2.0,Low
100244.0,2017-2018,62,1,32.7,3,0.0,0.0,0.0,1.0,2.0,Moderate
100246.0,2017-2018,22,2,18.2,6,0.0,0.0,1.0,0.0,2.0,Low
100247.0,2017-2018,61,2,39.1,2,1.0,1.0,1.0,0.0,2.0,Moderate
100248.0,2017-2018,28,1,25.1,6,0.0,0.0,1.0,1.0,2.0,Moderate
100250.0,2017-2018,57,2,26.2,3,1.0,0.0,1.0,1.0,2.0,Low
100251.0,2017-2018,45,2,41.6,4,,1.0,1.0,0.0,2.0,Low
100252.0,2017-2018,80,1,28.2,3,0.0,0.0,0.0,0.0,2.0,Low
100253.0,2017-2018,30,1,29.0,2,0.0,0.0,1.0,0.0,2.0,Low
100254.0,2017-2018,28,2,25.1,4,0.0,0.0,1.0,0.0,2.0,Moderate
100257.0,2017-2018,55,2,28.6,6,1.0,0.0,0.0,0.0,2.0,Low
100258.0,2017-2018,25,2,34.7,3,1.0,0.0,1.0,2.0,2.0,Low
100261.0,2017-2018,80,2,32.9,3,1.0,1.0,1.0,0.0,2.0,Moderate
100264.0,2017-2018,26,1,,4,1.0,0.0,0.0,2.0,2.0,Low
100265.0,2017-2018,55,2,20.6,6,0.0,0.0,1.0,0.0,2.0,Low
100266.0,2017-2018,40,2,18.4,3,0.0,0.0,1.0,2.0,2.0,Low
100268.0,2017-2018,60,2,28.3,6,1.0,0.0,1.0,1.0,2.0,Low
100269.0,2017-2018,24,2,28.6,3,0.0,0.0,1.0,2.0,2.0,Low
100270.0,2017-2018,36,1,28.7,2,1.0,1.0,1.0,2.0,2.0,Moderate
100271.0,2017-2018,36,2,31.8,3,0.0,0.0,1.0,0.0,2.0,Low
100272.0,2017-2018,35,1,35.3,6,0.0,0.0,0.0,2.0,2.0,Moderate
100273.0,2017-2018,71,1,18.4,3,0.0,1.0,0.0,1.0,2.0,Moderate
100274.0,2017-2018,60,2,38.6,6,0.0,1.0,0.0,0.0,2.0,Moderate
100278.0,2017-2018,75,2,30.2,3,1.0,0.0,0.0,0.0,2.0,Moderate
100280.0,2017-2018,33,2,39.0,3,0.0,1.0,1.0,0.0,2.0,Low
100281.0,2017-2018,59,2,41.8,3,0.0,1.0,0.0,0.0,2.0,Low
100282.0,2017-2018,60,1,26.7,3,0.0,1.0,0.0,2.0,2.0,Low
100283.0,2017-2018,65,2,44.6,2,0.0,0.0,0.0,1.0,2.0,Low
100286.0,2017-2018,45,2,33.2,4,1.0,0.0,0.0,2.0,2.0,Moderate
100288.0,2017-2018,43,2,40.4,6,0.0,0.0,0.0,0.0,2.0,Moderate
100289.0,2017-2018,66,1,32.1,4,0.0,1.0,0.0,2.0,2.0,Moderate
100291.0,2017-2018,61,2,31.9,4,0.0,0.0,0.0,0.0,2.0,Low
100292.0,2017-2018,56,2,52.2,7,0.0,0.0,1.0,1.0,3.0,High
100293.0,2017-2018,29,2,28.9,4,1.0,0.0,1.0,2.0,2.0,Low
100294.0,2017-2018,40,2,25.8,4,1.0,0.0,1.0,0.0,2.0,Low
100295.0,2017-2018,36,1,24.6,4,0.0,0.0,1.0,0.0,2.0,Moderate
100297.0,2017-2018,70,1,27.9,3,1.0,0.0,1.0,0.0,2.0,Moderate
100298.0,2017-2018,47,2,36.4,4,1.0,1.0,1.0,1.0,2.0,Low
100299.0,2017-2018,27,2,40.8,4,0.0,0.0,0.0,0.0,2.0,Low
100301.0,2017-2018,53,2,36.8,7,0.0,0.0,1.0,1.0,2.0,Low
100303.0,2017-2018,60,1,27.2,1,1.0,1.0,0.0,0.0,2.0,Moderate
100305.0,2017-2018,48,1,38.8,6,0.0,0.0,0.0,2.0,2.0,Low
100309.0,2017-2018,80,2,29.0,3,1.0,1.0,1.0,1.0,2.0,Moderate
100311.0,2017-2018,55,1,32.9,1,1.0,0.0,1.0,1.0,2.0,Low
100313.0,2017-2018,35,2,20.0,3,1.0,0.0,0.0,1.0,2.0,Low
100315.0,2017-2018,62,1,32.9,2,0.0,0.0,1.0,1.0,2.0,Low
100318.0,2017-2018,41,1,36.5,1,1.0,0.0,0.0,2.0,2.0,Low
100319.0,2017-2018,47,2,43.6,3,1.0,0.0,1.0,1.0,1.0,High
100321.0,2017-2018,62,1,28.6,1,1.0,0.0,0.0,2.0,2.0,Low
100324.0,2017-2018,46,2,29.1,2,0.0,0.0,1.0,0.0,1.0,High
100325.0,2017-2018,35,2,25.3,6,0.0,0.0,0.0,0.0,2.0,Moderate
100326.0,2017-2018,21,2,39.1,4,1.0,0.0,0.0,0.0,2.0,Low
100329.0,2017-2018,27,2,33.6,2,0.0,0.0,0.0,0.0,2.0,Moderate
100332.0,2017-2018,43,1,24.0,3,1.0,0.0,1.0,0.0,2.0,Moderate
100333.0,2017-2018,29,1,27.8,6,1.0,0.0,1.0,0.0,2.0,Moderate
100334.0,2017-2018,25,1,27.2,1,0.0,1.0,1.0,0.0,2.0,Low
100338.0,2017-2018,45,1,24.1,3,1.0,0.0,1.0,0.0,2.0,Moderate
100346.0,2017-2018,79,2,23.7,7,1.0,1.0,1.0,0.0,3.0,Moderate
100347.0,2017-2018,57,1,27.3,1,0.0,1.0,1.0,0.0,2.0,Low
100348.0,2017-2018,49,2,34.8,4,1.0,1.0,1.0,0.0,2.0,Moderate
100353.0,2017-2018,59,1,17.0,6,0.0,0.0,0.0,0.0,2.0,Low
100354.0,2017-2018,80,2,,6,1.0,1.0,0.0,0.0,2.0,High
100356.0,2017-2018,39,2,30.7,4,1.0,0.0,0.0,0.0,2.0,Low
100357.0,2017-2018,63,2,32.7,6,1.0,0.0,0.0,0.0,2.0,Moderate
100358.0,2017-2018,62,2,37.1,1,1.0,1.0,0.0,0.0,1.0,High
100361.0,2017-2018,57,1,37.1,1,0.0,1.0,0.0,0.0,2.0,Moderate
100362.0,2017-2018,70,2,27.3,3,0.0,0.0,1.0,1.0,2.0,Low
100363.0,2017-2018,63,1,29.7,2,1.0,0.0,0.0,0.0,2.0,High
100365.0,2017-2018,22,2,25.9,1,0.0,0.0,1.0,1.0,2.0,Low
100366.0,2017-2018,77,1,22.7,6,0.0,1.0,1.0,0.0,2.0,Moderate
100369.0,2017-2018,55,2,28.2,6,0.0,1.0,0.0,0.0,2.0,Low
100373.0,2017-2018,74,1,22.6,6,0.0,0.0,1.0,0.0,2.0,Moderate
100376.0,2017-2018,49,1,26.8,4,0.0,0.0,1.0,0.0,2.0,Moderate
100377.0,2017-2018,47,1,26.9,6,0.0,0.0,0.0,0.0,2.0,Low
100378.0,2017-2018,44,2,53.2,7,0.0,0.0,1.0,1.0,2.0,Moderate
100380.0,2017-2018,45,1,58.0,3,0.0,0.0,0.0,2.0,2.0,Low
100382.0,2017-2018,45,1,48.5,7,1.0,1.0,0.0,2.0,1.0,High
100386.0,2017-2018,37,2,39.6,1,1.0,0.0,0.0,0.0,2.0,High
100388.0,2017-2018,56,2,42.5,3,1.0,1.0,0.0,1.0,2.0,Moderate
100389.0,2017-2018,55,2,31.1,4,1.0,1.0,0.0,2.0,2.0,Moderate
100390.0,2017-2018,67,2,25.5,4,0.0,1.0,0.0,0.0,2.0,Low
100393.0,2017-2018,52,1,34.9,3,1.0,1.0,0.0,1.0,2.0,High
100395.0,2017-2018,77,2,33.1,4,1.0,1.0,0.0,1.0,2.0,Moderate
100396.0,2017-2018,65,2,26.3,1,0.0,0.0,0.0,0.0,2.0,Low
100399.0,2017-2018,74,2,33.4,3,1.0,1.0,0.0,0.0,1.0,High
100402.0,2017-2018,51,2,28.9,3,1.0,1.0,0.0,0.0,1.0,High
100404.0,2017-2018,66,2,25.3,6,1.0,1.0,1.0,1.0,3.0,High
100407.0,2017-2018,55,1,27.9,7,1.0,0.0,0.0,0.0,1.0,High
100410.0,2017-2018,58,2,32.2,1,1.0,1.0,1.0,0.0,2.0,Moderate
100411.0,2017-2018,68,1,24.9,4,1.0,0.0,1.0,0.0,3.0,High
100412.0,2017-2018,65,2,29.6,1,1.0,1.0,0.0,0.0,1.0,High
100414.0,2017-2018,80,1,28.9,3,1.0,1.0,0.0,1.0,2.0,Low
100415.0,2017-2018,49,2,28.1,4,1.0,0.0,0.0,0.0,2.0,Low
100418.0,2017-2018,31,1,23.2,3,0.0,0.0,1.0,0.0,2.0,Low
100419.0,2017-2018,40,1,38.4,3,1.0,1.0,0.0,0.0,3.0,Moderate
100420.0,2017-2018,34,1,29.9,4,1.0,0.0,1.0,0.0,2.0,Low
100421.0,2017-2018,50,2,22.7,2,0.0,0.0,0.0,0.0,2.0,Low
100422.0,2017-2018,66,1,19.9,4,0.0,1.0,1.0,2.0,2.0,High
100424.0,2017-2018,73,2,23.4,4,1.0,0.0,0.0,1.0,2.0,Moderate
100425.0,2017-2018,79,1,37.0,4,1.0,1.0,1.0,0.0,2.0,High
100427.0,2017-2018,38,2,32.8,1,0.0,0.0,0.0,0.0,2.0,Low
100428.0,2017-2018,29,2,30.3,3,,0.0,1.0,0.0,2.0,Low
100429.0,2017-2018,33,1,30.1,1,1.0,0.0,0.0,0.0,2.0,Moderate
100431.0,2017-2018,28,2,43.6,3,1.0,0.0,0.0,0.0,2.0,Low
100432.0,2017-2018,29,1,31.2,1,1.0,0.0,1.0,2.0,2.0,Low
100433.0,2017-2018,67,1,27.0,2,0.0,0.0,0.0,0.0,2.0,High
100434.0,2017-2018,32,2,44.9,1,0.0,0.0,1.0,0.0,2.0,Low
100436.0,2017-2018,48,2,50.3,1,0.0,0.0,0.0,1.0,2.0,Moderate
100438.0,2017-2018,22,2,23.7,1,0.0,0.0,1.0,0.0,2.0,Low
100440.0,2017-2018,28,2,25.7,1,0.0,0.0,1.0,0.0,2.0,Low
100442.0,2017-2018,68,2,42.8,3,1.0,1.0,0.0,0.0,1.0,High
100443.0,2017-2018,26,1,44.4,4,1.0,1.0,0.0,0.0,2.0,Low
100445.0,2017-2018,61,2,25.0,4,1.0,1.0,0.0,2.0,2.0,Moderate
100446.0,2017-2018,60,1,35.2,2,0.0,0.0,0.0,0.0,2.0,High
100447.0,2017-2018,50,1,27.9,3,1.0,1.0,1.0,0.0,1.0,High
100451.0,2017-2018,40,2,24.2,6,0.0,0.0,1.0,0.0,2.0,Moderate
100454.0,2017-2018,52,2,25.5,6,1.0,1.0,1.0,0.0,2.0,High
100455.0,2017-2018,80,1,29.0,3,1.0,1.0,0.0,0.0,1.0,High
100460.0,2017-2018,55,1,25.7,3,1.0,0.0,1.0,0.0,1.0,High
100463.0,2017-2018,28,1,19.1,4,1.0,0.0,1.0,2.0,2.0,Moderate
100464.0,2017-2018,32,1,35.8,7,1.0,0.0,1.0,0.0,2.0,Moderate
100465.0,2017-2018,30,2,35.1,6,0.0,0.0,0.0,0.0,2.0,Low
100468.0,2017-2018,52,2,33.4,4,0.0,1.0,1.0,2.0,2.0,Moderate
100469.0,2017-2018,75,1,21.2,3,1.0,0.0,0.0,0.0,1.0,High
100474.0,2017-2018,67,2,35.8,3,1.0,0.0,0.0,2.0,1.0,High
100476.0,2017-2018,38,2,22.5,6,1.0,0.0,0.0,0.0,2.0,Low
100480.0,2017-2018,80,1,25.3,2,0.0,0.0,0.0,1.0,2.0,Low
100481.0,2017-2018,59,2,28.5,6,1.0,0.0,1.0,0.0,2.0,Low
100483.0,2017-2018,51,2,33.9,1,1.0,0.0,0.0,0.0,3.0,High
100484.0,2017-2018,55,2,33.6,3,0.0,1.0,0.0,2.0,2.0,Moderate
100485.0,2017-2018,67,1,34.0,3,0.0,0.0,1.0,0.0,2.0,Moderate
100486.0,2017-2018,74,1,31.9,3,0.0,1.0,1.0,0.0,2.0,Low
100490.0,2017-2018,80,2,18.4,3,1.0,1.0,0.0,2.0,2.0,Low
100492.0,2017-2018,55,1,31.6,4,0.0,0.0,0.0,2.0,2.0,High
100494.0,2017-2018,29,1,33.3,6,1.0,0.0,1.0,0.0,2.0,Moderate
100497.0,2017-2018,80,2,30.2,3,0.0,1.0,0.0,0.0,2.0,Moderate
100499.0,2017-2018,52,2,51.3,2,0.0,1.0,0.0,1.0,2.0,Moderate
100500.0,2017-2018,34,2,30.8,4,1.0,1.0,1.0,0.0,2.0,Low
100501.0,2017-2018,72,1,25.0,1,1.0,0.0,1.0,0.0,1.0,High
100505.0,2017-2018,57,2,28.7,1,0.0,0.0,0.0,0.0,9.0,Low
100508.0,2017-2018,80,2,24.5,3,1.0,1.0,1.0,0.0,2.0,Moderate
100509.0,2017-2018,79,2,28.5,3,1.0,1.0,1.0,1.0,3.0,High
100510.0,2017-2018,37,2,32.7,4,1.0,0.0,0.0,1.0,2.0,Low
100511.0,2017-2018,64,2,33.6,4,0.0,0.0,1.0,1.0,2.0,Low
100513.0,2017-2018,56,1,23.5,4,0.0,0.0,0.0,2.0,2.0,Low
100514.0,2017-2018,37,1,35.4,1,1.0,0.0,0.0,0.0,1.0,High
100515.0,2017-2018,70,2,24.0,6,1.0,1.0,1.0,1.0,2.0,Moderate
100516.0,2017-2018,61,1,38.5,2,1.0,1.0,1.0,1.0,3.0,Moderate
100517.0,2017-2018,39,1,25.4,3,1.0,1.0,1.0,2.0,2.0,Moderate
100521.0,2017-2018,58,1,29.0,6,1.0,1.0,1.0,1.0,1.0,High
100524.0,2017-2018,20,1,20.7,1,0.0,0.0,1.0,0.0,2.0,Low
100526.0,2017-2018,33,2,28.4,2,1.0,0.0,1.0,0.0,2.0,Low
100528.0,2017-2018,47,2,47.7,3,0.0,0.0,1.0,1.0,2.0,Low
100530.0,2017-2018,52,1,28.3,6,0.0,1.0,0.0,0.0,2.0,Low
100531.0,2017-2018,80,1,22.9,7,0.0,0.0,0.0,0.0,2.0,Moderate
100532.0,2017-2018,46,2,34.2,4,1.0,1.0,0.0,0.0,2.0,Moderate
100534.0,2017-2018,77,2,26.8,6,0.0,1.0,0.0,0.0,1.0,High
100535.0,2017-2018,56,2,27.8,6,0.0,1.0,0.0,0.0,2.0,Moderate
100537.0,2017-2018,32,2,41.6,1,0.0,0.0,0.0,0.0,2.0,Moderate
100540.0,2017-2018,35,2,28.9,2,1.0,0.0,0.0,0.0,2.0,Low
100544.0,2017-2018,61,2,34.6,4,1.0,1.0,1.0,2.0,1.0,High
100546.0,2017-2018,31,2,25.7,3,0.0,0.0,1.0,0.0,2.0,Low
100548.0,2017-2018,33,2,21.7,3,0.0,0.0,1.0,0.0,2.0,Low
100549.0,2017-2018,76,2,25.5,3,0.0,1.0,0.0,2.0,2.0,Low
100551.0,2017-2018,66,1,38.8,3,1.0,0.0,1.0,0.0,2.0,Moderate
100554.0,2017-2018,65,1,37.8,4,1.0,1.0,1.0,0.0,1.0,High
100556.0,2017-2018,65,2,17.5,3,1.0,0.0,0.0,1.0,1.0,High
100557.0,2017-2018,52,1,26.0,4,0.0,0.0,0.0,0.0,2.0,Moderate
100558.0,2017-2018,60,1,26.6,1,1.0,0.0,1.0,1.0,2.0,High
100560.0,2017-2018,74,2,38.5,3,0.0,1.0,1.0,0.0,3.0,Moderate
100563.0,2017-2018,45,2,41.6,4,1.0,1.0,0.0,0.0,1.0,High
100565.0,2017-2018,70,1,27.8,3,0.0,1.0,0.0,2.0,2.0,Moderate
100568.0,2017-2018,46,1,33.8,1,1.0,0.0,1.0,0.0,2.0,High
100570.0,2017-2018,69,2,48.2,1,1.0,0.0,0.0,0.0,1.0,High
100571.0,2017-2018,30,1,25.8,4,0.0,0.0,1.0,0.0,2.0,Low
100572.0,2017-2018,41,1,38.1,3,1.0,1.0,0.0,2.0,2.0,Moderate
100574.0,2017-2018,53,2,38.5,2,1.0,0.0,0.0,0.0,2.0,High
100575.0,2017-2018,50,2,25.8,6,0.0,1.0,1.0,0.0,2.0,Moderate
100576.0,2017-2018,62,1,35.5,2,1.0,1.0,0.0,1.0,1.0,High
100577.0,2017-2018,27,2,22.2,4,1.0,0.0,0.0,0.0,2.0,Low
100579.0,2017-2018,59,1,34.1,3,0.0,0.0,0.0,1.0,2.0,Low
100580.0,2017-2018,65,1,31.9,2,1.0,1.0,0.0,1.0,2.0,Low
100581.0,2017-2018,78,1,30.5,4,0.0,0.0,0.0,1.0,2.0,High
100582.0,2017-2018,54,1,31.1,4,0.0,0.0,1.0,2.0,2.0,Moderate
100583.0,2017-2018,29,2,27.7,1,0.0,0.0,1.0,0.0,2.0,Low
100584.0,2017-2018,63,1,26.8,3,0.0,0.0,1.0,2.0,2.0,High
100586.0,2017-2018,80,1,32.2,3,1.0,0.0,0.0,1.0,3.0,Moderate
100589.0,2017-2018,33,2,36.5,1,1.0,0.0,0.0,0.0,2.0,Low
100590.0,2017-2018,24,1,34.4,6,1.0,0.0,0.0,1.0,2.0,Low
100594.0,2017-2018,59,1,15.7,4,0.0,0.0,0.0,2.0,2.0,Low
100597.0,2017-2018,71,1,25.2,1,0.0,0.0,1.0,1.0,2.0,Moderate
100599.0,2017-2018,54,1,29.3,1,1.0,0.0,1.0,0.0,1.0,High
100608.0,2017-2018,64,2,36.1,1,1.0,1.0,0.0,2.0,1.0,High
100610.0,2017-2018,41,2,21.7,4,0.0,0.0,0.0,0.0,2.0,Low
100611.0,2017-2018,43,1,26.7,1,1.0,0.0,0.0,0.0,2.0,Low
100613.0,2017-2018,26,1,30.1,7,0.0,1.0,1.0,0.0,2.0,Low
100617.0,2017-2018,76,1,28.0,3,0.0,1.0,0.0,1.0,1.0,High
100619.0,2017-2018,28,2,29.9,3,1.0,1.0,1.0,2.0,2.0,Low
100621.0,2017-2018,40,1,27.8,7,1.0,0.0,1.0,2.0,2.0,Moderate
100622.0,2017-2018,43,1,17.4,7,0.0,0.0,0.0,2.0,2.0,Low
100623.0,2017-2018,36,2,24.3,3,0.0,0.0,1.0,0.0,2.0,Low
100624.0,2017-2018,23,1,29.5,1,0.0,0.0,0.0,1.0,2.0,Moderate
100625.0,2017-2018,54,2,33.5,1,0.0,0.0,0.0,0.0,2.0,Moderate
100627.0,2017-2018,43,2,19.5,7,1.0,0.0,1.0,2.0,2.0,Moderate
100628.0,2017-2018,33,1,33.1,6,1.0,1.0,1.0,0.0,3.0,Moderate
100629.0,2017-2018,67,1,20.9,1,1.0,0.0,0.0,1.0,1.0,High
100632.0,2017-2018,39,1,37.2,3,0.0,0.0,1.0,0.0,2.0,Low
100633.0,2017-2018,61,1,28.4,4,1.0,1.0,1.0,0.0,1.0,High
100634.0,2017-2018,38,1,28.5,4,0.0,1.0,0.0,1.0,2.0,High
100635.0,2017-2018,39,1,32.0,6,1.0,0.0,1.0,0.0,2.0,Low
100636.0,2017-2018,46,1,32.5,4,1.0,1.0,0.0,0.0,1.0,High
100638.0,2017-2018,42,1,23.8,1,1.0,1.0,1.0,1.0,2.0,Moderate
100639.0,2017-2018,80,2,26.1,3,0.0,1.0,0.0,1.0,2.0,Moderate
100641.0,2017-2018,24,2,19.1,6,0.0,0.0,1.0,2.0,2.0,High
100642.0,2017-2018,65,1,46.1,4,1.0,0.0,0.0,0.0,2.0,Moderate
100644.0,2017-2018,31,2,24.1,3,1.0,0.0,0.0,0.0,2.0,Low
100646.0,2017-2018,80,1,,3,0.0,0.0,0.0,1.0,2.0,Low
100647.0,2017-2018,33,1,25.9,3,1.0,1.0,0.0,0.0,3.0,Moderate
100649.0,2017-2018,43,1,26.9,3,0.0,0.0,0.0,0.0,2.0,Low
100650.0,2017-2018,61,2,,3,1.0,1.0,0.0,2.0,2.0,Low
100653.0,2017-2018,25,1,28.8,4,0.0,0.0,1.0,2.0,2.0,Low
100654.0,2017-2018,74,2,38.5,3,0.0,0.0,0.0,0.0,2.0,Moderate
100657.0,2017-2018,57,2,55.1,4,1.0,1.0,0.0,0.0,1.0,High
100663.0,2017-2018,71,2,31.3,3,1.0,0.0,1.0,0.0,2.0,Low
100667.0,2017-2018,20,1,21.6,4,0.0,0.0,1.0,0.0,2.0,Low
100670.0,2017-2018,41,1,28.6,6,0.0,1.0,0.0,1.0,2.0,Moderate
100672.0,2017-2018,25,2,30.5,1,1.0,0.0,0.0,0.0,2.0,Low
100673.0,2017-2018,35,2,21.1,4,0.0,0.0,0.0,2.0,2.0,Low
100674.0,2017-2018,80,1,26.6,3,0.0,0.0,0.0,1.0,2.0,Low
100675.0,2017-2018,21,2,29.7,4,1.0,0.0,0.0,0.0,2.0,Low
100677.0,2017-2018,56,2,25.8,3,1.0,1.0,0.0,0.0,2.0,Low
100681.0,2017-2018,56,2,28.0,2,0.0,0.0,0.0,0.0,2.0,Moderate
100684.0,2017-2018,35,2,28.0,4,0.0,0.0,1.0,0.0,2.0,Low
100689.0,2017-2018,21,1,43.6,4,1.0,0.0,1.0,0.0,3.0,Moderate
100692.0,2017-2018,62,1,28.2,3,0.0,1.0,1.0,0.0,2.0,Low
100693.0,2017-2018,49,2,36.2,4,1.0,1.0,0.0,0.0,1.0,High
100696.0,2017-2018,70,1,27.9,3,0.0,1.0,0.0,2.0,2.0,Moderate
100697.0,2017-2018,32,1,26.6,3,0.0,0.0,1.0,2.0,2.0,Low
100698.0,2017-2018,48,2,22.7,6,0.0,0.0,1.0,0.0,2.0,Low
100701.0,2017-2018,33,2,43.6,4,0.0,0.0,1.0,0.0,2.0,Low
100705.0,2017-2018,56,2,35.7,3,0.0,0.0,0.0,1.0,2.0,Moderate
100706.0,2017-2018,66,1,34.0,3,0.0,1.0,0.0,0.0,2.0,Moderate
100707.0,2017-2018,34,2,25.1,3,1.0,0.0,0.0,0.0,2.0,Low
100709.0,2017-2018,38,1,21.7,3,1.0,0.0,1.0,2.0,2.0,Low
100710.0,2017-2018,33,1,33.2,2,0.0,0.0,0.0,0.0,2.0,Low
100711.0,2017-2018,69,2,23.3,3,0.0,0.0,0.0,1.0,2.0,Low
100713.0,2017-2018,38,2,25.0,3,1.0,0.0,1.0,1.0,2.0,Low
100714.0,2017-2018,37,2,26.7,3,0.0,0.0,1.0,0.0,2.0,Moderate
100715.0,2017-2018,51,2,33.4,3,1.0,0.0,0.0,2.0,2.0,Moderate
100716.0,2017-2018,79,2,25.3,1,1.0,1.0,0.0,0.0,3.0,Moderate
100717.0,2017-2018,49,2,42.3,3,0.0,1.0,0.0,2.0,2.0,Moderate
100720.0,2017-2018,59,1,22.7,3,0.0,1.0,1.0,2.0,3.0,Moderate
100721.0,2017-2018,73,2,25.3,2,0.0,0.0,0.0,0.0,2.0,Low
100723.0,2017-2018,80,1,,6,0.0,0.0,0.0,0.0,2.0,High
100725.0,2017-2018,67,2,26.4,6,1.0,1.0,0.0,0.0,2.0,Moderate
100726.0,2017-2018,69,2,35.2,1,1.0,1.0,0.0,0.0,2.0,High
100727.0,2017-2018,26,1,26.4,3,0.0,1.0,0.0,0.0,2.0,Moderate
100728.0,2017-2018,68,2,22.2,3,0.0,1.0,1.0,0.0,2.0,Moderate
100730.0,2017-2018,44,2,37.7,3,0.0,0.0,1.0,0.0,2.0,Low
100732.0,2017-2018,35,1,40.1,6,0.0,0.0,0.0,1.0,2.0,Low
100733.0,2017-2018,44,2,33.6,6,1.0,0.0,0.0,0.0,2.0,Moderate
100735.0,2017-2018,76,2,26.9,2,1.0,1.0,0.0,0.0,2.0,Moderate
100738.0,2017-2018,39,2,39.6,2,1.0,0.0,0.0,0.0,2.0,Moderate
100739.0,2017-2018,79,1,31.4,3,1.0,1.0,1.0,1.0,1.0,High
100740.0,2017-2018,20,1,25.2,3,0.0,0.0,0.0,0.0,2.0,Low
100741.0,2017-2018,66,1,25.5,3,1.0,0.0,1.0,1.0,2.0,Moderate
100742.0,2017-2018,34,1,21.8,4,0.0,0.0,0.0,0.0,2.0,Low
100743.0,2017-2018,52,2,27.7,1,0.0,0.0,0.0,0.0,2.0,Moderate
100745.0,2017-2018,64,1,29.4,1,0.0,0.0,1.0,0.0,2.0,Moderate
100747.0,2017-2018,55,2,30.9,7,1.0,1.0,0.0,0.0,2.0,Moderate
100748.0,2017-2018,62,2,25.4,4,0.0,1.0,1.0,1.0,2.0,Low
100749.0,2017-2018,21,1,32.2,6,0.0,0.0,1.0,0.0,2.0,Low
100752.0,2017-2018,42,1,19.3,6,0.0,0.0,1.0,0.0,3.0,Moderate
100754.0,2017-2018,54,1,30.0,4,,1.0,0.0,2.0,2.0,Moderate
100756.0,2017-2018,60,1,22.7,4,1.0,1.0,1.0,0.0,3.0,Moderate
100759.0,2017-2018,35,1,25.0,3,0.0,0.0,1.0,2.0,2.0,Low
100760.0,2017-2018,63,2,22.4,3,1.0,0.0,1.0,0.0,2.0,Low
100761.0,2017-2018,80,1,23.3,3,0.0,1.0,0.0,1.0,2.0,Low
100764.0,2017-2018,47,2,24.9,6,1.0,0.0,1.0,0.0,2.0,Low
100765.0,2017-2018,48,2,23.6,6,0.0,0.0,0.0,0.0,2.0,Moderate
100768.0,2017-2018,42,2,31.3,6,1.0,1.0,0.0,0.0,2.0,Low
100771.0,2017-2018,68,2,30.0,3,1.0,1.0,0.0,1.0,2.0,Moderate
100772.0,2017-2018,45,2,31.0,7,0.0,0.0,0.0,0.0,2.0,Low
100774.0,2017-2018,61,1,25.5,6,0.0,1.0,1.0,0.0,1.0,High
100775.0,2017-2018,21,2,20.6,3,1.0,0.0,1.0,2.0,2.0,Low
100780.0,2017-2018,54,1,28.5,3,1.0,0.0,0.0,2.0,2.0,Moderate
100782.0,2017-2018,39,1,37.7,3,1.0,0.0,0.0,0.0,2.0,Low
100787.0,2017-2018,72,1,29.6,3,1.0,1.0,0.0,1.0,2.0,Low
100788.0,2017-2018,35,1,27.2,3,0.0,0.0,1.0,2.0,2.0,Low
100790.0,2017-2018,60,2,27.3,4,1.0,1.0,1.0,0.0,2.0,Low
100792.0,2017-2018,68,2,62.1,4,1.0,1.0,0.0,0.0,1.0,High
100795.0,2017-2018,78,1,26.6,3,0.0,0.0,1.0,1.0,2.0,Low
100800.0,2017-2018,76,2,31.0,3,0.0,0.0,0.0,0.0,2.0,Moderate
100801.0,2017-2018,34,1,35.8,3,0.0,0.0,1.0,2.0,2.0,Moderate
100802.0,2017-2018,51,2,37.5,4,1.0,0.0,1.0,0.0,1.0,High
100805.0,2017-2018,80,2,19.8,3,1.0,1.0,0.0,1.0,2.0,Moderate
100815.0,2017-2018,53,2,27.7,4,1.0,0.0,0.0,0.0,2.0,Low
100816.0,2017-2018,43,2,32.0,3,1.0,1.0,1.0,2.0,1.0,High
100817.0,2017-2018,60,2,28.2,7,0.0,0.0,1.0,0.0,2.0,Low
100818.0,2017-2018,27,2,25.1,6,1.0,0.0,0.0,0.0,2.0,Low
100819.0,2017-2018,30,1,22.0,4,1.0,0.0,1.0,0.0,2.0,Moderate
100821.0,2017-2018,68,2,27.2,2,1.0,1.0,0.0,0.0,1.0,High
100825.0,2017-2018,37,2,36.9,4,1.0,0.0,0.0,0.0,2.0,Moderate
100827.0,2017-2018,45,2,28.5,3,0.0,0.0,0.0,0.0,2.0,Low
100829.0,2017-2018,43,1,30.9,4,0.0,0.0,1.0,0.0,2.0,Moderate
100831.0,2017-2018,74,2,26.1,4,1.0,1.0,0.0,0.0,1.0,High
100832.0,2017-2018,36,2,29.4,3,0.0,0.0,0.0,2.0,2.0,Low
100834.0,2017-2018,80,1,29.6,1,1.0,1.0,0.0,0.0,1.0,High
100836.0,2017-2018,63,1,27.7,2,0.0,0.0,1.0,1.0,1.0,High
100837.0,2017-2018,68,1,25.8,3,0.0,0.0,0.0,0.0,2.0,Moderate
100838.0,2017-2018,37,2,48.8,3,0.0,1.0,0.0,1.0,2.0,Moderate
100840.0,2017-2018,76,1,27.6,3,1.0,1.0,0.0,1.0,2.0,Moderate
100841.0,2017-2018,41,2,21.9,6,0.0,0.0,0.0,1.0,2.0,Low
100843.0,2017-2018,33,1,40.3,7,0.0,1.0,0.0,1.0,1.0,High
100844.0,2017-2018,59,1,,4,0.0,1.0,0.0,0.0,2.0,Low
100846.0,2017-2018,29,1,23.4,3,0.0,0.0,1.0,0.0,2.0,Low
100847.0,2017-2018,57,2,53.1,4,1.0,0.0,0.0,0.0,2.0,Low
100848.0,2017-2018,70,2,37.7,3,0.0,1.0,0.0,0.0,1.0,High
100849.0,2017-2018,26,1,42.3,6,1.0,0.0,0.0,0.0,2.0,Moderate
100851.0,2017-2018,71,2,28.9,3,1.0,1.0,0.0,0.0,1.0,High
100853.0,2017-2018,80,1,32.1,1,1.0,0.0,0.0,0.0,1.0,High
100855.0,2017-2018,30,2,22.7,3,0.0,0.0,1.0,2.0,2.0,Low
100856.0,2017-2018,75,2,20.5,7,1.0,1.0,0.0,1.0,2.0,Moderate
100860.0,2017-2018,36,2,42.9,4,1.0,0.0,1.0,0.0,2.0,High
100861.0,2017-2018,36,1,51.9,3,0.0,0.0,1.0,0.0,2.0,Low
100862.0,2017-2018,62,2,32.8,2,0.0,0.0,0.0,0.0,2.0,Moderate
100865.0,2017-2018,52,2,22.4,3,1.0,1.0,1.0,2.0,2.0,Low
100866.0,2017-2018,46,1,39.1,3,0.0,1.0,1.0,0.0,2.0,Moderate
100872.0,2017-2018,71,2,29.8,4,1.0,1.0,0.0,0.0,1.0,High
100874.0,2017-2018,55,1,22.5,6,0.0,0.0,1.0,0.0,2.0,Moderate
100875.0,2017-2018,80,1,27.1,6,1.0,1.0,0.0,0.0,2.0,Moderate
100876.0,2017-2018,77,1,28.8,6,,0.0,0.0,1.0,2.0,High
100877.0,2017-2018,25,1,21.8,4,0.0,0.0,0.0,0.0,2.0,Low
100879.0,2017-2018,71,1,26.7,7,1.0,0.0,1.0,2.0,2.0,High
100880.0,2017-2018,46,1,29.1,3,1.0,0.0,0.0,2.0,2.0,Moderate
100881.0,2017-2018,26,1,25.2,4,0.0,0.0,0.0,0.0,2.0,Low
100886.0,2017-2018,72,2,39.4,3,1.0,1.0,0.0,1.0,1.0,High
100887.0,2017-2018,64,2,29.5,4,1.0,1.0,0.0,2.0,3.0,High
100890.0,2017-2018,68,2,30.3,4,1.0,1.0,0.0,0.0,2.0,Moderate
100892.0,2017-2018,23,1,28.3,1,0.0,0.0,1.0,0.0,2.0,Low
100895.0,2017-2018,58,2,25.7,6,0.0,1.0,1.0,0.0,2.0,Moderate
100896.0,2017-2018,28,2,37.1,3,1.0,1.0,0.0,0.0,2.0,Low
100898.0,2017-2018,42,2,28.3,3,1.0,0.0,0.0,0.0,2.0,Moderate
100902.0,2017-2018,52,2,23.6,6,1.0,1.0,0.0,1.0,2.0,Low
100905.0,2017-2018,80,1,28.3,3,0.0,0.0,1.0,1.0,2.0,Moderate
100907.0,2017-2018,41,1,32.3,3,0.0,1.0,0.0,1.0,2.0,Low
100910.0,2017-2018,27,1,44.2,3,0.0,1.0,1.0,1.0,2.0,Low
100911.0,2017-2018,26,1,31.7,3,0.0,1.0,1.0,0.0,2.0,Moderate
100913.0,2017-2018,23,2,28.2,4,1.0,0.0,1.0,0.0,2.0,Low
100914.0,2017-2018,80,2,33.3,3,0.0,1.0,0.0,0.0,2.0,Low
100915.0,2017-2018,67,1,33.5,3,0.0,1.0,0.0,1.0,2.0,Moderate
100919.0,2017-2018,80,1,22.9,3,1.0,1.0,1.0,1.0,2.0,Moderate
100920.0,2017-2018,61,2,28.0,3,1.0,1.0,0.0,2.0,2.0,Low
100923.0,2017-2018,22,1,26.9,2,0.0,0.0,0.0,0.0,2.0,Low
100924.0,2017-2018,40,2,44.9,3,0.0,1.0,1.0,2.0,2.0,Low
100925.0,2017-2018,45,2,26.2,4,1.0,0.0,0.0,2.0,2.0,Low
100926.0,2017-2018,51,1,21.4,6,0.0,0.0,1.0,0.0,2.0,Low
100928.0,2017-2018,25,1,19.0,3,0.0,0.0,0.0,2.0,2.0,Low
100929.0,2017-2018,40,2,35.9,4,1.0,0.0,0.0,0.0,2.0,Low
100930.0,2017-2018,59,2,29.5,2,1.0,1.0,1.0,0.0,2.0,High
100933.0,2017-2018,65,2,22.1,6,0.0,0.0,0.0,0.0,2.0,Low
100934.0,2017-2018,37,2,39.4,3,1.0,0.0,1.0,0.0,2.0,Low
100935.0,2017-2018,20,1,21.3,4,1.0,0.0,0.0,2.0,2.0,Low
100936.0,2017-2018,57,2,31.0,6,1.0,0.0,1.0,0.0,2.0,High
100937.0,2017-2018,55,1,27.2,2,0.0,0.0,1.0,0.0,2.0,Moderate
100938.0,2017-2018,37,2,25.5,2,1.0,0.0,0.0,0.0,2.0,Low
100941.0,2017-2018,80,2,18.6,4,0.0,1.0,0.0,1.0,2.0,Low
100942.0,2017-2018,20,1,22.3,3,0.0,0.0,0.0,2.0,2.0,Low
100943.0,2017-2018,42,2,38.5,1,0.0,0.0,0.0,0.0,2.0,Low
100947.0,2017-2018,37,2,37.2,3,0.0,1.0,0.0,2.0,2.0,Low
100948.0,2017-2018,68,2,25.6,4,1.0,0.0,1.0,0.0,1.0,High
100949.0,2017-2018,51,2,36.3,4,1.0,1.0,0.0,0.0,2.0,Moderate
100950.0,2017-2018,61,2,23.3,4,1.0,1.0,0.0,2.0,2.0,Low
100951.0,2017-2018,62,1,30.4,3,1.0,1.0,0.0,1.0,1.0,High
100952.0,2017-2018,21,1,20.8,3,1.0,0.0,1.0,2.0,2.0,Low
100954.0,2017-2018,47,1,32.6,6,1.0,0.0,0.0,0.0,2.0,Moderate
100955.0,2017-2018,64,1,24.6,4,0.0,0.0,0.0,2.0,2.0,Moderate
100961.0,2017-2018,20,2,17.2,3,0.0,0.0,1.0,0.0,2.0,Low
100963.0,2017-2018,80,1,23.9,4,1.0,1.0,0.0,0.0,1.0,High
100965.0,2017-2018,25,2,17.9,4,1.0,0.0,0.0,0.0,2.0,Low
100966.0,2017-2018,37,2,21.8,3,0.0,0.0,0.0,0.0,2.0,Low
100967.0,2017-2018,38,2,27.9,3,0.0,0.0,0.0,2.0,2.0,Low
100968.0,2017-2018,65,2,48.2,1,0.0,1.0,0.0,1.0,2.0,High
100969.0,2017-2018,61,2,36.7,3,1.0,0.0,0.0,1.0,1.0,High
100971.0,2017-2018,22,2,42.2,4,1.0,1.0,1.0,0.0,2.0,Low
100972.0,2017-2018,57,1,30.5,7,0.0,0.0,0.0,1.0,2.0,Low
100973.0,2017-2018,28,1,38.4,7,0.0,0.0,1.0,2.0,2.0,Low
100975.0,2017-2018,34,1,26.4,1,0.0,0.0,0.0,2.0,2.0,Low
100980.0,2017-2018,30,2,27.5,6,0.0,0.0,0.0,0.0,2.0,Low
100983.0,2017-2018,42,2,30.2,6,1.0,0.0,0.0,0.0,2.0,Moderate
100985.0,2017-2018,23,1,22.5,3,0.0,0.0,1.0,0.0,2.0,Low
100986.0,2017-2018,50,2,27.1,2,1.0,1.0,0.0,0.0,2.0,High
100987.0,2017-2018,60,1,28.9,6,0.0,0.0,0.0,0.0,2.0,Moderate
100988.0,2017-2018,80,1,35.5,3,0.0,1.0,1.0,0.0,3.0,High
100989.0,2017-2018,68,2,25.3,4,1.0,1.0,0.0,2.0,2.0,Moderate
100992.0,2017-2018,27,1,33.9,2,0.0,0.0,1.0,0.0,2.0,Low
100994.0,2017-2018,28,1,26.6,1,0.0,0.0,0.0,1.0,2.0,Low
100996.0,2017-2018,52,1,29.9,3,1.0,0.0,1.0,2.0,2.0,Moderate
100997.0,2017-2018,60,2,42.8,2,1.0,1.0,0.0,1.0,2.0,Moderate
100999.0,2017-2018,29,2,32.9,3,0.0,0.0,1.0,0.0,2.0,Low
101001.0,2017-2018,67,1,33.2,4,0.0,0.0,0.0,0.0,2.0,Low
101002.0,2017-2018,37,2,18.9,2,1.0,0.0,0.0,0.0,2.0,Low
101003.0,2017-2018,56,1,29.7,1,0.0,0.0,0.0,1.0,2.0,Moderate
101004.0,2017-2018,29,1,18.6,3,0.0,0.0,0.0,2.0,2.0,Low
101005.0,2017-2018,29,2,21.6,7,1.0,0.0,1.0,1.0,2.0,Low
101006.0,2017-2018,76,1,20.9,3,0.0,0.0,1.0,0.0,2.0,Low
101007.0,2017-2018,43,2,31.1,3,1.0,0.0,0.0,2.0,2.0,Moderate
101009.0,2017-2018,21,2,49.4,1,1.0,0.0,1.0,2.0,2.0,Moderate
101010.0,2017-2018,71,1,31.7,3,0.0,0.0,1.0,1.0,2.0,Moderate
101011.0,2017-2018,23,1,31.1,3,1.0,0.0,1.0,2.0,2.0,Moderate
101013.0,2017-2018,44,2,31.5,4,0.0,0.0,1.0,0.0,2.0,Low
101014.0,2017-2018,42,2,20.4,3,0.0,0.0,0.0,2.0,2.0,Moderate
101015.0,2017-2018,80,2,28.5,3,1.0,0.0,0.0,0.0,2.0,Moderate
101017.0,2017-2018,65,1,20.2,3,,1.0,0.0,1.0,2.0,Low
101018.0,2017-2018,77,1,20.4,3,1.0,0.0,0.0,2.0,1.0,High
101019.0,2017-2018,49,1,32.6,3,1.0,0.0,1.0,0.0,1.0,High
101021.0,2017-2018,61,1,31.1,4,1.0,0.0,0.0,1.0,2.0,High
101022.0,2017-2018,75,1,44.7,4,0.0,1.0,1.0,1.0,2.0,Low
101023.0,2017-2018,52,1,25.2,7,1.0,0.0,1.0,1.0,2.0,Moderate
101024.0,2017-2018,53,1,25.1,3,1.0,1.0,1.0,0.0,2.0,High
101025.0,2017-2018,23,2,24.5,6,0.0,1.0,1.0,0.0,2.0,Low
101026.0,2017-2018,61,2,26.8,2,0.0,0.0,1.0,0.0,2.0,Moderate
101027.0,2017-2018,55,1,,3,0.0,0.0,0.0,2.0,1.0,High
101028.0,2017-2018,59,2,24.3,2,1.0,0.0,0.0,0.0,2.0,Moderate
101030.0,2017-2018,30,2,22.2,6,1.0,0.0,0.0,0.0,1.0,High
101031.0,2017-2018,27,1,30.9,6,0.0,0.0,1.0,1.0,2.0,Low
101033.0,2017-2018,63,1,26.1,4,1.0,0.0,0.0,2.0,2.0,High
101034.0,2017-2018,46,2,32.1,3,0.0,0.0,1.0,0.0,2.0,Low
101036.0,2017-2018,80,2,23.7,4,0.0,0.0,0.0,2.0,3.0,Moderate
101037.0,2017-2018,41,2,44.4,3,1.0,0.0,1.0,0.0,2.0,Moderate
101040.0,2017-2018,61,1,32.3,4,1.0,1.0,0.0,2.0,1.0,High
101043.0,2017-2018,72,1,21.9,6,1.0,1.0,1.0,1.0,1.0,High
101046.0,2017-2018,68,1,30.2,7,1.0,1.0,1.0,0.0,1.0,High
101049.0,2017-2018,57,2,47.3,3,0.0,0.0,0.0,0.0,1.0,High
101051.0,2017-2018,57,1,26.4,6,0.0,0.0,0.0,0.0,1.0,High
101052.0,2017-2018,49,2,39.0,4,0.0,1.0,0.0,0.0,2.0,Moderate
101060.0,2017-2018,71,1,33.7,3,1.0,1.0,0.0,0.0,1.0,High
101063.0,2017-2018,80,1,24.1,4,0.0,1.0,1.0,0.0,2.0,Moderate
101064.0,2017-2018,28,1,33.3,7,1.0,0.0,1.0,2.0,2.0,Moderate
101065.0,2017-2018,44,2,23.9,1,0.0,0.0,1.0,1.0,2.0,Moderate
101068.0,2017-2018,55,2,19.7,3,0.0,0.0,1.0,0.0,2.0,Low
101069.0,2017-2018,32,1,30.6,4,0.0,0.0,1.0,0.0,2.0,Moderate
101070.0,2017-2018,34,2,32.1,1,1.0,0.0,1.0,0.0,2.0,Low
101073.0,2017-2018,62,1,23.5,1,0.0,0.0,0.0,1.0,2.0,Low
101075.0,2017-2018,67,1,31.7,1,0.0,1.0,0.0,0.0,1.0,High
101076.0,2017-2018,22,2,23.4,7,0.0,0.0,1.0,1.0,2.0,Low
101077.0,2017-2018,36,1,21.9,3,1.0,0.0,1.0,2.0,2.0,Low
101078.0,2017-2018,62,1,31.1,4,0.0,1.0,0.0,2.0,3.0,Moderate
101079.0,2017-2018,51,2,19.3,6,1.0,0.0,1.0,1.0,2.0,Low
101084.0,2017-2018,46,2,22.9,3,1.0,0.0,1.0,0.0,2.0,Low
101085.0,2017-2018,31,1,40.0,7,0.0,0.0,1.0,1.0,2.0,Moderate
101086.0,2017-2018,32,1,32.4,7,1.0,0.0,1.0,0.0,2.0,Moderate
101087.0,2017-2018,51,2,18.7,3,1.0,1.0,0.0,2.0,2.0,High
101088.0,2017-2018,80,2,32.2,3,1.0,1.0,0.0,1.0,1.0,High
101091.0,2017-2018,58,2,37.8,4,0.0,1.0,0.0,0.0,2.0,Low
101093.0,2017-2018,63,2,38.8,4,1.0,0.0,0.0,1.0,1.0,High
101095.0,2017-2018,56,2,17.7,6,1.0,0.0,1.0,0.0,2.0,Low
101096.0,2017-2018,56,2,33.3,2,0.0,1.0,0.0,0.0,2.0,Moderate
101097.0,2017-2018,39,2,31.7,2,1.0,0.0,0.0,0.0,2.0,Moderate
101099.0,2017-2018,23,2,35.6,3,0.0,0.0,0.0,0.0,2.0,Low
101101.0,2017-2018,22,1,26.4,3,0.0,0.0,0.0,0.0,2.0,Low
101102.0,2017-2018,80,1,29.4,3,0.0,0.0,0.0,0.0,2.0,Moderate
101103.0,2017-2018,53,2,31.8,4,1.0,1.0,1.0,0.0,1.0,High
101106.0,2017-2018,49,2,39.3,4,1.0,1.0,1.0,2.0,2.0,Moderate
101107.0,2017-2018,44,2,27.6,1,0.0,0.0,0.0,0.0,2.0,Low
101108.0,2017-2018,59,2,22.7,7,1.0,1.0,0.0,1.0,2.0,Low
101109.0,2017-2018,60,2,47.0,4,1.0,1.0,0.0,1.0,1.0,High
101111.0,2017-2018,22,1,34.7,4,1.0,0.0,1.0,0.0,2.0,Low
101112.0,2017-2018,45,2,19.4,6,0.0,1.0,1.0,0.0,2.0,Low
101115.0,2017-2018,36,2,38.1,4,1.0,0.0,1.0,0.0,2.0,Moderate
101118.0,2017-2018,26,1,35.5,1,1.0,0.0,1.0,1.0,2.0,Moderate
101119.0,2017-2018,48,2,34.5,1,1.0,0.0,0.0,2.0,2.0,Low
101120.0,2017-2018,80,2,23.1,3,1.0,1.0,0.0,0.0,2.0,Low
101122.0,2017-2018,30,1,22.3,4,0.0,1.0,1.0,2.0,2.0,Moderate
101123.0,2017-2018,59,2,17.5,3,1.0,0.0,0.0,1.0,2.0,Moderate
101124.0,2017-2018,76,1,30.4,3,0.0,1.0,0.0,1.0,1.0,High
101125.0,2017-2018,33,2,24.9,3,1.0,0.0,1.0,2.0,2.0,Moderate
101126.0,2017-2018,37,1,40.8,3,0.0,1.0,0.0,1.0,2.0,Low
101127.0,2017-2018,25,1,42.4,7,0.0,0.0,1.0,0.0,2.0,Low
101132.0,2017-2018,31,1,27.4,6,0.0,0.0,1.0,0.0,2.0,Moderate
101134.0,2017-2018,30,2,32.2,3,0.0,0.0,1.0,0.0,2.0,Low
101136.0,2017-2018,76,1,32.0,3,0.0,1.0,0.0,1.0,2.0,Moderate
101138.0,2017-2018,33,2,40.2,3,1.0,0.0,1.0,1.0,2.0,Moderate
101139.0,2017-2018,33,2,26.2,3,0.0,0.0,0.0,0.0,2.0,Low
101141.0,2017-2018,54,1,33.9,1,1.0,0.0,0.0,0.0,2.0,Moderate
101143.0,2017-2018,80,1,40.7,3,1.0,1.0,1.0,1.0,1.0,High
101147.0,2017-2018,58,2,23.6,6,1.0,0.0,1.0,0.0,2.0,Moderate
101148.0,2017-2018,80,2,19.0,4,1.0,1.0,0.0,0.0,2.0,Low
101149.0,2017-2018,59,1,40.6,3,1.0,1.0,1.0,0.0,1.0,High
101151.0,2017-2018,29,2,28.4,4,1.0,1.0,0.0,1.0,2.0,Low
101153.0,2017-2018,42,1,38.5,4,1.0,0.0,1.0,0.0,2.0,Moderate
101155.0,2017-2018,52,2,29.9,4,0.0,1.0,0.0,2.0,2.0,Low
101160.0,2017-2018,49,2,28.7,1,0.0,0.0,1.0,0.0,2.0,Low
101162.0,2017-2018,62,1,26.4,4,1.0,1.0,0.0,2.0,1.0,High
101163.0,2017-2018,60,2,27.9,4,1.0,1.0,0.0,0.0,1.0,High
101164.0,2017-2018,26,2,20.4,6,0.0,0.0,1.0,0.0,2.0,Low
101166.0,2017-2018,28,2,18.4,3,0.0,0.0,1.0,0.0,2.0,Low
101169.0,2017-2018,58,2,27.9,4,0.0,1.0,1.0,2.0,2.0,Low
101171.0,2017-2018,47,2,24.8,3,0.0,0.0,0.0,1.0,2.0,Low
101173.0,2017-2018,66,2,21.7,3,1.0,0.0,0.0,2.0,2.0,Low
101174.0,2017-2018,35,1,25.8,4,1.0,0.0,1.0,2.0,2.0,Moderate
101175.0,2017-2018,55,1,30.3,3,0.0,1.0,0.0,1.0,2.0,High
101176.0,2017-2018,80,2,25.1,4,0.0,0.0,0.0,2.0,2.0,Moderate
101177.0,2017-2018,64,1,24.4,1,0.0,1.0,1.0,0.0,2.0,Moderate
101179.0,2017-2018,62,2,23.3,1,0.0,0.0,1.0,0.0,2.0,Low
101180.0,2017-2018,80,2,27.0,3,0.0,0.0,1.0,0.0,2.0,Moderate
101181.0,2017-2018,50,2,25.2,2,1.0,0.0,1.0,0.0,2.0,Low
101182.0,2017-2018,58,1,28.8,4,1.0,1.0,1.0,0.0,3.0,High
101183.0,2017-2018,80,2,35.2,3,0.0,1.0,0.0,1.0,1.0,High
101185.0,2017-2018,57,2,28.5,6,1.0,0.0,0.0,0.0,1.0,High
101186.0,2017-2018,35,1,32.8,2,0.0,0.0,1.0,0.0,2.0,Moderate
101187.0,2017-2018,33,1,27.7,1,0.0,0.0,1.0,1.0,2.0,Low
101190.0,2017-2018,21,1,27.4,2,0.0,0.0,1.0,2.0,2.0,Low
101191.0,2017-2018,35,2,30.6,3,0.0,1.0,1.0,2.0,2.0,Low
101193.0,2017-2018,63,1,25.8,2,1.0,1.0,1.0,1.0,2.0,Moderate
101194.0,2017-2018,48,2,32.4,3,1.0,0.0,0.0,0.0,2.0,Low
101195.0,2017-2018,71,2,25.9,3,0.0,1.0,1.0,0.0,2.0,Moderate
101196.0,2017-2018,71,2,28.1,4,0.0,1.0,0.0,2.0,1.0,High
101199.0,2017-2018,61,2,20.1,3,1.0,0.0,1.0,0.0,2.0,Moderate
101200.0,2017-2018,73,1,21.7,3,0.0,1.0,0.0,0.0,3.0,Moderate
101201.0,2017-2018,55,1,26.2,6,0.0,1.0,0.0,0.0,1.0,High
101204.0,2017-2018,80,1,27.1,3,1.0,0.0,0.0,0.0,2.0,Low
101206.0,2017-2018,34,1,28.7,1,0.0,0.0,0.0,0.0,2.0,Moderate
101207.0,2017-2018,70,2,,3,1.0,1.0,0.0,0.0,2.0,Moderate
101209.0,2017-2018,62,2,20.2,1,0.0,0.0,0.0,0.0,2.0,Low
101211.0,2017-2018,61,2,32.3,4,1.0,0.0,1.0,0.0,2.0,Moderate
101212.0,2017-2018,62,2,38.9,6,1.0,1.0,0.0,0.0,2.0,Low
101213.0,2017-2018,60,1,41.9,3,1.0,1.0,0.0,1.0,1.0,High
101214.0,2017-2018,23,1,26.2,6,0.0,0.0,1.0,0.0,2.0,Low
101216.0,2017-2018,55,2,39.6,4,0.0,1.0,0.0,2.0,2.0,Moderate
101217.0,2017-2018,80,1,20.2,2,0.0,0.0,1.0,0.0,2.0,Moderate
101218.0,2017-2018,74,1,28.1,3,0.0,1.0,0.0,1.0,2.0,Low
101220.0,2017-2018,35,2,30.0,6,0.0,0.0,1.0,0.0,2.0,Low
101221.0,2017-2018,54,1,37.9,4,0.0,1.0,1.0,0.0,2.0,Low
101222.0,2017-2018,48,1,34.1,7,0.0,1.0,1.0,0.0,2.0,Moderate
101226.0,2017-2018,44,1,29.7,6,1.0,1.0,0.0,2.0,2.0,Moderate
101227.0,2017-2018,60,1,31.3,4,0.0,1.0,1.0,1.0,2.0,Low
101228.0,2017-2018,30,2,25.8,3,1.0,0.0,0.0,2.0,2.0,Low
101229.0,2017-2018,38,2,32.4,1,0.0,0.0,1.0,0.0,2.0,Low
101230.0,2017-2018,50,2,30.6,4,1.0,0.0,1.0,2.0,2.0,Low
101232.0,2017-2018,65,1,29.2,3,0.0,1.0,1.0,1.0,2.0,Moderate
101236.0,2017-2018,26,1,21.2,4,0.0,0.0,1.0,0.0,2.0,Low
101238.0,2017-2018,36,1,26.5,2,1.0,0.0,0.0,1.0,2.0,Low
101239.0,2017-2018,80,2,21.4,3,0.0,0.0,1.0,0.0,2.0,Low
101241.0,2017-2018,27,1,31.2,6,0.0,0.0,1.0,0.0,2.0,Low
101242.0,2017-2018,57,2,27.5,3,1.0,1.0,0.0,2.0,2.0,Low
101243.0,2017-2018,63,1,25.3,3,0.0,1.0,0.0,2.0,2.0,Moderate
101246.0,2017-2018,54,1,31.1,6,1.0,1.0,0.0,1.0,1.0,High
101247.0,2017-2018,38,1,23.0,6,1.0,0.0,1.0,0.0,2.0,Moderate
101248.0,2017-2018,52,1,29.9,4,1.0,0.0,0.0,0.0,2.0,Low
101249.0,2017-2018,63,2,30.3,2,1.0,1.0,0.0,0.0,2.0,High
101250.0,2017-2018,38,2,31.6,3,0.0,0.0,1.0,0.0,2.0,Low
101252.0,2017-2018,33,2,40.0,7,1.0,0.0,1.0,0.0,2.0,Low
101253.0,2017-2018,57,1,31.0,4,1.0,1.0,0.0,1.0,2.0,Moderate
101254.0,2017-2018,29,2,19.3,4,0.0,0.0,1.0,1.0,2.0,Low
101255.0,2017-2018,62,2,30.6,4,1.0,1.0,0.0,0.0,2.0,Moderate
101256.0,2017-2018,34,2,52.9,4,1.0,1.0,1.0,0.0,2.0,High
101258.0,2017-2018,45,1,39.6,3,1.0,0.0,0.0,0.0,1.0,High
101260.0,2017-2018,80,2,24.9,3,0.0,1.0,0.0,1.0,2.0,High
101262.0,2017-2018,25,1,41.2,1,0.0,0.0,1.0,0.0,2.0,Low
101264.0,2017-2018,31,1,22.6,6,1.0,0.0,1.0,0.0,2.0,Low
101265.0,2017-2018,47,2,26.1,4,0.0,0.0,1.0,1.0,2.0,Moderate
101266.0,2017-2018,67,2,34.9,4,1.0,1.0,1.0,2.0,1.0,High
101273.0,2017-2018,67,1,42.1,2,1.0,1.0,1.0,0.0,2.0,Moderate
101274.0,2017-2018,65,2,25.9,4,1.0,1.0,0.0,0.0,2.0,Moderate
101275.0,2017-2018,80,1,28.9,4,1.0,1.0,0.0,1.0,2.0,Moderate
101277.0,2017-2018,75,1,32.6,7,0.0,1.0,0.0,1.0,2.0,Low
101278.0,2017-2018,44,1,29.5,6,1.0,0.0,1.0,0.0,2.0,Moderate
101281.0,2017-2018,34,2,26.1,1,0.0,0.0,0.0,0.0,2.0,Moderate
101282.0,2017-2018,60,1,33.8,3,0.0,1.0,1.0,0.0,2.0,Low
101283.0,2017-2018,56,2,42.1,4,1.0,0.0,1.0,0.0,1.0,High
101284.0,2017-2018,65,2,30.8,4,1.0,1.0,1.0,0.0,1.0,High
101285.0,2017-2018,30,1,34.2,3,1.0,1.0,0.0,2.0,2.0,Moderate
101286.0,2017-2018,52,2,38.3,4,1.0,1.0,0.0,1.0,2.0,Low
101288.0,2017-2018,62,2,25.1,4,1.0,1.0,1.0,0.0,2.0,Low
101289.0,2017-2018,26,2,34.9,1,0.0,0.0,0.0,0.0,2.0,Low
101291.0,2017-2018,61,2,26.9,7,0.0,1.0,0.0,0.0,1.0,High
101294.0,2017-2018,39,2,36.5,4,,0.0,0.0,0.0,1.0,High
101298.0,2017-2018,60,2,32.5,7,0.0,0.0,0.0,1.0,2.0,Low
101300.0,2017-2018,35,2,26.9,2,0.0,0.0,0.0,0.0,2.0,Moderate
101307.0,2017-2018,47,2,42.8,4,0.0,1.0,0.0,0.0,2.0,Moderate
101308.0,2017-2018,25,2,26.2,3,0.0,0.0,0.0,0.0,2.0,Low
101311.0,2017-2018,30,1,33.9,6,0.0,1.0,1.0,0.0,2.0,Low
101312.0,2017-2018,80,2,24.8,3,1.0,1.0,0.0,0.0,1.0,High
101313.0,2017-2018,42,2,29.1,4,1.0,0.0,0.0,0.0,2.0,Moderate
101316.0,2017-2018,22,1,21.6,6,0.0,0.0,1.0,0.0,2.0,Low
101319.0,2017-2018,34,1,40.9,1,0.0,1.0,1.0,1.0,2.0,Low
101320.0,2017-2018,80,1,22.7,3,0.0,0.0,1.0,0.0,2.0,Low
101322.0,2017-2018,57,1,31.6,6,1.0,1.0,1.0,2.0,2.0,High
101323.0,2017-2018,74,2,39.8,4,1.0,1.0,0.0,2.0,1.0,High
101324.0,2017-2018,35,1,24.8,4,0.0,0.0,0.0,2.0,2.0,Moderate
101327.0,2017-2018,52,2,26.1,3,1.0,1.0,0.0,0.0,2.0,Low
101328.0,2017-2018,67,2,25.2,7,0.0,0.0,1.0,1.0,3.0,Moderate
101330.0,2017-2018,22,2,21.7,3,0.0,0.0,1.0,0.0,2.0,Low
101333.0,2017-2018,71,2,25.3,6,1.0,1.0,1.0,0.0,2.0,Moderate
101335.0,2017-2018,80,1,25.3,4,0.0,1.0,0.0,1.0,2.0,Low
101336.0,2017-2018,72,2,26.1,3,0.0,0.0,1.0,0.0,2.0,Moderate
101339.0,2017-2018,63,1,31.3,1,1.0,1.0,0.0,2.0,1.0,High
101340.0,2017-2018,80,1,30.7,3,1.0,0.0,1.0,0.0,2.0,Low
101342.0,2017-2018,41,2,56.9,3,1.0,0.0,0.0,2.0,2.0,Moderate
101343.0,2017-2018,80,1,28.7,3,1.0,1.0,1.0,1.0,2.0,Moderate
101345.0,2017-2018,29,2,38.9,4,1.0,0.0,0.0,0.0,2.0,Low
101348.0,2017-2018,80,2,36.2,3,1.0,1.0,0.0,0.0,1.0,High
101349.0,2017-2018,69,2,48.2,4,1.0,1.0,0.0,1.0,1.0,High
101350.0,2017-2018,46,1,41.7,3,1.0,0.0,0.0,2.0,2.0,Moderate
101351.0,2017-2018,79,2,26.9,6,0.0,0.0,1.0,0.0,2.0,Low
101355.0,2017-2018,46,1,28.0,4,1.0,0.0,0.0,0.0,2.0,Moderate
101356.0,2017-2018,54,2,19.5,3,1.0,1.0,1.0,1.0,2.0,Low
101357.0,2017-2018,72,2,30.9,4,0.0,1.0,0.0,2.0,2.0,Low
101359.0,2017-2018,52,2,31.3,1,0.0,0.0,0.0,0.0,2.0,Moderate
101360.0,2017-2018,46,1,29.1,3,0.0,0.0,1.0,0.0,2.0,Moderate
101362.0,2017-2018,74,2,30.7,3,0.0,0.0,1.0,1.0,2.0,Low
101363.0,2017-2018,69,2,,2,1.0,1.0,0.0,0.0,2.0,Moderate
101365.0,2017-2018,30,1,29.8,6,0.0,1.0,0.0,1.0,2.0,Moderate
101366.0,2017-2018,52,2,23.5,6,0.0,1.0,1.0,0.0,2.0,Moderate
101369.0,2017-2018,53,2,29.1,4,,1.0,1.0,0.0,1.0,High
101370.0,2017-2018,31,2,22.0,2,0.0,0.0,1.0,0.0,2.0,Low
101372.0,2017-2018,29,2,23.8,6,1.0,0.0,1.0,0.0,2.0,Moderate
101375.0,2017-2018,53,1,26.2,6,0.0,0.0,1.0,0.0,2.0,Moderate
101378.0,2017-2018,34,2,25.3,6,0.0,0.0,0.0,0.0,2.0,Low
101379.0,2017-2018,55,1,21.2,4,0.0,1.0,0.0,2.0,2.0,Low
101382.0,2017-2018,64,2,31.9,3,0.0,1.0,1.0,0.0,2.0,Moderate
101384.0,2017-2018,22,1,28.4,4,0.0,0.0,1.0,2.0,2.0,Moderate
101385.0,2017-2018,28,2,45.8,4,0.0,0.0,1.0,0.0,2.0,Low
101386.0,2017-2018,49,2,25.6,2,0.0,1.0,0.0,1.0,2.0,Moderate
101387.0,2017-2018,73,2,27.8,6,0.0,1.0,0.0,0.0,2.0,Low
101389.0,2017-2018,42,1,34.5,6,0.0,0.0,0.0,1.0,2.0,High
101390.0,2017-2018,40,1,33.9,3,0.0,1.0,1.0,1.0,2.0,Low
101391.0,2017-2018,74,2,27.7,3,0.0,1.0,0.0,1.0,2.0,Low
101393.0,2017-2018,80,2,24.9,6,0.0,0.0,0.0,0.0,2.0,Low
101394.0,2017-2018,39,1,22.2,6,0.0,0.0,0.0,0.0,2.0,Low
101396.0,2017-2018,80,2,30.0,3,1.0,1.0,0.0,0.0,1.0,High
101397.0,2017-2018,25,1,34.9,4,0.0,0.0,1.0,0.0,2.0,Low
101398.0,2017-2018,75,1,34.6,3,1.0,1.0,0.0,0.0,1.0,High
101399.0,2017-2018,41,1,24.8,3,0.0,0.0,0.0,1.0,2.0,Low
101400.0,2017-2018,53,1,28.6,6,0.0,1.0,1.0,1.0,2.0,Moderate
101401.0,2017-2018,52,1,20.8,6,0.0,0.0,0.0,1.0,2.0,Low
101402.0,2017-2018,75,2,27.0,6,0.0,1.0,0.0,0.0,3.0,Moderate
101404.0,2017-2018,31,1,37.0,4,1.0,0.0,1.0,2.0,2.0,Low
101405.0,2017-2018,56,2,33.9,4,1.0,1.0,0.0,0.0,2.0,Moderate
101407.0,2017-2018,65,2,26.6,3,1.0,1.0,0.0,0.0,2.0,Moderate
101411.0,2017-2018,59,2,40.1,4,0.0,1.0,0.0,1.0,2.0,Moderate
101412.0,2017-2018,39,2,19.7,6,1.0,0.0,0.0,0.0,2.0,Low
101414.0,2017-2018,56,2,23.9,4,0.0,1.0,0.0,0.0,2.0,High
101415.0,2017-2018,38,2,20.7,3,1.0,0.0,0.0,1.0,2.0,Low
101416.0,2017-2018,44,1,24.0,3,0.0,0.0,1.0,0.0,2.0,Moderate
101421.0,2017-2018,58,1,30.2,7,0.0,1.0,1.0,0.0,2.0,Moderate
101423.0,2017-2018,61,2,19.9,4,0.0,0.0,0.0,0.0,1.0,High
101426.0,2017-2018,41,2,44.3,4,0.0,0.0,0.0,0.0,2.0,Moderate
101427.0,2017-2018,24,2,25.6,3,0.0,0.0,1.0,0.0,2.0,Low
101430.0,2017-2018,42,2,21.5,6,0.0,0.0,1.0,0.0,2.0,Low
101431.0,2017-2018,38,2,32.9,3,0.0,0.0,0.0,0.0,2.0,Low
101432.0,2017-2018,74,2,35.7,3,0.0,0.0,0.0,0.0,2.0,High
101434.0,2017-2018,70,2,23.4,6,0.0,1.0,1.0,0.0,2.0,Moderate
101438.0,2017-2018,48,2,27.3,2,0.0,0.0,1.0,0.0,2.0,Low
101439.0,2017-2018,38,1,30.5,4,1.0,0.0,1.0,2.0,2.0,Moderate
101442.0,2017-2018,67,2,40.6,3,1.0,0.0,0.0,1.0,2.0,Moderate
101443.0,2017-2018,59,1,35.8,4,1.0,1.0,0.0,0.0,2.0,Moderate
101444.0,2017-2018,63,1,37.1,1,0.0,0.0,0.0,1.0,2.0,Moderate
101446.0,2017-2018,30,2,19.1,7,0.0,1.0,1.0,0.0,2.0,Low
101448.0,2017-2018,49,1,26.5,7,1.0,0.0,0.0,2.0,2.0,Moderate
101449.0,2017-2018,59,2,38.9,4,1.0,0.0,1.0,0.0,2.0,Moderate
101450.0,2017-2018,39,1,32.8,1,1.0,0.0,0.0,1.0,2.0,Moderate
101454.0,2017-2018,55,2,27.6,1,0.0,0.0,1.0,2.0,2.0,Moderate
101455.0,2017-2018,66,2,42.0,2,0.0,0.0,0.0,0.0,2.0,Moderate
101458.0,2017-2018,67,2,21.3,2,1.0,1.0,0.0,0.0,1.0,High
101461.0,2017-2018,59,2,39.8,1,1.0,0.0,0.0,0.0,1.0,High
101462.0,2017-2018,23,2,60.3,3,1.0,1.0,1.0,1.0,3.0,Moderate
101463.0,2017-2018,62,2,21.4,3,0.0,0.0,0.0,0.0,2.0,Low
101464.0,2017-2018,50,2,20.6,3,0.0,0.0,1.0,0.0,2.0,Moderate
101467.0,2017-2018,39,1,31.8,3,1.0,1.0,1.0,0.0,2.0,Moderate
101468.0,2017-2018,65,1,26.8,1,1.0,1.0,0.0,1.0,1.0,High
101470.0,2017-2018,57,2,32.1,3,0.0,1.0,0.0,0.0,2.0,Moderate
101472.0,2017-2018,51,2,28.9,6,1.0,0.0,1.0,0.0,2.0,Moderate
101475.0,2017-2018,50,2,37.7,1,1.0,1.0,0.0,0.0,1.0,High
101478.0,2017-2018,60,1,23.9,2,0.0,0.0,1.0,2.0,2.0,Moderate
101479.0,2017-2018,73,2,29.2,3,0.0,0.0,0.0,2.0,2.0,Moderate
101480.0,2017-2018,64,1,26.1,6,1.0,1.0,1.0,0.0,2.0,Moderate
101481.0,2017-2018,29,2,27.0,3,0.0,0.0,0.0,0.0,1.0,High
101483.0,2017-2018,70,1,24.2,6,1.0,1.0,0.0,1.0,1.0,High
101484.0,2017-2018,49,1,27.6,3,1.0,1.0,0.0,0.0,2.0,Low
101486.0,2017-2018,60,2,29.3,6,1.0,0.0,1.0,0.0,3.0,Moderate
101487.0,2017-2018,73,1,27.4,2,0.0,0.0,0.0,0.0,2.0,Moderate
101488.0,2017-2018,64,2,33.0,2,0.0,0.0,0.0,1.0,3.0,Moderate
101489.0,2017-2018,51,2,21.7,6,1.0,0.0,0.0,0.0,1.0,High
101490.0,2017-2018,78,2,28.7,3,1.0,0.0,0.0,0.0,2.0,Low
101493.0,2017-2018,34,2,27.0,1,1.0,0.0,0.0,0.0,2.0,Moderate
101498.0,2017-2018,71,1,42.4,2,1.0,1.0,1.0,1.0,1.0,High
101500.0,2017-2018,67,2,31.8,3,1.0,0.0,1.0,0.0,3.0,Moderate
101501.0,2017-2018,30,2,27.0,6,0.0,0.0,1.0,0.0,2.0,Low
101502.0,2017-2018,68,1,37.0,3,1.0,1.0,0.0,1.0,1.0,High
101505.0,2017-2018,62,2,25.8,7,,0.0,0.0,2.0,2.0,Low
101508.0,2017-2018,61,2,26.4,2,1.0,1.0,1.0,0.0,2.0,Low
101510.0,2017-2018,64,1,26.5,2,1.0,1.0,1.0,1.0,1.0,High
101513.0,2017-2018,35,1,22.4,3,1.0,0.0,0.0,2.0,2.0,Low
101515.0,2017-2018,51,1,31.0,2,0.0,0.0,1.0,0.0,2.0,Moderate
101516.0,2017-2018,30,2,23.5,3,1.0,0.0,1.0,1.0,2.0,Low
101517.0,2017-2018,34,2,26.2,2,0.0,0.0,1.0,1.0,2.0,Low
101518.0,2017-2018,80,2,25.5,3,1.0,0.0,0.0,2.0,2.0,Low
101520.0,2017-2018,52,1,31.7,1,0.0,0.0,0.0,1.0,2.0,Moderate
101522.0,2017-2018,76,1,25.7,3,0.0,0.0,1.0,2.0,2.0,Moderate
101523.0,2017-2018,65,1,36.7,4,0.0,1.0,1.0,2.0,1.0,High
101527.0,2017-2018,61,1,26.3,1,1.0,0.0,0.0,1.0,2.0,Low
101530.0,2017-2018,51,1,32.0,2,1.0,0.0,1.0,0.0,2.0,Low
101535.0,2017-2018,80,1,29.4,3,1.0,1.0,0.0,1.0,1.0,High
101537.0,2017-2018,33,1,32.7,3,1.0,0.0,1.0,1.0,2.0,Moderate
101541.0,2017-2018,63,1,27.8,3,0.0,0.0,1.0,1.0,2.0,Low
101542.0,2017-2018,48,1,25.5,6,0.0,1.0,0.0,0.0,2.0,Moderate
101544.0,2017-2018,44,2,27.0,3,0.0,1.0,1.0,0.0,2.0,Low
101545.0,2017-2018,22,1,31.2,3,1.0,0.0,1.0,1.0,2.0,Low
101546.0,2017-2018,61,1,19.9,4,1.0,0.0,0.0,1.0,2.0,Moderate
101547.0,2017-2018,42,2,48.9,3,0.0,0.0,0.0,0.0,2.0,Moderate
101548.0,2017-2018,75,2,30.9,3,1.0,1.0,0.0,1.0,1.0,High
101549.0,2017-2018,43,2,25.4,6,1.0,0.0,1.0,0.0,2.0,Low
101550.0,2017-2018,53,1,34.8,4,0.0,0.0,1.0,0.0,2.0,Moderate
101551.0,2017-2018,35,2,33.8,3,0.0,0.0,0.0,2.0,2.0,Low
101552.0,2017-2018,35,1,38.7,4,1.0,0.0,1.0,0.0,2.0,Low
101556.0,2017-2018,37,1,32.0,6,1.0,1.0,0.0,2.0,2.0,Low
101558.0,2017-2018,54,1,26.0,2,0.0,0.0,0.0,2.0,2.0,Moderate
101559.0,2017-2018,27,1,35.3,1,0.0,0.0,0.0,2.0,2.0,Moderate
101560.0,2017-2018,25,1,33.1,4,0.0,0.0,1.0,0.0,2.0,Low
101562.0,2017-2018,63,2,32.6,1,1.0,1.0,0.0,2.0,2.0,High
101563.0,2017-2018,21,1,38.7,4,,0.0,0.0,0.0,2.0,Low
101565.0,2017-2018,46,1,40.2,4,1.0,0.0,1.0,0.0,2.0,Low
101570.0,2017-2018,30,2,22.8,4,1.0,0.0,0.0,0.0,2.0,Low
101571.0,2017-2018,71,1,27.9,4,1.0,1.0,1.0,0.0,1.0,High
101572.0,2017-2018,60,1,29.0,1,1.0,1.0,1.0,0.0,2.0,Moderate
101574.0,2017-2018,22,2,18.0,4,1.0,0.0,1.0,0.0,2.0,Low
101575.0,2017-2018,60,2,27.5,6,0.0,0.0,1.0,0.0,2.0,Moderate
101577.0,2017-2018,52,2,24.9,6,0.0,0.0,0.0,0.0,2.0,Moderate
101578.0,2017-2018,55,2,21.1,6,1.0,0.0,1.0,0.0,2.0,Moderate
101579.0,2017-2018,70,1,31.5,1,1.0,1.0,0.0,1.0,2.0,Low
101580.0,2017-2018,61,1,27.5,4,1.0,1.0,1.0,0.0,1.0,High
101581.0,2017-2018,62,1,18.9,4,1.0,1.0,0.0,2.0,2.0,Moderate
101584.0,2017-2018,55,2,28.9,6,1.0,0.0,1.0,0.0,2.0,Low
101587.0,2017-2018,76,2,41.9,4,0.0,1.0,1.0,0.0,2.0,Moderate
101588.0,2017-2018,23,2,19.8,2,1.0,1.0,0.0,0.0,2.0,Low
101589.0,2017-2018,63,1,44.5,4,1.0,0.0,1.0,0.0,3.0,Moderate
101590.0,2017-2018,24,1,32.4,1,0.0,0.0,0.0,2.0,2.0,Low
101593.0,2017-2018,49,2,34.0,6,0.0,0.0,0.0,0.0,2.0,Low
101594.0,2017-2018,43,2,28.0,3,0.0,0.0,1.0,0.0,2.0,Low
101596.0,2017-2018,44,2,23.8,4,0.0,1.0,0.0,0.0,2.0,Low
101597.0,2017-2018,77,2,24.0,3,0.0,0.0,0.0,1.0,2.0,Low
101599.0,2017-2018,22,1,32.5,3,0.0,0.0,0.0,0.0,2.0,Moderate
101601.0,2017-2018,62,1,26.5,3,1.0,1.0,1.0,1.0,2.0,Moderate
101604.0,2017-2018,22,1,17.1,4,1.0,0.0,1.0,0.0,2.0,Low
101605.0,2017-2018,66,1,24.2,3,1.0,1.0,0.0,0.0,2.0,Moderate
101606.0,2017-2018,58,1,25.5,2,0.0,0.0,0.0,1.0,2.0,Low
101608.0,2017-2018,62,1,29.8,4,0.0,1.0,1.0,1.0,2.0,Moderate
101609.0,2017-2018,22,1,21.3,6,0.0,0.0,1.0,0.0,2.0,Moderate
101612.0,2017-2018,75,1,23.4,4,1.0,0.0,1.0,0.0,2.0,Moderate
101613.0,2017-2018,53,1,30.0,4,1.0,1.0,1.0,1.0,1.0,High
101616.0,2017-2018,56,1,24.3,7,0.0,0.0,0.0,2.0,2.0,Low
101620.0,2017-2018,29,2,20.7,6,0.0,0.0,1.0,0.0,2.0,Low
101621.0,2017-2018,80,1,28.1,3,0.0,0.0,0.0,1.0,2.0,Moderate
101623.0,2017-2018,62,1,29.0,6,1.0,1.0,0.0,0.0,1.0,High
101625.0,2017-2018,21,1,35.1,4,1.0,0.0,0.0,0.0,2.0,Moderate
101626.0,2017-2018,55,2,22.1,3,0.0,0.0,1.0,1.0,2.0,Low
101627.0,2017-2018,76,2,31.7,4,1.0,1.0,1.0,0.0,2.0,Moderate
101631.0,2017-2018,73,2,25.7,3,1.0,0.0,0.0,0.0,2.0,Moderate
101634.0,2017-2018,80,1,22.4,6,0.0,1.0,0.0,0.0,2.0,Moderate
101635.0,2017-2018,63,2,30.6,3,1.0,0.0,1.0,2.0,2.0,Low
101636.0,2017-2018,68,2,28.8,1,1.0,0.0,0.0,0.0,2.0,Low
101638.0,2017-2018,58,1,28.3,3,0.0,1.0,1.0,0.0,2.0,Moderate
101640.0,2017-2018,55,2,32.1,7,0.0,0.0,0.0,1.0,2.0,High
101642.0,2017-2018,53,2,57.3,4,1.0,1.0,0.0,0.0,1.0,High
101645.0,2017-2018,68,1,35.0,3,0.0,0.0,1.0,0.0,1.0,High
101647.0,2017-2018,58,2,23.6,1,1.0,0.0,0.0,0.0,2.0,Moderate
101649.0,2017-2018,40,2,26.5,3,0.0,0.0,1.0,2.0,2.0,Low
101652.0,2017-2018,20,1,36.8,3,0.0,0.0,1.0,0.0,2.0,Low
101653.0,2017-2018,70,2,,4,1.0,1.0,0.0,0.0,2.0,Low
101654.0,2017-2018,72,1,31.3,3,0.0,1.0,0.0,1.0,1.0,High
101655.0,2017-2018,20,1,28.2,4,1.0,0.0,1.0,0.0,2.0,Low
101656.0,2017-2018,60,2,37.9,2,0.0,1.0,0.0,1.0,1.0,High
101657.0,2017-2018,28,1,22.6,3,1.0,0.0,1.0,0.0,2.0,Moderate
101658.0,2017-2018,30,1,30.0,3,0.0,1.0,0.0,2.0,2.0,Moderate
101659.0,2017-2018,36,2,21.3,2,0.0,0.0,1.0,1.0,2.0,Moderate
101660.0,2017-2018,65,1,27.3,4,1.0,0.0,0.0,0.0,1.0,High
101661.0,2017-2018,61,2,29.9,2,0.0,0.0,0.0,0.0,2.0,Moderate
101662.0,2017-2018,58,1,29.9,3,1.0,1.0,1.0,0.0,2.0,Moderate
101664.0,2017-2018,47,2,27.6,3,0.0,0.0,1.0,2.0,2.0,Moderate
101667.0,2017-2018,64,2,33.9,2,1.0,1.0,0.0,2.0,2.0,Moderate
101668.0,2017-2018,38,1,23.3,6,0.0,0.0,0.0,0.0,2.0,Low
101669.0,2017-2018,28,2,42.4,3,1.0,1.0,1.0,2.0,2.0,Low
101670.0,2017-2018,36,2,28.6,6,1.0,0.0,1.0,0.0,2.0,Moderate
101671.0,2017-2018,55,2,31.5,4,0.0,0.0,1.0,0.0,2.0,Low
101675.0,2017-2018,55,2,30.6,2,1.0,1.0,1.0,0.0,2.0,Moderate
101676.0,2017-2018,55,1,24.7,6,0.0,0.0,1.0,0.0,2.0,Low
101677.0,2017-2018,25,1,32.6,3,0.0,0.0,0.0,0.0,2.0,Low
101679.0,2017-2018,62,2,29.9,2,1.0,1.0,0.0,0.0,2.0,Low
101681.0,2017-2018,31,2,30.2,4,1.0,0.0,0.0,0.0,2.0,Low
101682.0,2017-2018,45,2,45.4,3,0.0,0.0,0.0,1.0,2.0,Low
101687.0,2017-2018,75,2,25.4,4,0.0,0.0,1.0,2.0,2.0,Moderate
101688.0,2017-2018,20,2,20.3,3,0.0,0.0,0.0,0.0,2.0,Low
101689.0,2017-2018,80,1,24.2,3,0.0,1.0,0.0,0.0,1.0,High
101690.0,2017-2018,78,1,36.9,3,0.0,1.0,0.0,1.0,2.0,Low
101692.0,2017-2018,60,2,26.5,3,1.0,0.0,1.0,0.0,2.0,Moderate
101693.0,2017-2018,28,2,34.5,3,1.0,0.0,1.0,0.0,2.0,Moderate
101694.0,2017-2018,64,1,31.6,2,,1.0,0.0,0.0,2.0,High
101695.0,2017-2018,45,2,42.4,7,1.0,1.0,0.0,2.0,2.0,Low
101697.0,2017-2018,60,2,27.6,3,0.0,1.0,1.0,1.0,1.0,High
101698.0,2017-2018,57,2,21.4,1,0.0,0.0,0.0,2.0,2.0,Moderate
101700.0,2017-2018,80,2,30.8,3,1.0,0.0,1.0,1.0,2.0,Low
101701.0,2017-2018,26,2,28.4,2,0.0,0.0,1.0,0.0,2.0,Low
101702.0,2017-2018,80,2,33.5,3,1.0,1.0,0.0,0.0,1.0,High
101704.0,2017-2018,80,1,22.4,4,0.0,1.0,0.0,1.0,2.0,Moderate
101705.0,2017-2018,60,2,23.7,3,1.0,0.0,0.0,2.0,2.0,Moderate
101707.0,2017-2018,79,2,34.4,3,0.0,1.0,0.0,1.0,2.0,Moderate
101708.0,2017-2018,80,1,26.4,3,1.0,0.0,0.0,2.0,1.0,High
101709.0,2017-2018,23,2,29.1,2,0.0,0.0,1.0,0.0,2.0,Low
101710.0,2017-2018,80,2,25.7,3,0.0,1.0,1.0,0.0,2.0,Moderate
101711.0,2017-2018,43,1,35.5,1,0.0,0.0,0.0,0.0,2.0,Moderate
101714.0,2017-2018,36,1,38.2,4,0.0,0.0,0.0,0.0,2.0,Low
101716.0,2017-2018,33,2,37.5,1,1.0,0.0,0.0,0.0,2.0,Low
101718.0,2017-2018,39,2,35.7,3,0.0,0.0,0.0,2.0,2.0,Moderate
101721.0,2017-2018,28,1,20.4,6,1.0,0.0,1.0,2.0,2.0,Low
101722.0,2017-2018,72,1,30.4,1,1.0,1.0,0.0,0.0,1.0,High
101723.0,2017-2018,69,2,28.1,3,1.0,1.0,1.0,0.0,2.0,Low
101724.0,2017-2018,60,1,25.6,4,1.0,0.0,0.0,1.0,2.0,Low
101725.0,2017-2018,59,2,20.6,6,0.0,0.0,1.0,0.0,2.0,Low
101726.0,2017-2018,61,1,27.6,6,1.0,1.0,0.0,1.0,1.0,High
101727.0,2017-2018,37,1,32.9,2,1.0,0.0,1.0,2.0,2.0,Moderate
101728.0,2017-2018,65,1,28.0,4,1.0,1.0,0.0,0.0,3.0,High
101729.0,2017-2018,68,1,24.7,4,0.0,0.0,0.0,2.0,2.0,Low
101730.0,2017-2018,73,1,34.0,3,1.0,0.0,0.0,1.0,2.0,Moderate
101731.0,2017-2018,46,1,26.4,1,0.0,0.0,0.0,1.0,2.0,Low
101732.0,2017-2018,39,1,24.6,3,0.0,0.0,1.0,0.0,1.0,High
101733.0,2017-2018,25,2,22.6,7,,0.0,1.0,0.0,2.0,Low
101736.0,2017-2018,29,1,44.8,3,1.0,1.0,0.0,0.0,2.0,Moderate
101737.0,2017-2018,57,1,22.8,3,0.0,1.0,0.0,2.0,2.0,Low
101740.0,2017-2018,59,2,25.0,4,1.0,0.0,0.0,2.0,3.0,Moderate
101742.0,2017-2018,37,1,36.0,3,0.0,1.0,0.0,0.0,2.0,Low
101743.0,2017-2018,74,1,26.8,2,0.0,1.0,0.0,0.0,2.0,Moderate
101744.0,2017-2018,25,1,38.7,3,0.0,0.0,1.0,1.0,2.0,Low
101750.0,2017-2018,71,2,30.8,3,0.0,1.0,1.0,0.0,2.0,Low
101753.0,2017-2018,46,1,30.9,6,0.0,0.0,1.0,0.0,2.0,Low
101754.0,2017-2018,56,1,30.8,2,1.0,0.0,0.0,0.0,2.0,High
101755.0,2017-2018,66,2,28.8,7,1.0,1.0,0.0,1.0,2.0,Moderate
101756.0,2017-2018,61,2,48.0,4,1.0,1.0,1.0,0.0,2.0,Moderate
101758.0,2017-2018,37,1,23.6,3,0.0,0.0,0.0,2.0,2.0,Low
101760.0,2017-2018,33,2,34.1,6,0.0,0.0,0.0,0.0,2.0,Low
101761.0,2017-2018,44,1,35.4,7,1.0,1.0,1.0,1.0,1.0,High
101762.0,2017-2018,80,2,33.7,3,0.0,0.0,0.0,0.0,2.0,Moderate
101763.0,2017-2018,54,2,28.0,3,1.0,1.0,1.0,2.0,2.0,Moderate
101764.0,2017-2018,49,1,30.5,4,0.0,1.0,0.0,1.0,2.0,Moderate
101765.0,2017-2018,32,2,31.0,4,1.0,0.0,1.0,1.0,2.0,Moderate
101766.0,2017-2018,55,2,28.3,6,1.0,0.0,0.0,0.0,1.0,High
101768.0,2017-2018,24,1,22.5,3,0.0,0.0,1.0,0.0,2.0,Moderate
101771.0,2017-2018,80,1,,2,1.0,1.0,0.0,1.0,2.0,Moderate
101772.0,2017-2018,77,1,31.0,4,0.0,1.0,0.0,1.0,2.0,High
101774.0,2017-2018,28,1,37.9,3,0.0,0.0,0.0,2.0,2.0,Moderate
101775.0,2017-2018,36,1,23.5,6,0.0,0.0,0.0,0.0,2.0,Low
101777.0,2017-2018,64,1,25.1,4,1.0,0.0,0.0,1.0,2.0,Moderate
101778.0,2017-2018,64,2,18.6,6,0.0,0.0,1.0,0.0,2.0,Moderate
101779.0,2017-2018,55,2,29.5,3,1.0,0.0,0.0,1.0,2.0,Low
101780.0,2017-2018,65,2,23.5,3,1.0,1.0,1.0,0.0,2.0,Moderate
101781.0,2017-2018,55,1,31.1,2,0.0,0.0,1.0,0.0,2.0,Low
101782.0,2017-2018,54,2,35.7,4,1.0,1.0,1.0,0.0,2.0,Low
101783.0,2017-2018,51,1,30.7,3,1.0,1.0,1.0,2.0,1.0,High
101784.0,2017-2018,38,1,26.8,6,0.0,0.0,0.0,0.0,2.0,Low
101785.0,2017-2018,77,2,38.6,3,0.0,1.0,0.0,0.0,2.0,High
101786.0,2017-2018,53,1,35.0,3,0.0,0.0,1.0,2.0,2.0,Moderate
101787.0,2017-2018,30,1,34.2,4,1.0,0.0,1.0,0.0,2.0,Low
101790.0,2017-2018,22,2,31.6,4,1.0,0.0,1.0,0.0,2.0,Low
101793.0,2017-2018,57,1,27.1,2,0.0,1.0,1.0,0.0,2.0,Moderate
101794.0,2017-2018,63,1,31.4,1,1.0,1.0,0.0,2.0,1.0,High
101795.0,2017-2018,40,2,26.7,1,1.0,0.0,0.0,0.0,2.0,Low
101799.0,2017-2018,28,2,16.5,3,0.0,0.0,1.0,0.0,2.0,Low
101802.0,2017-2018,57,2,20.4,7,1.0,0.0,1.0,1.0,2.0,Low
101807.0,2017-2018,79,2,22.9,6,0.0,1.0,0.0,1.0,2.0,High
101809.0,2017-2018,61,1,39.4,3,0.0,1.0,0.0,2.0,1.0,High
101811.0,2017-2018,69,1,27.9,2,0.0,1.0,1.0,0.0,2.0,Low
101814.0,2017-2018,26,2,65.3,3,0.0,0.0,0.0,0.0,2.0,Moderate
101817.0,2017-2018,71,1,37.7,3,1.0,1.0,0.0,1.0,2.0,High
101821.0,2017-2018,53,2,20.4,2,1.0,0.0,1.0,0.0,2.0,High
101822.0,2017-2018,40,1,29.6,3,1.0,0.0,1.0,2.0,2.0,Moderate
101823.0,2017-2018,67,1,28.2,4,0.0,0.0,0.0,1.0,2.0,Low
101824.0,2017-2018,64,2,37.9,4,1.0,1.0,0.0,1.0,2.0,Moderate
101828.0,2017-2018,32,2,29.0,6,1.0,0.0,1.0,0.0,2.0,Moderate
101829.0,2017-2018,63,1,42.8,3,1.0,1.0,0.0,0.0,1.0,High
101830.0,2017-2018,45,2,36.5,4,0.0,1.0,1.0,0.0,2.0,Low
101832.0,2017-2018,59,2,30.1,3,0.0,0.0,1.0,0.0,2.0,Low
101834.0,2017-2018,66,2,36.0,4,0.0,0.0,1.0,0.0,2.0,Moderate
101837.0,2017-2018,72,2,24.5,1,0.0,1.0,0.0,0.0,1.0,High
101838.0,2017-2018,30,2,27.2,3,1.0,0.0,0.0,0.0,1.0,High
101839.0,2017-2018,74,2,29.9,7,0.0,1.0,1.0,0.0,1.0,High
101840.0,2017-2018,74,1,34.1,3,0.0,0.0,0.0,2.0,1.0,High
101841.0,2017-2018,48,1,28.0,4,0.0,1.0,1.0,0.0,2.0,Low
101842.0,2017-2018,30,2,29.0,6,0.0,0.0,0.0,0.0,2.0,Low
101843.0,2017-2018,77,2,29.3,3,1.0,1.0,0.0,0.0,2.0,Moderate
101844.0,2017-2018,21,2,37.2,6,0.0,0.0,0.0,0.0,2.0,Low
101845.0,2017-2018,38,2,33.5,7,1.0,1.0,0.0,1.0,2.0,Moderate
101846.0,2017-2018,51,1,23.1,3,0.0,0.0,0.0,1.0,2.0,Low
101847.0,2017-2018,63,2,33.6,4,0.0,0.0,0.0,0.0,2.0,Moderate
101848.0,2017-2018,56,2,19.0,1,0.0,0.0,0.0,2.0,2.0,Moderate
101850.0,2017-2018,28,1,30.2,1,1.0,0.0,1.0,0.0,2.0,Low
101851.0,2017-2018,40,1,27.3,2,0.0,,0.0,1.0,2.0,Moderate
101852.0,2017-2018,32,1,21.5,6,0.0,0.0,1.0,1.0,2.0,Low
101853.0,2017-2018,30,1,30.0,1,1.0,0.0,1.0,1.0,2.0,Low
101859.0,2017-2018,64,2,30.2,7,1.0,1.0,1.0,1.0,2.0,Low
101860.0,2017-2018,77,2,28.9,6,1.0,1.0,0.0,0.0,1.0,High
101861.0,2017-2018,49,2,26.4,3,1.0,0.0,1.0,1.0,2.0,Low
101862.0,2017-2018,37,1,37.2,1,0.0,0.0,0.0,2.0,2.0,Low
101864.0,2017-2018,72,2,25.8,6,0.0,0.0,0.0,0.0,2.0,Moderate
101865.0,2017-2018,53,2,25.5,4,0.0,0.0,1.0,2.0,2.0,Moderate
101866.0,2017-2018,52,1,32.4,4,1.0,1.0,0.0,2.0,2.0,Moderate
101867.0,2017-2018,22,2,32.3,2,0.0,0.0,0.0,0.0,2.0,Low
101870.0,2017-2018,66,2,25.3,3,1.0,0.0,1.0,0.0,2.0,Low
101871.0,2017-2018,36,2,30.3,3,1.0,0.0,0.0,2.0,2.0,Low
101874.0,2017-2018,63,2,20.9,6,0.0,1.0,1.0,0.0,2.0,Moderate
101875.0,2017-2018,49,2,28.6,6,1.0,0.0,1.0,0.0,2.0,Low
101876.0,2017-2018,38,2,36.1,4,1.0,1.0,1.0,0.0,2.0,Low
101878.0,2017-2018,50,2,,2,1.0,1.0,0.0,0.0,2.0,Moderate
101879.0,2017-2018,56,2,24.3,1,1.0,0.0,0.0,0.0,2.0,Low
101880.0,2017-2018,21,1,34.1,7,,0.0,1.0,0.0,2.0,Low
101882.0,2017-2018,52,2,27.3,4,0.0,0.0,0.0,0.0,2.0,Low
101883.0,2017-2018,76,1,28.4,3,0.0,1.0,0.0,0.0,1.0,High
101884.0,2017-2018,70,1,30.9,3,1.0,0.0,1.0,1.0,2.0,Moderate
101885.0,2017-2018,43,2,21.2,3,0.0,0.0,1.0,0.0,2.0,Low
101888.0,2017-2018,60,1,29.8,2,1.0,0.0,0.0,0.0,2.0,Moderate
101893.0,2017-2018,23,1,38.3,1,0.0,0.0,1.0,2.0,2.0,Low
101894.0,2017-2018,46,2,21.4,7,0.0,0.0,0.0,2.0,2.0,Low
101895.0,2017-2018,78,2,30.1,2,0.0,1.0,0.0,0.0,2.0,High
101896.0,2017-2018,28,2,36.5,3,1.0,0.0,1.0,0.0,2.0,High
101899.0,2017-2018,36,1,21.3,4,0.0,0.0,0.0,2.0,2.0,Low
101901.0,2017-2018,25,2,18.9,4,1.0,0.0,0.0,0.0,2.0,Low
101903.0,2017-2018,33,2,31.7,1,1.0,0.0,0.0,0.0,2.0,Low
101904.0,2017-2018,33,2,29.0,4,1.0,0.0,1.0,0.0,2.0,Low
101905.0,2017-2018,70,1,26.5,4,1.0,0.0,1.0,2.0,1.0,High
101910.0,2017-2018,80,2,30.8,3,1.0,0.0,1.0,0.0,1.0,High
101911.0,2017-2018,22,2,52.1,4,0.0,0.0,0.0,0.0,2.0,Low
101912.0,2017-2018,31,2,20.6,6,0.0,0.0,0.0,0.0,2.0,Low
101915.0,2017-2018,69,2,38.9,3,0.0,1.0,1.0,0.0,2.0,Moderate
101917.0,2017-2018,66,1,30.9,2,0.0,0.0,1.0,1.0,2.0,Moderate
101919.0,2017-2018,33,1,27.4,6,0.0,0.0,0.0,2.0,2.0,Moderate
101920.0,2017-2018,48,1,31.2,6,1.0,1.0,0.0,0.0,2.0,Moderate
101922.0,2017-2018,55,1,23.7,6,0.0,0.0,1.0,0.0,2.0,Moderate
101924.0,2017-2018,77,1,45.4,4,1.0,1.0,0.0,0.0,1.0,High
101928.0,2017-2018,42,2,39.0,4,0.0,0.0,1.0,0.0,2.0,Moderate
101934.0,2017-2018,64,2,33.7,7,1.0,0.0,1.0,0.0,2.0,Moderate
101936.0,2017-2018,80,2,44.7,4,0.0,1.0,0.0,1.0,2.0,Moderate
101937.0,2017-2018,24,1,,7,0.0,0.0,1.0,0.0,2.0,Low
101941.0,2017-2018,44,2,43.3,4,1.0,0.0,0.0,0.0,2.0,Moderate
101945.0,2017-2018,74,1,19.1,3,1.0,0.0,0.0,1.0,2.0,Moderate
101947.0,2017-2018,66,1,32.8,4,1.0,1.0,0.0,0.0,1.0,High
101949.0,2017-2018,79,1,25.2,3,0.0,1.0,1.0,1.0,2.0,Low
101950.0,2017-2018,54,1,35.7,3,0.0,0.0,0.0,2.0,2.0,Moderate
101957.0,2017-2018,35,2,26.1,6,1.0,0.0,1.0,1.0,2.0,Low
101959.0,2017-2018,70,2,29.8,3,1.0,0.0,0.0,0.0,2.0,Low
101962.0,2017-2018,79,1,32.1,3,1.0,1.0,0.0,1.0,1.0,High
101965.0,2017-2018,44,2,28.5,6,0.0,0.0,0.0,0.0,2.0,Moderate
101966.0,2017-2018,24,1,20.3,2,0.0,0.0,0.0,2.0,2.0,Moderate
101971.0,2017-2018,24,1,19.6,4,0.0,0.0,1.0,2.0,2.0,Low
101973.0,2017-2018,37,2,37.6,4,0.0,0.0,0.0,0.0,2.0,Low
101976.0,2017-2018,38,1,27.9,6,0.0,0.0,0.0,0.0,2.0,Moderate
101977.0,2017-2018,45,1,34.3,4,1.0,0.0,1.0,1.0,2.0,Low
101978.0,2017-2018,44,2,35.1,4,1.0,1.0,1.0,0.0,2.0,Moderate
101980.0,2017-2018,35,2,16.8,3,0.0,0.0,0.0,2.0,2.0,Low
101981.0,2017-2018,67,2,22.3,6,1.0,0.0,0.0,0.0,2.0,Low
101985.0,2017-2018,27,1,37.6,4,1.0,0.0,1.0,0.0,2.0,Low
101987.0,2017-2018,66,1,31.0,3,0.0,1.0,0.0,1.0,2.0,Low
101989.0,2017-2018,80,1,27.0,1,1.0,1.0,0.0,1.0,1.0,High
101990.0,2017-2018,23,2,45.5,3,0.0,0.0,1.0,0.0,2.0,Low
101993.0,2017-2018,67,2,23.3,3,0.0,0.0,1.0,0.0,2.0,Low
101995.0,2017-2018,59,1,35.8,3,0.0,1.0,0.0,0.0,1.0,High
102000.0,2017-2018,63,2,26.1,4,1.0,0.0,1.0,0.0,2.0,Low
102001.0,2017-2018,63,1,31.7,2,0.0,0.0,1.0,1.0,2.0,Low
102002.0,2017-2018,77,1,54.6,3,0.0,1.0,0.0,1.0,1.0,High
102003.0,2017-2018,25,1,23.1,7,0.0,0.0,1.0,0.0,2.0,Low
102005.0,2017-2018,36,2,44.7,3,1.0,0.0,1.0,2.0,2.0,Moderate
102007.0,2017-2018,55,2,22.6,6,1.0,1.0,0.0,0.0,3.0,Moderate
102008.0,2017-2018,47,2,20.2,3,1.0,0.0,1.0,0.0,2.0,Low
102012.0,2017-2018,48,2,54.7,4,1.0,0.0,0.0,2.0,1.0,High
102015.0,2017-2018,20,2,26.3,3,0.0,0.0,0.0,2.0,2.0,Low
102018.0,2017-2018,69,2,33.6,4,1.0,1.0,0.0,0.0,2.0,Low
102021.0,2017-2018,65,2,28.6,6,1.0,0.0,1.0,0.0,1.0,High
102022.0,2017-2018,46,1,31.0,3,1.0,0.0,0.0,0.0,2.0,Low
102024.0,2017-2018,37,1,36.2,3,1.0,0.0,0.0,0.0,2.0,Moderate
102026.0,2017-2018,24,2,19.1,3,0.0,0.0,1.0,0.0,2.0,Low
102027.0,2017-2018,67,1,37.6,3,1.0,1.0,0.0,0.0,1.0,High
102028.0,2017-2018,24,1,20.6,6,0.0,0.0,1.0,0.0,2.0,Low
102030.0,2017-2018,50,2,34.8,1,1.0,1.0,0.0,2.0,1.0,High
102031.0,2017-2018,61,2,31.8,3,0.0,1.0,0.0,1.0,2.0,Moderate
102032.0,2017-2018,67,2,53.3,4,0.0,1.0,0.0,1.0,2.0,Moderate
102035.0,2017-2018,32,2,26.6,3,0.0,0.0,0.0,1.0,2.0,Moderate
102037.0,2017-2018,21,2,21.6,1,0.0,0.0,0.0,0.0,2.0,Moderate
102039.0,2017-2018,22,1,23.0,3,0.0,0.0,1.0,0.0,2.0,Low
102041.0,2017-2018,42,1,25.6,3,1.0,0.0,1.0,1.0,2.0,Low
102044.0,2017-2018,33,2,26.5,4,0.0,0.0,1.0,0.0,2.0,Low
102045.0,2017-2018,55,1,49.4,3,1.0,0.0,1.0,2.0,2.0,Low
102046.0,2017-2018,32,2,23.1,6,0.0,0.0,0.0,0.0,2.0,Low
102047.0,2017-2018,62,2,26.6,2,0.0,1.0,1.0,0.0,2.0,Low
102048.0,2017-2018,78,2,28.7,2,1.0,1.0,1.0,0.0,2.0,Moderate
102050.0,2017-2018,47,1,33.5,4,0.0,0.0,0.0,0.0,2.0,Low
102052.0,2017-2018,80,2,39.6,1,0.0,1.0,0.0,0.0,2.0,Moderate
102054.0,2017-2018,68,2,24.1,3,1.0,1.0,0.0,1.0,1.0,High
102055.0,2017-2018,69,2,41.4,3,0.0,1.0,0.0,1.0,2.0,Moderate
102057.0,2017-2018,70,1,27.9,3,0.0,0.0,0.0,2.0,2.0,Moderate
102058.0,2017-2018,68,2,34.3,3,1.0,0.0,0.0,2.0,2.0,Moderate
102060.0,2017-2018,80,2,25.4,3,0.0,0.0,0.0,0.0,2.0,Low
102064.0,2017-2018,35,2,26.9,1,0.0,0.0,0.0,1.0,2.0,Low
102067.0,2017-2018,55,1,26.9,3,1.0,1.0,0.0,2.0,1.0,High
102068.0,2017-2018,65,2,35.4,6,0.0,0.0,0.0,0.0,2.0,High
102070.0,2017-2018,80,2,24.1,3,0.0,0.0,0.0,0.0,2.0,Low
102072.0,2017-2018,50,2,35.1,1,0.0,0.0,0.0,0.0,2.0,High
102073.0,2017-2018,43,1,29.4,3,1.0,1.0,0.0,2.0,2.0,Low
102074.0,2017-2018,35,2,33.7,4,0.0,1.0,0.0,2.0,2.0,Low
102078.0,2017-2018,61,1,23.6,4,1.0,0.0,1.0,2.0,2.0,Moderate
102079.0,2017-2018,60,2,33.6,4,0.0,1.0,1.0,0.0,2.0,Moderate
102081.0,2017-2018,49,2,40.1,3,1.0,1.0,0.0,1.0,2.0,Low
102082.0,2017-2018,58,1,48.1,7,1.0,1.0,1.0,0.0,1.0,High
102088.0,2017-2018,29,2,31.7,3,1.0,0.0,0.0,1.0,2.0,Low
102091.0,2017-2018,32,1,35.8,4,1.0,1.0,1.0,0.0,2.0,Moderate
102092.0,2017-2018,60,1,27.7,2,0.0,0.0,1.0,1.0,2.0,Low
102093.0,2017-2018,21,2,29.0,2,0.0,0.0,1.0,0.0,2.0,Moderate
102096.0,2017-2018,20,1,27.7,2,0.0,0.0,0.0,0.0,2.0,Low
102099.0,2017-2018,32,2,48.4,3,0.0,0.0,1.0,2.0,2.0,High
102100.0,2017-2018,75,2,29.4,4,0.0,1.0,1.0,1.0,3.0,Moderate
102101.0,2017-2018,20,1,29.9,1,1.0,0.0,1.0,1.0,3.0,Moderate
102103.0,2017-2018,37,1,25.6,7,0.0,0.0,1.0,0.0,2.0,Low
102105.0,2017-2018,24,2,40.6,4,0.0,0.0,1.0,0.0,2.0,Moderate
102106.0,2017-2018,64,1,34.1,4,1.0,1.0,1.0,1.0,2.0,Low
102107.0,2017-2018,31,1,24.5,7,1.0,0.0,1.0,0.0,2.0,Low
102111.0,2017-2018,53,1,27.0,2,0.0,0.0,0.0,0.0,2.0,Moderate
102112.0,2017-2018,33,2,16.2,4,0.0,0.0,0.0,2.0,2.0,Low
102113.0,2017-2018,26,2,29.4,1,0.0,0.0,1.0,0.0,2.0,Low
102116.0,2017-2018,75,2,23.2,4,0.0,1.0,0.0,0.0,1.0,High
102117.0,2017-2018,74,1,21.9,6,0.0,0.0,0.0,0.0,2.0,Moderate
102121.0,2017-2018,53,2,28.3,1,1.0,0.0,0.0,0.0,2.0,Low
102126.0,2017-2018,23,2,23.5,2,0.0,0.0,1.0,2.0,2.0,Low
102128.0,2017-2018,21,1,18.8,4,0.0,0.0,1.0,1.0,2.0,Low
102129.0,2017-2018,34,1,32.9,1,0.0,0.0,0.0,0.0,2.0,Low
102130.0,2017-2018,56,1,32.0,3,,0.0,1.0,0.0,2.0,Moderate
102131.0,2017-2018,69,1,24.6,6,1.0,1.0,0.0,1.0,2.0,Moderate
102132.0,2017-2018,39,2,41.0,1,1.0,0.0,1.0,0.0,2.0,Low
102134.0,2017-2018,42,2,29.3,3,1.0,0.0,1.0,0.0,2.0,Low
102135.0,2017-2018,24,1,21.0,4,1.0,0.0,0.0,0.0,2.0,Low
102137.0,2017-2018,67,1,28.2,4,1.0,1.0,1.0,1.0,2.0,Low
102139.0,2017-2018,31,1,29.9,7,0.0,0.0,1.0,0.0,2.0,Low
102147.0,2017-2018,55,2,22.3,7,1.0,1.0,1.0,0.0,2.0,High
102148.0,2017-2018,80,2,29.4,4,1.0,1.0,0.0,0.0,2.0,Moderate
102149.0,2017-2018,27,2,32.7,4,0.0,0.0,0.0,0.0,2.0,Low
102151.0,2017-2018,44,2,22.3,6,1.0,0.0,0.0,0.0,3.0,Moderate
102152.0,2017-2018,44,1,23.9,6,1.0,0.0,1.0,0.0,2.0,Moderate
102153.0,2017-2018,77,2,30.9,1,1.0,1.0,1.0,0.0,2.0,Moderate
102154.0,2017-2018,41,1,32.8,1,0.0,0.0,0.0,0.0,2.0,Low
102155.0,2017-2018,47,1,30.4,1,0.0,0.0,0.0,0.0,2.0,Moderate
102158.0,2017-2018,80,2,,4,1.0,0.0,1.0,1.0,2.0,Moderate
102160.0,2017-2018,31,2,21.2,6,0.0,0.0,0.0,0.0,2.0,Low
102162.0,2017-2018,80,2,27.6,3,0.0,1.0,1.0,0.0,2.0,High
102163.0,2017-2018,23,1,,3,0.0,0.0,1.0,0.0,2.0,Low
102167.0,2017-2018,80,2,22.6,3,1.0,1.0,0.0,0.0,1.0,High
102168.0,2017-2018,59,2,28.9,4,0.0,1.0,1.0,0.0,2.0,Low
102169.0,2017-2018,66,2,27.7,3,0.0,1.0,0.0,0.0,2.0,Low
102170.0,2017-2018,64,1,22.8,4,1.0,1.0,1.0,2.0,1.0,High
102171.0,2017-2018,77,2,20.7,6,0.0,0.0,0.0,0.0,2.0,High
102173.0,2017-2018,64,2,25.8,3,1.0,1.0,0.0,2.0,2.0,Moderate
102177.0,2017-2018,80,1,24.3,3,1.0,0.0,1.0,0.0,2.0,Low
102178.0,2017-2018,61,2,34.1,4,1.0,1.0,0.0,0.0,1.0,High
102179.0,2017-2018,42,1,40.1,4,1.0,1.0,1.0,2.0,1.0,High
102181.0,2017-2018,43,2,32.1,4,1.0,1.0,1.0,1.0,2.0,Moderate
102182.0,2017-2018,41,1,22.6,6,0.0,0.0,1.0,0.0,2.0,Low
102183.0,2017-2018,68,1,28.2,3,1.0,1.0,1.0,1.0,2.0,Moderate
102184.0,2017-2018,25,2,38.1,6,1.0,0.0,0.0,0.0,2.0,Low
102185.0,2017-2018,45,1,41.9,4,1.0,0.0,0.0,0.0,3.0,High
102187.0,2017-2018,20,1,27.4,4,1.0,0.0,1.0,0.0,2.0,Low
102191.0,2017-2018,58,1,33.7,3,0.0,0.0,1.0,0.0,2.0,Moderate
102192.0,2017-2018,65,1,35.0,3,1.0,1.0,0.0,1.0,1.0,High
102193.0,2017-2018,36,1,26.5,6,1.0,1.0,1.0,2.0,3.0,Moderate
102194.0,2017-2018,36,2,40.9,1,1.0,0.0,1.0,0.0,2.0,Low
102196.0,2017-2018,38,2,26.0,3,0.0,0.0,0.0,0.0,2.0,Low
102198.0,2017-2018,63,2,39.5,1,0.0,0.0,0.0,1.0,2.0,High
102199.0,2017-2018,57,1,37.3,2,1.0,1.0,0.0,0.0,2.0,Low
102201.0,2017-2018,47,2,20.7,4,0.0,0.0,0.0,2.0,2.0,Low
102202.0,2017-2018,23,2,21.4,7,0.0,0.0,1.0,0.0,2.0,Low
102204.0,2017-2018,49,2,27.0,3,0.0,0.0,0.0,2.0,2.0,Moderate
102207.0,2017-2018,42,1,27.5,6,0.0,1.0,1.0,2.0,2.0,Low
102210.0,2017-2018,68,1,25.0,4,1.0,1.0,1.0,0.0,1.0,High
102211.0,2017-2018,37,1,34.8,1,0.0,1.0,1.0,0.0,2.0,Low
102212.0,2017-2018,31,2,24.7,3,1.0,1.0,1.0,2.0,2.0,Low
102214.0,2017-2018,77,2,33.5,2,0.0,1.0,1.0,0.0,2.0,Low
102215.0,2017-2018,48,1,30.3,3,1.0,0.0,1.0,0.0,2.0,Moderate
102217.0,2017-2018,27,1,27.7,4,1.0,0.0,1.0,0.0,2.0,Low
102218.0,2017-2018,48,2,22.4,4,1.0,1.0,0.0,2.0,2.0,Low
102219.0,2017-2018,54,1,26.1,4,0.0,0.0,0.0,2.0,2.0,Low
102221.0,2017-2018,38,1,29.9,1,0.0,0.0,0.0,1.0,2.0,Moderate
102223.0,2017-2018,36,2,23.1,3,0.0,0.0,1.0,0.0,2.0,Moderate
102225.0,2017-2018,41,1,27.8,3,0.0,1.0,0.0,1.0,2.0,Moderate
102226.0,2017-2018,26,1,27.3,6,0.0,0.0,1.0,0.0,2.0,Low
102229.0,2017-2018,57,1,29.1,1,0.0,1.0,0.0,1.0,2.0,Low
102232.0,2017-2018,22,1,19.3,6,1.0,0.0,0.0,0.0,2.0,Low
102234.0,2017-2018,41,1,44.6,3,1.0,1.0,1.0,0.0,2.0,Moderate
102238.0,2017-2018,49,2,56.5,3,1.0,1.0,0.0,0.0,2.0,Low
102239.0,2017-2018,23,1,32.1,6,0.0,0.0,1.0,0.0,2.0,Low
102240.0,2017-2018,60,1,34.3,3,0.0,0.0,0.0,2.0,2.0,Moderate
102241.0,2017-2018,80,2,28.1,4,0.0,0.0,0.0,0.0,2.0,Moderate
102242.0,2017-2018,23,1,19.4,3,1.0,0.0,0.0,2.0,2.0,Low
102243.0,2017-2018,60,1,28.2,6,0.0,0.0,1.0,1.0,2.0,Moderate
102244.0,2017-2018,42,1,34.3,4,1.0,1.0,0.0,2.0,2.0,Low
102245.0,2017-2018,64,2,19.0,7,0.0,1.0,0.0,2.0,2.0,Low
102248.0,2017-2018,48,1,25.5,6,0.0,0.0,1.0,2.0,2.0,Moderate
102249.0,2017-2018,22,1,21.6,3,1.0,1.0,0.0,2.0,2.0,Low
102250.0,2017-2018,34,1,27.4,3,0.0,1.0,1.0,0.0,2.0,Low
102251.0,2017-2018,75,1,30.7,1,0.0,1.0,0.0,1.0,2.0,Moderate
102254.0,2017-2018,38,2,27.9,1,1.0,0.0,1.0,2.0,2.0,Moderate
102255.0,2017-2018,24,2,26.9,3,0.0,0.0,1.0,0.0,2.0,Low
102256.0,2017-2018,40,1,25.8,2,1.0,0.0,0.0,0.0,2.0,Low
102258.0,2017-2018,51,2,19.5,2,1.0,0.0,0.0,0.0,2.0,Moderate
102259.0,2017-2018,56,2,28.1,4,1.0,0.0,1.0,0.0,2.0,Low
102260.0,2017-2018,65,2,26.4,3,1.0,0.0,1.0,2.0,2.0,Moderate
102263.0,2017-2018,79,1,31.7,3,1.0,1.0,0.0,1.0,1.0,High
102265.0,2017-2018,34,1,20.0,3,1.0,1.0,1.0,2.0,2.0,Low
102266.0,2017-2018,70,2,20.0,4,0.0,0.0,0.0,0.0,2.0,Low
102267.0,2017-2018,77,2,51.6,4,1.0,1.0,0.0,1.0,2.0,Moderate
102269.0,2017-2018,54,2,37.2,4,0.0,1.0,1.0,0.0,2.0,Moderate
102271.0,2017-2018,79,1,23.7,6,0.0,0.0,1.0,0.0,2.0,Moderate
102272.0,2017-2018,26,2,25.9,3,0.0,0.0,1.0,0.0,2.0,Low
102276.0,2017-2018,79,2,29.4,4,0.0,1.0,1.0,1.0,2.0,Low
102278.0,2017-2018,36,2,39.1,1,1.0,0.0,1.0,2.0,1.0,High
102279.0,2017-2018,38,1,31.8,1,1.0,0.0,1.0,0.0,2.0,Moderate
102281.0,2017-2018,54,2,27.8,6,1.0,1.0,1.0,0.0,1.0,High
102283.0,2017-2018,22,2,31.3,3,1.0,0.0,1.0,2.0,2.0,Low
102285.0,2017-2018,37,1,19.3,4,0.0,0.0,0.0,0.0,2.0,Low
102288.0,2017-2018,32,1,32.6,6,1.0,1.0,1.0,0.0,2.0,Low
102296.0,2017-2018,62,2,27.9,4,1.0,1.0,0.0,1.0,1.0,High
102300.0,2017-2018,74,1,29.1,3,0.0,0.0,1.0,1.0,2.0,Moderate
102301.0,2017-2018,78,1,31.8,3,,1.0,0.0,0.0,1.0,High
102302.0,2017-2018,40,2,,2,0.0,1.0,0.0,0.0,2.0,Low
102306.0,2017-2018,71,1,27.8,7,0.0,1.0,1.0,2.0,2.0,Moderate
102307.0,2017-2018,79,2,33.5,3,1.0,1.0,0.0,0.0,1.0,High
102309.0,2017-2018,55,2,38.6,3,0.0,1.0,0.0,0.0,2.0,Low
102311.0,2017-2018,33,1,29.2,2,0.0,0.0,1.0,1.0,2.0,Low
102313.0,2017-2018,80,1,31.3,3,1.0,0.0,0.0,1.0,2.0,Moderate
102315.0,2017-2018,39,2,21.1,6,0.0,0.0,1.0,0.0,2.0,Low
102317.0,2017-2018,59,1,36.1,3,1.0,1.0,0.0,1.0,1.0,High
102320.0,2017-2018,63,2,28.9,4,1.0,1.0,1.0,0.0,2.0,Moderate
102321.0,2017-2018,56,1,29.6,1,1.0,1.0,0.0,1.0,3.0,High
102322.0,2017-2018,45,1,19.0,4,1.0,0.0,1.0,1.0,2.0,Moderate
102324.0,2017-2018,28,2,28.9,1,0.0,0.0,1.0,0.0,2.0,Low
102326.0,2017-2018,72,2,27.5,2,0.0,0.0,0.0,0.0,1.0,High
102328.0,2017-2018,80,2,18.2,3,0.0,1.0,1.0,0.0,2.0,Low
102329.0,2017-2018,72,1,34.4,1,1.0,1.0,1.0,1.0,2.0,Moderate
102331.0,2017-2018,53,1,24.6,3,1.0,1.0,1.0,1.0,2.0,Low
102333.0,2017-2018,50,2,45.9,4,0.0,1.0,0.0,0.0,2.0,Low
102334.0,2017-2018,25,1,30.6,3,1.0,0.0,1.0,0.0,2.0,Low
102336.0,2017-2018,33,1,26.2,3,0.0,0.0,0.0,0.0,2.0,Moderate
102337.0,2017-2018,68,1,33.6,2,1.0,0.0,0.0,0.0,2.0,Moderate
102338.0,2017-2018,54,1,28.9,3,1.0,0.0,1.0,0.0,2.0,Moderate
102340.0,2017-2018,33,1,21.6,3,1.0,0.0,0.0,2.0,2.0,Low
102341.0,2017-2018,39,2,33.2,3,0.0,0.0,1.0,0.0,2.0,Moderate
102342.0,2017-2018,52,1,27.9,2,0.0,1.0,0.0,2.0,2.0,Low
102344.0,2017-2018,34,2,18.7,6,1.0,0.0,0.0,0.0,2.0,Low
102345.0,2017-2018,39,2,41.4,4,0.0,0.0,1.0,0.0,2.0,Moderate
102346.0,2017-2018,37,2,50.7,3,1.0,1.0,0.0,1.0,1.0,High
102348.0,2017-2018,27,2,43.4,1,1.0,0.0,0.0,0.0,2.0,Low
102349.0,2017-2018,67,2,26.4,6,0.0,1.0,1.0,0.0,2.0,Moderate
102350.0,2017-2018,36,1,27.4,1,0.0,0.0,0.0,0.0,2.0,Moderate
102352.0,2017-2018,31,1,24.7,3,0.0,0.0,0.0,2.0,2.0,Low
102353.0,2017-2018,64,1,25.5,3,1.0,0.0,0.0,1.0,1.0,High
102355.0,2017-2018,33,1,53.7,6,1.0,0.0,1.0,2.0,1.0,High
102356.0,2017-2018,22,1,27.5,2,1.0,0.0,1.0,0.0,2.0,Low
102358.0,2017-2018,31,2,22.4,6,1.0,0.0,1.0,0.0,2.0,Low
102359.0,2017-2018,39,2,23.9,6,1.0,0.0,0.0,0.0,2.0,Low
102360.0,2017-2018,28,2,39.2,4,0.0,0.0,1.0,0.0,2.0,Low
102361.0,2017-2018,31,1,25.0,7,1.0,0.0,1.0,1.0,2.0,Low
102362.0,2017-2018,80,1,29.0,3,1.0,1.0,0.0,1.0,2.0,Moderate
102364.0,2017-2018,33,2,29.3,3,0.0,0.0,1.0,0.0,2.0,Low
102365.0,2017-2018,75,1,25.7,3,0.0,0.0,1.0,1.0,2.0,Moderate
102367.0,2017-2018,66,2,,4,1.0,1.0,0.0,2.0,1.0,High
102368.0,2017-2018,67,1,30.9,3,0.0,1.0,1.0,1.0,2.0,Moderate
102369.0,2017-2018,42,2,27.8,1,,0.0,1.0,0.0,2.0,Low
102370.0,2017-2018,80,2,25.3,3,0.0,1.0,0.0,0.0,2.0,Moderate
102371.0,2017-2018,54,1,26.8,4,0.0,1.0,1.0,0.0,2.0,Low
102372.0,2017-2018,80,1,33.1,3,0.0,1.0,1.0,1.0,2.0,Moderate
102373.0,2017-2018,31,1,30.0,1,0.0,1.0,1.0,0.0,2.0,Low
102377.0,2017-2018,59,2,27.3,1,1.0,1.0,1.0,0.0,2.0,Moderate
102378.0,2017-2018,40,2,28.9,1,1.0,0.0,0.0,0.0,2.0,Low
102379.0,2017-2018,71,2,39.6,2,0.0,0.0,0.0,0.0,2.0,Moderate
102380.0,2017-2018,26,2,29.2,4,0.0,0.0,1.0,0.0,2.0,Low
102381.0,2017-2018,42,1,33.4,3,0.0,0.0,1.0,1.0,2.0,Moderate
102382.0,2017-2018,44,1,24.9,7,0.0,0.0,1.0,0.0,2.0,Low
102383.0,2017-2018,26,2,24.6,1,0.0,0.0,0.0,0.0,2.0,Low
102386.0,2017-2018,27,2,31.6,6,0.0,0.0,0.0,0.0,2.0,Low
102387.0,2017-2018,68,1,30.2,3,0.0,0.0,0.0,1.0,2.0,Moderate
102389.0,2017-2018,71,2,32.0,4,0.0,1.0,0.0,0.0,2.0,Moderate
102391.0,2017-2018,31,1,,6,,1.0,0.0,0.0,2.0,Low
102392.0,2017-2018,80,2,31.0,3,0.0,1.0,0.0,0.0,2.0,High
102393.0,2017-2018,20,2,18.0,3,0.0,0.0,1.0,0.0,2.0,Low
102395.0,2017-2018,25,1,32.7,1,0.0,0.0,1.0,0.0,2.0,Low
102396.0,2017-2018,45,1,31.3,7,,1.0,1.0,1.0,2.0,Moderate
102397.0,2017-2018,73,2,26.8,3,1.0,0.0,1.0,0.0,2.0,Moderate
102399.0,2017-2018,80,1,34.3,3,0.0,0.0,0.0,1.0,2.0,Low
102400.0,2017-2018,42,1,25.7,1,0.0,0.0,1.0,0.0,2.0,Moderate
102401.0,2017-2018,44,2,19.8,2,1.0,0.0,0.0,1.0,2.0,Low
102405.0,2017-2018,49,1,31.9,1,1.0,0.0,1.0,0.0,2.0,Moderate
102407.0,2017-2018,75,2,48.7,3,1.0,1.0,0.0,0.0,1.0,High
102410.0,2017-2018,44,1,36.1,1,1.0,0.0,1.0,0.0,2.0,Low
102411.0,2017-2018,80,1,24.2,3,0.0,0.0,0.0,0.0,2.0,Moderate
102415.0,2017-2018,54,2,38.5,2,1.0,0.0,0.0,0.0,1.0,High
102418.0,2017-2018,63,1,29.0,3,0.0,1.0,1.0,0.0,2.0,Moderate
102419.0,2017-2018,32,1,24.3,7,1.0,0.0,1.0,0.0,2.0,Low
102420.0,2017-2018,70,2,25.5,1,0.0,0.0,0.0,0.0,2.0,Moderate
102421.0,2017-2018,57,2,23.1,2,1.0,1.0,0.0,0.0,2.0,Moderate
102423.0,2017-2018,62,2,33.2,4,0.0,1.0,0.0,0.0,2.0,Low
102424.0,2017-2018,37,1,22.7,6,0.0,1.0,1.0,0.0,2.0,Moderate
102425.0,2017-2018,33,1,36.9,7,0.0,0.0,0.0,1.0,2.0,Low
102427.0,2017-2018,63,1,32.7,1,1.0,0.0,0.0,0.0,2.0,Low
102428.0,2017-2018,41,1,46.1,3,1.0,0.0,0.0,1.0,1.0,High
102429.0,2017-2018,38,2,36.1,1,0.0,0.0,0.0,0.0,2.0,High
102432.0,2017-2018,33,1,42.5,3,1.0,0.0,0.0,0.0,2.0,Low
102434.0,2017-2018,44,2,40.7,4,0.0,0.0,1.0,0.0,2.0,Low
102436.0,2017-2018,56,2,23.2,3,1.0,1.0,1.0,0.0,2.0,Low
102442.0,2017-2018,62,2,28.9,3,0.0,1.0,0.0,1.0,2.0,Low
102443.0,2017-2018,56,2,19.8,3,1.0,0.0,1.0,0.0,2.0,Low
102444.0,2017-2018,58,1,40.9,3,1.0,1.0,0.0,2.0,1.0,High
102445.0,2017-2018,80,2,23.9,1,1.0,1.0,1.0,1.0,2.0,Low
102447.0,2017-2018,79,2,19.0,4,0.0,1.0,0.0,1.0,2.0,Moderate
102450.0,2017-2018,39,1,56.1,3,1.0,1.0,0.0,2.0,1.0,High
102452.0,2017-2018,60,2,34.5,1,1.0,0.0,0.0,0.0,2.0,Moderate
102454.0,2017-2018,34,2,23.5,1,0.0,0.0,1.0,0.0,2.0,Moderate
102455.0,2017-2018,66,1,26.2,4,1.0,0.0,0.0,0.0,2.0,Moderate
102456.0,2017-2018,29,2,42.7,7,0.0,0.0,0.0,0.0,1.0,High
102457.0,2017-2018,58,1,24.7,3,1.0,1.0,0.0,2.0,2.0,Moderate
102458.0,2017-2018,34,1,20.4,4,0.0,0.0,0.0,0.0,2.0,Low
102460.0,2017-2018,25,2,21.3,3,0.0,0.0,1.0,2.0,2.0,Low
102461.0,2017-2018,28,2,24.5,6,1.0,0.0,1.0,0.0,2.0,Moderate
102464.0,2017-2018,46,1,26.3,3,0.0,0.0,0.0,0.0,2.0,Low
102465.0,2017-2018,79,1,24.9,6,1.0,0.0,0.0,0.0,3.0,Moderate
102466.0,2017-2018,34,1,23.4,3,0.0,0.0,0.0,1.0,2.0,Moderate
102467.0,2017-2018,58,2,34.9,4,1.0,0.0,0.0,0.0,2.0,High
102469.0,2017-2018,33,1,30.8,3,0.0,0.0,0.0,2.0,2.0,Low
102471.0,2017-2018,62,2,26.3,2,1.0,1.0,0.0,0.0,2.0,Moderate
102472.0,2017-2018,41,1,32.3,4,0.0,0.0,1.0,0.0,2.0,Moderate
102473.0,2017-2018,41,2,26.4,2,1.0,0.0,1.0,0.0,2.0,Low
102474.0,2017-2018,52,2,42.2,7,1.0,1.0,0.0,0.0,2.0,Moderate
102475.0,2017-2018,38,1,28.3,1,0.0,0.0,0.0,2.0,2.0,High
102478.0,2017-2018,60,1,33.2,4,1.0,1.0,0.0,2.0,1.0,High
102480.0,2017-2018,77,1,32.1,4,1.0,0.0,1.0,0.0,1.0,High
102482.0,2017-2018,36,1,32.8,3,0.0,0.0,1.0,0.0,2.0,Low
102483.0,2017-2018,60,2,36.6,3,1.0,1.0,0.0,0.0,2.0,Low
102486.0,2017-2018,21,2,34.2,6,0.0,0.0,0.0,0.0,2.0,Low
102488.0,2017-2018,29,1,28.5,2,0.0,0.0,1.0,0.0,2.0,Low
102489.0,2017-2018,73,1,31.2,3,0.0,0.0,1.0,1.0,3.0,High
102490.0,2017-2018,71,2,25.7,6,0.0,1.0,0.0,0.0,2.0,Moderate
102492.0,2017-2018,31,1,30.2,4,1.0,0.0,1.0,2.0,2.0,Low
102493.0,2017-2018,79,1,34.0,3,0.0,1.0,1.0,0.0,1.0,High
102494.0,2017-2018,76,1,26.6,3,0.0,0.0,1.0,0.0,2.0,Moderate
102495.0,2017-2018,33,1,25.3,3,0.0,0.0,1.0,2.0,2.0,Moderate
102497.0,2017-2018,75,1,26.4,3,0.0,1.0,1.0,1.0,2.0,Moderate
102501.0,2017-2018,45,1,36.6,3,,0.0,1.0,2.0,2.0,High
102504.0,2017-2018,80,2,20.1,3,0.0,1.0,0.0,0.0,2.0,Low
102505.0,2017-2018,38,1,32.3,1,0.0,0.0,1.0,0.0,2.0,Moderate
102506.0,2017-2018,51,2,27.7,2,1.0,0.0,0.0,0.0,2.0,Moderate
102507.0,2017-2018,24,1,,1,0.0,0.0,0.0,2.0,2.0,Low
102508.0,2017-2018,68,2,29.5,4,1.0,1.0,0.0,1.0,1.0,High
102509.0,2017-2018,62,1,19.5,1,0.0,0.0,0.0,0.0,2.0,High
102512.0,2017-2018,59,2,31.0,3,0.0,1.0,0.0,1.0,2.0,Low
102514.0,2017-2018,33,1,31.2,7,0.0,0.0,0.0,0.0,2.0,Moderate
102515.0,2017-2018,56,1,24.9,3,0.0,0.0,1.0,1.0,2.0,Low
102516.0,2017-2018,46,1,40.2,3,1.0,0.0,1.0,0.0,2.0,Low
102517.0,2017-2018,63,2,31.9,2,1.0,1.0,0.0,0.0,2.0,High
102518.0,2017-2018,44,2,39.1,1,1.0,0.0,0.0,0.0,2.0,Low
102520.0,2017-2018,63,1,31.1,2,0.0,0.0,1.0,1.0,2.0,Moderate
102522.0,2017-2018,60,1,28.7,1,1.0,1.0,0.0,2.0,1.0,High
102524.0,2017-2018,63,1,28.7,1,0.0,0.0,0.0,1.0,2.0,Moderate
102526.0,2017-2018,42,1,38.6,4,0.0,1.0,1.0,0.0,2.0,Low
102528.0,2017-2018,64,1,28.5,3,0.0,1.0,0.0,1.0,2.0,Moderate
102529.0,2017-2018,80,1,20.4,4,1.0,1.0,0.0,2.0,2.0,Moderate
102532.0,2017-2018,34,2,31.9,4,0.0,0.0,1.0,0.0,2.0,Low
102533.0,2017-2018,55,1,38.9,1,1.0,1.0,1.0,2.0,1.0,High
102541.0,2017-2018,26,1,22.5,7,,0.0,0.0,2.0,2.0,Low
102542.0,2017-2018,66,2,31.0,2,0.0,1.0,0.0,0.0,1.0,High
102544.0,2017-2018,80,1,30.0,3,0.0,0.0,0.0,1.0,2.0,Moderate
102546.0,2017-2018,41,1,,6,0.0,0.0,1.0,0.0,2.0,Moderate
102548.0,2017-2018,28,2,32.8,7,0.0,0.0,1.0,0.0,2.0,Moderate
102551.0,2017-2018,58,2,44.0,4,1.0,1.0,0.0,2.0,2.0,Moderate
102553.0,2017-2018,50,1,26.3,6,1.0,0.0,0.0,0.0,3.0,Moderate
102554.0,2017-2018,66,1,22.7,7,1.0,1.0,0.0,0.0,2.0,Low
102556.0,2017-2018,50,1,33.1,2,1.0,0.0,0.0,2.0,2.0,Low
102559.0,2017-2018,53,1,29.2,1,0.0,0.0,0.0,0.0,1.0,High
102560.0,2017-2018,33,1,68.2,7,0.0,1.0,0.0,0.0,2.0,Moderate
102562.0,2017-2018,38,2,27.1,2,0.0,0.0,1.0,0.0,2.0,Low
102568.0,2017-2018,23,1,20.0,2,0.0,0.0,0.0,0.0,2.0,Low
102573.0,2017-2018,54,1,30.5,4,1.0,1.0,0.0,0.0,1.0,High
102574.0,2017-2018,68,1,37.2,1,0.0,1.0,0.0,1.0,1.0,High
102576.0,2017-2018,60,1,28.2,4,1.0,1.0,0.0,0.0,3.0,High
102578.0,2017-2018,70,1,30.0,4,1.0,0.0,1.0,1.0,1.0,High
102579.0,2017-2018,63,2,43.0,3,1.0,0.0,0.0,0.0,2.0,Moderate
102580.0,2017-2018,25,2,28.6,1,0.0,0.0,1.0,0.0,2.0,Low
102581.0,2017-2018,50,1,21.7,4,1.0,0.0,1.0,2.0,2.0,Moderate
102585.0,2017-2018,80,2,29.4,1,1.0,1.0,1.0,0.0,2.0,Moderate
102586.0,2017-2018,52,1,27.2,1,0.0,0.0,1.0,1.0,2.0,Low
102588.0,2017-2018,68,2,29.9,3,1.0,1.0,0.0,2.0,2.0,Low
102589.0,2017-2018,24,2,38.8,4,0.0,0.0,0.0,2.0,2.0,Low
102590.0,2017-2018,80,1,,3,1.0,1.0,1.0,1.0,1.0,High
102591.0,2017-2018,59,2,31.4,3,1.0,0.0,0.0,0.0,2.0,Low
102593.0,2017-2018,39,1,22.7,6,1.0,0.0,1.0,0.0,2.0,Low
102597.0,2017-2018,70,2,38.6,3,1.0,1.0,0.0,0.0,2.0,Moderate
102598.0,2017-2018,75,2,21.0,6,0.0,0.0,0.0,0.0,2.0,Moderate
102600.0,2017-2018,34,1,27.9,6,1.0,0.0,1.0,0.0,2.0,Low
102605.0,2017-2018,57,2,34.7,4,1.0,0.0,0.0,1.0,1.0,High
102606.0,2017-2018,65,1,20.6,4,1.0,0.0,0.0,2.0,2.0,High
102609.0,2017-2018,80,2,29.0,3,1.0,1.0,0.0,0.0,2.0,Moderate
102611.0,2017-2018,64,1,29.9,3,1.0,1.0,0.0,1.0,1.0,High
102612.0,2017-2018,33,1,29.4,3,1.0,0.0,0.0,2.0,2.0,Low
102615.0,2017-2018,79,1,21.6,3,1.0,1.0,0.0,2.0,2.0,Low
102616.0,2017-2018,56,2,23.2,3,0.0,0.0,1.0,0.0,2.0,Moderate
102617.0,2017-2018,63,2,33.5,3,1.0,1.0,1.0,0.0,2.0,Moderate
102618.0,2017-2018,70,2,26.8,1,1.0,0.0,0.0,0.0,2.0,Low
102619.0,2017-2018,61,2,34.0,3,0.0,1.0,1.0,1.0,1.0,High
102620.0,2017-2018,48,1,28.6,6,0.0,0.0,1.0,0.0,2.0,Moderate
102621.0,2017-2018,32,2,23.1,4,1.0,0.0,0.0,2.0,2.0,Low
102622.0,2017-2018,46,1,30.6,3,0.0,0.0,0.0,2.0,2.0,Moderate
102623.0,2017-2018,66,1,28.4,3,1.0,0.0,0.0,2.0,2.0,Moderate
102624.0,2017-2018,56,1,30.6,4,1.0,1.0,1.0,0.0,2.0,Low
102625.0,2017-2018,33,1,33.7,7,1.0,1.0,0.0,1.0,2.0,Low
102626.0,2017-2018,46,1,27.0,1,0.0,0.0,1.0,0.0,2.0,Low
102628.0,2017-2018,69,2,29.3,3,0.0,1.0,1.0,1.0,2.0,Low
102629.0,2017-2018,73,2,25.1,2,0.0,1.0,0.0,1.0,2.0,Moderate
102631.0,2017-2018,22,1,30.5,4,1.0,0.0,1.0,0.0,2.0,Low
102633.0,2017-2018,41,2,34.0,2,1.0,0.0,0.0,0.0,2.0,Low
102634.0,2017-2018,80,1,31.7,3,0.0,0.0,0.0,1.0,2.0,Moderate
102635.0,2017-2018,40,2,21.6,6,0.0,0.0,1.0,0.0,2.0,Low
102637.0,2017-2018,64,1,32.3,4,1.0,1.0,1.0,0.0,1.0,High
102638.0,2017-2018,26,2,22.3,3,1.0,0.0,1.0,0.0,2.0,Low
102641.0,2017-2018,34,1,32.1,3,0.0,1.0,0.0,0.0,2.0,Low
102642.0,2017-2018,44,2,28.3,6,1.0,0.0,1.0,0.0,3.0,High
102644.0,2017-2018,53,1,29.6,3,0.0,0.0,1.0,1.0,2.0,Moderate
102648.0,2017-2018,33,1,26.9,4,0.0,0.0,1.0,0.0,2.0,Moderate
102649.0,2017-2018,57,1,33.7,4,1.0,1.0,0.0,2.0,2.0,Moderate
102650.0,2017-2018,66,2,36.3,3,0.0,1.0,0.0,1.0,2.0,Low
102651.0,2017-2018,71,2,28.9,3,1.0,0.0,1.0,0.0,2.0,Low
102653.0,2017-2018,25,2,21.1,2,0.0,0.0,0.0,0.0,2.0,Moderate
102655.0,2017-2018,21,1,22.4,2,0.0,0.0,1.0,0.0,2.0,Low
102656.0,2017-2018,36,2,28.4,6,0.0,0.0,0.0,0.0,2.0,Low
102657.0,2017-2018,68,2,30.0,3,0.0,1.0,0.0,0.0,1.0,High
102659.0,2017-2018,80,2,14.2,1,0.0,0.0,0.0,0.0,2.0,Low
102661.0,2017-2018,59,2,48.1,3,0.0,1.0,0.0,1.0,2.0,Low
102664.0,2017-2018,51,1,30.1,6,1.0,0.0,1.0,0.0,2.0,Moderate
102665.0,2017-2018,80,1,23.2,3,1.0,1.0,0.0,1.0,3.0,High
102666.0,2017-2018,44,2,28.5,3,1.0,0.0,1.0,0.0,2.0,Low
102667.0,2017-2018,50,1,29.7,1,1.0,0.0,1.0,0.0,2.0,Moderate
102668.0,2017-2018,39,2,17.7,3,1.0,0.0,0.0,2.0,2.0,Low
102669.0,2017-2018,32,1,19.7,4,0.0,0.0,0.0,2.0,2.0,Moderate
102671.0,2017-2018,80,1,,3,0.0,0.0,0.0,1.0,2.0,Low
102672.0,2017-2018,21,2,21.9,4,1.0,0.0,1.0,0.0,2.0,Low
102673.0,2017-2018,47,2,18.2,6,1.0,0.0,1.0,0.0,2.0,Moderate
102674.0,2017-2018,26,1,34.0,3,1.0,0.0,1.0,1.0,2.0,Moderate
102675.0,2017-2018,22,1,22.3,4,0.0,0.0,1.0,0.0,2.0,Low
102676.0,2017-2018,22,1,24.0,7,0.0,0.0,1.0,0.0,2.0,Low
102677.0,2017-2018,60,1,24.2,3,0.0,,0.0,1.0,1.0,High
102679.0,2017-2018,80,1,29.3,3,0.0,1.0,1.0,1.0,2.0,Moderate
102680.0,2017-2018,80,1,22.8,3,0.0,0.0,1.0,0.0,2.0,Low
102682.0,2017-2018,33,2,28.9,6,0.0,0.0,0.0,0.0,2.0,Moderate
102683.0,2017-2018,65,1,32.3,1,0.0,1.0,0.0,0.0,1.0,High
102684.0,2017-2018,34,1,,6,1.0,0.0,1.0,0.0,2.0,Moderate
102685.0,2017-2018,39,1,34.2,3,0.0,0.0,0.0,2.0,2.0,Moderate
102686.0,2017-2018,51,2,28.9,3,1.0,0.0,1.0,0.0,2.0,High
102687.0,2017-2018,64,2,26.3,4,1.0,0.0,1.0,0.0,2.0,Moderate
102688.0,2017-2018,53,2,28.0,3,0.0,1.0,1.0,0.0,2.0,Moderate
102689.0,2017-2018,24,1,16.3,3,1.0,0.0,0.0,1.0,2.0,Moderate
102694.0,2017-2018,55,2,33.4,3,1.0,0.0,0.0,0.0,2.0,Moderate
102696.0,2017-2018,67,1,31.2,4,1.0,1.0,0.0,1.0,1.0,High
102697.0,2017-2018,75,1,22.5,4,1.0,1.0,1.0,1.0,3.0,Moderate
102701.0,2017-2018,61,2,23.6,3,1.0,0.0,1.0,0.0,2.0,Moderate
102702.0,2017-2018,75,1,30.8,3,0.0,1.0,1.0,1.0,1.0,High
102704.0,2017-2018,52,2,36.9,3,0.0,0.0,1.0,0.0,1.0,High
102706.0,2017-2018,40,1,24.1,6,1.0,1.0,0.0,2.0,3.0,Moderate
102707.0,2017-2018,27,1,36.9,3,0.0,1.0,1.0,2.0,2.0,Low
102708.0,2017-2018,80,1,28.1,3,1.0,0.0,0.0,0.0,1.0,High
102710.0,2017-2018,73,2,33.2,3,0.0,1.0,0.0,2.0,2.0,Low
102713.0,2017-2018,23,2,23.6,4,0.0,0.0,1.0,1.0,2.0,Moderate
102718.0,2017-2018,20,1,32.7,1,1.0,1.0,1.0,0.0,2.0,Moderate
102720.0,2017-2018,59,1,29.7,3,1.0,1.0,0.0,0.0,1.0,High
102721.0,2017-2018,53,2,28.0,2,0.0,0.0,0.0,0.0,2.0,Moderate
102722.0,2017-2018,62,2,28.7,1,0.0,1.0,0.0,0.0,1.0,High
102723.0,2017-2018,63,2,31.4,6,0.0,1.0,1.0,1.0,1.0,High
102724.0,2017-2018,43,1,31.0,1,0.0,1.0,0.0,1.0,2.0,Moderate
102726.0,2017-2018,62,1,31.6,4,0.0,0.0,0.0,2.0,2.0,Moderate
102729.0,2017-2018,61,2,20.8,3,0.0,1.0,0.0,0.0,2.0,Moderate
102730.0,2017-2018,54,1,32.6,6,1.0,0.0,0.0,1.0,1.0,High
102731.0,2017-2018,80,1,23.2,3,1.0,1.0,0.0,2.0,2.0,Low
102732.0,2017-2018,70,1,29.4,3,1.0,1.0,1.0,1.0,2.0,Moderate
102733.0,2017-2018,61,1,28.9,4,1.0,1.0,0.0,1.0,1.0,High
102737.0,2017-2018,50,2,29.9,3,1.0,1.0,1.0,1.0,2.0,Low
102743.0,2017-2018,45,1,32.5,1,1.0,0.0,1.0,1.0,1.0,High
102746.0,2017-2018,23,1,19.6,3,1.0,0.0,1.0,1.0,2.0,Low
102747.0,2017-2018,57,2,24.3,3,0.0,1.0,1.0,1.0,2.0,Low
102750.0,2017-2018,50,1,31.7,6,0.0,1.0,1.0,0.0,1.0,High
102753.0,2017-2018,50,1,30.6,3,1.0,0.0,1.0,0.0,2.0,Low
102754.0,2017-2018,50,1,31.0,4,0.0,1.0,1.0,0.0,2.0,High
102756.0,2017-2018,34,1,26.6,3,1.0,1.0,0.0,2.0,2.0,Moderate
102758.0,2017-2018,46,2,23.1,6,0.0,0.0,0.0,0.0,2.0,Low
102759.0,2017-2018,47,2,21.7,3,0.0,0.0,1.0,0.0,2.0,Low
102761.0,2017-2018,25,1,26.2,4,0.0,0.0,0.0,1.0,2.0,Low
102762.0,2017-2018,20,1,39.4,3,0.0,0.0,1.0,0.0,2.0,Low
102763.0,2017-2018,62,1,29.1,2,0.0,0.0,1.0,1.0,2.0,Low
102766.0,2017-2018,46,2,20.7,6,0.0,0.0,0.0,0.0,2.0,Moderate
102768.0,2017-2018,49,1,32.1,3,1.0,0.0,1.0,1.0,2.0,Low
102771.0,2017-2018,60,2,40.8,1,1.0,0.0,1.0,0.0,1.0,High
102772.0,2017-2018,56,1,32.8,3,0.0,0.0,1.0,0.0,2.0,Low
102773.0,2017-2018,63,2,18.8,3,0.0,0.0,1.0,0.0,2.0,Low
102775.0,2017-2018,58,1,41.0,3,1.0,1.0,0.0,1.0,1.0,High
102776.0,2017-2018,35,1,29.3,3,1.0,0.0,1.0,1.0,2.0,Low
102777.0,2017-2018,60,2,32.7,3,1.0,0.0,0.0,2.0,2.0,Low
102778.0,2017-2018,67,2,84.4,4,1.0,1.0,0.0,0.0,1.0,High
102779.0,2017-2018,57,1,31.9,3,,1.0,1.0,0.0,2.0,Low
102781.0,2017-2018,24,1,23.8,1,0.0,0.0,1.0,1.0,2.0,Low
102783.0,2017-2018,52,2,26.4,6,1.0,0.0,0.0,0.0,1.0,High
102785.0,2017-2018,54,2,24.6,3,1.0,0.0,0.0,0.0,2.0,Moderate
102786.0,2017-2018,46,2,23.6,6,1.0,0.0,1.0,1.0,1.0,High
102788.0,2017-2018,42,2,33.5,4,1.0,1.0,1.0,0.0,2.0,Moderate
102789.0,2017-2018,61,1,30.8,1,0.0,0.0,0.0,1.0,2.0,Moderate
102790.0,2017-2018,47,1,28.6,3,,1.0,1.0,0.0,2.0,Moderate
102791.0,2017-2018,61,1,30.0,4,0.0,1.0,0.0,1.0,2.0,High
102792.0,2017-2018,61,1,29.8,3,1.0,1.0,0.0,1.0,2.0,Moderate
102793.0,2017-2018,30,2,43.9,3,0.0,0.0,0.0,2.0,2.0,Low
102794.0,2017-2018,67,1,30.6,2,1.0,0.0,0.0,2.0,2.0,Low
102797.0,2017-2018,20,1,20.0,4,0.0,0.0,1.0,0.0,2.0,Low
102798.0,2017-2018,57,2,32.6,2,1.0,1.0,0.0,0.0,2.0,Moderate
102799.0,2017-2018,62,2,23.8,6,1.0,1.0,0.0,0.0,1.0,High
102800.0,2017-2018,65,1,23.6,3,1.0,0.0,0.0,1.0,1.0,High
102801.0,2017-2018,58,2,35.1,4,1.0,1.0,0.0,0.0,1.0,High
102802.0,2017-2018,25,1,22.6,6,0.0,0.0,1.0,0.0,3.0,Moderate
102805.0,2017-2018,60,1,21.8,4,0.0,0.0,0.0,2.0,2.0,Moderate
102807.0,2017-2018,79,1,39.2,4,1.0,1.0,0.0,0.0,1.0,High
102808.0,2017-2018,62,1,34.6,4,1.0,1.0,0.0,2.0,3.0,Moderate
102809.0,2017-2018,24,1,30.3,1,0.0,0.0,1.0,0.0,2.0,Low
102811.0,2017-2018,41,2,24.3,1,0.0,0.0,1.0,0.0,2.0,Low
102815.0,2017-2018,80,1,18.7,3,0.0,0.0,0.0,0.0,2.0,Low
102816.0,2017-2018,42,2,32.5,2,0.0,0.0,0.0,0.0,2.0,Low
102819.0,2017-2018,48,2,26.2,3,1.0,0.0,0.0,2.0,2.0,Low
102820.0,2017-2018,57,2,26.7,1,0.0,1.0,1.0,1.0,2.0,Low
102821.0,2017-2018,35,2,25.2,4,0.0,0.0,0.0,1.0,2.0,Low
102823.0,2017-2018,55,2,25.0,2,0.0,1.0,0.0,1.0,2.0,Moderate
102826.0,2017-2018,58,2,32.7,1,1.0,0.0,0.0,0.0,2.0,Moderate
102828.0,2017-2018,80,2,34.5,4,1.0,1.0,0.0,0.0,1.0,High
102831.0,2017-2018,51,2,27.5,6,1.0,0.0,0.0,0.0,2.0,Moderate
102832.0,2017-2018,29,1,21.7,3,1.0,0.0,0.0,1.0,2.0,Moderate
102833.0,2017-2018,25,1,27.1,4,1.0,1.0,1.0,1.0,2.0,Moderate
102834.0,2017-2018,57,1,34.0,4,1.0,1.0,0.0,2.0,2.0,High
102835.0,2017-2018,67,2,36.4,4,0.0,1.0,0.0,0.0,2.0,Moderate
102836.0,2017-2018,40,1,34.3,1,1.0,0.0,0.0,1.0,2.0,High
102838.0,2017-2018,41,1,31.6,7,1.0,0.0,0.0,0.0,1.0,High
102841.0,2017-2018,78,1,28.2,2,0.0,1.0,0.0,0.0,2.0,Low
102845.0,2017-2018,63,1,21.8,4,0.0,1.0,0.0,1.0,2.0,Low
102846.0,2017-2018,61,2,25.4,3,1.0,1.0,0.0,0.0,2.0,Moderate
102847.0,2017-2018,30,2,25.9,3,1.0,1.0,0.0,0.0,2.0,Low
102849.0,2017-2018,29,1,23.8,6,0.0,0.0,1.0,0.0,2.0,Low
102850.0,2017-2018,54,1,44.3,2,0.0,1.0,1.0,0.0,2.0,Moderate
102851.0,2017-2018,58,1,31.5,1,1.0,0.0,0.0,1.0,2.0,Moderate
102853.0,2017-2018,45,1,22.5,3,0.0,1.0,0.0,2.0,2.0,Low
102854.0,2017-2018,45,1,40.9,7,1.0,0.0,0.0,0.0,2.0,Moderate
102855.0,2017-2018,61,1,26.5,6,1.0,0.0,0.0,0.0,1.0,High
102856.0,2017-2018,80,1,19.7,6,0.0,0.0,0.0,0.0,2.0,Low
102858.0,2017-2018,36,1,34.2,6,0.0,0.0,0.0,0.0,2.0,High
102860.0,2017-2018,63,1,25.9,6,1.0,0.0,0.0,0.0,1.0,High
102861.0,2017-2018,41,2,57.7,4,0.0,0.0,1.0,0.0,2.0,Moderate
102863.0,2017-2018,61,2,38.1,1,1.0,1.0,1.0,0.0,2.0,High
102865.0,2017-2018,44,2,47.0,3,1.0,1.0,1.0,1.0,2.0,High
102866.0,2017-2018,73,2,30.8,3,1.0,1.0,1.0,0.0,1.0,High
102868.0,2017-2018,70,2,23.0,6,0.0,0.0,0.0,0.0,2.0,Low
102869.0,2017-2018,67,1,48.8,3,1.0,1.0,0.0,1.0,1.0,High
102870.0,2017-2018,51,2,26.4,6,0.0,1.0,0.0,0.0,2.0,Low
102871.0,2017-2018,80,2,19.4,6,0.0,0.0,0.0,0.0,1.0,High
102872.0,2017-2018,44,2,26.6,4,0.0,0.0,0.0,0.0,2.0,Low
102873.0,2017-2018,66,1,39.0,4,1.0,1.0,1.0,1.0,1.0,High
102875.0,2017-2018,61,1,25.6,3,0.0,1.0,0.0,1.0,1.0,High
102876.0,2017-2018,65,1,27.4,2,0.0,1.0,1.0,0.0,2.0,Moderate
102878.0,2017-2018,61,1,34.8,1,1.0,1.0,0.0,1.0,1.0,High
102879.0,2017-2018,21,1,42.5,3,0.0,0.0,0.0,0.0,2.0,Low
102880.0,2017-2018,51,2,25.7,6,1.0,1.0,0.0,0.0,2.0,Low
102883.0,2017-2018,80,1,30.4,3,0.0,0.0,0.0,0.0,3.0,Moderate
102884.0,2017-2018,32,1,31.7,1,1.0,0.0,1.0,2.0,2.0,Low
102885.0,2017-2018,37,2,30.1,4,1.0,0.0,0.0,0.0,2.0,Low
102886.0,2017-2018,50,2,30.2,6,1.0,1.0,1.0,0.0,1.0,High
102887.0,2017-2018,60,2,37.2,4,0.0,0.0,1.0,0.0,2.0,Low
102889.0,2017-2018,47,1,31.6,1,1.0,0.0,0.0,0.0,2.0,Moderate
102890.0,2017-2018,80,1,28.1,4,0.0,1.0,0.0,1.0,2.0,Low
102892.0,2017-2018,42,2,43.5,1,0.0,0.0,0.0,1.0,2.0,Moderate
102893.0,2017-2018,44,2,27.2,3,1.0,0.0,1.0,2.0,2.0,Moderate
102894.0,2017-2018,26,1,25.6,2,0.0,0.0,0.0,2.0,2.0,Low
102895.0,2017-2018,43,1,35.6,4,1.0,1.0,1.0,2.0,1.0,High
102899.0,2017-2018,20,2,23.4,3,0.0,0.0,1.0,0.0,2.0,Low
102901.0,2017-2018,66,1,36.5,4,1.0,1.0,0.0,0.0,3.0,Moderate
102903.0,2017-2018,20,2,26.7,4,,0.0,1.0,0.0,2.0,Low
102904.0,2017-2018,75,2,27.6,3,0.0,0.0,1.0,0.0,2.0,Moderate
102907.0,2017-2018,47,2,27.9,4,1.0,0.0,0.0,0.0,1.0,High
102908.0,2017-2018,51,1,24.7,3,0.0,0.0,1.0,2.0,3.0,High
102910.0,2017-2018,71,1,30.7,3,0.0,1.0,1.0,0.0,1.0,High
102911.0,2017-2018,55,2,19.8,7,1.0,0.0,0.0,2.0,2.0,Moderate
102913.0,2017-2018,39,2,38.2,3,0.0,0.0,0.0,0.0,2.0,Moderate
102914.0,2017-2018,73,2,21.9,6,0.0,0.0,1.0,0.0,2.0,Low
102916.0,2017-2018,66,1,27.8,2,1.0,1.0,1.0,1.0,3.0,Moderate
102917.0,2017-2018,61,2,24.6,4,1.0,0.0,1.0,0.0,2.0,Moderate
102918.0,2017-2018,33,1,22.4,3,0.0,0.0,0.0,2.0,2.0,Low
102920.0,2017-2018,62,2,28.7,2,1.0,1.0,0.0,1.0,2.0,Moderate
102921.0,2017-2018,53,1,30.6,1,1.0,0.0,1.0,1.0,2.0,Low
102922.0,2017-2018,31,1,20.8,4,1.0,1.0,0.0,2.0,2.0,Low
102923.0,2017-2018,43,2,35.1,3,1.0,0.0,0.0,1.0,1.0,High
102924.0,2017-2018,75,2,43.7,3,1.0,1.0,0.0,1.0,1.0,High
102929.0,2017-2018,60,1,34.8,4,0.0,1.0,0.0,0.0,2.0,Moderate
102933.0,2017-2018,24,2,18.0,4,1.0,0.0,1.0,0.0,2.0,Low
102934.0,2017-2018,48,1,26.3,4,1.0,0.0,0.0,2.0,2.0,Low
102935.0,2017-2018,27,2,23.6,3,0.0,1.0,1.0,0.0,2.0,Low
102943.0,2017-2018,48,2,37.4,1,1.0,1.0,0.0,0.0,2.0,Moderate
102944.0,2017-2018,55,1,29.6,6,1.0,1.0,0.0,0.0,2.0,Low
102946.0,2017-2018,65,1,30.4,6,0.0,0.0,0.0,0.0,1.0,High
102947.0,2017-2018,75,1,25.2,4,0.0,0.0,1.0,1.0,2.0,Moderate
102948.0,2017-2018,31,2,20.2,3,0.0,0.0,1.0,1.0,2.0,Low
102949.0,2017-2018,33,1,23.7,3,0.0,0.0,0.0,2.0,2.0,Moderate
102952.0,2017-2018,70,2,20.0,6,0.0,0.0,1.0,0.0,3.0,High
102953.0,2017-2018,42,1,35.8,1,0.0,0.0,0.0,1.0,2.0,Moderate
102954.0,2017-2018,41,2,26.1,4,1.0,0.0,1.0,0.0,2.0,Low
102956.0,2017-2018,38,1,36.1,3,0.0,1.0,0.0,2.0,2.0,Low
